ROW_ID,healthCode,label,file_handle_id,filename
100009,d644ad57-f62d-4b6a-b387-2c5aabbb4ba7,PD,5430436,100009.m4a
100029,5855abea-960d-4476-aa18-1b66fc381709,PD,5598270,100029.m4a
100030,ce940f44-858b-4b52-a83f-58703732874b,PD,5436511,100030.m4a
100031,ce5cb455-f71f-4727-94d5-13f860bf4ce0,PD,5425602,100031.m4a
100034,5855abea-960d-4476-aa18-1b66fc381709,PD,5482266,100034.m4a
100047,c4a2904e-2e5f-4fb4-9890-7e5c66d2fa7d,PD,5446349,100047.m4a
100056,668766f9-7922-47f8-8f88-c40451851220,PD,5437844,100056.m4a
100061,6f3fab97-ba5c-4ed4-80fd-637e43139fa2,CONTROL,5441020,100061.m4a
100063,6f3fab97-ba5c-4ed4-80fd-637e43139fa2,CONTROL,5437247,100063.m4a
100066,7dc52ba5-9ce9-42c6-bf4b-c7ce52d1b266,PD,5415177,100066.m4a
100069,d97367e8-65c9-4b76-b7b4-4b72cde0e031,CONTROL,5688340,100069.m4a
100072,d97367e8-65c9-4b76-b7b4-4b72cde0e031,CONTROL,5693964,100072.m4a
100075,3c52176b-a6cc-40f2-b249-b5336162d4ee,CONTROL,5443837,100075.m4a
100076,d0072c83-8e2c-4131-9cc8-a38d0af0b7f3,PD,5431434,100076.m4a
100078,3c52176b-a6cc-40f2-b249-b5336162d4ee,CONTROL,5428930,100078.m4a
100081,5d6edbdf-fded-4a04-813c-2e09ecd0adf0,CONTROL,5422753,100081.m4a
100111,25c3cb36-b650-4979-a06a-a614a1e9c942,CONTROL,5423960,100111.m4a
100118,1e5a92b9-37fa-4351-b5c5-28964fb42f7c,PD,5422774,100118.m4a
100119,5ce69643-aeec-44e5-a5cc-4c06d36f5979,PD,5432859,100119.m4a
100120,4c474e45-353b-4685-9d62-9b3f505f5e7c,PD,5445022,100120.m4a
100129,9ad045ed-44d3-4753-8605-1693da008a1e,CONTROL,5423974,100129.m4a
100132,9ad045ed-44d3-4753-8605-1693da008a1e,CONTROL,5431099,100132.m4a
100136,d644ad57-f62d-4b6a-b387-2c5aabbb4ba7,PD,5442841,100136.m4a
100143,f9687dbb-7bf1-444d-afb3-9cf6e632fcf2,PD,5439418,100143.m4a
100157,6042a7cf-29e1-4c44-80e8-7f456a3057b0,CONTROL,6083702,100157.m4a
100160,277160db-93be-4254-8fb7-9a187160f8da,PD,5432178,100160.m4a
100162,fd929fac-694a-4920-a833-58ddb2b12bbe,PD,5420627,100162.m4a
100169,b45c6456-396a-47bc-b178-918bb0261927,PD,5440878,100169.m4a
100190,81434ce9-c1db-4717-81e4-f49b0942e321,PD,5423881,100190.m4a
100206,c2f933a4-b0a6-4414-bf6b-e09df2a7709b,CONTROL,5441068,100206.m4a
100208,dacd2d5f-d133-4c09-9dc3-b3dddc9a426d,PD,5438165,100208.m4a
100210,dacd2d5f-d133-4c09-9dc3-b3dddc9a426d,PD,5430435,100210.m4a
100212,d49fcd5c-3952-49ba-bc03-261b83a7ab6e,PD,5428747,100212.m4a
100213,d49fcd5c-3952-49ba-bc03-261b83a7ab6e,PD,5422340,100213.m4a
100223,df931327-93d2-4fa0-99a5-9eab3cfa9eeb,PD,5420442,100223.m4a
100224,4bd8b493-1398-4892-916a-9fccd94d477b,PD,5437182,100224.m4a
100229,75537f2c-b504-4f66-8b38-ed64993d92a6,CONTROL,5427383,100229.m4a
100231,53e69a28-ff70-4c9f-8d49-d66ffe4bf9e3,CONTROL,5434347,100231.m4a
100234,ea0252eb-1817-4335-9d07-346ecdc54a84,PD,5433043,100234.m4a
100248,c2a8d888-3ef2-44f7-98f4-f140e8934eca,CONTROL,5428317,100248.m4a
100293,fbd468eb-3615-4ae2-9dcc-daf41aa68a07,PD,5433982,100293.m4a
100297,f26e1ed8-fe2e-4b3d-b58e-f9154c4ec4cd,PD,5427767,100297.m4a
100304,48507a7c-dff7-4db0-9558-a27b30e11aa9,PD,5413531,100304.m4a
100325,161ed364-2891-4ace-83f4-d7da815205ed,PD,5437183,100325.m4a
100347,9f1cbba8-5665-42df-a05c-d866cb3cfe46,PD,5437615,100347.m4a
100351,711200dc-c6d6-42bf-804a-a96667b6e46b,PD,5436985,100351.m4a
100363,7bb7c09f-884b-4f17-9e9f-a91e8b222a18,CONTROL,5425454,100363.m4a
100369,d87bd7e7-6c4b-4a94-9b30-6e1381c65dc7,PD,5420387,100369.m4a
100380,62eac1aa-2cbd-4b7c-bb14-fcc723070f1a,CONTROL,5443872,100380.m4a
100382,3799bc07-75e2-4570-91a7-0e1f667123bc,CONTROL,5438737,100382.m4a
100383,5f503bd6-2caa-427b-bcbd-31ab14ac8d62,CONTROL,5415958,100383.m4a
100401,b77e7480-a319-40b3-91ce-38ab7c1cd152,PD,5439728,100401.m4a
100418,67258105-115d-42aa-af10-fabaf10b462c,PD,5433213,100418.m4a
100440,f4910fb6-da07-47b1-9e80-f2af028f8e9e,PD,5436660,100440.m4a
100448,cf86e1eb-d76e-4c02-aebe-a8a85693eb0f,PD,5423038,100448.m4a
100456,647b619b-64bd-4336-890e-0a9b43476b7c,PD,5428608,100456.m4a
100470,668766f9-7922-47f8-8f88-c40451851220,PD,5420025,100470.m4a
100497,01aea090-d2cd-409e-8ce8-22887ada7af8,PD,5420735,100497.m4a
100514,78aabc7e-27b2-4ff7-adbd-ad44ae4ee867,CONTROL,5417820,100514.m4a
100518,a385a882-e932-425a-9fcd-d08c1aa1666f,CONTROL,5422082,100518.m4a
100519,a385a882-e932-425a-9fcd-d08c1aa1666f,CONTROL,5438454,100519.m4a
100527,bd9e7cf6-08e2-4efa-a989-d4159225a525,CONTROL,5427278,100527.m4a
100540,6e7e8b67-1b8e-4bfb-a1f5-c0069c4980a8,PD,5414540,100540.m4a
100541,208e0cb4-6254-4c7c-bc12-ac2a60c3163d,PD,5456325,100541.m4a
100552,fe06a93f-9312-446f-8dda-17deadbfc82a,CONTROL,5425806,100552.m4a
100567,f44a9eb0-04e4-408d-b96d-11934ac33ef8,CONTROL,5455863,100567.m4a
100569,f44a9eb0-04e4-408d-b96d-11934ac33ef8,CONTROL,5483884,100569.m4a
100583,2d08327e-f265-4507-8927-eac6fd315e6e,PD,5474690,100583.m4a
100584,2d08327e-f265-4507-8927-eac6fd315e6e,PD,5465343,100584.m4a
100586,2d08327e-f265-4507-8927-eac6fd315e6e,PD,5475182,100586.m4a
100613,063e06a4-e49c-4d31-9cbb-fa374f8dc298,PD,5478860,100613.m4a
100614,063e06a4-e49c-4d31-9cbb-fa374f8dc298,PD,5456663,100614.m4a
100624,dc22f6d0-4f10-41f5-8ffb-7bd9725805e2,PD,5461649,100624.m4a
100636,291b2c16-eb62-46e0-a99b-6fc3bc31cd38,PD,5444912,100636.m4a
100640,7dc52ba5-9ce9-42c6-bf4b-c7ce52d1b266,PD,5450552,100640.m4a
100644,483e75b7-596d-455a-855e-4103bb341c85,PD,5484488,100644.m4a
100665,e8b3b9a4-a48e-4212-aad8-0ee8d9a4f911,PD,5454429,100665.m4a
100669,711200dc-c6d6-42bf-804a-a96667b6e46b,PD,5472919,100669.m4a
100671,cec69080-0311-410b-9d00-8088d21ccc08,PD,5486769,100671.m4a
100691,e44b1f10-dd22-4bec-974b-f1cd489d1e28,PD,5481010,100691.m4a
100697,16e88ad7-d8ea-4bb4-ad8e-f3dcb9a258bd,PD,5466140,100697.m4a
100698,5ce69643-aeec-44e5-a5cc-4c06d36f5979,PD,5459146,100698.m4a
100705,81434ce9-c1db-4717-81e4-f49b0942e321,PD,5457759,100705.m4a
100718,7534e915-1c53-4165-891b-b50a1a6ce764,PD,5463176,100718.m4a
100726,b77e7480-a319-40b3-91ce-38ab7c1cd152,PD,5530004,100726.m4a
100742,d059696f-0355-47ff-95c0-08c106cd9a72,CONTROL,5470146,100742.m4a
100759,22c07a06-d6cf-456e-817e-32093cefcbc7,PD,5476120,100759.m4a
100774,4b52f3cc-09b7-4ad1-98c4-7a8eb1e9ec74,PD,5479562,100774.m4a
100776,bfc55fc2-f448-4915-a5e6-62b66c706b0a,PD,5468134,100776.m4a
100779,c6548713-d5a1-4704-b2b9-200ce72603b4,CONTROL,5464043,100779.m4a
100794,00dc061b-8151-44cc-8eae-4d10f11a5ab6,PD,5452362,100794.m4a
100807,262e0c5f-2f3e-49b5-8669-99a85146c179,PD,5460043,100807.m4a
100808,d8e5d9d5-90fa-4c14-b447-d8c24fa6d00e,CONTROL,5481081,100808.m4a
100810,d8e5d9d5-90fa-4c14-b447-d8c24fa6d00e,CONTROL,5462672,100810.m4a
100811,0160664a-f4af-4071-a4aa-2967f3ea0503,PD,5471068,100811.m4a
100826,ce5cb455-f71f-4727-94d5-13f860bf4ce0,PD,5452547,100826.m4a
100829,5fd95c4d-c6b3-49e9-b824-50d2df51491c,CONTROL,5469992,100829.m4a
100835,3799bc07-75e2-4570-91a7-0e1f667123bc,CONTROL,5449637,100835.m4a
100840,724fcf9a-bc00-440f-b2ba-0a9f6ea7a719,PD,5457187,100840.m4a
100841,4b163a5c-f4cd-4a1b-ab6c-f593fe1e90eb,PD,5460390,100841.m4a
100846,74de3c85-715c-4962-9cd7-28bdf4e96a73,PD,5468261,100846.m4a
100849,49446a1a-5a08-46a6-9d17-ff97833e0c0b,CONTROL,5487231,100849.m4a
100850,49446a1a-5a08-46a6-9d17-ff97833e0c0b,CONTROL,5452270,100850.m4a
100853,1ddac747-dec2-446d-b1a4-f0070bbc743b,PD,5466179,100853.m4a
100857,d15e38dd-4b3e-47f4-be4e-f3396bd5827b,PD,5478460,100857.m4a
100878,f125e7fa-7a33-4959-abb5-655ceed01d72,PD,5459197,100878.m4a
100885,9763d117-e959-4e17-a923-ee04990becbc,CONTROL,5475790,100885.m4a
100886,3f997724-f0e4-4a31-9ef7-57bbb8cf3188,PD,5482088,100886.m4a
100888,3f997724-f0e4-4a31-9ef7-57bbb8cf3188,PD,5463536,100888.m4a
100889,6c130d05-41af-49e9-9212-aaae738d3ec1,PD,5477427,100889.m4a
100892,863ddb69-fb81-4e17-8273-845c5aaa2fb6,PD,5481174,100892.m4a
100894,8d67e82d-721b-4fd9-a941-c3760a28dd9f,PD,5452406,100894.m4a
100895,241670d1-1dff-4ff4-bbe2-d3c8b7024ddf,PD,5454864,100895.m4a
100896,f8294c22-9dcc-4280-beb2-5e4f818c7755,PD,5452316,100896.m4a
100897,cb3fafc6-b4d3-479b-8a2d-f5f037b96420,PD,5456503,100897.m4a
100899,faeab8f9-5e6b-48ef-8e87-3cc7e6da3e5f,PD,5466825,100899.m4a
100906,988b4e7a-9928-480a-8f9f-36d7eebce81c,PD,5479646,100906.m4a
100908,988b4e7a-9928-480a-8f9f-36d7eebce81c,PD,5455450,100908.m4a
100914,b82fc368-85c8-42a6-ba6a-bbc4b5b078df,CONTROL,5461272,100914.m4a
100926,6d0c10f2-c149-4993-901d-270a275476a2,PD,5485093,100926.m4a
100927,89fb1336-6e99-4cb1-ba59-e7ae1f251613,CONTROL,5463470,100927.m4a
100929,89fb1336-6e99-4cb1-ba59-e7ae1f251613,CONTROL,5449640,100929.m4a
100951,39dd0aac-4b4e-43ec-99fb-8883adc86c4e,PD,5461797,100951.m4a
100953,39dd0aac-4b4e-43ec-99fb-8883adc86c4e,PD,5452233,100953.m4a
100978,78aabc7e-27b2-4ff7-adbd-ad44ae4ee867,CONTROL,5450617,100978.m4a
100981,d8256363-9185-497c-a271-ad600c6843fd,CONTROL,5484254,100981.m4a
100983,d8256363-9185-497c-a271-ad600c6843fd,CONTROL,5465955,100983.m4a
100986,7dbd2137-6a17-478d-955e-90af29711f93,CONTROL,5522703,100986.m4a
100990,8210648a-6785-4894-ac94-91b665424200,CONTROL,5451814,100990.m4a
101001,5c16649a-ac27-4b5e-947d-1ec48b48426d,CONTROL,5477166,101001.m4a
101004,5c16649a-ac27-4b5e-947d-1ec48b48426d,CONTROL,5464311,101004.m4a
101006,89978245-81d6-4468-ba54-d86316dddc60,CONTROL,5474335,101006.m4a
101007,b5d300e5-4397-4f24-ab97-6ae76a3c956b,PD,5478343,101007.m4a
101008,f87dbecf-5af7-4645-b2f0-fd0a2707f0f9,CONTROL,5462710,101008.m4a
101022,02350706-c0eb-4604-8643-91ca6c778ebb,PD,5452228,101022.m4a
101026,4c474e45-353b-4685-9d62-9b3f505f5e7c,PD,5462589,101026.m4a
101028,98b8edc2-248b-4bda-b47a-42a966c064b0,PD,5482605,101028.m4a
101029,98b8edc2-248b-4bda-b47a-42a966c064b0,PD,5786965,101029.m4a
101033,02349c35-2559-4944-9987-78b9bb71d9e7,CONTROL,5472557,101033.m4a
101036,4c474e45-353b-4685-9d62-9b3f505f5e7c,PD,5472681,101036.m4a
101038,3c39f3d6-fd3f-469d-8594-9e30ec0b658b,PD,5487117,101038.m4a
101042,fe06a93f-9312-446f-8dda-17deadbfc82a,CONTROL,5460659,101042.m4a
101047,f8cc1925-9a7f-40d2-bd56-2511350c3315,CONTROL,5454656,101047.m4a
101050,dd2295d5-ce0b-43e6-9617-b3708bd14a33,PD,5464337,101050.m4a
101053,dd2295d5-ce0b-43e6-9617-b3708bd14a33,PD,5457107,101053.m4a
101054,69768027-9381-45b4-98e6-c3a84bbabd50,PD,5484171,101054.m4a
101057,cec69080-0311-410b-9d00-8088d21ccc08,PD,5455151,101057.m4a
101073,3b20c871-e212-4781-a30c-a0b31923fda2,PD,5459334,101073.m4a
101082,0c2c418b-3228-4236-a4be-7d259a6adbfb,PD,5473776,101082.m4a
101085,0c2c418b-3228-4236-a4be-7d259a6adbfb,PD,5463726,101085.m4a
101091,87a468ce-50e9-4622-aac3-d4c90c2b1ebf,PD,5646315,101091.m4a
101097,de623d95-b4f6-4d06-acfb-8293e1201d31,CONTROL,5478835,101097.m4a
101116,4232d206-dc34-43f7-91ab-720305a743b8,CONTROL,5478911,101116.m4a
101122,9d65c852-037d-4138-8667-71a72c8c39ab,CONTROL,5469879,101122.m4a
101129,f369c8cf-3be9-493e-a62d-2b6fc2fa9616,PD,5458689,101129.m4a
101144,d7aae481-9377-4fce-85a1-5a876f543492,CONTROL,5476486,101144.m4a
101145,f369c8cf-3be9-493e-a62d-2b6fc2fa9616,PD,5471135,101145.m4a
101159,16ec2548-7800-4292-9c8d-d295e3f3ebdb,CONTROL,5478340,101159.m4a
101161,81434ce9-c1db-4717-81e4-f49b0942e321,PD,5455667,101161.m4a
101191,208e0cb4-6254-4c7c-bc12-ac2a60c3163d,PD,5449868,101191.m4a
101200,55ca2fac-0579-4287-8930-8757529b8203,CONTROL,5517406,101200.m4a
101222,0a4662b0-9ee3-4029-af85-7e342cb87810,PD,5500527,101222.m4a
101263,d644ad57-f62d-4b6a-b387-2c5aabbb4ba7,PD,5519017,101263.m4a
101266,291b2c16-eb62-46e0-a99b-6fc3bc31cd38,PD,5502668,101266.m4a
101267,cca0e761-68e4-4131-826c-9cc4883cc4de,PD,5506039,101267.m4a
101272,f125e7fa-7a33-4959-abb5-655ceed01d72,PD,5503418,101272.m4a
101281,5e6c8801-f1f5-46b8-9125-3fe7f70fb9c5,CONTROL,5514314,101281.m4a
101309,6899ba07-f868-49db-9651-3504b6d754d6,PD,5513742,101309.m4a
101310,d30caa3b-06d9-4d36-8412-f99124083b60,PD,5505722,101310.m4a
101325,90e5947d-accb-4ee8-9762-6bbd502e492f,PD,5520352,101325.m4a
101334,51854c47-30d1-4021-b7db-56879662c6d1,CONTROL,5911134,101334.m4a
101335,08b5bf4a-44e2-4d25-899a-e65956284903,CONTROL,5497094,101335.m4a
101336,08b5bf4a-44e2-4d25-899a-e65956284903,CONTROL,5523625,101336.m4a
101337,73d67610-d66b-4a4b-b606-d98a8ada5f03,PD,5523447,101337.m4a
101340,28a5d0c1-ec22-4b5f-8706-518dbbd1fe0d,PD,5492356,101340.m4a
101352,5a5b0173-3d27-412c-84f3-57534bf1414f,PD,5521743,101352.m4a
101353,873c1263-d757-4dbf-9b48-facf75ab003e,CONTROL,5500790,101353.m4a
101367,325f3e23-408e-47bf-b8d1-6a9bcbfeec97,PD,5494581,101367.m4a
101376,ee8b1690-4c96-4f09-9a7b-946911bdcf67,PD,5511147,101376.m4a
101378,0fe6f42c-d3aa-4405-8adb-c4b798701dd5,PD,5506125,101378.m4a
101399,5fd95c4d-c6b3-49e9-b824-50d2df51491c,CONTROL,5491890,101399.m4a
101404,5ce69643-aeec-44e5-a5cc-4c06d36f5979,PD,5509510,101404.m4a
101417,493aecf6-dab8-48e8-a705-90c285dd3344,PD,5499749,101417.m4a
101422,e4524553-f9e9-47ed-9367-ab77f90ef671,CONTROL,5493604,101422.m4a
101423,e4524553-f9e9-47ed-9367-ab77f90ef671,CONTROL,5523682,101423.m4a
101428,4ad61e24-16f0-4409-82a1-b37cb72a92c8,PD,5505571,101428.m4a
101441,bc6f6de8-3ae1-4cc6-b6b4-80ce8145ddcf,CONTROL,5503456,101441.m4a
101449,1447e829-cd53-4498-a9eb-833c2f791d13,PD,5508793,101449.m4a
101458,3599ec25-58c9-4215-aac3-a1287f7a7601,PD,5505209,101458.m4a
101463,8ea3305a-28f6-4aae-8288-ba35199a858d,CONTROL,5521249,101463.m4a
101466,8ea3305a-28f6-4aae-8288-ba35199a858d,CONTROL,5514552,101466.m4a
101478,92d36c79-560c-480d-820b-70651a31a1dc,PD,5522941,101478.m4a
101479,92d36c79-560c-480d-820b-70651a31a1dc,PD,5521085,101479.m4a
101480,92d36c79-560c-480d-820b-70651a31a1dc,PD,5514950,101480.m4a
101482,d73795f0-1414-4473-8bd7-d20e4197e0e6,PD,5495618,101482.m4a
101514,26b15140-2acf-4180-8283-f3acef5501b6,PD,5608645,101514.m4a
101523,988b4e7a-9928-480a-8f9f-36d7eebce81c,PD,5514461,101523.m4a
101529,988b4e7a-9928-480a-8f9f-36d7eebce81c,PD,5515041,101529.m4a
101532,988b4e7a-9928-480a-8f9f-36d7eebce81c,PD,5520242,101532.m4a
101543,568cb98f-e68a-45d7-adef-8e4f37e39c01,PD,5517422,101543.m4a
101556,dad8731f-fd89-47e4-9111-989b8781386c,PD,5509761,101556.m4a
101581,67546a11-f625-4d03-bee1-4f55e8a831ac,PD,5505344,101581.m4a
101590,fa735991-ec53-4763-9fa1-2fb499e3efcb,PD,5500187,101590.m4a
101593,bfc55fc2-f448-4915-a5e6-62b66c706b0a,PD,5521893,101593.m4a
101597,a50dfd03-6211-47ff-9d94-8026c65eed93,PD,5510231,101597.m4a
101603,fc8012ce-578c-4051-ab89-d4adab95de50,CONTROL,5513778,101603.m4a
101604,69768027-9381-45b4-98e6-c3a84bbabd50,PD,5502376,101604.m4a
101607,e89d35b9-9000-4432-8307-c518320d92f0,PD,5499381,101607.m4a
101635,203d71b5-c9c0-4e1e-8c2d-01a42ed41e18,PD,5494838,101635.m4a
101645,82d20e2e-c027-4c93-b236-a3aa9ec1af07,PD,5512321,101645.m4a
101662,986bc332-f3a4-4552-8b2a-c69a9d5e4989,PD,5583681,101662.m4a
101664,986bc332-f3a4-4552-8b2a-c69a9d5e4989,PD,5584889,101664.m4a
101682,3bbd7889-bb88-4615-b707-3e5363f16edf,PD,5496502,101682.m4a
101693,c4a83e44-8d35-44ac-a84b-a9c2bdd2df47,CONTROL,5508083,101693.m4a
101706,1c10a5d2-ebff-4d88-b54d-5aef49de4b6e,PD,5491628,101706.m4a
101711,f26e1ed8-fe2e-4b3d-b58e-f9154c4ec4cd,PD,5497497,101711.m4a
101712,7c7d7ac4-e94e-4310-8339-286a1963e8dd,PD,5501625,101712.m4a
101720,7c7d7ac4-e94e-4310-8339-286a1963e8dd,PD,5501557,101720.m4a
101722,7c7d7ac4-e94e-4310-8339-286a1963e8dd,PD,5491739,101722.m4a
101729,ede151dc-f04f-4390-8cdf-0f84e2651196,CONTROL,5506746,101729.m4a
101733,2b8c3659-90a8-4b28-ae5b-88eab39997e6,PD,5513145,101733.m4a
101750,f5667bfd-20ec-448a-8006-4c5254effdbb,CONTROL,5495897,101750.m4a
101756,05e91fe4-d516-4548-a039-01dbc456523d,CONTROL,5500098,101756.m4a
101758,05e91fe4-d516-4548-a039-01dbc456523d,CONTROL,5512899,101758.m4a
101772,528f76d0-9196-4b09-b61e-f7af2164ca35,PD,5517887,101772.m4a
101786,262e0c5f-2f3e-49b5-8669-99a85146c179,PD,5518665,101786.m4a
101789,5863cea7-ec16-44a1-80a7-785e652cea4d,PD,5579588,101789.m4a
101825,0f8cabab-5efe-4336-bb75-35b51b871056,PD,5531730,101825.m4a
101834,4a318f75-f290-44cf-9bb3-5080e546b13f,PD,5540965,101834.m4a
101846,6633c648-95ef-4ed4-89fe-55a51334f8e0,PD,5533828,101846.m4a
101848,063e06a4-e49c-4d31-9cbb-fa374f8dc298,PD,5549050,101848.m4a
101850,063e06a4-e49c-4d31-9cbb-fa374f8dc298,PD,5548627,101850.m4a
101857,116072b2-8c6f-4d85-9ee2-b94d02b9e754,CONTROL,5532853,101857.m4a
101872,3d1162a3-4150-48d4-b179-55361a508bdb,CONTROL,5526218,101872.m4a
101888,8fac6652-1bda-43c5-a032-30b7480f8d2e,CONTROL,5538343,101888.m4a
101889,8fac6652-1bda-43c5-a032-30b7480f8d2e,CONTROL,5530428,101889.m4a
101893,81434ce9-c1db-4717-81e4-f49b0942e321,PD,5540900,101893.m4a
101901,bc2b986a-820a-4425-abf7-76b9b8942ebc,CONTROL,5535467,101901.m4a
101908,9af869f8-7cda-4f0b-83ea-b77b9c12838a,PD,5555692,101908.m4a
101916,0f8cabab-5efe-4336-bb75-35b51b871056,PD,5547223,101916.m4a
101919,a38c48a0-0ab7-46fe-80c8-6cc55d9b8bbf,PD,5536995,101919.m4a
101921,e9d63346-1c6a-40b9-9fd7-5ddc308b45e6,CONTROL,5556296,101921.m4a
101936,8ce923e3-a1c5-4f1e-be17-69b2cd9f0e50,PD,5529837,101936.m4a
101955,ec5dd8db-c41e-4879-8bfb-c26eacc64f42,PD,5529699,101955.m4a
101956,4ad61e24-16f0-4409-82a1-b37cb72a92c8,PD,5530256,101956.m4a
101957,4ad61e24-16f0-4409-82a1-b37cb72a92c8,PD,5545201,101957.m4a
101958,4ad61e24-16f0-4409-82a1-b37cb72a92c8,PD,5532828,101958.m4a
101964,8248a477-6598-497d-80aa-4202d23fef38,PD,5538494,101964.m4a
101965,8248a477-6598-497d-80aa-4202d23fef38,PD,5549818,101965.m4a
101966,99356f97-0c4a-48ab-adeb-a1833524675a,CONTROL,5542590,101966.m4a
101975,a07c589a-e016-4c98-970c-53dd52d696d2,PD,5545436,101975.m4a
101978,9e893839-35ce-4e3a-a2a0-11237058be54,CONTROL,5701577,101978.m4a
101995,133ea6ff-40f4-4476-907e-f0d4170266ce,PD,5544027,101995.m4a
101997,c42839c1-9768-4f35-9e81-ae84b57dd2eb,CONTROL,5529474,101997.m4a
101998,c42839c1-9768-4f35-9e81-ae84b57dd2eb,CONTROL,5529067,101998.m4a
102003,241670d1-1dff-4ff4-bbe2-d3c8b7024ddf,PD,5556822,102003.m4a
102020,d30caa3b-06d9-4d36-8412-f99124083b60,PD,5543369,102020.m4a
102024,1d2efee9-0885-4a58-96d5-3feafd2efb46,CONTROL,5539319,102024.m4a
102028,a7df579a-8a92-43e6-b106-ee39c140eb96,PD,5546388,102028.m4a
102041,01b39888-7fcb-41de-9498-b9bf7070254a,CONTROL,5545766,102041.m4a
102044,01b39888-7fcb-41de-9498-b9bf7070254a,CONTROL,5790951,102044.m4a
102048,f125e7fa-7a33-4959-abb5-655ceed01d72,PD,5545340,102048.m4a
102049,8248a477-6598-497d-80aa-4202d23fef38,PD,5531984,102049.m4a
102058,9018f929-9874-4289-afb6-ddeff89c598f,CONTROL,5537463,102058.m4a
102064,df931327-93d2-4fa0-99a5-9eab3cfa9eeb,PD,5556041,102064.m4a
102066,df931327-93d2-4fa0-99a5-9eab3cfa9eeb,PD,5553177,102066.m4a
102074,bd50f579-c27b-4ce3-be19-5e74e1b4752e,CONTROL,5529868,102074.m4a
102087,cdb18d7b-6793-48c0-8085-63c2a71ce5a9,PD,5558034,102087.m4a
102093,7e3e4e40-3aaa-476b-8376-6eb9020a155e,CONTROL,5545917,102093.m4a
102094,92d36c79-560c-480d-820b-70651a31a1dc,PD,5553422,102094.m4a
102098,92d36c79-560c-480d-820b-70651a31a1dc,PD,5538103,102098.m4a
102101,21a71204-0893-4c88-b6e3-8f101a25268c,PD,5530585,102101.m4a
102104,92d36c79-560c-480d-820b-70651a31a1dc,PD,5556710,102104.m4a
102110,62eac1aa-2cbd-4b7c-bb14-fcc723070f1a,CONTROL,5545716,102110.m4a
102122,269c5321-858c-4411-8b70-79fee695e814,PD,5551758,102122.m4a
102125,0f8cabab-5efe-4336-bb75-35b51b871056,PD,5548085,102125.m4a
102126,1ee9c522-d68a-4d32-8113-4c5246986978,PD,5550137,102126.m4a
102129,cf86e1eb-d76e-4c02-aebe-a8a85693eb0f,PD,5540103,102129.m4a
102136,8ac6d3d2-b738-4f27-9fb2-510bcd1dfd0f,CONTROL,5551790,102136.m4a
102137,bb91ec4b-ab77-483b-b35f-fa039bc8225d,PD,5553009,102137.m4a
102139,34e2480b-3454-458b-86b0-47e176741b60,CONTROL,5543255,102139.m4a
102142,0fe6f42c-d3aa-4405-8adb-c4b798701dd5,PD,5526805,102142.m4a
102143,826fc8a7-41b3-4265-ba48-079db2c0c913,CONTROL,5545893,102143.m4a
102145,826fc8a7-41b3-4265-ba48-079db2c0c913,CONTROL,5533049,102145.m4a
102150,8fe368b3-7036-4cad-bdd1-d80975f12712,CONTROL,5543193,102150.m4a
102172,15cd9496-900a-44bb-948b-12a24b101615,PD,5544918,102172.m4a
102188,5769ceb6-6c63-4c8a-a987-d2c9f186a166,CONTROL,5532287,102188.m4a
102196,c43e7446-7672-49cf-a56a-032bf185897c,CONTROL,5552330,102196.m4a
102198,3d859196-243f-45de-b3b1-a0379b49d958,PD,5549720,102198.m4a
102199,c43e7446-7672-49cf-a56a-032bf185897c,CONTROL,5527343,102199.m4a
102222,bedb1d7c-f3a7-4901-a9e4-4db1b26387c5,PD,5544333,102222.m4a
102223,bedb1d7c-f3a7-4901-a9e4-4db1b26387c5,PD,5541558,102223.m4a
102234,51fccbb7-1882-4778-8d53-08b8715a135d,CONTROL,5541395,102234.m4a
102236,751a69db-6a32-45fd-9267-e4d4235a7ceb,PD,5532088,102236.m4a
102241,6b648dee-0f5e-46b2-b5a4-7b8553b78a89,PD,5526190,102241.m4a
102243,730b2fdd-85fe-4e66-be8e-78bb6d0606a7,CONTROL,5552339,102243.m4a
102262,11d2db10-7ee9-43e9-8d44-b49f45937cb7,PD,5540479,102262.m4a
102264,11d2db10-7ee9-43e9-8d44-b49f45937cb7,PD,5555488,102264.m4a
102274,1ddac747-dec2-446d-b1a4-f0070bbc743b,PD,5536292,102274.m4a
102284,4ee4c6a0-88c1-417b-b190-d099de66cf12,CONTROL,5546671,102284.m4a
102285,98753b69-11dd-43f4-8eff-a54e052da982,PD,5550445,102285.m4a
102301,d724bf9c-1a7a-4c07-8627-bcd253541ac1,CONTROL,5540373,102301.m4a
102306,fc1e78e6-4856-4ba5-a2b1-4b0a0d9b7a4c,CONTROL,5549869,102306.m4a
102314,04ba161e-dbd8-4aed-8596-531c609250f4,CONTROL,5531554,102314.m4a
102317,f8cc1925-9a7f-40d2-bd56-2511350c3315,CONTROL,5556579,102317.m4a
102346,e24901df-03a6-4c94-9b32-41e815d2a6df,PD,5540855,102346.m4a
102351,9f3f70ea-d1b0-4fde-9d7c-2b6d329be61f,CONTROL,5529575,102351.m4a
102354,fb1855fc-b16c-4b37-a8b8-c1c1ce772c27,CONTROL,5540620,102354.m4a
102358,1d2efee9-0885-4a58-96d5-3feafd2efb46,CONTROL,5586227,102358.m4a
102381,0f8cabab-5efe-4336-bb75-35b51b871056,PD,5571645,102381.m4a
102382,c9fbe3eb-28ac-4d91-a0dc-d1e12cfe9647,PD,5414858,102382.m4a
102388,8baf61c8-1ad8-44e0-86c0-f29c6d564cb5,PD,5577266,102388.m4a
102390,b2c6a6ec-e867-4dbb-bf42-8dd7fb2a088d,PD,5576814,102390.m4a
102404,7c7d7ac4-e94e-4310-8339-286a1963e8dd,PD,5578739,102404.m4a
102405,7c7d7ac4-e94e-4310-8339-286a1963e8dd,PD,5563451,102405.m4a
102406,7c7d7ac4-e94e-4310-8339-286a1963e8dd,PD,5591459,102406.m4a
102413,d15e38dd-4b3e-47f4-be4e-f3396bd5827b,PD,5561985,102413.m4a
102414,f2a19126-3eeb-4588-8290-4c41b8f6582f,PD,5567571,102414.m4a
102426,b5d300e5-4397-4f24-ab97-6ae76a3c956b,PD,5582359,102426.m4a
102442,cdb18d7b-6793-48c0-8085-63c2a71ce5a9,PD,5575362,102442.m4a
102459,d45d88b2-c933-4422-ba68-20a78d862371,PD,5580149,102459.m4a
102477,74de3c85-715c-4962-9cd7-28bdf4e96a73,PD,5585297,102477.m4a
102478,2f59d408-6513-4d04-b8d3-3a3d68d31880,CONTROL,5577270,102478.m4a
102502,f369c8cf-3be9-493e-a62d-2b6fc2fa9616,PD,5562001,102502.m4a
102507,bf2f05a4-3757-4b58-b8b5-9098385597f0,PD,5575258,102507.m4a
102529,8a151c72-e599-47eb-ad77-b8f0bf3f4ea9,PD,5591579,102529.m4a
102531,8a151c72-e599-47eb-ad77-b8f0bf3f4ea9,PD,5568839,102531.m4a
102532,8a151c72-e599-47eb-ad77-b8f0bf3f4ea9,PD,5587383,102532.m4a
102538,8eddc4b5-2f37-4a51-b659-25d1577150d3,CONTROL,5574859,102538.m4a
102547,3599ec25-58c9-4215-aac3-a1287f7a7601,PD,5578723,102547.m4a
102574,56ae37f9-02fe-4a5b-90c6-a0798b75fc95,CONTROL,5572054,102574.m4a
102575,56ae37f9-02fe-4a5b-90c6-a0798b75fc95,CONTROL,5588618,102575.m4a
102579,8ac6d3d2-b738-4f27-9fb2-510bcd1dfd0f,CONTROL,5588429,102579.m4a
102580,ca1061c9-4bd4-4af7-9ba7-bbbc93fe9e68,PD,5570381,102580.m4a
102581,4995b205-2c38-429f-aa29-348007e61c4e,CONTROL,5585613,102581.m4a
102590,4b29f163-61b9-4fce-87be-79688e54b37d,CONTROL,5577361,102590.m4a
102592,b8d3e9ae-cff9-4bea-b3fb-211960273630,CONTROL,5563144,102592.m4a
102593,b8d3e9ae-cff9-4bea-b3fb-211960273630,CONTROL,5582012,102593.m4a
102594,1b0a049f-42bf-487b-a5f3-9fc614b1158f,PD,5572796,102594.m4a
102596,9018f929-9874-4289-afb6-ddeff89c598f,CONTROL,5571570,102596.m4a
102599,0ba1a93a-5432-4b98-a75d-955d2f4346ca,PD,5565181,102599.m4a
102613,a7df579a-8a92-43e6-b106-ee39c140eb96,PD,5583129,102613.m4a
102621,e2c6b535-3efb-4659-8352-9768196e2391,CONTROL,5579471,102621.m4a
102625,e2c6b535-3efb-4659-8352-9768196e2391,CONTROL,5577200,102625.m4a
102627,bc2b986a-820a-4425-abf7-76b9b8942ebc,CONTROL,5583967,102627.m4a
102630,b48563b2-8d65-4e4f-8eea-31f6bf659cc8,CONTROL,5564175,102630.m4a
102633,d49fcd5c-3952-49ba-bc03-261b83a7ab6e,PD,5580405,102633.m4a
102640,7bc86881-7075-467a-850e-53e021b60f9f,PD,5574024,102640.m4a
102658,8355ff33-b52f-4667-a2f9-09737395e37d,PD,5573753,102658.m4a
102681,7e109332-bc64-4c86-81c9-6166a7977768,CONTROL,5571589,102681.m4a
102683,7e109332-bc64-4c86-81c9-6166a7977768,CONTROL,5581145,102683.m4a
102699,2a56117b-1b94-4ea1-ade7-e21533af0c4f,PD,5563848,102699.m4a
102722,e9d63346-1c6a-40b9-9fd7-5ddc308b45e6,CONTROL,5561410,102722.m4a
102724,cec69080-0311-410b-9d00-8088d21ccc08,PD,5571284,102724.m4a
102736,29c8abac-d7e7-468a-852b-1199c4b8117d,PD,5649165,102736.m4a
102741,703413a6-b102-49d4-912a-ac42fa8dfab4,CONTROL,5564419,102741.m4a
102753,f00ece10-8e77-4bee-8d25-eb5b4d71b98f,CONTROL,5585578,102753.m4a
102770,bab5ca20-f718-49df-8918-e824b6720bcf,PD,5577325,102770.m4a
102772,530bc9ed-d545-4252-9660-2ce2f916a9bd,PD,5583314,102772.m4a
102782,325f3e23-408e-47bf-b8d1-6a9bcbfeec97,PD,5564216,102782.m4a
102791,c7ef0167-b3f8-490f-93fb-38da2f114ed4,PD,5573017,102791.m4a
102792,c7ef0167-b3f8-490f-93fb-38da2f114ed4,PD,5580644,102792.m4a
102793,c7ef0167-b3f8-490f-93fb-38da2f114ed4,PD,5587510,102793.m4a
102796,5d1d61c3-9942-4ccd-b65b-b27dc43887b1,PD,5568265,102796.m4a
102809,54247570-e33b-4d54-bb75-8b74aa79fd8a,CONTROL,5582389,102809.m4a
102813,54247570-e33b-4d54-bb75-8b74aa79fd8a,CONTROL,5579809,102813.m4a
102823,0160664a-f4af-4071-a4aa-2967f3ea0503,PD,5579910,102823.m4a
102824,7dbd2137-6a17-478d-955e-90af29711f93,CONTROL,5572368,102824.m4a
102839,0f8cabab-5efe-4336-bb75-35b51b871056,PD,5568611,102839.m4a
102842,b77e7480-a319-40b3-91ce-38ab7c1cd152,PD,5569981,102842.m4a
102843,b77e7480-a319-40b3-91ce-38ab7c1cd152,PD,5584372,102843.m4a
102850,e378b34a-4e22-4a75-a0fd-808f40595d50,PD,5581878,102850.m4a
102852,e87e1729-897f-4025-aab4-5e2e4ac9ba7c,PD,5619148,102852.m4a
102854,6e7e8b67-1b8e-4bfb-a1f5-c0069c4980a8,PD,5578063,102854.m4a
102859,9ab8c276-8a5e-4ad7-8b05-1b1171f3a890,PD,5585756,102859.m4a
102868,5863cea7-ec16-44a1-80a7-785e652cea4d,PD,5577213,102868.m4a
102874,7233281d-aef8-441a-94bf-611f956188be,CONTROL,5607500,102874.m4a
102875,7233281d-aef8-441a-94bf-611f956188be,CONTROL,5620210,102875.m4a
102878,30d53bb1-cf12-44d1-9854-78c35a607610,CONTROL,5595998,102878.m4a
102879,30d53bb1-cf12-44d1-9854-78c35a607610,CONTROL,5613806,102879.m4a
102895,d1ba64cd-5157-4aa7-8be8-1ae082e21ba4,CONTROL,5626531,102895.m4a
102908,0f8cabab-5efe-4336-bb75-35b51b871056,PD,5609234,102908.m4a
102924,4d394840-210d-42c7-b8d3-cef242f1ee4c,PD,5622871,102924.m4a
102932,0caf9f7e-f3a1-4fcd-891d-ae6ffcdf61fd,PD,5629282,102932.m4a
102947,77794aee-ae60-4f1c-b92f-ec78984f1676,CONTROL,5623112,102947.m4a
102949,acd91366-cd8c-4f1e-a314-2cd68f03299c,PD,5622755,102949.m4a
102957,26b15140-2acf-4180-8283-f3acef5501b6,PD,5608718,102957.m4a
102962,6899ba07-f868-49db-9651-3504b6d754d6,PD,5624828,102962.m4a
103000,48507a7c-dff7-4db0-9558-a27b30e11aa9,PD,5597654,103000.m4a
103030,241670d1-1dff-4ff4-bbe2-d3c8b7024ddf,PD,5620085,103030.m4a
103039,de623d95-b4f6-4d06-acfb-8293e1201d31,CONTROL,5598626,103039.m4a
103044,bb91ec4b-ab77-483b-b35f-fa039bc8225d,PD,5601073,103044.m4a
103045,23d0badb-95c2-4ec0-b85b-15c2929421a6,PD,5601636,103045.m4a
103046,23d0badb-95c2-4ec0-b85b-15c2929421a6,PD,5611724,103046.m4a
103063,47077bce-7a89-4461-a26f-4aa0677aaed4,PD,5597551,103063.m4a
103066,d30caa3b-06d9-4d36-8412-f99124083b60,PD,5605314,103066.m4a
103080,0e25eb20-d440-451c-8b92-9ece30630998,CONTROL,5603411,103080.m4a
103104,71785e8e-1b41-47af-b88a-2e0733e14e2b,PD,5614810,103104.m4a
103108,dacd2d5f-d133-4c09-9dc3-b3dddc9a426d,PD,5595096,103108.m4a
103112,987f7656-13bc-4b5f-9f45-ce799fbf9aa5,CONTROL,5595605,103112.m4a
103113,987f7656-13bc-4b5f-9f45-ce799fbf9aa5,CONTROL,5622141,103113.m4a
103119,fd2ed83d-c25d-4494-b50e-13471481d998,PD,5609351,103119.m4a
103120,1d1aa2f1-5272-4e30-9732-eb9862025a52,CONTROL,5626391,103120.m4a
103121,5855abea-960d-4476-aa18-1b66fc381709,PD,5738552,103121.m4a
103125,fc1e78e6-4856-4ba5-a2b1-4b0a0d9b7a4c,CONTROL,5620464,103125.m4a
103128,9890f772-3284-4aee-8528-ea3ce982d3ac,CONTROL,5602250,103128.m4a
103135,6d0c10f2-c149-4993-901d-270a275476a2,PD,5629556,103135.m4a
103153,29ae201b-896f-42ad-b4e9-c146aafb33f6,PD,5603075,103153.m4a
103155,29ae201b-896f-42ad-b4e9-c146aafb33f6,PD,5605050,103155.m4a
103167,b1f4d4d6-5247-48c4-9990-28a13d34fc19,PD,5598398,103167.m4a
103169,5e18a646-1884-4f05-994d-50d7b890271b,PD,5627537,103169.m4a
103194,4fac524a-4cd2-442c-bd85-3d8e63f03e5a,PD,5597834,103194.m4a
103195,4fac524a-4cd2-442c-bd85-3d8e63f03e5a,PD,5620283,103195.m4a
103196,4b3b425e-5bba-406e-8ed9-7f3963411368,PD,5598155,103196.m4a
103197,4fac524a-4cd2-442c-bd85-3d8e63f03e5a,PD,5624378,103197.m4a
103199,4b3b425e-5bba-406e-8ed9-7f3963411368,PD,5613616,103199.m4a
103202,d724bf9c-1a7a-4c07-8627-bcd253541ac1,CONTROL,5595172,103202.m4a
103203,81434ce9-c1db-4717-81e4-f49b0942e321,PD,5601763,103203.m4a
103212,0c8ec688-c888-4692-9fa1-100f2ab9f52c,PD,5601770,103212.m4a
103213,9feb2176-5d59-49c7-a895-c14c8e0be17e,PD,5623403,103213.m4a
103218,ed1b8bdc-5569-4bb6-ae79-c56ab8f4da68,PD,5608594,103218.m4a
103219,ed1b8bdc-5569-4bb6-ae79-c56ab8f4da68,PD,5628908,103219.m4a
103220,ed1b8bdc-5569-4bb6-ae79-c56ab8f4da68,PD,5620730,103220.m4a
103231,98cebf27-8771-455b-a624-c2fafa48e249,PD,5604467,103231.m4a
103232,c4468e16-934a-4ca7-89c8-701d0b4463aa,CONTROL,5613917,103232.m4a
103251,4ad61e24-16f0-4409-82a1-b37cb72a92c8,PD,5686218,103251.m4a
103252,4ad61e24-16f0-4409-82a1-b37cb72a92c8,PD,5682366,103252.m4a
103254,11b0961c-3d85-43e3-bc1b-a2c3e7f885b2,PD,5662584,103254.m4a
103259,43d569d3-0fc8-485f-b54e-cc92bdd63680,CONTROL,5620827,103259.m4a
103266,d6cb359a-3839-4879-99d7-6afe07926276,PD,5605020,103266.m4a
103272,8ab14817-d7df-4452-af87-23795ee85434,PD,5598440,103272.m4a
103275,b9950d56-f8df-4a4a-9396-091f23c9971c,PD,5651239,103275.m4a
103285,b4b0028f-bd8e-4e25-8da2-64252f48c827,PD,5623251,103285.m4a
103288,b4b0028f-bd8e-4e25-8da2-64252f48c827,PD,5628476,103288.m4a
103306,d19cb2d6-71dd-4b9f-97a7-f2dc355958f2,PD,5605067,103306.m4a
103318,530bc9ed-d545-4252-9660-2ce2f916a9bd,PD,5600724,103318.m4a
103323,01aea090-d2cd-409e-8ce8-22887ada7af8,PD,5617158,103323.m4a
103326,710f2d79-1468-40b1-9ab5-beb8721f43a5,PD,5599345,103326.m4a
103332,d4a9a3e2-cee0-42d3-a48c-a758015f249a,CONTROL,5599362,103332.m4a
103346,75e16764-2272-4d4c-955b-2ecb34b15442,PD,5598895,103346.m4a
103360,44292225-8a21-4955-8022-c6935506100a,CONTROL,5601392,103360.m4a
103363,953b81e6-42bf-456c-88c1-61393e4dc8d3,CONTROL,5596214,103363.m4a
103380,bb91ec4b-ab77-483b-b35f-fa039bc8225d,PD,5619930,103380.m4a
103387,8543d9a7-4259-49ec-9146-f2f513e35e5b,PD,5620503,103387.m4a
103399,cca0e761-68e4-4131-826c-9cc4883cc4de,PD,5610475,103399.m4a
103411,1447e829-cd53-4498-a9eb-833c2f791d13,PD,5635742,103411.m4a
103413,1dc92ac2-4e66-46ab-81c8-82621b34d282,CONTROL,5655416,103413.m4a
103448,2a56117b-1b94-4ea1-ade7-e21533af0c4f,PD,5632964,103448.m4a
103472,93479e6b-3181-454d-9144-b1b844390c82,PD,5647920,103472.m4a
103486,5e18a646-1884-4f05-994d-50d7b890271b,PD,5658518,103486.m4a
103520,fc1b0a15-721b-4df2-bb32-d0f21a6a3937,PD,5642288,103520.m4a
103526,a07c589a-e016-4c98-970c-53dd52d696d2,PD,5637749,103526.m4a
103533,937682c3-93f8-4c5f-bf6d-2563389b9145,PD,5650246,103533.m4a
103555,5e6c8801-f1f5-46b8-9125-3fe7f70fb9c5,CONTROL,5652606,103555.m4a
103566,43294479-32e0-4589-92ee-269b36a70e46,PD,5636217,103566.m4a
103569,483e75b7-596d-455a-855e-4103bb341c85,PD,5650436,103569.m4a
103586,8973446b-45e3-460e-8949-0fb59fe6b855,CONTROL,5656610,103586.m4a
103589,56a8b17c-ba47-410d-9d2f-902edfda1330,CONTROL,5634677,103589.m4a
103602,bbf83ccf-d2cb-40af-bab9-93d04e8a884c,CONTROL,5651786,103602.m4a
103605,523283b6-acc9-4375-ab7a-d7240cd690c3,PD,5635803,103605.m4a
103620,e3109cab-969e-49c8-a16c-2ebd7702e731,CONTROL,5643696,103620.m4a
103626,0085b356-0550-4cf1-85bd-2bcd89bf1201,PD,5634232,103626.m4a
103634,0fe6f42c-d3aa-4405-8adb-c4b798701dd5,PD,5641562,103634.m4a
103639,d19cb2d6-71dd-4b9f-97a7-f2dc355958f2,PD,5645236,103639.m4a
103654,8a4790b3-3bf5-4273-b695-fe703347d399,PD,5655305,103654.m4a
103661,3ab3323f-1d5d-42ab-a901-7d1f066f0d9f,CONTROL,5657474,103661.m4a
103662,3ab3323f-1d5d-42ab-a901-7d1f066f0d9f,CONTROL,5658008,103662.m4a
103668,b1f4d4d6-5247-48c4-9990-28a13d34fc19,PD,5651387,103668.m4a
103670,11954fc8-6eac-4417-b4fd-7678fb54e2b9,CONTROL,5643706,103670.m4a
103675,e6ae8a2a-76d4-498a-a01c-9001f76107f7,CONTROL,5641310,103675.m4a
103683,b48563b2-8d65-4e4f-8eea-31f6bf659cc8,CONTROL,5639418,103683.m4a
103698,dc037cec-4e6b-4f71-8bf7-cd7fc322edd2,PD,5639886,103698.m4a
103699,953b81e6-42bf-456c-88c1-61393e4dc8d3,CONTROL,5640585,103699.m4a
103703,0b95e050-a6d1-433c-80d6-1573a9457da0,PD,5658472,103703.m4a
103715,ee8b1690-4c96-4f09-9a7b-946911bdcf67,PD,5652246,103715.m4a
103718,8beab5c6-6067-4c47-b655-1901f5a534a8,PD,5643223,103718.m4a
103735,986bc332-f3a4-4552-8b2a-c69a9d5e4989,PD,5684121,103735.m4a
103743,b19be7c2-2827-4c8a-82e2-7b42b7e58efb,CONTROL,5665265,103743.m4a
103760,df931327-93d2-4fa0-99a5-9eab3cfa9eeb,PD,5645794,103760.m4a
103774,f2a19126-3eeb-4588-8290-4c41b8f6582f,PD,5644352,103774.m4a
103785,0bb0b3e8-9839-40a9-93d0-460dea0ceb76,CONTROL,5655292,103785.m4a
103789,6c130d05-41af-49e9-9212-aaae738d3ec1,PD,5659122,103789.m4a
103806,d19cb2d6-71dd-4b9f-97a7-f2dc355958f2,PD,5643589,103806.m4a
103830,29c8abac-d7e7-468a-852b-1199c4b8117d,PD,5658086,103830.m4a
103836,47077bce-7a89-4461-a26f-4aa0677aaed4,PD,5658465,103836.m4a
103840,47077bce-7a89-4461-a26f-4aa0677aaed4,PD,5657958,103840.m4a
103860,8543d9a7-4259-49ec-9146-f2f513e35e5b,PD,5646396,103860.m4a
103866,241670d1-1dff-4ff4-bbe2-d3c8b7024ddf,PD,5637480,103866.m4a
103874,d4a9a3e2-cee0-42d3-a48c-a758015f249a,CONTROL,5636544,103874.m4a
103888,84cdec84-5148-47d3-822d-b829ef24d11f,PD,5647138,103888.m4a
103892,18459133-823f-45ba-81d1-1d382eaae88f,PD,5640820,103892.m4a
103895,18459133-823f-45ba-81d1-1d382eaae88f,PD,5659155,103895.m4a
103901,18459133-823f-45ba-81d1-1d382eaae88f,PD,5635625,103901.m4a
103907,18459133-823f-45ba-81d1-1d382eaae88f,PD,5638052,103907.m4a
103908,dab5b0ab-ddbd-45bb-a841-eb37e4bed3ce,PD,5659114,103908.m4a
103931,317afd78-4ce7-42bc-99e9-0011b3b3e5b2,PD,5636258,103931.m4a
103932,317afd78-4ce7-42bc-99e9-0011b3b3e5b2,PD,5653176,103932.m4a
103934,9f3f70ea-d1b0-4fde-9d7c-2b6d329be61f,CONTROL,5653924,103934.m4a
103938,c729b60c-8f5a-400a-bc7d-629f53bb5cc8,CONTROL,5675253,103938.m4a
103958,9a201650-4a5b-4637-ab5c-828d8f3823c5,PD,5679726,103958.m4a
103965,cd769996-6281-44b2-b36b-f0eeb94fa0a5,PD,5678262,103965.m4a
103979,bdd9fa25-2499-44e6-b4c8-117deb70143d,PD,5667777,103979.m4a
103980,c17abeb7-bfdb-4ddd-859e-2d336f96c7ca,PD,5687713,103980.m4a
103982,8b694c8e-3ce1-4e55-89ae-d034e1602bdf,PD,5669731,103982.m4a
103999,fd929fac-694a-4920-a833-58ddb2b12bbe,PD,5669974,103999.m4a
104019,6899ba07-f868-49db-9651-3504b6d754d6,PD,5678015,104019.m4a
104022,c47976b1-7149-48d4-883d-83491c0c01ef,CONTROL,5714586,104022.m4a
104036,b2c6a6ec-e867-4dbb-bf42-8dd7fb2a088d,PD,5689415,104036.m4a
104044,2d08327e-f265-4507-8927-eac6fd315e6e,PD,5673380,104044.m4a
104045,2d08327e-f265-4507-8927-eac6fd315e6e,PD,5672152,104045.m4a
104046,2d08327e-f265-4507-8927-eac6fd315e6e,PD,5677772,104046.m4a
104061,523283b6-acc9-4375-ab7a-d7240cd690c3,PD,5663939,104061.m4a
104070,9b3adfa3-30cc-4ef2-9ad6-fbc964f19982,PD,5662174,104070.m4a
104085,6d3921e1-458a-4b97-98c9-bfdd9e78d011,PD,5677112,104085.m4a
104086,6d3921e1-458a-4b97-98c9-bfdd9e78d011,PD,5665249,104086.m4a
104087,6d3921e1-458a-4b97-98c9-bfdd9e78d011,PD,5673834,104087.m4a
104107,e29cc1d8-424d-4aeb-ae48-bea5d7d0d241,PD,5670118,104107.m4a
104115,724fcf9a-bc00-440f-b2ba-0a9f6ea7a719,PD,5677925,104115.m4a
104143,0fe6f42c-d3aa-4405-8adb-c4b798701dd5,PD,5670447,104143.m4a
104148,41768622-94fa-4f50-adff-240e336dc819,CONTROL,5666300,104148.m4a
104154,90550db0-af30-495f-8d7c-5749577cdae2,PD,5666978,104154.m4a
104163,04ba161e-dbd8-4aed-8596-531c609250f4,CONTROL,5667133,104163.m4a
104172,f059b3a3-74af-417b-a95a-499ad1512863,PD,5667134,104172.m4a
104190,6e839433-f676-430e-999a-3684ccdff525,PD,5665422,104190.m4a
104200,8355ff33-b52f-4667-a2f9-09737395e37d,PD,5678850,104200.m4a
104209,43294479-32e0-4589-92ee-269b36a70e46,PD,5664328,104209.m4a
104221,0c8ec688-c888-4692-9fa1-100f2ab9f52c,PD,5676889,104221.m4a
104225,803c3c8a-8885-426d-9b45-3965726c5fee,CONTROL,5679290,104225.m4a
104226,d7caa046-79f4-461c-b6ae-e9cf5654d5d4,PD,5662436,104226.m4a
104227,bf2f05a4-3757-4b58-b8b5-9098385597f0,PD,5678574,104227.m4a
104230,bf2f05a4-3757-4b58-b8b5-9098385597f0,PD,5667096,104230.m4a
104231,69768027-9381-45b4-98e6-c3a84bbabd50,PD,5678057,104231.m4a
104234,f7e546d8-9831-4cc1-b3ac-176de8da6698,PD,5675057,104234.m4a
104235,f7e546d8-9831-4cc1-b3ac-176de8da6698,PD,5677908,104235.m4a
104244,c77e3f11-7195-4e8a-9146-063bef90a03b,PD,5670716,104244.m4a
104247,1b8b32e3-b109-4af7-8fa4-d1990711fb06,CONTROL,5678817,104247.m4a
104248,b2a760b7-bd2d-4918-a7b7-6fa385423e11,PD,5675384,104248.m4a
104252,ec5dd8db-c41e-4879-8bfb-c26eacc64f42,PD,5680347,104252.m4a
104255,341a3fde-86c0-464e-a442-d9fb294a53fc,PD,5663446,104255.m4a
104269,133ea6ff-40f4-4476-907e-f0d4170266ce,PD,5676565,104269.m4a
104275,58469105-280d-4a10-b315-03d4cf661b9b,CONTROL,5667021,104275.m4a
104289,75b63b7c-7752-4097-89ae-f9e339b26835,PD,5663699,104289.m4a
104301,07c2702c-c2f8-4d90-917a-8dbbb4bf2899,PD,5662221,104301.m4a
104308,d19cb2d6-71dd-4b9f-97a7-f2dc355958f2,PD,5679401,104308.m4a
104310,271b4e75-0e2c-4493-8e57-bb9be17333d6,PD,5678757,104310.m4a
104311,863ddb69-fb81-4e17-8273-845c5aaa2fb6,PD,5671218,104311.m4a
104315,5e18a646-1884-4f05-994d-50d7b890271b,PD,5667494,104315.m4a
104327,e0c58ab7-5ba1-4e60-a3b7-9c28a4e74f69,PD,5665337,104327.m4a
104341,02349c35-2559-4944-9987-78b9bb71d9e7,CONTROL,5662847,104341.m4a
104361,b4a25411-d2e3-42b0-920f-a543f3bb0227,PD,5493134,104361.m4a
104368,0fe6f42c-d3aa-4405-8adb-c4b798701dd5,PD,5674027,104368.m4a
104376,751a69db-6a32-45fd-9267-e4d4235a7ceb,PD,5671230,104376.m4a
104377,84478b84-7648-489b-a5a0-61c04c838a22,CONTROL,5664829,104377.m4a
104404,1a7f240d-1c67-459e-ac64-be0bf4c9c985,CONTROL,5668210,104404.m4a
104411,4a64d0de-d5d0-441b-adbb-08680d961fd5,CONTROL,5663916,104411.m4a
104413,4a64d0de-d5d0-441b-adbb-08680d961fd5,CONTROL,5672861,104413.m4a
104417,bdd9fa25-2499-44e6-b4c8-117deb70143d,PD,5664232,104417.m4a
104421,e378b34a-4e22-4a75-a0fd-808f40595d50,PD,5675178,104421.m4a
104426,262e0c5f-2f3e-49b5-8669-99a85146c179,PD,5675706,104426.m4a
104441,1447e829-cd53-4498-a9eb-833c2f791d13,PD,5661368,104441.m4a
104451,e1683a0a-a86b-406f-8bed-3060f86cb0de,CONTROL,5682862,104451.m4a
104452,e1683a0a-a86b-406f-8bed-3060f86cb0de,CONTROL,5689520,104452.m4a
104476,f125e7fa-7a33-4959-abb5-655ceed01d72,PD,5692044,104476.m4a
104485,5d8e6c5b-94a0-4911-af54-7623b2de1105,PD,5687274,104485.m4a
104486,5d8e6c5b-94a0-4911-af54-7623b2de1105,PD,5692135,104486.m4a
104487,5d8e6c5b-94a0-4911-af54-7623b2de1105,PD,5695784,104487.m4a
104505,06d826be-c1ac-4c68-8353-14cfaba359f4,CONTROL,5686141,104505.m4a
104508,06d826be-c1ac-4c68-8353-14cfaba359f4,CONTROL,5683066,104508.m4a
104532,bf2f05a4-3757-4b58-b8b5-9098385597f0,PD,5684293,104532.m4a
104535,00dc061b-8151-44cc-8eae-4d10f11a5ab6,PD,5691859,104535.m4a
104540,885d9e76-ec41-4c8e-9f86-003fde7660f3,CONTROL,5690602,104540.m4a
104543,913b66f5-0666-4ccc-bf95-c9f6e0d60066,PD,5682044,104543.m4a
104544,711200dc-c6d6-42bf-804a-a96667b6e46b,PD,5694020,104544.m4a
104549,11b0961c-3d85-43e3-bc1b-a2c3e7f885b2,PD,5690987,104549.m4a
104594,6899ba07-f868-49db-9651-3504b6d754d6,PD,5693251,104594.m4a
104615,30420b73-44e0-4c3b-a6a4-afff7f008aa8,PD,5691625,104615.m4a
104625,67258105-115d-42aa-af10-fabaf10b462c,PD,5685545,104625.m4a
104635,84478b84-7648-489b-a5a0-61c04c838a22,CONTROL,5687267,104635.m4a
104646,15253bdc-5768-4567-aeed-d7dc4c461252,CONTROL,5696102,104646.m4a
104647,56a8b17c-ba47-410d-9d2f-902edfda1330,CONTROL,5611697,104647.m4a
104668,60d78d1c-0a67-4b66-a5ef-2e20681f8ebb,PD,5696991,104668.m4a
104674,60d78d1c-0a67-4b66-a5ef-2e20681f8ebb,PD,5689304,104674.m4a
104675,60d78d1c-0a67-4b66-a5ef-2e20681f8ebb,PD,5681680,104675.m4a
104686,34094d7c-ed2b-4fc1-9146-635e608329d5,PD,5682476,104686.m4a
104689,34094d7c-ed2b-4fc1-9146-635e608329d5,PD,5693041,104689.m4a
104698,57f03c8d-1d97-46c7-bfdd-2568a154845c,CONTROL,5703051,104698.m4a
104701,711200dc-c6d6-42bf-804a-a96667b6e46b,PD,5689515,104701.m4a
104714,d19cb2d6-71dd-4b9f-97a7-f2dc355958f2,PD,5685611,104714.m4a
104722,3d859196-243f-45de-b3b1-a0379b49d958,PD,5685405,104722.m4a
104728,15253bdc-5768-4567-aeed-d7dc4c461252,CONTROL,5689211,104728.m4a
104746,e7045566-3b35-4466-9328-d98e6798d6c2,PD,5690943,104746.m4a
104761,668766f9-7922-47f8-8f88-c40451851220,PD,5692617,104761.m4a
104763,096bb163-674f-4dea-87b3-a643721a1102,CONTROL,5695491,104763.m4a
104773,a50dfd03-6211-47ff-9d94-8026c65eed93,PD,5684678,104773.m4a
104777,d7d6f17b-3fb3-43c0-af64-65203eac196f,CONTROL,5691156,104777.m4a
104778,8baf61c8-1ad8-44e0-86c0-f29c6d564cb5,PD,5694633,104778.m4a
104810,0eb60c3c-52ee-483a-b48d-4c6d0b412e0e,PD,5690302,104810.m4a
104814,55adff90-d14c-4d96-8339-c9d930c461f7,CONTROL,5697069,104814.m4a
104831,62e267ca-1a34-4ec8-bc0c-51a2a5f22175,PD,5688997,104831.m4a
104846,8543d9a7-4259-49ec-9146-f2f513e35e5b,PD,5695963,104846.m4a
104854,9f1f1c63-16c8-47d6-a6d8-4cbc0c9f85d9,CONTROL,5693149,104854.m4a
104875,87a468ce-50e9-4622-aac3-d4c90c2b1ebf,PD,5688014,104875.m4a
104876,75b63b7c-7752-4097-89ae-f9e339b26835,PD,5692937,104876.m4a
104886,5d4dafaf-7161-43d7-b7da-59dfd905c51e,PD,5687374,104886.m4a
104915,c17abeb7-bfdb-4ddd-859e-2d336f96c7ca,PD,5694700,104915.m4a
104919,d9ba2480-3573-4be9-b516-db242ea19472,CONTROL,5686062,104919.m4a
104929,aae2ab26-754f-49fa-bcf0-bd403bc9d548,PD,5694425,104929.m4a
104931,317afd78-4ce7-42bc-99e9-0011b3b3e5b2,PD,5687230,104931.m4a
104934,61e223ac-4657-48b8-89b0-d37df5c85d39,PD,5685741,104934.m4a
104937,18459133-823f-45ba-81d1-1d382eaae88f,PD,5691647,104937.m4a
104954,ce498de9-011a-4800-8837-55a8f1337597,CONTROL,5700528,104954.m4a
104955,ce498de9-011a-4800-8837-55a8f1337597,CONTROL,5704844,104955.m4a
104956,6028143e-496d-4a54-a3bc-cc6becdd74f1,CONTROL,5710526,104956.m4a
104965,01aea090-d2cd-409e-8ce8-22887ada7af8,PD,5712567,104965.m4a
104972,c9c596eb-042a-4e6b-ba68-d58d05205898,PD,5704382,104972.m4a
104973,c9c596eb-042a-4e6b-ba68-d58d05205898,PD,5705000,104973.m4a
104975,c9c596eb-042a-4e6b-ba68-d58d05205898,PD,5709971,104975.m4a
104983,a8b54536-104a-4f7b-9645-09f08d32cbed,PD,5709716,104983.m4a
105002,921384fa-b421-4344-b17e-8754c2b70f89,PD,5700440,105002.m4a
105023,7b75a41d-6ff3-48a5-b540-264d45d2533c,PD,5710435,105023.m4a
105025,a38c48a0-0ab7-46fe-80c8-6cc55d9b8bbf,PD,5701666,105025.m4a
105039,030d48aa-0bbc-423a-a10c-f9694da25f33,CONTROL,5704873,105039.m4a
105046,5d8e6c5b-94a0-4911-af54-7623b2de1105,PD,5704210,105046.m4a
105047,5d8e6c5b-94a0-4911-af54-7623b2de1105,PD,5713468,105047.m4a
105049,5d8e6c5b-94a0-4911-af54-7623b2de1105,PD,5712788,105049.m4a
105060,9feb2176-5d59-49c7-a895-c14c8e0be17e,PD,5703168,105060.m4a
105061,11b0961c-3d85-43e3-bc1b-a2c3e7f885b2,PD,5904449,105061.m4a
105075,7457113a-34bd-4324-935c-f66bd33f1e4b,PD,5701044,105075.m4a
105096,fd929fac-694a-4920-a833-58ddb2b12bbe,PD,5702823,105096.m4a
105097,fd929fac-694a-4920-a833-58ddb2b12bbe,PD,5701139,105097.m4a
105116,c959f434-9f57-4730-b4c1-804789db0a33,PD,5711293,105116.m4a
105119,6b648dee-0f5e-46b2-b5a4-7b8553b78a89,PD,5705334,105119.m4a
105165,63ffe552-8143-4380-815a-b42668d44ef2,PD,5710173,105165.m4a
105173,df931327-93d2-4fa0-99a5-9eab3cfa9eeb,PD,5712021,105173.m4a
105178,52eabdc8-4dd6-4ea5-baad-3822ea01f803,PD,5701112,105178.m4a
105180,f8294c22-9dcc-4280-beb2-5e4f818c7755,PD,5702849,105180.m4a
105202,6e839433-f676-430e-999a-3684ccdff525,PD,5706497,105202.m4a
105215,5252c381-5a51-4441-b78a-40ee93c638f2,CONTROL,5705560,105215.m4a
105241,f369c8cf-3be9-493e-a62d-2b6fc2fa9616,PD,5714671,105241.m4a
105244,63ffe552-8143-4380-815a-b42668d44ef2,PD,5705307,105244.m4a
105266,0a4662b0-9ee3-4029-af85-7e342cb87810,PD,5710262,105266.m4a
105279,a7df579a-8a92-43e6-b106-ee39c140eb96,PD,5699568,105279.m4a
105281,66af2645-3e24-4db7-b17c-bbe01b04dd76,CONTROL,5715301,105281.m4a
105294,cd769996-6281-44b2-b36b-f0eeb94fa0a5,PD,5706975,105294.m4a
105295,7175f964-c8ae-4b53-8907-204737433745,CONTROL,5699450,105295.m4a
105299,913b66f5-0666-4ccc-bf95-c9f6e0d60066,PD,5699854,105299.m4a
105303,5890ef0c-f992-40ce-bea9-d7be5db099df,CONTROL,5701377,105303.m4a
105313,b77e7480-a319-40b3-91ce-38ab7c1cd152,PD,5714326,105313.m4a
105314,69768027-9381-45b4-98e6-c3a84bbabd50,PD,5703054,105314.m4a
105332,bab29b7e-9b17-420c-b17b-f9f957eaf374,PD,5714913,105332.m4a
105338,5679538a-8bb6-4e37-be37-8c32d835bc13,PD,5711491,105338.m4a
105339,5679538a-8bb6-4e37-be37-8c32d835bc13,PD,5700771,105339.m4a
105343,de5b1d47-3d43-4723-8d2d-e0c5b98a8b98,PD,5759021,105343.m4a
105345,751a69db-6a32-45fd-9267-e4d4235a7ceb,PD,5709077,105345.m4a
105350,5d4dafaf-7161-43d7-b7da-59dfd905c51e,PD,5712265,105350.m4a
105356,c17abeb7-bfdb-4ddd-859e-2d336f96c7ca,PD,5709868,105356.m4a
105357,a503c226-4dc6-4a68-ba3b-a7345d32c399,CONTROL,5702191,105357.m4a
105361,775e61f3-942c-4229-b049-0f14f029ecaa,PD,5704176,105361.m4a
105378,9af869f8-7cda-4f0b-83ea-b77b9c12838a,PD,5712203,105378.m4a
105384,647b619b-64bd-4336-890e-0a9b43476b7c,PD,5699342,105384.m4a
105393,bcdbfaea-0fe8-4598-a4fd-b389d87df72e,CONTROL,5707787,105393.m4a
105396,bcdbfaea-0fe8-4598-a4fd-b389d87df72e,CONTROL,5714504,105396.m4a
105403,c959f434-9f57-4730-b4c1-804789db0a33,PD,5704981,105403.m4a
105407,568cb98f-e68a-45d7-adef-8e4f37e39c01,PD,5713473,105407.m4a
105427,1359f220-9db5-4777-91cd-cf1e8abfc42d,PD,5699503,105427.m4a
105435,e787d06a-bcce-4ef0-848e-8b319fc7ce99,PD,5710442,105435.m4a
105456,47158955-70a5-41e9-b0c5-11c34834d067,CONTROL,5722464,105456.m4a
105459,47158955-70a5-41e9-b0c5-11c34834d067,CONTROL,5728072,105459.m4a
105474,a8b54536-104a-4f7b-9645-09f08d32cbed,PD,5720691,105474.m4a
105489,c4a2904e-2e5f-4fb4-9890-7e5c66d2fa7d,PD,5728786,105489.m4a
105500,61e223ac-4657-48b8-89b0-d37df5c85d39,PD,5732218,105500.m4a
105552,668766f9-7922-47f8-8f88-c40451851220,PD,5720878,105552.m4a
105554,7609833f-879d-493e-bbd4-9b54e310d0e8,CONTROL,5730591,105554.m4a
105560,d19cb2d6-71dd-4b9f-97a7-f2dc355958f2,PD,5726629,105560.m4a
105564,3599ec25-58c9-4215-aac3-a1287f7a7601,PD,5721870,105564.m4a
105586,faeab8f9-5e6b-48ef-8e87-3cc7e6da3e5f,PD,5717639,105586.m4a
105608,6d3921e1-458a-4b97-98c9-bfdd9e78d011,PD,5721652,105608.m4a
105613,5d1d61c3-9942-4ccd-b65b-b27dc43887b1,PD,5723531,105613.m4a
105626,fbd468eb-3615-4ae2-9dcc-daf41aa68a07,PD,5716918,105626.m4a
105629,92429a58-ae09-4cc2-a9fd-4d6363001ffe,CONTROL,5732690,105629.m4a
105630,92429a58-ae09-4cc2-a9fd-4d6363001ffe,CONTROL,5732294,105630.m4a
105633,5c6b4a9f-3e9b-4332-9c90-d3d8bd5935ea,CONTROL,5728921,105633.m4a
105639,f8294c22-9dcc-4280-beb2-5e4f818c7755,PD,5722887,105639.m4a
105648,710f2d79-1468-40b1-9ab5-beb8721f43a5,PD,5717879,105648.m4a
105649,d6df0d18-4c25-49ee-aa62-2d03dd2a5b02,CONTROL,5732587,105649.m4a
105652,b2a760b7-bd2d-4918-a7b7-6fa385423e11,PD,5723348,105652.m4a
105654,b2a760b7-bd2d-4918-a7b7-6fa385423e11,PD,5718023,105654.m4a
105667,48636df4-7e93-496f-967f-83e6488c2a58,CONTROL,5731492,105667.m4a
105668,48636df4-7e93-496f-967f-83e6488c2a58,CONTROL,5729039,105668.m4a
105691,dfe2079e-d916-4fd7-a76f-b2c1d51607df,PD,5722548,105691.m4a
105693,8d62ec4d-6ea6-4894-9212-7ec8e334dff6,CONTROL,5718927,105693.m4a
105698,b2c6a6ec-e867-4dbb-bf42-8dd7fb2a088d,PD,5718807,105698.m4a
105699,8d62ec4d-6ea6-4894-9212-7ec8e334dff6,CONTROL,5731644,105699.m4a
105707,fa735991-ec53-4763-9fa1-2fb499e3efcb,PD,5723533,105707.m4a
105711,fa735991-ec53-4763-9fa1-2fb499e3efcb,PD,5727331,105711.m4a
105722,1487de4b-b874-4ab3-8acc-e3416bb7c74e,PD,5722083,105722.m4a
105742,ebfa1ce3-9993-4188-a531-3ba017c7b9ba,CONTROL,5725706,105742.m4a
105743,ebfa1ce3-9993-4188-a531-3ba017c7b9ba,CONTROL,5720053,105743.m4a
105744,0964cf4e-ed3e-4b90-b5a2-ce7d026de895,CONTROL,5726083,105744.m4a
105751,3d859196-243f-45de-b3b1-a0379b49d958,PD,5732718,105751.m4a
105766,e8c9152d-c1a2-4bbc-9fb0-8d327220ed45,CONTROL,5727766,105766.m4a
105783,8eddc4b5-2f37-4a51-b659-25d1577150d3,CONTROL,5723857,105783.m4a
105797,9d65c852-037d-4138-8667-71a72c8c39ab,CONTROL,5723327,105797.m4a
105805,97d23f31-a114-455b-87fd-fd8bc810f4da,PD,5729241,105805.m4a
105807,97d23f31-a114-455b-87fd-fd8bc810f4da,PD,5718706,105807.m4a
105809,97d23f31-a114-455b-87fd-fd8bc810f4da,PD,5731749,105809.m4a
105826,711200dc-c6d6-42bf-804a-a96667b6e46b,PD,5728949,105826.m4a
105858,26f7d94f-5d01-4370-b9e2-f8ce6d69b478,CONTROL,5720770,105858.m4a
105860,26f7d94f-5d01-4370-b9e2-f8ce6d69b478,CONTROL,5732782,105860.m4a
105861,c959f434-9f57-4730-b4c1-804789db0a33,PD,5719499,105861.m4a
105879,5d4dafaf-7161-43d7-b7da-59dfd905c51e,PD,5730328,105879.m4a
105888,8920e37e-d932-4318-aecb-f59de170c4d4,CONTROL,5717968,105888.m4a
105890,8920e37e-d932-4318-aecb-f59de170c4d4,CONTROL,5718055,105890.m4a
105893,29c8abac-d7e7-468a-852b-1199c4b8117d,PD,5719917,105893.m4a
105894,2f59744b-6741-47f3-84f1-a6400287bb0c,PD,5742706,105894.m4a
105895,2f59744b-6741-47f3-84f1-a6400287bb0c,PD,5743266,105895.m4a
105899,56115575-5dba-435c-9f6f-ec9750e1fcc2,PD,5735030,105899.m4a
105900,56115575-5dba-435c-9f6f-ec9750e1fcc2,PD,5743235,105900.m4a
105901,56115575-5dba-435c-9f6f-ec9750e1fcc2,PD,5742200,105901.m4a
105916,584ba256-5771-4889-af8d-89e04f8a2348,PD,5741827,105916.m4a
105923,bf2f05a4-3757-4b58-b8b5-9098385597f0,PD,5793863,105923.m4a
105928,2caecbdd-63b0-46ec-9ace-2eb76edce5fc,CONTROL,5745260,105928.m4a
105939,937682c3-93f8-4c5f-bf6d-2563389b9145,PD,5743560,105939.m4a
105943,4c2add47-c85d-4b61-bdba-a9d0fc7cb314,PD,5744585,105943.m4a
105944,4c2add47-c85d-4b61-bdba-a9d0fc7cb314,PD,5745338,105944.m4a
105945,4c2add47-c85d-4b61-bdba-a9d0fc7cb314,PD,5766856,105945.m4a
105947,6a6a768b-94ff-41c8-b42f-c2db47efa2e4,PD,5740746,105947.m4a
105973,22c07a06-d6cf-456e-817e-32093cefcbc7,PD,5739546,105973.m4a
105974,22c07a06-d6cf-456e-817e-32093cefcbc7,PD,5742816,105974.m4a
105993,fc1b0a15-721b-4df2-bb32-d0f21a6a3937,PD,5736839,105993.m4a
105994,c959f434-9f57-4730-b4c1-804789db0a33,PD,5733779,105994.m4a
106005,118f2140-cab6-40d1-b111-27360ec12209,CONTROL,5740187,106005.m4a
106006,118f2140-cab6-40d1-b111-27360ec12209,CONTROL,5744997,106006.m4a
106009,30420b73-44e0-4c3b-a6a4-afff7f008aa8,PD,5738041,106009.m4a
106011,30420b73-44e0-4c3b-a6a4-afff7f008aa8,PD,5742144,106011.m4a
106031,7175f964-c8ae-4b53-8907-204737433745,CONTROL,5735181,106031.m4a
106034,5a5b0173-3d27-412c-84f3-57534bf1414f,PD,5734444,106034.m4a
106054,6134a5c5-2912-4cb0-87aa-10dee483b686,PD,5735729,106054.m4a
106057,6134a5c5-2912-4cb0-87aa-10dee483b686,PD,5742796,106057.m4a
106059,6134a5c5-2912-4cb0-87aa-10dee483b686,PD,5740865,106059.m4a
106064,1487de4b-b874-4ab3-8acc-e3416bb7c74e,PD,5745143,106064.m4a
106067,67546a11-f625-4d03-bee1-4f55e8a831ac,PD,5744484,106067.m4a
106124,6e839433-f676-430e-999a-3684ccdff525,PD,5748350,106124.m4a
106127,6c130d05-41af-49e9-9212-aaae738d3ec1,PD,5734457,106127.m4a
106133,30de7f78-516d-4073-a97c-0c67ea524bcb,CONTROL,5737103,106133.m4a
106137,6e839433-f676-430e-999a-3684ccdff525,PD,5738904,106137.m4a
106138,30de7f78-516d-4073-a97c-0c67ea524bcb,CONTROL,5733778,106138.m4a
106146,d644ad57-f62d-4b6a-b387-2c5aabbb4ba7,PD,5745597,106146.m4a
106155,334be7a8-26b2-402c-969b-35835693c80c,PD,5737004,106155.m4a
106163,059bf050-cc9c-4671-8f33-bc222aac6406,CONTROL,5747525,106163.m4a
106165,059bf050-cc9c-4671-8f33-bc222aac6406,CONTROL,5746129,106165.m4a
106203,0b95e050-a6d1-433c-80d6-1573a9457da0,PD,5739814,106203.m4a
106247,97ef63b6-d9c9-431e-99e2-a64ff0d70ce8,CONTROL,5738566,106247.m4a
106296,6e7e8b67-1b8e-4bfb-a1f5-c0069c4980a8,PD,5736924,106296.m4a
106305,bc6f6de8-3ae1-4cc6-b6b4-80ce8145ddcf,CONTROL,5736083,106305.m4a
106313,8fbde3ac-0b23-45af-a83c-9a3594383dd3,CONTROL,5743746,106313.m4a
106315,8fbde3ac-0b23-45af-a83c-9a3594383dd3,CONTROL,5736711,106315.m4a
106321,f9ee04be-d169-4616-b152-8356b8065607,CONTROL,5738507,106321.m4a
106322,f9ee04be-d169-4616-b152-8356b8065607,CONTROL,5742534,106322.m4a
106324,7b75a41d-6ff3-48a5-b540-264d45d2533c,PD,5738796,106324.m4a
106326,161ed364-2891-4ace-83f4-d7da815205ed,PD,5736856,106326.m4a
106328,161ed364-2891-4ace-83f4-d7da815205ed,PD,5747573,106328.m4a
106347,c2231ca3-f6b5-4cf1-90cf-31437cfe9ca5,CONTROL,5739642,106347.m4a
106349,ea66cb62-1e80-4a09-a98d-e589925c957c,PD,5735892,106349.m4a
106350,17556b18-e4f4-4c76-a832-f5d22577eb77,CONTROL,5746277,106350.m4a
106361,714105f7-e513-4cdd-bb3b-df32640a22a2,CONTROL,5733799,106361.m4a
106403,808bd714-1d45-4db7-8910-db3eed15a011,PD,5751738,106403.m4a
106413,38a948d4-8fa9-403b-ac8a-76128cc71236,CONTROL,5753355,106413.m4a
106418,fc1b0a15-721b-4df2-bb32-d0f21a6a3937,PD,5754208,106418.m4a
106423,4f055a5f-e130-4da8-b1d6-0a3d2879dd99,PD,5753707,106423.m4a
106448,913b66f5-0666-4ccc-bf95-c9f6e0d60066,PD,5764082,106448.m4a
106458,b2a760b7-bd2d-4918-a7b7-6fa385423e11,PD,5749944,106458.m4a
106466,f074b3b0-5821-4a2b-b090-8afbcf02fa91,CONTROL,5753816,106466.m4a
106467,f074b3b0-5821-4a2b-b090-8afbcf02fa91,CONTROL,5756317,106467.m4a
106475,d15e38dd-4b3e-47f4-be4e-f3396bd5827b,PD,5760149,106475.m4a
106483,0b6a6b98-5cd3-409e-a3b5-235e1bf9061f,CONTROL,5756077,106483.m4a
106494,dc037cec-4e6b-4f71-8bf7-cd7fc322edd2,PD,5751459,106494.m4a
106496,00dc061b-8151-44cc-8eae-4d10f11a5ab6,PD,5751353,106496.m4a
106499,8baf61c8-1ad8-44e0-86c0-f29c6d564cb5,PD,5755277,106499.m4a
106501,22a5aeef-47d9-41e0-a90a-45d807bbc02d,PD,5758215,106501.m4a
106505,22a5aeef-47d9-41e0-a90a-45d807bbc02d,PD,5757115,106505.m4a
106506,22a5aeef-47d9-41e0-a90a-45d807bbc02d,PD,5764212,106506.m4a
106517,1ddac747-dec2-446d-b1a4-f0070bbc743b,PD,5754358,106517.m4a
106544,b45c6456-396a-47bc-b178-918bb0261927,PD,5757170,106544.m4a
106547,262e0c5f-2f3e-49b5-8669-99a85146c179,PD,5752489,106547.m4a
106553,841b5b7b-d7f0-4489-b371-1edb59fbbfc8,PD,5751081,106553.m4a
106565,fd2ed83d-c25d-4494-b50e-13471481d998,PD,5759159,106565.m4a
106566,bb3c35cd-7aa9-4b67-9827-f8c4d9c7e90b,PD,5763661,106566.m4a
106567,bb3c35cd-7aa9-4b67-9827-f8c4d9c7e90b,PD,5757203,106567.m4a
106569,bb3c35cd-7aa9-4b67-9827-f8c4d9c7e90b,PD,5757950,106569.m4a
106578,e89d35b9-9000-4432-8307-c518320d92f0,PD,5757107,106578.m4a
106591,8a4790b3-3bf5-4273-b695-fe703347d399,PD,5753362,106591.m4a
106608,937682c3-93f8-4c5f-bf6d-2563389b9145,PD,5750224,106608.m4a
106618,e7045566-3b35-4466-9328-d98e6798d6c2,PD,5751212,106618.m4a
106619,e7045566-3b35-4466-9328-d98e6798d6c2,PD,5766280,106619.m4a
106625,3d859196-243f-45de-b3b1-a0379b49d958,PD,5749616,106625.m4a
106633,84be9560-e508-4a00-8a82-a51392ead141,CONTROL,5750355,106633.m4a
106641,dd2295d5-ce0b-43e6-9617-b3708bd14a33,PD,5763970,106641.m4a
106643,a8129ccb-2880-4445-9bb0-4ad1a61573ce,CONTROL,5755784,106643.m4a
106644,a8129ccb-2880-4445-9bb0-4ad1a61573ce,CONTROL,5766818,106644.m4a
106645,dd2295d5-ce0b-43e6-9617-b3708bd14a33,PD,5819260,106645.m4a
106666,804ab780-e74f-447e-abec-b7e640433ed3,CONTROL,5764508,106666.m4a
106676,b8a9d62f-cdec-4cee-9cfb-5572f8db2ff9,PD,5759081,106676.m4a
106677,7457113a-34bd-4324-935c-f66bd33f1e4b,PD,5764320,106677.m4a
106680,359ce696-30b2-4694-9904-17448ca6ad75,PD,5764079,106680.m4a
106683,341a3fde-86c0-464e-a442-d9fb294a53fc,PD,5761667,106683.m4a
106707,01afeb98-d6a9-4924-9085-aa7c1ca76538,CONTROL,5755023,106707.m4a
106708,01afeb98-d6a9-4924-9085-aa7c1ca76538,CONTROL,5750787,106708.m4a
106726,1846fbe3-a121-4a76-adce-92563ae2ea3f,PD,5759783,106726.m4a
106732,1ff805eb-4e96-4d64-b7a4-cc54aaddf2d6,PD,5755318,106732.m4a
106750,dfab57fb-3cf0-421e-8a21-b8aa3d76dfa4,CONTROL,5759951,106750.m4a
106780,6e7e8b67-1b8e-4bfb-a1f5-c0069c4980a8,PD,5756514,106780.m4a
106785,560b7d59-2678-4b0b-bd6a-d435c09edf2a,PD,5754306,106785.m4a
106787,17556b18-e4f4-4c76-a832-f5d22577eb77,CONTROL,5760896,106787.m4a
106788,ac7c3961-9268-42b7-aeb7-fc4c49c7a6bb,PD,5753500,106788.m4a
106810,53767e95-ccbd-4fcc-a058-ae961f9d3302,CONTROL,5756257,106810.m4a
106818,ead9f226-7d4f-4d73-b2dc-a166433326eb,PD,5761852,106818.m4a
106822,58abf105-ea6f-4c28-834f-7d563e7274b2,CONTROL,5758328,106822.m4a
106824,61e092b5-9628-42c4-b81f-ca866a7fcbab,CONTROL,5752873,106824.m4a
106826,61e092b5-9628-42c4-b81f-ca866a7fcbab,CONTROL,5765710,106826.m4a
106836,714105f7-e513-4cdd-bb3b-df32640a22a2,CONTROL,5765467,106836.m4a
106839,55ca2fac-0579-4287-8930-8757529b8203,CONTROL,5752336,106839.m4a
106842,2445d34b-4aa3-4ff0-82d7-a84ab15cef7c,CONTROL,5761910,106842.m4a
106844,2445d34b-4aa3-4ff0-82d7-a84ab15cef7c,CONTROL,5764627,106844.m4a
106859,1aeb1155-088a-4a96-9763-2b52d3b099ad,CONTROL,5782796,106859.m4a
106866,9a8e0d42-3eab-4e63-8b96-5fe5d59c49d3,PD,5772616,106866.m4a
106871,9a8e0d42-3eab-4e63-8b96-5fe5d59c49d3,PD,5774251,106871.m4a
106924,f165226a-61dc-4f78-9903-d42f08b24a7a,PD,5772505,106924.m4a
106929,acd91366-cd8c-4f1e-a314-2cd68f03299c,PD,5783045,106929.m4a
106937,f195a3f1-9cbb-4296-9233-388b194b527b,PD,5768295,106937.m4a
106948,bb3c35cd-7aa9-4b67-9827-f8c4d9c7e90b,PD,5777028,106948.m4a
106949,bb3c35cd-7aa9-4b67-9827-f8c4d9c7e90b,PD,5771267,106949.m4a
106954,bb3c35cd-7aa9-4b67-9827-f8c4d9c7e90b,PD,5770278,106954.m4a
106957,0fe6f42c-d3aa-4405-8adb-c4b798701dd5,PD,5769281,106957.m4a
106960,1aeb1155-088a-4a96-9763-2b52d3b099ad,CONTROL,5777879,106960.m4a
106978,23a173b4-c662-4bfc-917d-5c8b24bfd9c9,PD,5772634,106978.m4a
106979,d8e98b32-4946-4f83-8c9d-1e1ecfd7489d,CONTROL,5926606,106979.m4a
106981,d8e98b32-4946-4f83-8c9d-1e1ecfd7489d,CONTROL,5926467,106981.m4a
106982,4a61cb25-1f7d-48df-8b92-9cac13ebefd4,PD,5779728,106982.m4a
106989,c84ffcb8-5533-411d-b74c-1e03e6073d74,PD,5770299,106989.m4a
106998,eb0e8e58-7c7f-4f8d-8f24-4a62167b3d1f,CONTROL,5770855,106998.m4a
107001,387bd1c4-90df-48fa-8b8b-da2df2cfddde,PD,5776529,107001.m4a
107011,39f65aff-d4b1-4bbe-aa2f-f7e03fd5484b,CONTROL,5776252,107011.m4a
107016,39f65aff-d4b1-4bbe-aa2f-f7e03fd5484b,CONTROL,5782914,107016.m4a
107022,5138bcf8-3d6d-43db-8e83-9bc7198be930,CONTROL,5773691,107022.m4a
107024,5138bcf8-3d6d-43db-8e83-9bc7198be930,CONTROL,5776383,107024.m4a
107036,92134232-0ed9-4068-8833-d588d71de812,PD,5770146,107036.m4a
107042,dfab57fb-3cf0-421e-8a21-b8aa3d76dfa4,CONTROL,5773268,107042.m4a
107060,317afd78-4ce7-42bc-99e9-0011b3b3e5b2,PD,5771679,107060.m4a
107061,317afd78-4ce7-42bc-99e9-0011b3b3e5b2,PD,5768764,107061.m4a
107066,7c61ee6e-b433-446a-b140-f20299873c2c,PD,5768058,107066.m4a
107069,8a379b11-55dc-41bf-87b3-af8331f62587,PD,5773004,107069.m4a
107070,1d41112e-530e-4139-b2b8-37f1336e4ec2,CONTROL,5772354,107070.m4a
107071,8a379b11-55dc-41bf-87b3-af8331f62587,PD,5773830,107071.m4a
107072,8a379b11-55dc-41bf-87b3-af8331f62587,PD,5773305,107072.m4a
107074,1d41112e-530e-4139-b2b8-37f1336e4ec2,CONTROL,5783069,107074.m4a
107087,a07c589a-e016-4c98-970c-53dd52d696d2,PD,5771823,107087.m4a
107088,a1edb74b-c10d-4466-8a28-0ccea95a37e0,PD,5781428,107088.m4a
107090,aa9e90e2-e5cb-4e6b-8146-54c666f3ffdd,PD,5779055,107090.m4a
107105,269c5321-858c-4411-8b70-79fee695e814,PD,5777338,107105.m4a
107111,e0c58ab7-5ba1-4e60-a3b7-9c28a4e74f69,PD,5775215,107111.m4a
107113,359ce696-30b2-4694-9904-17448ca6ad75,PD,5770280,107113.m4a
107119,359ce696-30b2-4694-9904-17448ca6ad75,PD,5779354,107119.m4a
107120,359ce696-30b2-4694-9904-17448ca6ad75,PD,5778252,107120.m4a
107121,a350041c-5c94-4b31-a608-9e64547bbfed,CONTROL,5779244,107121.m4a
107135,8a4790b3-3bf5-4273-b695-fe703347d399,PD,5778856,107135.m4a
107139,43294479-32e0-4589-92ee-269b36a70e46,PD,5778145,107139.m4a
107144,1487de4b-b874-4ab3-8acc-e3416bb7c74e,PD,5780048,107144.m4a
107155,8ce923e3-a1c5-4f1e-be17-69b2cd9f0e50,PD,5779905,107155.m4a
107179,d87bd7e7-6c4b-4a94-9b30-6e1381c65dc7,PD,5781706,107179.m4a
107207,c74dc54c-1f15-4f0c-9a32-5c625d4cf6e2,PD,5770890,107207.m4a
107209,c84ffcb8-5533-411d-b74c-1e03e6073d74,PD,5777686,107209.m4a
107210,4a61cb25-1f7d-48df-8b92-9cac13ebefd4,PD,5772016,107210.m4a
107221,ab769b4b-4562-4f7f-96f2-509e2672c1e5,CONTROL,5779506,107221.m4a
107222,ab769b4b-4562-4f7f-96f2-509e2672c1e5,CONTROL,5776532,107222.m4a
107239,530bc9ed-d545-4252-9660-2ce2f916a9bd,PD,5772204,107239.m4a
107240,c73e02ff-e709-4949-b303-61a03b8b9fb1,CONTROL,5779416,107240.m4a
107241,530bc9ed-d545-4252-9660-2ce2f916a9bd,PD,5778792,107241.m4a
107250,523283b6-acc9-4375-ab7a-d7240cd690c3,PD,5781336,107250.m4a
107256,f5e9f04c-0252-4959-8350-57823a91c7f7,PD,5781852,107256.m4a
107258,821e5fcf-6960-4c50-b370-289e33a55069,CONTROL,5774501,107258.m4a
107268,4254ec6b-3a08-4baa-a909-e7737189bb06,PD,5770775,107268.m4a
107274,d45d88b2-c933-4422-ba68-20a78d862371,PD,5773246,107274.m4a
107285,4cc64c02-958b-4413-9063-fad2af577259,CONTROL,5773077,107285.m4a
107287,8de4b3aa-4126-4649-bc41-ea0384c21bc0,CONTROL,5791025,107287.m4a
107306,c61451a4-39ec-4ec7-a63f-dbe9e236ac22,PD,5854330,107306.m4a
107310,7609833f-879d-493e-bbd4-9b54e310d0e8,CONTROL,5773092,107310.m4a
107322,030d48aa-0bbc-423a-a10c-f9694da25f33,CONTROL,5881067,107322.m4a
107323,c959f434-9f57-4730-b4c1-804789db0a33,PD,5775988,107323.m4a
107333,8745e5f5-648b-4d46-bc7d-045fa6e2d628,PD,5771487,107333.m4a
107352,ea66cb62-1e80-4a09-a98d-e589925c957c,PD,5826743,107352.m4a
107356,7eeec16b-dad3-4463-b118-c0208ad2759d,CONTROL,5769533,107356.m4a
107368,300e5d1f-5a38-4e78-8f42-1d580b74569a,PD,5771408,107368.m4a
107375,9a8e0d42-3eab-4e63-8b96-5fe5d59c49d3,PD,5770623,107375.m4a
107384,adf866b9-cde0-4d64-a7c2-674f3857d311,PD,5769764,107384.m4a
107385,adf866b9-cde0-4d64-a7c2-674f3857d311,PD,5779590,107385.m4a
107386,adf866b9-cde0-4d64-a7c2-674f3857d311,PD,5780289,107386.m4a
107390,23087d08-1c63-480d-955a-03ce2a26db21,CONTROL,5776371,107390.m4a
107408,7c61ee6e-b433-446a-b140-f20299873c2c,PD,6089217,107408.m4a
107409,7c61ee6e-b433-446a-b140-f20299873c2c,PD,5785529,107409.m4a
107410,7c61ee6e-b433-446a-b140-f20299873c2c,PD,5785177,107410.m4a
107415,c84db6e4-4691-421e-a654-a6ebc51fdbbb,PD,5785791,107415.m4a
107429,53cab9a2-a0c3-4188-90d3-97736d73e471,CONTROL,5793223,107429.m4a
107430,53cab9a2-a0c3-4188-90d3-97736d73e471,CONTROL,6959253,107430.m4a
107432,0ff78cd3-71c0-4586-a34c-d7b05e101de5,PD,6095019,107432.m4a
107433,0ff78cd3-71c0-4586-a34c-d7b05e101de5,PD,5787698,107433.m4a
107451,f5e9f04c-0252-4959-8350-57823a91c7f7,PD,6090034,107451.m4a
107454,f5e9f04c-0252-4959-8350-57823a91c7f7,PD,5792422,107454.m4a
107469,2947bc95-102e-4255-8d70-53a0d10f9b9f,PD,6088910,107469.m4a
107482,acd91366-cd8c-4f1e-a314-2cd68f03299c,PD,6089552,107482.m4a
107484,c17abeb7-bfdb-4ddd-859e-2d336f96c7ca,PD,6958705,107484.m4a
107493,808bd714-1d45-4db7-8910-db3eed15a011,PD,5792559,107493.m4a
107500,9c918cec-ba0b-4596-926d-84750d4c965d,CONTROL,5792076,107500.m4a
107501,d0072c83-8e2c-4131-9cc8-a38d0af0b7f3,PD,5793047,107501.m4a
107507,8745e5f5-648b-4d46-bc7d-045fa6e2d628,PD,5794625,107507.m4a
107511,22c07a06-d6cf-456e-817e-32093cefcbc7,PD,5789976,107511.m4a
107519,b2a760b7-bd2d-4918-a7b7-6fa385423e11,PD,5794404,107519.m4a
107521,93479e6b-3181-454d-9144-b1b844390c82,PD,5790057,107521.m4a
107527,a07c589a-e016-4c98-970c-53dd52d696d2,PD,6087470,107527.m4a
107541,aa9e90e2-e5cb-4e6b-8146-54c666f3ffdd,PD,6093069,107541.m4a
107560,d16452a8-b678-487b-a42f-0e8bea8a8479,PD,6094093,107560.m4a
107562,fd929fac-694a-4920-a833-58ddb2b12bbe,PD,5784571,107562.m4a
107573,621480df-5cbe-450a-84eb-c0814d509883,PD,6089126,107573.m4a
107574,621480df-5cbe-450a-84eb-c0814d509883,PD,6083931,107574.m4a
107575,621480df-5cbe-450a-84eb-c0814d509883,PD,5784812,107575.m4a
107586,23a173b4-c662-4bfc-917d-5c8b24bfd9c9,PD,5787636,107586.m4a
107587,23a173b4-c662-4bfc-917d-5c8b24bfd9c9,PD,5787476,107587.m4a
107593,eea2bc0d-e013-4def-b184-8f153023c890,PD,6093797,107593.m4a
107598,23a173b4-c662-4bfc-917d-5c8b24bfd9c9,PD,5787051,107598.m4a
107602,6d3921e1-458a-4b97-98c9-bfdd9e78d011,PD,5787050,107602.m4a
107603,6d3921e1-458a-4b97-98c9-bfdd9e78d011,PD,6084518,107603.m4a
107608,5ce69643-aeec-44e5-a5cc-4c06d36f5979,PD,5789870,107608.m4a
107610,9c918cec-ba0b-4596-926d-84750d4c965d,CONTROL,5787996,107610.m4a
107617,3c607d8d-6678-41fd-b3af-25d15e02c3f8,PD,5785406,107617.m4a
107620,4d394840-210d-42c7-b8d3-cef242f1ee4c,PD,6085579,107620.m4a
107621,3c607d8d-6678-41fd-b3af-25d15e02c3f8,PD,6084193,107621.m4a
107622,3c607d8d-6678-41fd-b3af-25d15e02c3f8,PD,5791644,107622.m4a
107626,8a4790b3-3bf5-4273-b695-fe703347d399,PD,5791002,107626.m4a
107627,22a5aeef-47d9-41e0-a90a-45d807bbc02d,PD,5792375,107627.m4a
107629,269c5321-858c-4411-8b70-79fee695e814,PD,6959333,107629.m4a
107642,72a68a80-a22b-4eff-b835-5b7bbec6c85c,PD,5792267,107642.m4a
107649,6c1344a5-ade0-4e83-bb16-431f0b5490e2,CONTROL,6958776,107649.m4a
107651,ca1061c9-4bd4-4af7-9ba7-bbbc93fe9e68,PD,5789831,107651.m4a
107654,b8facca1-8227-48f2-baee-050143d1f13d,PD,5788578,107654.m4a
107665,711200dc-c6d6-42bf-804a-a96667b6e46b,PD,5785668,107665.m4a
107667,a1edb74b-c10d-4466-8a28-0ccea95a37e0,PD,5792176,107667.m4a
107670,55865cb3-bc01-49f5-8538-916001e5b2b9,PD,5785370,107670.m4a
107671,55865cb3-bc01-49f5-8538-916001e5b2b9,PD,6086195,107671.m4a
107672,55865cb3-bc01-49f5-8538-916001e5b2b9,PD,5786718,107672.m4a
107690,898f8dc7-7ef9-4cc8-b1b9-425f6f01303d,CONTROL,5786467,107690.m4a
107698,6e839433-f676-430e-999a-3684ccdff525,PD,6087857,107698.m4a
107705,bf2f05a4-3757-4b58-b8b5-9098385597f0,PD,5790359,107705.m4a
107710,52eabdc8-4dd6-4ea5-baad-3822ea01f803,PD,5785025,107710.m4a
107714,e0c58ab7-5ba1-4e60-a3b7-9c28a4e74f69,PD,5790257,107714.m4a
107726,483e75b7-596d-455a-855e-4103bb341c85,PD,6087663,107726.m4a
107734,aeaddf6d-0d86-4b41-afbd-78e65fa31635,PD,5788401,107734.m4a
107759,f87dbecf-5af7-4645-b2f0-fd0a2707f0f9,CONTROL,5786666,107759.m4a
107775,eea2bc0d-e013-4def-b184-8f153023c890,PD,5790250,107775.m4a
107796,1487de4b-b874-4ab3-8acc-e3416bb7c74e,PD,5788872,107796.m4a
107812,e697c56e-1b27-4d60-a346-8d8407c1601c,PD,5786622,107812.m4a
107814,69f9f67c-a8c5-46d9-87d2-afbd4e6e5563,CONTROL,6958619,107814.m4a
107818,69f9f67c-a8c5-46d9-87d2-afbd4e6e5563,CONTROL,5792149,107818.m4a
107820,3482fd4a-f753-436f-a72a-11b39f1755ab,CONTROL,5785672,107820.m4a
107823,bab29b7e-9b17-420c-b17b-f9f957eaf374,PD,6095493,107823.m4a
107831,fb58250b-6944-489f-afe7-a11a9dbe1048,CONTROL,5788254,107831.m4a
107838,f53eb68e-1c17-424f-a486-ddda29e8827d,PD,5789904,107838.m4a
107853,f53eb68e-1c17-424f-a486-ddda29e8827d,PD,6088683,107853.m4a
107863,aae2ab26-754f-49fa-bcf0-bd403bc9d548,PD,5787273,107863.m4a
107871,3f86de53-51a2-49ad-98f0-8f424ae61ac6,CONTROL,5784695,107871.m4a
107872,3f86de53-51a2-49ad-98f0-8f424ae61ac6,CONTROL,5788654,107872.m4a
107883,06e05e26-9d10-4fee-9d2b-a6993371849e,CONTROL,5790523,107883.m4a
107888,78994c93-fc37-4755-b05e-52b562cb3748,CONTROL,5790389,107888.m4a
107891,b9950d56-f8df-4a4a-9396-091f23c9971c,PD,6082960,107891.m4a
107892,c84ffcb8-5533-411d-b74c-1e03e6073d74,PD,5790806,107892.m4a
107893,0a6a1fcc-77e8-41d6-9cd9-5bd86ff505da,CONTROL,5792428,107893.m4a
107894,c84ffcb8-5533-411d-b74c-1e03e6073d74,PD,5784997,107894.m4a
107895,c84ffcb8-5533-411d-b74c-1e03e6073d74,PD,5788601,107895.m4a
107897,99d9e436-1177-497c-9dcb-7f2b82fb2bfb,PD,5790264,107897.m4a
107903,23087d08-1c63-480d-955a-03ce2a26db21,CONTROL,6089150,107903.m4a
107935,c84db6e4-4691-421e-a654-a6ebc51fdbbb,PD,5812552,107935.m4a
107938,da11c7dd-6c82-4fd3-8dcf-6906b52e4ae3,PD,5811465,107938.m4a
107939,da11c7dd-6c82-4fd3-8dcf-6906b52e4ae3,PD,5812165,107939.m4a
107940,da11c7dd-6c82-4fd3-8dcf-6906b52e4ae3,PD,5802753,107940.m4a
107957,ce5c8357-dcc8-475d-a52b-1d048224fcfa,PD,5804629,107957.m4a
107958,ce5c8357-dcc8-475d-a52b-1d048224fcfa,PD,5803975,107958.m4a
107965,f24c4262-927e-4c2d-98ec-b3dddf4d7082,CONTROL,5796998,107965.m4a
107966,f24c4262-927e-4c2d-98ec-b3dddf4d7082,CONTROL,5798969,107966.m4a
107976,c6d662c2-5af8-4781-bb68-d99162d9d1fa,PD,5801237,107976.m4a
107977,6390367f-0035-4cf2-b22f-2ffb74b475d2,PD,5811926,107977.m4a
107983,921384fa-b421-4344-b17e-8754c2b70f89,PD,5806138,107983.m4a
107984,921384fa-b421-4344-b17e-8754c2b70f89,PD,5796002,107984.m4a
107989,4a886575-e31a-4908-83c8-1e921c81c80a,CONTROL,5797928,107989.m4a
107993,32e23bb4-c2ca-489e-a580-d432d05e015e,PD,5807532,107993.m4a
107999,15f3fcdc-93e4-402f-8526-72e06ace8419,PD,5805929,107999.m4a
108001,9c5649b8-248d-4a6d-8c25-b0b7cf965324,PD,5805520,108001.m4a
108009,621480df-5cbe-450a-84eb-c0814d509883,PD,5803457,108009.m4a
108010,621480df-5cbe-450a-84eb-c0814d509883,PD,5811985,108010.m4a
108011,621480df-5cbe-450a-84eb-c0814d509883,PD,5812499,108011.m4a
108051,47077bce-7a89-4461-a26f-4aa0677aaed4,PD,5811084,108051.m4a
108052,4a594906-4d78-4c65-a259-d93122f549d6,PD,5798554,108052.m4a
108053,5855abea-960d-4476-aa18-1b66fc381709,PD,5799236,108053.m4a
108056,fdc36058-a501-44a4-9844-28844be338f5,PD,5799900,108056.m4a
108059,0309d5a8-79cd-460a-9a87-6902460ab71d,PD,5807663,108059.m4a
108060,fdc36058-a501-44a4-9844-28844be338f5,PD,5812314,108060.m4a
108066,b5122669-a93b-4c9e-90b9-cc32b4818faa,CONTROL,5797446,108066.m4a
108067,7409fa83-dd54-4a62-9a54-1b74835cc744,CONTROL,5800650,108067.m4a
108068,bda58cbf-a773-487d-bbc4-2fe367e0fcc2,PD,5800729,108068.m4a
108069,0309d5a8-79cd-460a-9a87-6902460ab71d,PD,5806734,108069.m4a
108070,eea2bc0d-e013-4def-b184-8f153023c890,PD,5810461,108070.m4a
108087,fbd468eb-3615-4ae2-9dcc-daf41aa68a07,PD,5809039,108087.m4a
108088,6b104542-0b0a-4421-a490-568f66c7ebc4,PD,5797405,108088.m4a
108093,5d4dafaf-7161-43d7-b7da-59dfd905c51e,PD,5811166,108093.m4a
108111,d41844ca-2d15-45e9-a161-c6bf17ed0d27,PD,5810660,108111.m4a
108113,3d859196-243f-45de-b3b1-a0379b49d958,PD,5809647,108113.m4a
108123,18cb9174-0902-4f1f-b1cf-fed21739cd7f,PD,5801159,108123.m4a
108128,fb58df40-face-4aef-98eb-ca727dab3464,PD,5811322,108128.m4a
108143,6740732a-9a35-457b-bdd8-12faf4d99d11,CONTROL,5812399,108143.m4a
108145,6740732a-9a35-457b-bdd8-12faf4d99d11,CONTROL,5811726,108145.m4a
108151,54e7560b-8dde-4dfe-b8ae-06f82a5555e2,PD,5812007,108151.m4a
108154,b2a760b7-bd2d-4918-a7b7-6fa385423e11,PD,5808922,108154.m4a
108176,bab29b7e-9b17-420c-b17b-f9f957eaf374,PD,5799013,108176.m4a
108185,c9781d9d-86db-4e89-a034-8fc30954bf39,CONTROL,5803286,108185.m4a
108186,c9781d9d-86db-4e89-a034-8fc30954bf39,CONTROL,5799740,108186.m4a
108211,bc53f23e-bf00-402d-93ed-3030cc15b582,PD,5808946,108211.m4a
108213,bc53f23e-bf00-402d-93ed-3030cc15b582,PD,5809937,108213.m4a
108233,54e7560b-8dde-4dfe-b8ae-06f82a5555e2,PD,5807310,108233.m4a
108234,d41844ca-2d15-45e9-a161-c6bf17ed0d27,PD,5811577,108234.m4a
108235,d800bd93-6cf0-419e-81c9-494d1ac63243,PD,5807707,108235.m4a
108237,d41844ca-2d15-45e9-a161-c6bf17ed0d27,PD,5811285,108237.m4a
108239,f5e9f04c-0252-4959-8350-57823a91c7f7,PD,5804404,108239.m4a
108243,d41844ca-2d15-45e9-a161-c6bf17ed0d27,PD,5802350,108243.m4a
108247,4fac524a-4cd2-442c-bd85-3d8e63f03e5a,PD,5811809,108247.m4a
108248,4fac524a-4cd2-442c-bd85-3d8e63f03e5a,PD,5797830,108248.m4a
108251,ce5c8357-dcc8-475d-a52b-1d048224fcfa,PD,5805160,108251.m4a
108258,ce0c39d2-3c5e-4484-bf0a-0ab02e3ec28f,CONTROL,5810608,108258.m4a
108260,d76a9c97-f3e3-4da6-aa2b-e04b01878f10,PD,5800905,108260.m4a
108261,ce0c39d2-3c5e-4484-bf0a-0ab02e3ec28f,CONTROL,5812579,108261.m4a
108269,1dc92ac2-4e66-46ab-81c8-82621b34d282,CONTROL,5805969,108269.m4a
108270,62e267ca-1a34-4ec8-bc0c-51a2a5f22175,PD,5809061,108270.m4a
108272,a494b5bf-150c-4e99-8165-8b9552c43ed9,CONTROL,5803861,108272.m4a
108273,674c5360-e78b-478a-896a-0ac774005514,PD,5808291,108273.m4a
108276,2caecbdd-63b0-46ec-9ace-2eb76edce5fc,CONTROL,5797841,108276.m4a
108324,eea2bc0d-e013-4def-b184-8f153023c890,PD,5802881,108324.m4a
108327,c108b15c-3da6-4fca-8861-200795111980,PD,5796103,108327.m4a
108329,c108b15c-3da6-4fca-8861-200795111980,PD,5795909,108329.m4a
108339,961a4ac3-d753-474a-957a-f9137527effa,PD,5811023,108339.m4a
108346,54e7560b-8dde-4dfe-b8ae-06f82a5555e2,PD,5805474,108346.m4a
108348,2698a8ca-5882-40f9-a52f-b6c5cd2dbf54,CONTROL,5803308,108348.m4a
108349,2698a8ca-5882-40f9-a52f-b6c5cd2dbf54,CONTROL,5806179,108349.m4a
108351,4a61cb25-1f7d-48df-8b92-9cac13ebefd4,PD,5798289,108351.m4a
108356,808bd714-1d45-4db7-8910-db3eed15a011,PD,5851880,108356.m4a
108358,808bd714-1d45-4db7-8910-db3eed15a011,PD,5831972,108358.m4a
108365,c17abeb7-bfdb-4ddd-859e-2d336f96c7ca,PD,5803351,108365.m4a
108368,f53eb68e-1c17-424f-a486-ddda29e8827d,PD,5800053,108368.m4a
108369,f53eb68e-1c17-424f-a486-ddda29e8827d,PD,5807667,108369.m4a
108371,f53eb68e-1c17-424f-a486-ddda29e8827d,PD,5811034,108371.m4a
108423,c8a43c80-f726-4658-ad4d-b33c095a0765,CONTROL,5805407,108423.m4a
108432,54a4aacf-cc21-4abf-a968-c7510cf9ce9b,PD,5804998,108432.m4a
108439,701a99d3-99e7-49f7-807a-e041de08281f,CONTROL,5802953,108439.m4a
108443,2b61eecc-ec1a-4c1c-88e0-67eab8ef6200,PD,5819408,108443.m4a
108444,10833207-29da-4e20-82a2-8edffa4ce588,PD,5809299,108444.m4a
108448,10833207-29da-4e20-82a2-8edffa4ce588,PD,5807618,108448.m4a
108450,10833207-29da-4e20-82a2-8edffa4ce588,PD,5800355,108450.m4a
108456,3f68da18-e3d6-426b-801f-9d8ccd46e6cb,PD,5797370,108456.m4a
108472,8ab14817-d7df-4452-af87-23795ee85434,PD,5797191,108472.m4a
108485,d7133eee-56c1-44c1-9b20-ddddf06c931b,CONTROL,5813151,108485.m4a
108502,41efa272-5b2a-43aa-a99a-b5e469392c59,CONTROL,5823184,108502.m4a
108504,41efa272-5b2a-43aa-a99a-b5e469392c59,CONTROL,5824426,108504.m4a
108516,9feb2176-5d59-49c7-a895-c14c8e0be17e,PD,5821086,108516.m4a
108521,99d9e436-1177-497c-9dcb-7f2b82fb2bfb,PD,5824199,108521.m4a
108532,54a4aacf-cc21-4abf-a968-c7510cf9ce9b,PD,5826622,108532.m4a
108534,54a4aacf-cc21-4abf-a968-c7510cf9ce9b,PD,5823534,108534.m4a
108544,921384fa-b421-4344-b17e-8754c2b70f89,PD,5818866,108544.m4a
108546,6390367f-0035-4cf2-b22f-2ffb74b475d2,PD,5815189,108546.m4a
108547,6390367f-0035-4cf2-b22f-2ffb74b475d2,PD,5826334,108547.m4a
108549,334be7a8-26b2-402c-969b-35835693c80c,PD,5827381,108549.m4a
108554,1143d21a-6e42-457e-9726-959baffaff17,PD,5824259,108554.m4a
108562,173ebf8e-361e-4421-91c2-c9e3c8d5c827,CONTROL,5816645,108562.m4a
108565,3885e79f-f0bc-4931-a3ca-ec4840a24768,CONTROL,5826577,108565.m4a
108566,3885e79f-f0bc-4931-a3ca-ec4840a24768,CONTROL,5825966,108566.m4a
108567,ce5cb455-f71f-4727-94d5-13f860bf4ce0,PD,5826252,108567.m4a
108569,e29cc1d8-424d-4aeb-ae48-bea5d7d0d241,PD,5816706,108569.m4a
108603,1846fbe3-a121-4a76-adce-92563ae2ea3f,PD,5820859,108603.m4a
108606,51faeedb-bc76-4fe8-9d6e-5bf43b484a94,PD,5816622,108606.m4a
108617,54e7560b-8dde-4dfe-b8ae-06f82a5555e2,PD,5823206,108617.m4a
108620,73d67610-d66b-4a4b-b606-d98a8ada5f03,PD,5819440,108620.m4a
108627,23c1a565-1761-4fe4-90a6-dcc9b9a4ee47,PD,5824469,108627.m4a
108633,69649863-759c-46cf-99ed-604c94a8594c,CONTROL,5821169,108633.m4a
108638,2b8bea70-77e1-473d-9836-d19d034ae3b2,CONTROL,5827293,108638.m4a
108639,2b8bea70-77e1-473d-9836-d19d034ae3b2,CONTROL,5823969,108639.m4a
108642,69649863-759c-46cf-99ed-604c94a8594c,CONTROL,5819759,108642.m4a
108667,d41844ca-2d15-45e9-a161-c6bf17ed0d27,PD,5824224,108667.m4a
108668,d41844ca-2d15-45e9-a161-c6bf17ed0d27,PD,5826477,108668.m4a
108673,d41844ca-2d15-45e9-a161-c6bf17ed0d27,PD,5820001,108673.m4a
108676,bce9fbbb-5634-4924-9eed-4312ca868857,PD,5820867,108676.m4a
108677,bce9fbbb-5634-4924-9eed-4312ca868857,PD,5821962,108677.m4a
108679,bce9fbbb-5634-4924-9eed-4312ca868857,PD,5817123,108679.m4a
108683,4fac524a-4cd2-442c-bd85-3d8e63f03e5a,PD,5817183,108683.m4a
108684,4fac524a-4cd2-442c-bd85-3d8e63f03e5a,PD,5817839,108684.m4a
108695,d6df0d18-4c25-49ee-aa62-2d03dd2a5b02,CONTROL,5828163,108695.m4a
108702,54e7560b-8dde-4dfe-b8ae-06f82a5555e2,PD,5820428,108702.m4a
108712,d81ab8b8-fbcc-428f-ba38-a185fa8365ec,PD,5821626,108712.m4a
108714,4a61cb25-1f7d-48df-8b92-9cac13ebefd4,PD,5822232,108714.m4a
108722,68ad3d0b-f67a-4418-a389-e049ce71125a,PD,5820453,108722.m4a
108723,68ad3d0b-f67a-4418-a389-e049ce71125a,PD,5823545,108723.m4a
108724,68ad3d0b-f67a-4418-a389-e049ce71125a,PD,5825678,108724.m4a
108727,ec5dd8db-c41e-4879-8bfb-c26eacc64f42,PD,5818437,108727.m4a
108735,fd929fac-694a-4920-a833-58ddb2b12bbe,PD,5814893,108735.m4a
108746,284ec98c-a194-4265-8525-75e4297deaea,PD,5820616,108746.m4a
108747,10833207-29da-4e20-82a2-8edffa4ce588,PD,5820100,108747.m4a
108778,75088bad-12e0-438b-a224-2c53d70c4b0b,CONTROL,5822866,108778.m4a
108779,6c130d05-41af-49e9-9212-aaae738d3ec1,PD,5824000,108779.m4a
108784,eea2bc0d-e013-4def-b184-8f153023c890,PD,5827072,108784.m4a
108816,043547f4-f60a-47f9-a8ab-d80e79a18734,CONTROL,5824214,108816.m4a
108824,c9a66090-3114-4a0a-9bc1-4ade9c5f0c22,PD,5816608,108824.m4a
108830,1101193b-5a33-4a57-ab0e-73ca5d5e8e0c,CONTROL,5823522,108830.m4a
108836,ce5c8357-dcc8-475d-a52b-1d048224fcfa,PD,5824577,108836.m4a
108842,10632ed3-5f75-4132-9810-33e6180628dc,PD,5821548,108842.m4a
108843,10632ed3-5f75-4132-9810-33e6180628dc,PD,5816762,108843.m4a
108848,1a033954-954f-4459-b3a4-33ff26192e05,PD,5827008,108848.m4a
108863,c108b15c-3da6-4fca-8861-200795111980,PD,5824569,108863.m4a
108865,c108b15c-3da6-4fca-8861-200795111980,PD,5824242,108865.m4a
108869,3495ed87-6850-4b7b-b626-63fe7eea0e28,PD,5819493,108869.m4a
108871,7dc52ba5-9ce9-42c6-bf4b-c7ce52d1b266,PD,5816456,108871.m4a
108892,4640350c-ea72-41e7-972b-adf272b8f49d,CONTROL,5827287,108892.m4a
108893,4640350c-ea72-41e7-972b-adf272b8f49d,CONTROL,5821552,108893.m4a
108896,1143d21a-6e42-457e-9726-959baffaff17,PD,5819169,108896.m4a
108899,4d58a217-142b-4829-9b31-c75669e6b636,PD,5817129,108899.m4a
108915,0a4662b0-9ee3-4029-af85-7e342cb87810,PD,5818950,108915.m4a
108920,284ec98c-a194-4265-8525-75e4297deaea,PD,5827110,108920.m4a
108921,5216c72c-33d5-4e01-b050-791cac56d61d,PD,5824161,108921.m4a
108923,7bfa7f2b-6cd6-4f9b-b0f2-cdbcd2a5ef6e,PD,5815673,108923.m4a
108925,0160664a-f4af-4071-a4aa-2967f3ea0503,PD,5824474,108925.m4a
108926,5216c72c-33d5-4e01-b050-791cac56d61d,PD,5823405,108926.m4a
108927,0160664a-f4af-4071-a4aa-2967f3ea0503,PD,5818006,108927.m4a
108930,2b61eecc-ec1a-4c1c-88e0-67eab8ef6200,PD,5815893,108930.m4a
108946,adf866b9-cde0-4d64-a7c2-674f3857d311,PD,5817776,108946.m4a
108948,adf866b9-cde0-4d64-a7c2-674f3857d311,PD,5827645,108948.m4a
108950,adf866b9-cde0-4d64-a7c2-674f3857d311,PD,5817622,108950.m4a
108964,9af869f8-7cda-4f0b-83ea-b77b9c12838a,PD,5819352,108964.m4a
108965,dfc1f329-9018-4d50-a6cf-b50987928f71,CONTROL,5827845,108965.m4a
108972,133ea6ff-40f4-4476-907e-f0d4170266ce,PD,5823626,108972.m4a
108983,877f8fcf-4491-42f0-883b-f2e4e0a32854,PD,5838034,108983.m4a
108984,99d9e436-1177-497c-9dcb-7f2b82fb2bfb,PD,5842943,108984.m4a
108985,bda58cbf-a773-487d-bbc4-2fe367e0fcc2,PD,5831996,108985.m4a
108990,c84db6e4-4691-421e-a654-a6ebc51fdbbb,PD,5835955,108990.m4a
108992,1143d21a-6e42-457e-9726-959baffaff17,PD,5842888,108992.m4a
109009,bd54de4e-3a09-42ef-ab00-01742a9ac62c,CONTROL,5830062,109009.m4a
109010,bd54de4e-3a09-42ef-ab00-01742a9ac62c,CONTROL,5845761,109010.m4a
109023,6390367f-0035-4cf2-b22f-2ffb74b475d2,PD,5839593,109023.m4a
109024,6390367f-0035-4cf2-b22f-2ffb74b475d2,PD,5833504,109024.m4a
109034,dbfdaf53-55b4-4347-8a35-988f05a7965d,PD,5834266,109034.m4a
109044,f165226a-61dc-4f78-9903-d42f08b24a7a,PD,5845260,109044.m4a
109056,f5e9f04c-0252-4959-8350-57823a91c7f7,PD,5829736,109056.m4a
109057,a1edb74b-c10d-4466-8a28-0ccea95a37e0,PD,5845762,109057.m4a
109063,e5bb566a-9f26-496f-89be-f940162a536c,PD,5837127,109063.m4a
109066,6b104542-0b0a-4421-a490-568f66c7ebc4,PD,5831688,109066.m4a
109068,6899ba07-f868-49db-9651-3504b6d754d6,PD,5833901,109068.m4a
109078,bf2f05a4-3757-4b58-b8b5-9098385597f0,PD,5834863,109078.m4a
109087,edfab0c7-6bd1-424e-b459-6417c5a726fe,PD,5835107,109087.m4a
109093,dfe2079e-d916-4fd7-a76f-b2c1d51607df,PD,5839389,109093.m4a
109113,3070acf0-23ab-40c5-8afc-ba869e122c00,PD,5849363,109113.m4a
109116,15f3fcdc-93e4-402f-8526-72e06ace8419,PD,5835351,109116.m4a
109119,e5bb566a-9f26-496f-89be-f940162a536c,PD,5831572,109119.m4a
109133,bce9fbbb-5634-4924-9eed-4312ca868857,PD,5840172,109133.m4a
109135,bce9fbbb-5634-4924-9eed-4312ca868857,PD,5830633,109135.m4a
109150,8a379b11-55dc-41bf-87b3-af8331f62587,PD,5835460,109150.m4a
109151,8a379b11-55dc-41bf-87b3-af8331f62587,PD,5840113,109151.m4a
109152,8a379b11-55dc-41bf-87b3-af8331f62587,PD,5830163,109152.m4a
109163,599dcd42-5b54-4dbb-bb51-204739ebd5c8,CONTROL,5836529,109163.m4a
109174,5f2ddd28-2506-43fb-8863-d9b521cb163e,PD,5836981,109174.m4a
109177,808bd714-1d45-4db7-8910-db3eed15a011,PD,5860195,109177.m4a
109178,acd91366-cd8c-4f1e-a314-2cd68f03299c,PD,5840965,109178.m4a
109188,711200dc-c6d6-42bf-804a-a96667b6e46b,PD,5838819,109188.m4a
109197,e8b3b9a4-a48e-4212-aad8-0ee8d9a4f911,PD,5836048,109197.m4a
109198,8d96385c-ce21-457a-959e-9683445b2cdb,PD,5843781,109198.m4a
109199,8d96385c-ce21-457a-959e-9683445b2cdb,PD,5830671,109199.m4a
109200,8d96385c-ce21-457a-959e-9683445b2cdb,PD,5669854,109200.m4a
109213,58469105-280d-4a10-b315-03d4cf661b9b,CONTROL,5832124,109213.m4a
109216,a494b5bf-150c-4e99-8165-8b9552c43ed9,CONTROL,5845321,109216.m4a
109223,8037e716-0539-4948-aafc-53e1e8c24cdc,CONTROL,5840347,109223.m4a
109230,1143d21a-6e42-457e-9726-959baffaff17,PD,5835541,109230.m4a
109238,284ec98c-a194-4265-8525-75e4297deaea,PD,5836811,109238.m4a
109241,54e7560b-8dde-4dfe-b8ae-06f82a5555e2,PD,5833835,109241.m4a
109261,edc7ac07-0c33-4954-9d2d-6862c52398ec,PD,5834754,109261.m4a
109262,edc7ac07-0c33-4954-9d2d-6862c52398ec,PD,5831616,109262.m4a
109263,edc7ac07-0c33-4954-9d2d-6862c52398ec,PD,5845873,109263.m4a
109277,eea2bc0d-e013-4def-b184-8f153023c890,PD,5843312,109277.m4a
109278,f5e9f04c-0252-4959-8350-57823a91c7f7,PD,5834852,109278.m4a
109283,6e839433-f676-430e-999a-3684ccdff525,PD,5835835,109283.m4a
109301,5553e5a1-32bf-40df-a387-7da8600f82f4,PD,5835262,109301.m4a
109302,5553e5a1-32bf-40df-a387-7da8600f82f4,PD,5832353,109302.m4a
109306,b1f4d4d6-5247-48c4-9990-28a13d34fc19,PD,5840721,109306.m4a
109346,ce5c8357-dcc8-475d-a52b-1d048224fcfa,PD,5830435,109346.m4a
109371,284ec98c-a194-4265-8525-75e4297deaea,PD,5833153,109371.m4a
109375,5216c72c-33d5-4e01-b050-791cac56d61d,PD,5832384,109375.m4a
109379,5216c72c-33d5-4e01-b050-791cac56d61d,PD,5830350,109379.m4a
109402,f53eb68e-1c17-424f-a486-ddda29e8827d,PD,5833779,109402.m4a
109403,f53eb68e-1c17-424f-a486-ddda29e8827d,PD,5844484,109403.m4a
109416,2b61eecc-ec1a-4c1c-88e0-67eab8ef6200,PD,5829537,109416.m4a
109417,22fa2c34-0913-44ff-93ac-2a14da3a9c77,PD,5846304,109417.m4a
109419,22fa2c34-0913-44ff-93ac-2a14da3a9c77,PD,5833853,109419.m4a
109434,5216c72c-33d5-4e01-b050-791cac56d61d,PD,5829508,109434.m4a
109437,9feb2176-5d59-49c7-a895-c14c8e0be17e,PD,5842428,109437.m4a
109446,588bce40-e483-431d-8068-2ff4d6fcfd17,PD,5839157,109446.m4a
109447,15f3fcdc-93e4-402f-8526-72e06ace8419,PD,5832084,109447.m4a
109448,4a594906-4d78-4c65-a259-d93122f549d6,PD,5841050,109448.m4a
109457,ea66cb62-1e80-4a09-a98d-e589925c957c,PD,5833999,109457.m4a
109478,672ccbff-403d-4453-a4e5-10fa429a22b6,PD,5860476,109478.m4a
109498,334be7a8-26b2-402c-969b-35835693c80c,PD,5851342,109498.m4a
109518,10833207-29da-4e20-82a2-8edffa4ce588,PD,5857803,109518.m4a
109519,10833207-29da-4e20-82a2-8edffa4ce588,PD,5863725,109519.m4a
109520,10833207-29da-4e20-82a2-8edffa4ce588,PD,5858307,109520.m4a
109521,cb3fafc6-b4d3-479b-8a2d-f5f037b96420,PD,5861054,109521.m4a
109523,68ad3d0b-f67a-4418-a389-e049ce71125a,PD,5854254,109523.m4a
109524,68ad3d0b-f67a-4418-a389-e049ce71125a,PD,5847853,109524.m4a
109526,68ad3d0b-f67a-4418-a389-e049ce71125a,PD,5856340,109526.m4a
109530,32e23bb4-c2ca-489e-a580-d432d05e015e,PD,5858673,109530.m4a
109534,6244be74-6f9b-4b01-9558-b169192bae63,PD,5851185,109534.m4a
109586,b5d300e5-4397-4f24-ab97-6ae76a3c956b,PD,5851362,109586.m4a
109597,47077bce-7a89-4461-a26f-4aa0677aaed4,PD,5862498,109597.m4a
109611,e89d35b9-9000-4432-8307-c518320d92f0,PD,5857876,109611.m4a
109617,599dcd42-5b54-4dbb-bb51-204739ebd5c8,CONTROL,5861146,109617.m4a
109623,588bce40-e483-431d-8068-2ff4d6fcfd17,PD,5848491,109623.m4a
109641,a07c589a-e016-4c98-970c-53dd52d696d2,PD,5854033,109641.m4a
109646,61858ea1-2479-4144-bb3b-ef8415e60ab1,PD,5857248,109646.m4a
109655,c108b15c-3da6-4fca-8861-200795111980,PD,5854015,109655.m4a
109656,c108b15c-3da6-4fca-8861-200795111980,PD,5853941,109656.m4a
109657,c108b15c-3da6-4fca-8861-200795111980,PD,5858752,109657.m4a
109658,8d96385c-ce21-457a-959e-9683445b2cdb,PD,5674266,109658.m4a
109665,e8b3b9a4-a48e-4212-aad8-0ee8d9a4f911,PD,5857405,109665.m4a
109666,3b20c871-e212-4781-a30c-a0b31923fda2,PD,5858529,109666.m4a
109672,341cd0ba-cf94-4c8b-9f59-d7ddf0272b02,PD,5858553,109672.m4a
109678,031b95fc-ea97-4ea1-9a8b-9d7c3b4f4c97,PD,5857537,109678.m4a
109692,5d142eab-e4ff-4268-84ed-01405b52db05,CONTROL,5857314,109692.m4a
109718,284ec98c-a194-4265-8525-75e4297deaea,PD,5850638,109718.m4a
109725,c9fe2198-6dd6-4f22-9b03-4be3f4343864,PD,5851829,109725.m4a
109728,c9fe2198-6dd6-4f22-9b03-4be3f4343864,PD,5862650,109728.m4a
109758,1a033954-954f-4459-b3a4-33ff26192e05,PD,5849697,109758.m4a
109759,1a033954-954f-4459-b3a4-33ff26192e05,PD,5852009,109759.m4a
109761,1a033954-954f-4459-b3a4-33ff26192e05,PD,5852525,109761.m4a
109786,4a594906-4d78-4c65-a259-d93122f549d6,PD,5851946,109786.m4a
109804,c9a66090-3114-4a0a-9bc1-4ade9c5f0c22,PD,5859681,109804.m4a
109810,4a61cb25-1f7d-48df-8b92-9cac13ebefd4,PD,5850547,109810.m4a
109820,54031d72-2961-47bb-b0e7-15f4887bbec7,CONTROL,5860079,109820.m4a
109843,72f75a4d-de63-4077-b77e-49d98f559e8c,PD,5857613,109843.m4a
109869,eea2bc0d-e013-4def-b184-8f153023c890,PD,5863923,109869.m4a
109870,82ca7763-4f54-4e32-a3f7-2fe0ab8ae02c,CONTROL,5866714,109870.m4a
109871,82ca7763-4f54-4e32-a3f7-2fe0ab8ae02c,CONTROL,5870637,109871.m4a
109892,c61451a4-39ec-4ec7-a63f-dbe9e236ac22,PD,5858310,109892.m4a
109905,710f2d79-1468-40b1-9ab5-beb8721f43a5,PD,5854924,109905.m4a
109911,f5e9f04c-0252-4959-8350-57823a91c7f7,PD,5856620,109911.m4a
109917,4bd9cbef-34f0-4457-916a-05114d091c8b,CONTROL,5848002,109917.m4a
109922,4bd9cbef-34f0-4457-916a-05114d091c8b,CONTROL,5856181,109922.m4a
109924,133ea6ff-40f4-4476-907e-f0d4170266ce,PD,5856133,109924.m4a
109925,133ea6ff-40f4-4476-907e-f0d4170266ce,PD,5858983,109925.m4a
109936,ec5dd8db-c41e-4879-8bfb-c26eacc64f42,PD,5862494,109936.m4a
109939,808bd714-1d45-4db7-8910-db3eed15a011,PD,5857476,109939.m4a
109940,c959f434-9f57-4730-b4c1-804789db0a33,PD,5856187,109940.m4a
109942,3495ed87-6850-4b7b-b626-63fe7eea0e28,PD,5861103,109942.m4a
109943,61e223ac-4657-48b8-89b0-d37df5c85d39,PD,5849327,109943.m4a
109952,86461a34-4e95-46c9-825a-9235dbb1bf74,CONTROL,5862170,109952.m4a
109959,2b61eecc-ec1a-4c1c-88e0-67eab8ef6200,PD,5857367,109959.m4a
109962,9ab8c276-8a5e-4ad7-8b05-1b1171f3a890,PD,5861443,109962.m4a
109963,9ab8c276-8a5e-4ad7-8b05-1b1171f3a890,PD,5858687,109963.m4a
109968,5c4b3f5c-58fa-4ad6-be58-665a968e270e,CONTROL,5856399,109968.m4a
109974,dd0da932-780b-470e-b2b6-7477d1808511,CONTROL,5854054,109974.m4a
109995,94c5b58f-e328-430a-bfd2-ba06e02d582a,PD,5870039,109995.m4a
110000,7534e915-1c53-4165-891b-b50a1a6ce764,PD,5935507,110000.m4a
110006,0cbbd505-d4e2-44cb-871d-dc5892f43c07,CONTROL,5872101,110006.m4a
110036,1143d21a-6e42-457e-9726-959baffaff17,PD,5869474,110036.m4a
110042,d81ab8b8-fbcc-428f-ba38-a185fa8365ec,PD,5866918,110042.m4a
110052,6390367f-0035-4cf2-b22f-2ffb74b475d2,PD,5876344,110052.m4a
110054,6390367f-0035-4cf2-b22f-2ffb74b475d2,PD,5870473,110054.m4a
110063,92da6dbb-ddd2-4a0f-90e4-46de8b1566ac,PD,5871150,110063.m4a
110069,7fb561a3-8f90-49d2-a39b-55ea3f78a17b,PD,5875586,110069.m4a
110074,94c5b58f-e328-430a-bfd2-ba06e02d582a,PD,5878289,110074.m4a
110076,e5bb566a-9f26-496f-89be-f940162a536c,PD,5869091,110076.m4a
110124,d800bd93-6cf0-419e-81c9-494d1ac63243,PD,5865201,110124.m4a
110139,90550db0-af30-495f-8d7c-5749577cdae2,PD,5873347,110139.m4a
110148,aa9e90e2-e5cb-4e6b-8146-54c666f3ffdd,PD,5872010,110148.m4a
110149,aa9e90e2-e5cb-4e6b-8146-54c666f3ffdd,PD,5877518,110149.m4a
110154,8d544e9f-e1d1-498e-9630-70776c3fa231,PD,5866332,110154.m4a
110155,629f40fa-d306-4b83-946f-206df12d7f90,PD,5876932,110155.m4a
110159,0cbbd505-d4e2-44cb-871d-dc5892f43c07,CONTROL,5877342,110159.m4a
110163,e87e1729-897f-4025-aab4-5e2e4ac9ba7c,PD,5868095,110163.m4a
110164,629f40fa-d306-4b83-946f-206df12d7f90,PD,5868030,110164.m4a
110168,bce9fbbb-5634-4924-9eed-4312ca868857,PD,5870178,110168.m4a
110170,bce9fbbb-5634-4924-9eed-4312ca868857,PD,5877173,110170.m4a
110188,fd2ed83d-c25d-4494-b50e-13471481d998,PD,5877510,110188.m4a
110191,629f40fa-d306-4b83-946f-206df12d7f90,PD,5873985,110191.m4a
110200,d30caa3b-06d9-4d36-8412-f99124083b60,PD,5865543,110200.m4a
110205,1a033954-954f-4459-b3a4-33ff26192e05,PD,5878163,110205.m4a
110207,1a033954-954f-4459-b3a4-33ff26192e05,PD,5874921,110207.m4a
110208,1a033954-954f-4459-b3a4-33ff26192e05,PD,5876679,110208.m4a
110213,18d8080c-ef3c-4533-a87e-9164e39b8d1b,CONTROL,5868454,110213.m4a
110220,5e5e1d18-94ef-451f-98cb-10dd33dd1ce5,PD,5873779,110220.m4a
110221,607fc6a1-0cf9-4d10-bba3-94c0b39eea08,PD,5871424,110221.m4a
110224,e67c8b17-09c4-40d6-92db-efbcd58d155e,PD,5871861,110224.m4a
110231,523283b6-acc9-4375-ab7a-d7240cd690c3,PD,5875019,110231.m4a
110238,0bc051fe-d863-4e20-8fb9-cc899bf3b072,PD,5875773,110238.m4a
110251,d73795f0-1414-4473-8bd7-d20e4197e0e6,PD,5874119,110251.m4a
110259,42f0005a-eeca-4d2f-ab23-abbcbe527835,PD,5873254,110259.m4a
110265,5553e5a1-32bf-40df-a387-7da8600f82f4,PD,5869553,110265.m4a
110268,5553e5a1-32bf-40df-a387-7da8600f82f4,PD,5872966,110268.m4a
110270,979ead89-70cd-48bb-941c-9c87cc6e4679,PD,5865592,110270.m4a
110281,284ec98c-a194-4265-8525-75e4297deaea,PD,5874120,110281.m4a
110287,0bc051fe-d863-4e20-8fb9-cc899bf3b072,PD,5871642,110287.m4a
110315,e67c8b17-09c4-40d6-92db-efbcd58d155e,PD,5870277,110315.m4a
110316,46242d15-41f9-417c-b454-ddd95a4f451c,PD,5867924,110316.m4a
110319,0eb60c3c-52ee-483a-b48d-4c6d0b412e0e,PD,5869544,110319.m4a
110322,c6941036-9686-4d35-9314-8ab72dcb8c68,PD,5871711,110322.m4a
110337,49803d28-2166-4d66-b3bc-d30467c91397,CONTROL,5873233,110337.m4a
110339,49803d28-2166-4d66-b3bc-d30467c91397,CONTROL,5867398,110339.m4a
110351,ef281d10-9a48-4033-b25b-6873caf37cef,CONTROL,5874378,110351.m4a
110352,ef281d10-9a48-4033-b25b-6873caf37cef,CONTROL,5868371,110352.m4a
110373,ea66cb62-1e80-4a09-a98d-e589925c957c,PD,5872646,110373.m4a
110417,06c1e1a9-d0a6-4e8f-ba7c-138a89e23368,PD,5871571,110417.m4a
110423,5d800f21-c04b-490f-bec9-9982aefc2bcf,CONTROL,5866610,110423.m4a
110424,5d800f21-c04b-490f-bec9-9982aefc2bcf,CONTROL,5871008,110424.m4a
110425,284ec98c-a194-4265-8525-75e4297deaea,PD,5867232,110425.m4a
110428,d65294f5-c173-4908-abb9-d0216f7fbe98,CONTROL,5871690,110428.m4a
110430,d65294f5-c173-4908-abb9-d0216f7fbe98,CONTROL,5866987,110430.m4a
110431,55bcb727-1f1e-4359-8b48-91a972758042,PD,5877034,110431.m4a
110434,4a594906-4d78-4c65-a259-d93122f549d6,PD,5876268,110434.m4a
110435,271e1c04-d221-4ad0-9989-c81f3599dcf9,CONTROL,5865870,110435.m4a
110441,d16452a8-b678-487b-a42f-0e8bea8a8479,PD,5878002,110441.m4a
110442,588bce40-e483-431d-8068-2ff4d6fcfd17,PD,5868361,110442.m4a
110472,e05d4f04-7ef6-424c-91ee-94284aedd36a,CONTROL,5885153,110472.m4a
110509,be1c514d-40e8-44f8-ac33-5cb2a647f02d,PD,5884924,110509.m4a
110525,acd91366-cd8c-4f1e-a314-2cd68f03299c,PD,5884327,110525.m4a
110526,6b104542-0b0a-4421-a490-568f66c7ebc4,PD,5885169,110526.m4a
110563,a1e6cf50-c2e7-4849-ac7d-96058464aad3,CONTROL,5882863,110563.m4a
110574,c6d662c2-5af8-4781-bb68-d99162d9d1fa,PD,5886443,110574.m4a
110585,5f2ddd28-2506-43fb-8863-d9b521cb163e,PD,5886145,110585.m4a
110596,341cd0ba-cf94-4c8b-9f59-d7ddf0272b02,PD,5887575,110596.m4a
110601,8baf8023-4044-425a-9183-a6c8cc8f7f15,PD,5884447,110601.m4a
110603,bca66a7c-4277-45ed-aa81-15ac73bfb554,PD,5884657,110603.m4a
110606,51faeedb-bc76-4fe8-9d6e-5bf43b484a94,PD,5887350,110606.m4a
110622,94c5b58f-e328-430a-bfd2-ba06e02d582a,PD,5886352,110622.m4a
110626,e87e1729-897f-4025-aab4-5e2e4ac9ba7c,PD,5882201,110626.m4a
110635,dbfdaf53-55b4-4347-8a35-988f05a7965d,PD,5887759,110635.m4a
110637,937682c3-93f8-4c5f-bf6d-2563389b9145,PD,5885076,110637.m4a
110642,71d55126-3d51-4092-9af6-5b8b88c96914,PD,5889379,110642.m4a
110649,0d294ac6-1caf-4d6c-9a0c-ae53e5724499,CONTROL,5888751,110649.m4a
110654,ec5dd8db-c41e-4879-8bfb-c26eacc64f42,PD,5887322,110654.m4a
110660,8c053b0c-8e06-4f23-a138-56df32752289,PD,5883735,110660.m4a
110662,8c053b0c-8e06-4f23-a138-56df32752289,PD,5888729,110662.m4a
110664,8c053b0c-8e06-4f23-a138-56df32752289,PD,5883157,110664.m4a
110669,3e49de20-87df-4588-a7a9-200d31529fa9,PD,5880338,110669.m4a
110677,18d8080c-ef3c-4533-a87e-9164e39b8d1b,CONTROL,5886195,110677.m4a
110685,8a4790b3-3bf5-4273-b695-fe703347d399,PD,5886380,110685.m4a
110709,0309d5a8-79cd-460a-9a87-6902460ab71d,PD,5880705,110709.m4a
110729,b1f4d4d6-5247-48c4-9990-28a13d34fc19,PD,5889146,110729.m4a
110767,1487de4b-b874-4ab3-8acc-e3416bb7c74e,PD,5883768,110767.m4a
110771,1ddac747-dec2-446d-b1a4-f0070bbc743b,PD,5884129,110771.m4a
110773,e67c8b17-09c4-40d6-92db-efbcd58d155e,PD,5887013,110773.m4a
110803,6e7e8b67-1b8e-4bfb-a1f5-c0069c4980a8,PD,5883024,110803.m4a
110808,459e2be9-61d0-4c11-b707-01afe7e34fc6,CONTROL,5883028,110808.m4a
110810,459e2be9-61d0-4c11-b707-01afe7e34fc6,CONTROL,5884956,110810.m4a
110812,11ca83f0-371a-4b63-9bfa-ae5e3d5ce9b2,CONTROL,5884102,110812.m4a
110814,11ca83f0-371a-4b63-9bfa-ae5e3d5ce9b2,CONTROL,5883971,110814.m4a
110824,6b104542-0b0a-4421-a490-568f66c7ebc4,PD,5889551,110824.m4a
110847,94c5b58f-e328-430a-bfd2-ba06e02d582a,PD,5883800,110847.m4a
110859,618325a3-d186-4d45-9e55-6c53b1dd7698,CONTROL,5887268,110859.m4a
110864,618325a3-d186-4d45-9e55-6c53b1dd7698,CONTROL,5885538,110864.m4a
110874,9884c3bf-86bb-4370-acbf-19db34cf297c,PD,5885074,110874.m4a
110881,5216c72c-33d5-4e01-b050-791cac56d61d,PD,5887109,110881.m4a
110904,c6941036-9686-4d35-9314-8ab72dcb8c68,PD,5881406,110904.m4a
110917,97d23f31-a114-455b-87fd-fd8bc810f4da,PD,5883547,110917.m4a
110918,97d23f31-a114-455b-87fd-fd8bc810f4da,PD,5887948,110918.m4a
110921,e83f947d-309d-4f71-b55a-db35a1e35705,CONTROL,5896676,110921.m4a
110922,e83f947d-309d-4f71-b55a-db35a1e35705,CONTROL,5890479,110922.m4a
110942,d87bd7e7-6c4b-4a94-9b30-6e1381c65dc7,PD,5897710,110942.m4a
110972,bda58cbf-a773-487d-bbc4-2fe367e0fcc2,PD,5895038,110972.m4a
110987,acd91366-cd8c-4f1e-a314-2cd68f03299c,PD,5896348,110987.m4a
110995,71d55126-3d51-4092-9af6-5b8b88c96914,PD,5897428,110995.m4a
110998,54e7560b-8dde-4dfe-b8ae-06f82a5555e2,PD,5892886,110998.m4a
111005,3f9ae6dd-e585-4a46-a2ab-a0958132de4c,CONTROL,5890792,111005.m4a
111007,099fa3fb-332f-4bd1-bb38-215d02e84472,CONTROL,5892785,111007.m4a
111008,3f9ae6dd-e585-4a46-a2ab-a0958132de4c,CONTROL,5895474,111008.m4a
111014,d30caa3b-06d9-4d36-8412-f99124083b60,PD,5898577,111014.m4a
111016,54a4aacf-cc21-4abf-a968-c7510cf9ce9b,PD,5893795,111016.m4a
111066,32e23bb4-c2ca-489e-a580-d432d05e015e,PD,5896061,111066.m4a
111088,9ce638c5-90bc-40fe-aa00-6f13e0bdefa2,PD,5898520,111088.m4a
111090,8d96385c-ce21-457a-959e-9683445b2cdb,PD,5561261,111090.m4a
111091,8d96385c-ce21-457a-959e-9683445b2cdb,PD,5724367,111091.m4a
111098,61858ea1-2479-4144-bb3b-ef8415e60ab1,PD,5895781,111098.m4a
111101,4a594906-4d78-4c65-a259-d93122f549d6,PD,5895274,111101.m4a
111102,1ff805eb-4e96-4d64-b7a4-cc54aaddf2d6,PD,5892115,111102.m4a
111107,629f40fa-d306-4b83-946f-206df12d7f90,PD,5895104,111107.m4a
111109,776122cd-333b-400a-af9d-39771b26fa4d,PD,5897469,111109.m4a
111116,0309d5a8-79cd-460a-9a87-6902460ab71d,PD,5893901,111116.m4a
111125,ce5c8357-dcc8-475d-a52b-1d048224fcfa,PD,5891253,111125.m4a
111130,a4a661cf-95f9-4389-a334-8c88a8e06711,CONTROL,5893222,111130.m4a
111133,a4a661cf-95f9-4389-a334-8c88a8e06711,CONTROL,5895818,111133.m4a
111142,6028143e-496d-4a54-a3bc-cc6becdd74f1,CONTROL,5897039,111142.m4a
111173,e08bb091-4706-4782-8ab2-4bd9d5ed571b,PD,5897190,111173.m4a
111174,e08bb091-4706-4782-8ab2-4bd9d5ed571b,PD,5896137,111174.m4a
111188,1219e6fb-c399-4b86-8956-bae6e65022fc,CONTROL,5891821,111188.m4a
111208,5553e5a1-32bf-40df-a387-7da8600f82f4,PD,5894189,111208.m4a
111209,5553e5a1-32bf-40df-a387-7da8600f82f4,PD,5894390,111209.m4a
111210,5553e5a1-32bf-40df-a387-7da8600f82f4,PD,5892221,111210.m4a
111218,a348996c-2256-43b7-80b1-a2a9bd6fba5b,PD,5892926,111218.m4a
111244,8baf8023-4044-425a-9183-a6c8cc8f7f15,PD,5896301,111244.m4a
111246,d30caa3b-06d9-4d36-8412-f99124083b60,PD,5897292,111246.m4a
111264,1447e829-cd53-4498-a9eb-833c2f791d13,PD,5894145,111264.m4a
111269,2949f2e3-0753-4444-89fa-4b3273fc3f1e,CONTROL,5895723,111269.m4a
111288,3495ed87-6850-4b7b-b626-63fe7eea0e28,PD,5892065,111288.m4a
111290,5216c72c-33d5-4e01-b050-791cac56d61d,PD,5892463,111290.m4a
111301,f8d44faa-f71a-43be-9fa8-8d381b9cc380,PD,5895716,111301.m4a
111305,c17abeb7-bfdb-4ddd-859e-2d336f96c7ca,PD,5890789,111305.m4a
111347,c6941036-9686-4d35-9314-8ab72dcb8c68,PD,5892940,111347.m4a
111352,c77e3f11-7195-4e8a-9146-063bef90a03b,PD,5891685,111352.m4a
111354,54a4aacf-cc21-4abf-a968-c7510cf9ce9b,PD,5894882,111354.m4a
111376,97d23f31-a114-455b-87fd-fd8bc810f4da,PD,5892257,111376.m4a
111377,97d23f31-a114-455b-87fd-fd8bc810f4da,PD,5898463,111377.m4a
111380,55bcb727-1f1e-4359-8b48-91a972758042,PD,5896737,111380.m4a
111382,6e7e8b67-1b8e-4bfb-a1f5-c0069c4980a8,PD,5894736,111382.m4a
111395,83c7de09-2ed3-409b-abdb-fc75750d10fe,PD,5903739,111395.m4a
111399,a1e6cf50-c2e7-4849-ac7d-96058464aad3,CONTROL,5899786,111399.m4a
111406,2949f2e3-0753-4444-89fa-4b3273fc3f1e,CONTROL,5901146,111406.m4a
111415,e5d167d6-6b75-4e91-b066-9fb0ad664c4b,PD,5901644,111415.m4a
111440,6244be74-6f9b-4b01-9558-b169192bae63,PD,5903303,111440.m4a
111463,462d754c-dc70-4768-9126-e045cd21c72e,PD,5905212,111463.m4a
111479,11b0961c-3d85-43e3-bc1b-a2c3e7f885b2,PD,5904241,111479.m4a
111481,381d4f95-fefb-4c1b-89f2-958fefee595a,CONTROL,5905421,111481.m4a
111482,98cebf27-8771-455b-a624-c2fafa48e249,PD,5902939,111482.m4a
111483,381d4f95-fefb-4c1b-89f2-958fefee595a,CONTROL,5899511,111483.m4a
111488,8baf8023-4044-425a-9183-a6c8cc8f7f15,PD,5904826,111488.m4a
111493,341cd0ba-cf94-4c8b-9f59-d7ddf0272b02,PD,5900646,111493.m4a
111496,e5bb566a-9f26-496f-89be-f940162a536c,PD,5904360,111496.m4a
111523,341cd0ba-cf94-4c8b-9f59-d7ddf0272b02,PD,5903797,111523.m4a
111524,010aed99-c9b3-4bdc-a23b-530d619b43a9,CONTROL,5905027,111524.m4a
111528,dbfdaf53-55b4-4347-8a35-988f05a7965d,PD,5903605,111528.m4a
111530,8ce923e3-a1c5-4f1e-be17-69b2cd9f0e50,PD,5902207,111530.m4a
111538,344b785d-d12a-47b6-95ba-fa05eecd7e8b,PD,5901827,111538.m4a
111543,bdd9fa25-2499-44e6-b4c8-117deb70143d,PD,5905360,111543.m4a
111577,300e5d1f-5a38-4e78-8f42-1d580b74569a,PD,5899464,111577.m4a
111586,629f40fa-d306-4b83-946f-206df12d7f90,PD,5900704,111586.m4a
111593,269c5321-858c-4411-8b70-79fee695e814,PD,5902846,111593.m4a
111599,7438656c-ce53-4bbc-9901-b4b907b7271d,PD,5904518,111599.m4a
111604,7438656c-ce53-4bbc-9901-b4b907b7271d,PD,5903082,111604.m4a
111605,7438656c-ce53-4bbc-9901-b4b907b7271d,PD,5904338,111605.m4a
111610,f195a3f1-9cbb-4296-9233-388b194b527b,PD,5904329,111610.m4a
111614,629f40fa-d306-4b83-946f-206df12d7f90,PD,5902110,111614.m4a
111616,de5b1d47-3d43-4723-8d2d-e0c5b98a8b98,PD,5900070,111616.m4a
111619,b1f4d4d6-5247-48c4-9990-28a13d34fc19,PD,5904352,111619.m4a
111631,1ee9c522-d68a-4d32-8113-4c5246986978,PD,5900143,111631.m4a
111644,4a594906-4d78-4c65-a259-d93122f549d6,PD,5903736,111644.m4a
111676,334be7a8-26b2-402c-969b-35835693c80c,PD,5905719,111676.m4a
111678,3f68da18-e3d6-426b-801f-9d8ccd46e6cb,PD,5899914,111678.m4a
111687,898f8dc7-7ef9-4cc8-b1b9-425f6f01303d,CONTROL,5903602,111687.m4a
111706,67546a11-f625-4d03-bee1-4f55e8a831ac,PD,5902952,111706.m4a
111707,400a60d8-f50b-4df4-be25-7566fc39c090,PD,5904974,111707.m4a
111708,588bce40-e483-431d-8068-2ff4d6fcfd17,PD,5902353,111708.m4a
111717,629f40fa-d306-4b83-946f-206df12d7f90,PD,5901813,111717.m4a
111718,7a307572-89ed-4f5e-8e1f-e220d0eb57c2,PD,5902887,111718.m4a
111750,1101193b-5a33-4a57-ab0e-73ca5d5e8e0c,CONTROL,5903599,111750.m4a
111770,aae2ab26-754f-49fa-bcf0-bd403bc9d548,PD,5903752,111770.m4a
111780,913b66f5-0666-4ccc-bf95-c9f6e0d60066,PD,5901717,111780.m4a
111812,55bcb727-1f1e-4359-8b48-91a972758042,PD,5899333,111812.m4a
111813,e5bb566a-9f26-496f-89be-f940162a536c,PD,5901337,111813.m4a
111815,ffe9fec0-e3c6-44b2-8b4f-8f6f772b99c3,PD,5910424,111815.m4a
111823,9671ba49-8161-4f88-8e24-d394c8e96fbe,PD,5912652,111823.m4a
111839,7dc52ba5-9ce9-42c6-bf4b-c7ce52d1b266,PD,5910821,111839.m4a
111861,3bdde942-e7b9-498b-bde9-6fad671385af,PD,5907551,111861.m4a
111868,b5d300e5-4397-4f24-ab97-6ae76a3c956b,PD,5907339,111868.m4a
111873,75e16764-2272-4d4c-955b-2ecb34b15442,PD,5908418,111873.m4a
111874,afebcbd7-411b-4f0f-8db1-ea542af2c94f,PD,5911102,111874.m4a
111875,afebcbd7-411b-4f0f-8db1-ea542af2c94f,PD,5910763,111875.m4a
111876,afebcbd7-411b-4f0f-8db1-ea542af2c94f,PD,5906566,111876.m4a
111880,f165226a-61dc-4f78-9903-d42f08b24a7a,PD,5909562,111880.m4a
111899,76c7c0c5-6f64-49ea-b130-f9e77ee77a9a,CONTROL,5911771,111899.m4a
111901,06c1e1a9-d0a6-4e8f-ba7c-138a89e23368,PD,5906427,111901.m4a
111907,15f3fcdc-93e4-402f-8526-72e06ace8419,PD,5906716,111907.m4a
111913,5ce69643-aeec-44e5-a5cc-4c06d36f5979,PD,5908281,111913.m4a
111921,d800bd93-6cf0-419e-81c9-494d1ac63243,PD,5906442,111921.m4a
111933,937682c3-93f8-4c5f-bf6d-2563389b9145,PD,5909058,111933.m4a
111939,6ab8c333-e607-475d-93d8-1949c14bd2a2,CONTROL,5911744,111939.m4a
111941,7371a450-954f-4ee6-b406-c5de2ef0f351,PD,5910888,111941.m4a
111948,1487de4b-b874-4ab3-8acc-e3416bb7c74e,PD,5912400,111948.m4a
111955,588bce40-e483-431d-8068-2ff4d6fcfd17,PD,5912288,111955.m4a
111972,341cd0ba-cf94-4c8b-9f59-d7ddf0272b02,PD,5908869,111972.m4a
111977,36ad38f2-eeb7-4913-9f4d-adb20e53bede,PD,5907759,111977.m4a
111982,fb58df40-face-4aef-98eb-ca727dab3464,PD,5911457,111982.m4a
111990,e5bb566a-9f26-496f-89be-f940162a536c,PD,5946950,111990.m4a
111992,873c1263-d757-4dbf-9b48-facf75ab003e,CONTROL,5907886,111992.m4a
112004,1ee9c522-d68a-4d32-8113-4c5246986978,PD,5913678,112004.m4a
112028,170e3ee9-9890-4926-928c-52471eb8a946,CONTROL,5910114,112028.m4a
112038,36ad38f2-eeb7-4913-9f4d-adb20e53bede,PD,5906683,112038.m4a
112039,334be7a8-26b2-402c-969b-35835693c80c,PD,5906522,112039.m4a
112059,6c130d05-41af-49e9-9212-aaae738d3ec1,PD,5908062,112059.m4a
112061,95f7cb01-291c-41fe-aad0-c53deb4f2f0f,PD,5907645,112061.m4a
112063,204cec48-17c5-4d4d-8877-3c4706c9b018,PD,5911382,112063.m4a
112064,204cec48-17c5-4d4d-8877-3c4706c9b018,PD,5910274,112064.m4a
112065,204cec48-17c5-4d4d-8877-3c4706c9b018,PD,5912120,112065.m4a
112089,bab29b7e-9b17-420c-b17b-f9f957eaf374,PD,5906435,112089.m4a
112096,b89e7282-e573-43e5-af99-7d8d98137359,CONTROL,5907240,112096.m4a
112098,b89e7282-e573-43e5-af99-7d8d98137359,CONTROL,5910325,112098.m4a
112100,ac518c03-c88f-4433-915e-8d34249e96c1,PD,5911763,112100.m4a
112101,ac518c03-c88f-4433-915e-8d34249e96c1,PD,5910197,112101.m4a
112103,ac518c03-c88f-4433-915e-8d34249e96c1,PD,5909321,112103.m4a
112122,4d58a217-142b-4829-9b31-c75669e6b636,PD,5910225,112122.m4a
112124,4d58a217-142b-4829-9b31-c75669e6b636,PD,5909155,112124.m4a
112132,e5bb566a-9f26-496f-89be-f940162a536c,PD,5945634,112132.m4a
112169,cb3fafc6-b4d3-479b-8a2d-f5f037b96420,PD,5909140,112169.m4a
112176,cb3fafc6-b4d3-479b-8a2d-f5f037b96420,PD,5906749,112176.m4a
112197,8ab14817-d7df-4452-af87-23795ee85434,PD,5908148,112197.m4a
112228,7b75a41d-6ff3-48a5-b540-264d45d2533c,PD,5906806,112228.m4a
112230,98753b69-11dd-43f4-8eff-a54e052da982,PD,5910966,112230.m4a
112245,280e1eb3-8db2-4455-a0f0-0a2b3f2602bc,CONTROL,5909921,112245.m4a
112246,280e1eb3-8db2-4455-a0f0-0a2b3f2602bc,CONTROL,5909251,112246.m4a
112260,ae034992-0aec-4f8b-bef0-21a06e335615,PD,5914811,112260.m4a
112279,f125e7fa-7a33-4959-abb5-655ceed01d72,PD,5919186,112279.m4a
112281,f125e7fa-7a33-4959-abb5-655ceed01d72,PD,5914409,112281.m4a
112290,2a56117b-1b94-4ea1-ade7-e21533af0c4f,PD,5916466,112290.m4a
112317,e89d35b9-9000-4432-8307-c518320d92f0,PD,5932739,112317.m4a
112322,1846fbe3-a121-4a76-adce-92563ae2ea3f,PD,5494414,112322.m4a
112326,45e954bf-4cec-4b56-a957-d305029baba2,PD,5917298,112326.m4a
112327,9671ba49-8161-4f88-8e24-d394c8e96fbe,PD,5914141,112327.m4a
112330,45e954bf-4cec-4b56-a957-d305029baba2,PD,5913571,112330.m4a
112332,6b104542-0b0a-4421-a490-568f66c7ebc4,PD,5916557,112332.m4a
112341,8ea3e6f9-d7bb-4fba-a69d-3e34c179249f,CONTROL,5915966,112341.m4a
112353,ee8b1690-4c96-4f09-9a7b-946911bdcf67,PD,5915720,112353.m4a
112368,d9ba2480-3573-4be9-b516-db242ea19472,CONTROL,5918708,112368.m4a
112401,60478a3b-04bc-4c91-9867-5aec84ae8473,CONTROL,5916917,112401.m4a
112413,34094d7c-ed2b-4fc1-9146-635e608329d5,PD,5913885,112413.m4a
112414,54d1a647-e48d-4c70-ac48-7fc0e090a7ff,PD,5917913,112414.m4a
112416,3f68da18-e3d6-426b-801f-9d8ccd46e6cb,PD,5914304,112416.m4a
112417,54d1a647-e48d-4c70-ac48-7fc0e090a7ff,PD,5919067,112417.m4a
112418,54d1a647-e48d-4c70-ac48-7fc0e090a7ff,PD,5914701,112418.m4a
112422,3516da76-a3e1-47ac-9255-ee100797ba9b,PD,5915354,112422.m4a
112424,c959f434-9f57-4730-b4c1-804789db0a33,PD,5915472,112424.m4a
112427,65981245-0d78-486c-8466-d705c022920f,PD,5914907,112427.m4a
112433,dbfdaf53-55b4-4347-8a35-988f05a7965d,PD,5914928,112433.m4a
112437,f1d49815-eee0-4ce4-81f5-22ea05d3cc9d,CONTROL,5919325,112437.m4a
112444,d89e4ce2-b5a3-4a79-a5b2-380d20518509,PD,5917979,112444.m4a
112447,d0ae0ee1-165b-4e5a-9caa-ad8a17688445,PD,5916885,112447.m4a
112462,ed1b8bdc-5569-4bb6-ae79-c56ab8f4da68,PD,5917897,112462.m4a
112463,ed1b8bdc-5569-4bb6-ae79-c56ab8f4da68,PD,5914463,112463.m4a
112466,f4910fb6-da07-47b1-9e80-f2af028f8e9e,PD,5916916,112466.m4a
112468,f4910fb6-da07-47b1-9e80-f2af028f8e9e,PD,5916098,112468.m4a
112475,6b104542-0b0a-4421-a490-568f66c7ebc4,PD,5922149,112475.m4a
112480,fb58df40-face-4aef-98eb-ca727dab3464,PD,5916099,112480.m4a
112496,dad8731f-fd89-47e4-9111-989b8781386c,PD,5916993,112496.m4a
112498,47077bce-7a89-4461-a26f-4aa0677aaed4,PD,5917458,112498.m4a
112503,ac518c03-c88f-4433-915e-8d34249e96c1,PD,5914050,112503.m4a
112504,ac518c03-c88f-4433-915e-8d34249e96c1,PD,5914152,112504.m4a
112506,ac518c03-c88f-4433-915e-8d34249e96c1,PD,5915937,112506.m4a
112532,8ea3e6f9-d7bb-4fba-a69d-3e34c179249f,CONTROL,5914681,112532.m4a
112533,8baf8023-4044-425a-9183-a6c8cc8f7f15,PD,5916762,112533.m4a
112545,f690974e-8179-4564-ab89-1302590861c4,PD,5916320,112545.m4a
112561,400a60d8-f50b-4df4-be25-7566fc39c090,PD,5915806,112561.m4a
112565,84be9560-e508-4a00-8a82-a51392ead141,CONTROL,5915590,112565.m4a
112583,724fcf9a-bc00-440f-b2ba-0a9f6ea7a719,PD,5914927,112583.m4a
112585,e787d06a-bcce-4ef0-848e-8b319fc7ce99,PD,5923367,112585.m4a
112593,2b61eecc-ec1a-4c1c-88e0-67eab8ef6200,PD,5916260,112593.m4a
112599,ea66cb62-1e80-4a09-a98d-e589925c957c,PD,5915155,112599.m4a
112601,9da14def-ccc0-48f4-acdc-19b16337f64a,CONTROL,5916904,112601.m4a
112602,9da14def-ccc0-48f4-acdc-19b16337f64a,CONTROL,5917383,112602.m4a
112606,46242d15-41f9-417c-b454-ddd95a4f451c,PD,5921611,112606.m4a
112615,918e2896-c619-4daa-b904-89876ad77d06,CONTROL,5925644,112615.m4a
112617,c84db6e4-4691-421e-a654-a6ebc51fdbbb,PD,5924823,112617.m4a
112627,341a3fde-86c0-464e-a442-d9fb294a53fc,PD,5423989,112627.m4a
112633,979ead89-70cd-48bb-941c-9c87cc6e4679,PD,5923623,112633.m4a
112635,ce0176d9-769a-42be-8312-45de7ab07f19,CONTROL,5922501,112635.m4a
112650,ac01f080-96a4-4faf-bc80-291a996f6edd,PD,5924086,112650.m4a
112667,cc8ede16-7016-413f-bd7c-88378e007cd9,PD,5923556,112667.m4a
112668,cc8ede16-7016-413f-bd7c-88378e007cd9,PD,5925423,112668.m4a
112669,cc8ede16-7016-413f-bd7c-88378e007cd9,PD,5922758,112669.m4a
112700,892a6398-23ec-4b47-b214-04708aa39711,CONTROL,5925531,112700.m4a
112706,9e47580e-cf58-4ba7-af88-077ce55c7973,CONTROL,5920966,112706.m4a
112742,79ef2bb2-d464-4fff-97c8-eec045e2242f,PD,5921395,112742.m4a
112745,d1d9a812-9e7c-4bd6-9ad6-7bdde8594989,CONTROL,5920539,112745.m4a
112746,d1d9a812-9e7c-4bd6-9ad6-7bdde8594989,CONTROL,5921705,112746.m4a
112759,f4910fb6-da07-47b1-9e80-f2af028f8e9e,PD,5924987,112759.m4a
112772,0d294ac6-1caf-4d6c-9a0c-ae53e5724499,CONTROL,5923064,112772.m4a
112775,635428dc-8898-4b02-83c8-1cb09d58f743,CONTROL,5921106,112775.m4a
112793,ffe9fec0-e3c6-44b2-8b4f-8f6f772b99c3,PD,5925740,112793.m4a
112794,ffe9fec0-e3c6-44b2-8b4f-8f6f772b99c3,PD,5921028,112794.m4a
112815,2552d7eb-9fe0-4f83-93f1-931a4a215c6d,CONTROL,5921811,112815.m4a
112819,2552d7eb-9fe0-4f83-93f1-931a4a215c6d,CONTROL,5923147,112819.m4a
112835,c9a66090-3114-4a0a-9bc1-4ade9c5f0c22,PD,5922931,112835.m4a
112857,f4c659a9-3f0b-4a7f-bf82-5eb354eb6079,CONTROL,5921469,112857.m4a
112858,f4c659a9-3f0b-4a7f-bf82-5eb354eb6079,CONTROL,5925803,112858.m4a
112859,b32e227a-d07f-41bf-8f9b-bf0e1cb9c4d1,PD,5920630,112859.m4a
112868,e4530d2a-138a-4037-9e4e-32f715175556,PD,5924809,112868.m4a
112875,ce5cb455-f71f-4727-94d5-13f860bf4ce0,PD,5921308,112875.m4a
112881,8baf8023-4044-425a-9183-a6c8cc8f7f15,PD,5923781,112881.m4a
112883,9937f420-f468-4b5c-a4e8-039ebc14c345,CONTROL,5920880,112883.m4a
112884,9937f420-f468-4b5c-a4e8-039ebc14c345,CONTROL,5921314,112884.m4a
112901,cb3fafc6-b4d3-479b-8a2d-f5f037b96420,PD,5924110,112901.m4a
112918,3495ed87-6850-4b7b-b626-63fe7eea0e28,PD,5922354,112918.m4a
112927,00ed2cf3-7685-4d55-bf9d-001fa233c09f,PD,5923162,112927.m4a
112961,b32e227a-d07f-41bf-8f9b-bf0e1cb9c4d1,PD,5921075,112961.m4a
112962,b32e227a-d07f-41bf-8f9b-bf0e1cb9c4d1,PD,5924491,112962.m4a
112969,3f68da18-e3d6-426b-801f-9d8ccd46e6cb,PD,5920577,112969.m4a
113006,d49ab276-4836-406b-a462-b79d3b4deab4,PD,5930011,113006.m4a
113015,0549100e-3e22-4c6a-96be-86d0a2823942,CONTROL,5932607,113015.m4a
113059,38255249-3be3-4e44-a87a-027ec337293a,PD,5931797,113059.m4a
113101,918e2896-c619-4daa-b904-89876ad77d06,CONTROL,5932509,113101.m4a
113103,98753b69-11dd-43f4-8eff-a54e052da982,PD,5927645,113103.m4a
113111,751a69db-6a32-45fd-9267-e4d4235a7ceb,PD,5927901,113111.m4a
113113,6899ba07-f868-49db-9651-3504b6d754d6,PD,5932570,113113.m4a
113114,c6d662c2-5af8-4781-bb68-d99162d9d1fa,PD,5927710,113114.m4a
113122,45e954bf-4cec-4b56-a957-d305029baba2,PD,5932698,113122.m4a
113125,0fe6f42c-d3aa-4405-8adb-c4b798701dd5,PD,5929436,113125.m4a
113126,08c23348-8945-4e2f-a339-969b6699f0a2,PD,5929151,113126.m4a
113136,d800bd93-6cf0-419e-81c9-494d1ac63243,PD,5931990,113136.m4a
113166,74de3c85-715c-4962-9cd7-28bdf4e96a73,PD,5930537,113166.m4a
113188,7f8e88d9-4552-4744-978d-9c0101cda816,CONTROL,5932888,113188.m4a
113198,b16a02c7-5ffc-4f03-951b-3b7344637e7b,CONTROL,5928948,113198.m4a
113208,3f68da18-e3d6-426b-801f-9d8ccd46e6cb,PD,5927381,113208.m4a
113224,3e49de20-87df-4588-a7a9-200d31529fa9,PD,5927544,113224.m4a
113237,ca044689-8137-4b17-a448-b80cc34eb651,PD,5930088,113237.m4a
113240,5c751962-a385-4041-8669-6029fd8a6c9d,CONTROL,5931799,113240.m4a
113241,5c751962-a385-4041-8669-6029fd8a6c9d,CONTROL,5927573,113241.m4a
113247,241670d1-1dff-4ff4-bbe2-d3c8b7024ddf,PD,5927116,113247.m4a
113253,beb80def-8dab-4210-9513-61094cf83019,PD,5926857,113253.m4a
113260,1d342238-c509-451d-ba8a-381b3e10f8ef,PD,5931116,113260.m4a
113270,8355ff33-b52f-4667-a2f9-09737395e37d,PD,5926585,113270.m4a
113286,fc1b0a15-721b-4df2-bb32-d0f21a6a3937,PD,5929401,113286.m4a
113305,e520ddff-53a3-407f-8e34-54ae7d0b0889,CONTROL,5931762,113305.m4a
113307,e520ddff-53a3-407f-8e34-54ae7d0b0889,CONTROL,5931617,113307.m4a
113311,3b9ae067-73ab-4b87-bb0a-2f6dc8384c30,PD,5931593,113311.m4a
113312,2555216f-564b-4f7a-b3b4-2329514da181,CONTROL,5931323,113312.m4a
113326,faeab8f9-5e6b-48ef-8e87-3cc7e6da3e5f,PD,5932522,113326.m4a
113337,b80b54cc-7323-4a1e-88cf-112051223fc5,PD,5930506,113337.m4a
113359,aae2ab26-754f-49fa-bcf0-bd403bc9d548,PD,5934558,113359.m4a
113365,06c1e1a9-d0a6-4e8f-ba7c-138a89e23368,PD,5931887,113365.m4a
113405,99618997-2294-413a-ab0f-646ba2f74900,CONTROL,5939661,113405.m4a
113409,b32e227a-d07f-41bf-8f9b-bf0e1cb9c4d1,PD,5934625,113409.m4a
113411,b32e227a-d07f-41bf-8f9b-bf0e1cb9c4d1,PD,5937537,113411.m4a
113420,0160664a-f4af-4071-a4aa-2967f3ea0503,PD,5939448,113420.m4a
113439,334be7a8-26b2-402c-969b-35835693c80c,PD,5934217,113439.m4a
113441,0caf9f7e-f3a1-4fcd-891d-ae6ffcdf61fd,PD,5937373,113441.m4a
113469,7764fee6-d732-4a4e-bfc0-5b406b66c754,CONTROL,6083032,113469.m4a
113491,5e75da0e-e21e-4e5d-b08c-1f85cc63887f,CONTROL,5937604,113491.m4a
113492,5e75da0e-e21e-4e5d-b08c-1f85cc63887f,CONTROL,5935813,113492.m4a
113544,38255249-3be3-4e44-a87a-027ec337293a,PD,5933585,113544.m4a
113554,a348996c-2256-43b7-80b1-a2a9bd6fba5b,PD,5935769,113554.m4a
113555,dacd2d5f-d133-4c09-9dc3-b3dddc9a426d,PD,5935293,113555.m4a
113572,4ca4066e-ca2e-4597-9d24-636301baa3be,CONTROL,5935514,113572.m4a
113573,4ca4066e-ca2e-4597-9d24-636301baa3be,CONTROL,5935981,113573.m4a
113581,334be7a8-26b2-402c-969b-35835693c80c,PD,5933949,113581.m4a
113589,e5d167d6-6b75-4e91-b066-9fb0ad664c4b,PD,5934975,113589.m4a
113590,e5d167d6-6b75-4e91-b066-9fb0ad664c4b,PD,5939752,113590.m4a
113603,7534e915-1c53-4165-891b-b50a1a6ce764,PD,5937165,113603.m4a
113606,e08bb091-4706-4782-8ab2-4bd9d5ed571b,PD,5935392,113606.m4a
113613,e0c58ab7-5ba1-4e60-a3b7-9c28a4e74f69,PD,5938710,113613.m4a
113634,c9fe2198-6dd6-4f22-9b03-4be3f4343864,PD,5937305,113634.m4a
113642,d10c0aa0-8a0d-4717-8816-f025a8a9a350,CONTROL,5935887,113642.m4a
113658,4254ec6b-3a08-4baa-a909-e7737189bb06,PD,5935693,113658.m4a
113667,8b33df13-5686-4ac8-8681-815a2df16d45,CONTROL,5939903,113667.m4a
113671,2b61eecc-ec1a-4c1c-88e0-67eab8ef6200,PD,5939737,113671.m4a
113676,8b33df13-5686-4ac8-8681-815a2df16d45,CONTROL,5936073,113676.m4a
113681,724fcf9a-bc00-440f-b2ba-0a9f6ea7a719,PD,5933572,113681.m4a
113687,87f076c1-953a-4646-82ef-f7ff7560db7e,CONTROL,5935171,113687.m4a
113693,9f02a39c-2d0a-468f-b22a-2354731b5e28,PD,5937950,113693.m4a
113694,9f02a39c-2d0a-468f-b22a-2354731b5e28,PD,5933738,113694.m4a
113699,7fb561a3-8f90-49d2-a39b-55ea3f78a17b,PD,5935607,113699.m4a
113702,6f23069b-fbdc-4089-91c1-b0c284cd25c1,CONTROL,5939122,113702.m4a
113718,2651eed7-4576-4c3e-b327-5cafcc374f1c,PD,5934501,113718.m4a
113733,863ddb69-fb81-4e17-8273-845c5aaa2fb6,PD,5935762,113733.m4a
113741,230af3bf-7f59-4ad1-8fb1-8286acfc5f8a,PD,5936369,113741.m4a
113743,4bcd662c-afe8-41ee-8a13-6dec733422e7,CONTROL,5939953,113743.m4a
113747,4a594906-4d78-4c65-a259-d93122f549d6,PD,5937933,113747.m4a
113856,58ecd2e3-66be-4596-bc48-dfb2d009528a,PD,5947423,113856.m4a
113867,e8b3b9a4-a48e-4212-aad8-0ee8d9a4f911,PD,5944187,113867.m4a
113873,5ce69643-aeec-44e5-a5cc-4c06d36f5979,PD,5942265,113873.m4a
113881,36ad38f2-eeb7-4913-9f4d-adb20e53bede,PD,5944288,113881.m4a
113890,1cf9ebed-a8d7-4ea7-9fa6-9d79d15be1a0,CONTROL,5943282,113890.m4a
113891,1cf9ebed-a8d7-4ea7-9fa6-9d79d15be1a0,CONTROL,5946240,113891.m4a
113893,a38c48a0-0ab7-46fe-80c8-6cc55d9b8bbf,PD,5946790,113893.m4a
113894,8ab14817-d7df-4452-af87-23795ee85434,PD,5945855,113894.m4a
113923,7c3d9daa-9116-47c3-8bfc-40769f2e6403,PD,5946889,113923.m4a
113925,7c3d9daa-9116-47c3-8bfc-40769f2e6403,PD,5946363,113925.m4a
113932,9f02a39c-2d0a-468f-b22a-2354731b5e28,PD,5945321,113932.m4a
113934,9f02a39c-2d0a-468f-b22a-2354731b5e28,PD,5946407,113934.m4a
113936,3b9ae067-73ab-4b87-bb0a-2f6dc8384c30,PD,5947925,113936.m4a
113940,ef026044-8bf1-4720-be95-e823c7a6e1df,PD,5940947,113940.m4a
113948,fd2ed83d-c25d-4494-b50e-13471481d998,PD,5942867,113948.m4a
113949,e67c8b17-09c4-40d6-92db-efbcd58d155e,PD,5946263,113949.m4a
113954,668766f9-7922-47f8-8f88-c40451851220,PD,5945537,113954.m4a
113959,ddfe845c-d260-4563-861c-5de5f5fdf6db,CONTROL,5941153,113959.m4a
113968,1ee9c522-d68a-4d32-8113-4c5246986978,PD,5445603,113968.m4a
113981,341cd0ba-cf94-4c8b-9f59-d7ddf0272b02,PD,5941615,113981.m4a
113987,cb3fafc6-b4d3-479b-8a2d-f5f037b96420,PD,5940830,113987.m4a
113997,36db4e88-0c6d-464a-9c5c-f6b128db78d9,CONTROL,5944641,113997.m4a
114012,f8d44faa-f71a-43be-9fa8-8d381b9cc380,PD,5940719,114012.m4a
114039,3ad7ac04-9f0b-4da6-9760-a57ce16fcba9,PD,5941277,114039.m4a
114041,a40ca5f2-ce9e-4eb7-b80a-4db2b431caf5,CONTROL,5941146,114041.m4a
114092,79ef2bb2-d464-4fff-97c8-eec045e2242f,PD,5947284,114092.m4a
114110,916b304f-2392-4134-9f2d-0bad3fde3173,PD,5943992,114110.m4a
114121,54a4aacf-cc21-4abf-a968-c7510cf9ce9b,PD,5946069,114121.m4a
114132,7f10980d-1044-453e-863f-fbbb07c1800a,CONTROL,5943928,114132.m4a
114133,7f10980d-1044-453e-863f-fbbb07c1800a,CONTROL,5943775,114133.m4a
114145,ac1fac1e-9e79-45b4-a130-4f1df05d8d8f,CONTROL,5945502,114145.m4a
114147,e48444ae-5d43-45af-9b18-85c791e33003,CONTROL,5947008,114147.m4a
114148,e787d06a-bcce-4ef0-848e-8b319fc7ce99,PD,5941523,114148.m4a
114153,ace91e65-8378-4aa3-8b9f-53d22475f552,CONTROL,5947168,114153.m4a
114154,59f9f663-3e7c-4e14-97fc-fb0b2d3ccac2,CONTROL,5942871,114154.m4a
114178,2fdb9384-f02e-409f-9d6b-5ffdfc05720d,CONTROL,5952042,114178.m4a
114182,e5d167d6-6b75-4e91-b066-9fb0ad664c4b,PD,5953081,114182.m4a
114187,ac01f080-96a4-4faf-bc80-291a996f6edd,PD,5949819,114187.m4a
114193,2064e6c8-2e96-4353-8bdb-b08cce2e3c4f,PD,5954669,114193.m4a
114195,3ad7ac04-9f0b-4da6-9760-a57ce16fcba9,PD,5954492,114195.m4a
114198,2064e6c8-2e96-4353-8bdb-b08cce2e3c4f,PD,5950788,114198.m4a
114199,2064e6c8-2e96-4353-8bdb-b08cce2e3c4f,PD,5949808,114199.m4a
114203,84cdec84-5148-47d3-822d-b829ef24d11f,PD,5953562,114203.m4a
114246,c526b666-a64c-44b9-8b58-6769213ff9f9,PD,5952641,114246.m4a
114251,81f362ca-e99d-48c1-b820-bbb5485bd6fc,CONTROL,5954700,114251.m4a
114258,36ad38f2-eeb7-4913-9f4d-adb20e53bede,PD,5950143,114258.m4a
114260,344e3ff9-6f63-414e-82eb-b6b4075b8c09,PD,5952133,114260.m4a
114266,b32e227a-d07f-41bf-8f9b-bf0e1cb9c4d1,PD,5949136,114266.m4a
114267,b32e227a-d07f-41bf-8f9b-bf0e1cb9c4d1,PD,5952375,114267.m4a
114270,3ad7ac04-9f0b-4da6-9760-a57ce16fcba9,PD,5953189,114270.m4a
114272,979ead89-70cd-48bb-941c-9c87cc6e4679,PD,5951647,114272.m4a
114282,ea23d6c9-b231-405a-b4ae-79e42a0c749e,PD,5951056,114282.m4a
114290,c9fe2198-6dd6-4f22-9b03-4be3f4343864,PD,5950643,114290.m4a
114298,6b104542-0b0a-4421-a490-568f66c7ebc4,PD,5562409,114298.m4a
114314,dacd2d5f-d133-4c09-9dc3-b3dddc9a426d,PD,5954151,114314.m4a
114335,15f3fcdc-93e4-402f-8526-72e06ace8419,PD,5949123,114335.m4a
114336,344b785d-d12a-47b6-95ba-fa05eecd7e8b,PD,5953052,114336.m4a
114364,61858ea1-2479-4144-bb3b-ef8415e60ab1,PD,5953198,114364.m4a
114439,7457113a-34bd-4324-935c-f66bd33f1e4b,PD,5952979,114439.m4a
114449,48507a7c-dff7-4db0-9558-a27b30e11aa9,PD,5953341,114449.m4a
114464,67258105-115d-42aa-af10-fabaf10b462c,PD,5948962,114464.m4a
114479,3e49de20-87df-4588-a7a9-200d31529fa9,PD,5948993,114479.m4a
114482,9f02a39c-2d0a-468f-b22a-2354731b5e28,PD,5950994,114482.m4a
114483,9f02a39c-2d0a-468f-b22a-2354731b5e28,PD,5954344,114483.m4a
114484,9f02a39c-2d0a-468f-b22a-2354731b5e28,PD,5951145,114484.m4a
114485,b19be7c2-2827-4c8a-82e2-7b42b7e58efb,CONTROL,5953807,114485.m4a
114501,d753252a-9d1a-46dd-84ef-c15afaef3c11,CONTROL,5949533,114501.m4a
114502,d753252a-9d1a-46dd-84ef-c15afaef3c11,CONTROL,5949398,114502.m4a
114511,ac01f080-96a4-4faf-bc80-291a996f6edd,PD,5953992,114511.m4a
114527,99618997-2294-413a-ab0f-646ba2f74900,CONTROL,5414420,114527.m4a
114530,434e495f-b997-479b-bfe8-637d1c99eb97,PD,5414877,114530.m4a
114531,434e495f-b997-479b-bfe8-637d1c99eb97,PD,5419075,114531.m4a
114532,434e495f-b997-479b-bfe8-637d1c99eb97,PD,5425903,114532.m4a
114534,672ccbff-403d-4453-a4e5-10fa429a22b6,PD,5414990,114534.m4a
114549,1c5aba23-36be-4ee0-8396-75f22a64ba0a,CONTROL,5417168,114549.m4a
114550,1c5aba23-36be-4ee0-8396-75f22a64ba0a,CONTROL,5421155,114550.m4a
114588,22c07a06-d6cf-456e-817e-32093cefcbc7,PD,5423440,114588.m4a
114617,b588ca95-25a6-4e16-bfc9-d248ad4e3275,CONTROL,5417240,114617.m4a
114620,ea23d6c9-b231-405a-b4ae-79e42a0c749e,PD,5415408,114620.m4a
114640,81f362ca-e99d-48c1-b820-bbb5485bd6fc,CONTROL,5417853,114640.m4a
114643,ff776fbd-45ad-491b-ba6d-67a74f62c434,CONTROL,5423632,114643.m4a
114645,341a3fde-86c0-464e-a442-d9fb294a53fc,PD,5424218,114645.m4a
114670,344b785d-d12a-47b6-95ba-fa05eecd7e8b,PD,5420095,114670.m4a
114673,5679538a-8bb6-4e37-be37-8c32d835bc13,PD,5413581,114673.m4a
114690,1ff805eb-4e96-4d64-b7a4-cc54aaddf2d6,PD,5426425,114690.m4a
114745,979ead89-70cd-48bb-941c-9c87cc6e4679,PD,5414114,114745.m4a
114753,d45d88b2-c933-4422-ba68-20a78d862371,PD,5425414,114753.m4a
114764,3b9ae067-73ab-4b87-bb0a-2f6dc8384c30,PD,5421338,114764.m4a
114793,2564a9ff-29b3-4d53-a0f9-fcdaf810141f,CONTROL,5416956,114793.m4a
114795,2564a9ff-29b3-4d53-a0f9-fcdaf810141f,CONTROL,5428672,114795.m4a
114816,bd50f579-c27b-4ce3-be19-5e74e1b4752e,CONTROL,5425490,114816.m4a
114829,9af869f8-7cda-4f0b-83ea-b77b9c12838a,PD,5418352,114829.m4a
114844,fbf09241-5c47-467b-8a60-4e7913acb100,PD,5483564,114844.m4a
114845,fbf09241-5c47-467b-8a60-4e7913acb100,PD,5465142,114845.m4a
114867,fbf09241-5c47-467b-8a60-4e7913acb100,PD,5486604,114867.m4a
114903,38255249-3be3-4e44-a87a-027ec337293a,PD,5431426,114903.m4a
114910,0309d5a8-79cd-460a-9a87-6902460ab71d,PD,5445533,114910.m4a
114913,c7077543-6171-41db-a929-30e9355fc378,CONTROL,5434520,114913.m4a
114924,a198560a-cf0a-4610-86a3-a0bb83701336,PD,5439930,114924.m4a
114952,4d394840-210d-42c7-b8d3-cef242f1ee4c,PD,5441383,114952.m4a
114956,b1ff51ac-3f82-42b9-9964-bcc13ef789b6,PD,5442241,114956.m4a
114957,b1ff51ac-3f82-42b9-9964-bcc13ef789b6,PD,5442755,114957.m4a
114958,b1ff51ac-3f82-42b9-9964-bcc13ef789b6,PD,5441594,114958.m4a
115010,e89d35b9-9000-4432-8307-c518320d92f0,PD,5436634,115010.m4a
115011,ea23d6c9-b231-405a-b4ae-79e42a0c749e,PD,5431929,115011.m4a
115012,ea23d6c9-b231-405a-b4ae-79e42a0c749e,PD,5431311,115012.m4a
115015,3e49de20-87df-4588-a7a9-200d31529fa9,PD,5442108,115015.m4a
115016,3e49de20-87df-4588-a7a9-200d31529fa9,PD,5438601,115016.m4a
115030,07b332a9-e798-4f6a-8156-48bf814d5555,CONTROL,5435499,115030.m4a
115032,07b332a9-e798-4f6a-8156-48bf814d5555,CONTROL,5433974,115032.m4a
115051,137d8116-d157-4a0e-8c31-6aa2f2e80a23,CONTROL,5436000,115051.m4a
115053,137d8116-d157-4a0e-8c31-6aa2f2e80a23,CONTROL,5434838,115053.m4a
115054,45e954bf-4cec-4b56-a957-d305029baba2,PD,5442301,115054.m4a
115061,e08bb091-4706-4782-8ab2-4bd9d5ed571b,PD,5441058,115061.m4a
115063,61e223ac-4657-48b8-89b0-d37df5c85d39,PD,5441426,115063.m4a
115111,a7d9e6fb-c78c-467e-b2cf-06db6ad64ea3,CONTROL,5441272,115111.m4a
115121,34094d7c-ed2b-4fc1-9146-635e608329d5,PD,5444122,115121.m4a
115139,fd955abe-b6ae-4de2-bd09-cee736a10b96,CONTROL,5439565,115139.m4a
115141,fd955abe-b6ae-4de2-bd09-cee736a10b96,CONTROL,5437523,115141.m4a
115145,ed4fa5e4-0293-4f2b-be92-00d2ecd09adc,CONTROL,5434776,115145.m4a
115147,ed4fa5e4-0293-4f2b-be92-00d2ecd09adc,CONTROL,5443760,115147.m4a
115161,fbf09241-5c47-467b-8a60-4e7913acb100,PD,5488941,115161.m4a
115163,46242d15-41f9-417c-b454-ddd95a4f451c,PD,5446852,115163.m4a
115183,15cd9496-900a-44bb-948b-12a24b101615,PD,5448572,115183.m4a
115184,0160664a-f4af-4071-a4aa-2967f3ea0503,PD,5453395,115184.m4a
115189,61e223ac-4657-48b8-89b0-d37df5c85d39,PD,5449208,115189.m4a
115218,e1f4b4cb-de75-41c1-a56b-69f1125d75e7,CONTROL,5521355,115218.m4a
115219,e1f4b4cb-de75-41c1-a56b-69f1125d75e7,CONTROL,5528376,115219.m4a
115246,36ad38f2-eeb7-4913-9f4d-adb20e53bede,PD,5450086,115246.m4a
115250,db680ae0-b45f-41e8-8828-e93cb4e766ab,CONTROL,5463382,115250.m4a
115252,db680ae0-b45f-41e8-8828-e93cb4e766ab,CONTROL,5453142,115252.m4a
115275,3ad7ac04-9f0b-4da6-9760-a57ce16fcba9,PD,5462860,115275.m4a
115277,911bf2ad-b97f-41c0-9d6e-786397e71c66,PD,5449689,115277.m4a
115279,c7077543-6171-41db-a929-30e9355fc378,CONTROL,5446823,115279.m4a
115285,911bf2ad-b97f-41c0-9d6e-786397e71c66,PD,5460096,115285.m4a
115287,911bf2ad-b97f-41c0-9d6e-786397e71c66,PD,5462901,115287.m4a
115295,2f246524-fe24-4a26-b0a7-2f2fa8dd07be,CONTROL,5454187,115295.m4a
115296,2f246524-fe24-4a26-b0a7-2f2fa8dd07be,CONTROL,5453624,115296.m4a
115298,ea23d6c9-b231-405a-b4ae-79e42a0c749e,PD,5451535,115298.m4a
115299,ea23d6c9-b231-405a-b4ae-79e42a0c749e,PD,5452696,115299.m4a
115300,ea23d6c9-b231-405a-b4ae-79e42a0c749e,PD,5450478,115300.m4a
115317,45e954bf-4cec-4b56-a957-d305029baba2,PD,5453177,115317.m4a
115324,e08bb091-4706-4782-8ab2-4bd9d5ed571b,PD,5456654,115324.m4a
115325,0c8ec688-c888-4692-9fa1-100f2ab9f52c,PD,5452577,115325.m4a
115339,94c5b58f-e328-430a-bfd2-ba06e02d582a,PD,5459476,115339.m4a
115344,07c2702c-c2f8-4d90-917a-8dbbb4bf2899,PD,5463217,115344.m4a
115347,dad8731f-fd89-47e4-9111-989b8781386c,PD,5454689,115347.m4a
115353,7ac9ffb0-4626-49e6-b474-1d8d6523c090,CONTROL,5450710,115353.m4a
115354,7ac9ffb0-4626-49e6-b474-1d8d6523c090,CONTROL,5459897,115354.m4a
115356,1ff805eb-4e96-4d64-b7a4-cc54aaddf2d6,PD,5459681,115356.m4a
115392,edd71f00-1144-42f5-8f7a-9d6b861cace1,PD,5450127,115392.m4a
115395,c99fe45c-dd0f-4f78-b643-a0bfce0314e0,PD,5453764,115395.m4a
115396,c99fe45c-dd0f-4f78-b643-a0bfce0314e0,PD,5462921,115396.m4a
115410,091b0186-0d08-4b3d-816d-2fd7a7a222d9,PD,5455311,115410.m4a
115412,091b0186-0d08-4b3d-816d-2fd7a7a222d9,PD,5455704,115412.m4a
115413,091b0186-0d08-4b3d-816d-2fd7a7a222d9,PD,5451256,115413.m4a
115426,e81d303a-9c3a-41d9-8fd5-4cd913d66f1a,CONTROL,5463804,115426.m4a
115437,08c23348-8945-4e2f-a339-969b6699f0a2,PD,5463549,115437.m4a
115463,0a4662b0-9ee3-4029-af85-7e342cb87810,PD,5451435,115463.m4a
115477,78010fed-1684-4cd1-871d-3ae32d30c636,CONTROL,5448076,115477.m4a
115483,21a71204-0893-4c88-b6e3-8f101a25268c,PD,5450754,115483.m4a
115487,aae2ab26-754f-49fa-bcf0-bd403bc9d548,PD,5459267,115487.m4a
115490,1b0a049f-42bf-487b-a5f3-9fc614b1158f,PD,5449937,115490.m4a
115491,1b0a049f-42bf-487b-a5f3-9fc614b1158f,PD,5446816,115491.m4a
115495,7521c80d-7d73-41a2-8a88-6003e50efa00,CONTROL,5459509,115495.m4a
115500,fc1b0a15-721b-4df2-bb32-d0f21a6a3937,PD,5487110,115500.m4a
115501,fc1b0a15-721b-4df2-bb32-d0f21a6a3937,PD,5476763,115501.m4a
115503,fbf09241-5c47-467b-8a60-4e7913acb100,PD,5482172,115503.m4a
115523,d0ae0ee1-165b-4e5a-9caa-ad8a17688445,PD,5481766,115523.m4a
115564,32e23bb4-c2ca-489e-a580-d432d05e015e,PD,5476250,115564.m4a
115565,bef1ea2d-5077-4798-b0da-1197294e4443,PD,5467142,115565.m4a
115566,bef1ea2d-5077-4798-b0da-1197294e4443,PD,5477012,115566.m4a
115567,bef1ea2d-5077-4798-b0da-1197294e4443,PD,5472137,115567.m4a
115569,341cd0ba-cf94-4c8b-9f59-d7ddf0272b02,PD,5479245,115569.m4a
115577,06c1e1a9-d0a6-4e8f-ba7c-138a89e23368,PD,5487757,115577.m4a
115585,ea6cfe5c-d81f-41e3-bfbe-d5a502795e66,CONTROL,5471099,115585.m4a
115597,aeaddf6d-0d86-4b41-afbd-78e65fa31635,PD,5469535,115597.m4a
115627,3e49de20-87df-4588-a7a9-200d31529fa9,PD,5479787,115627.m4a
115638,edabf0ed-e6b3-43dc-a271-7b35b683e96a,PD,5489191,115638.m4a
115639,563945fa-a039-49be-810c-903f94c19a48,CONTROL,5467915,115639.m4a
115640,563945fa-a039-49be-810c-903f94c19a48,CONTROL,5477503,115640.m4a
115651,aa91e6ba-523d-4926-8318-c2f689ac9400,PD,5467180,115651.m4a
115666,ace91e65-8378-4aa3-8b9f-53d22475f552,CONTROL,5481921,115666.m4a
115674,0ff0bc01-2178-4962-b308-226c72db91d1,CONTROL,5472632,115674.m4a
115676,0ff0bc01-2178-4962-b308-226c72db91d1,CONTROL,5477902,115676.m4a
115679,36f78c32-2c4d-4dc5-bd15-75f9a0e405c2,PD,5476377,115679.m4a
115682,98cebf27-8771-455b-a624-c2fafa48e249,PD,5485485,115682.m4a
115695,e08bb091-4706-4782-8ab2-4bd9d5ed571b,PD,5477987,115695.m4a
115733,ae03b396-5f75-4b2b-8f7f-aafb1649c9b6,CONTROL,5487174,115733.m4a
115735,ae03b396-5f75-4b2b-8f7f-aafb1649c9b6,CONTROL,5483477,115735.m4a
115745,63a30995-5a9c-44fe-b54d-4dbb09585871,CONTROL,5484920,115745.m4a
115747,beb80def-8dab-4210-9513-61094cf83019,PD,5480254,115747.m4a
115762,f50b21c7-d92f-4468-9c3d-a6214b93e094,CONTROL,5489421,115762.m4a
115790,7bfa7f2b-6cd6-4f9b-b0f2-cdbcd2a5ef6e,PD,5474749,115790.m4a
115791,7bfa7f2b-6cd6-4f9b-b0f2-cdbcd2a5ef6e,PD,5488680,115791.m4a
115793,7bfa7f2b-6cd6-4f9b-b0f2-cdbcd2a5ef6e,PD,5481758,115793.m4a
115820,31ad111e-ad77-4064-82ba-24bff3887ced,CONTROL,5480428,115820.m4a
115822,31ad111e-ad77-4064-82ba-24bff3887ced,CONTROL,5476122,115822.m4a
115825,91242c09-13de-411b-a163-324d6c9cae93,CONTROL,5479195,115825.m4a
115827,91242c09-13de-411b-a163-324d6c9cae93,CONTROL,5473892,115827.m4a
115828,79ef2bb2-d464-4fff-97c8-eec045e2242f,PD,5473151,115828.m4a
115830,79ef2bb2-d464-4fff-97c8-eec045e2242f,PD,5474265,115830.m4a
115852,61ff874f-406a-4367-abba-5d3d79289cac,CONTROL,5471821,115852.m4a
115853,61ff874f-406a-4367-abba-5d3d79289cac,CONTROL,5473357,115853.m4a
115865,b6068566-faa7-4af7-964d-867993dc1406,CONTROL,5479222,115865.m4a
115867,6f727f03-013f-4467-92d1-a93fe32112a8,CONTROL,5485158,115867.m4a
115869,6f727f03-013f-4467-92d1-a93fe32112a8,CONTROL,5468983,115869.m4a
115874,fbf09241-5c47-467b-8a60-4e7913acb100,PD,5497610,115874.m4a
115875,fbf09241-5c47-467b-8a60-4e7913acb100,PD,5501321,115875.m4a
115880,bef1ea2d-5077-4798-b0da-1197294e4443,PD,5501233,115880.m4a
115881,bef1ea2d-5077-4798-b0da-1197294e4443,PD,5508758,115881.m4a
115882,bef1ea2d-5077-4798-b0da-1197294e4443,PD,5493689,115882.m4a
115890,462d754c-dc70-4768-9126-e045cd21c72e,PD,5504295,115890.m4a
115903,0ff78cd3-71c0-4586-a34c-d7b05e101de5,PD,5508357,115903.m4a
115915,9ec9973c-57c9-44f9-8958-abaa36a6c101,CONTROL,5499204,115915.m4a
115916,9ec9973c-57c9-44f9-8958-abaa36a6c101,CONTROL,5494005,115916.m4a
115950,205b0b4f-e990-49d7-b47e-9e2c2585a1bc,PD,5493183,115950.m4a
115967,06c1e1a9-d0a6-4e8f-ba7c-138a89e23368,PD,5494168,115967.m4a
115971,cca0e761-68e4-4131-826c-9cc4883cc4de,PD,5496473,115971.m4a
115976,ef0b42be-8574-466f-ac60-c0ad8a73cb0a,CONTROL,5491632,115976.m4a
115977,ef0b42be-8574-466f-ac60-c0ad8a73cb0a,CONTROL,5499251,115977.m4a
115994,911bf2ad-b97f-41c0-9d6e-786397e71c66,PD,5494547,115994.m4a
115999,54a4aacf-cc21-4abf-a968-c7510cf9ce9b,PD,5500216,115999.m4a
116053,1846fbe3-a121-4a76-adce-92563ae2ea3f,PD,5502640,116053.m4a
116056,075e065a-ee03-49ca-9ce1-f68749809e2d,PD,5492023,116056.m4a
116074,9a201650-4a5b-4637-ab5c-828d8f3823c5,PD,5507882,116074.m4a
116077,65b94556-f0ef-430a-aa63-1cedf45db945,CONTROL,5492841,116077.m4a
116078,65b94556-f0ef-430a-aa63-1cedf45db945,CONTROL,5505513,116078.m4a
116086,1decd53d-fe4b-45fe-ae73-f7e8beb83f9a,CONTROL,5501571,116086.m4a
116087,1decd53d-fe4b-45fe-ae73-f7e8beb83f9a,CONTROL,5496435,116087.m4a
116112,1df4be0a-0ca9-4d09-ac65-73424dc45a19,PD,5502967,116112.m4a
116135,edabf0ed-e6b3-43dc-a271-7b35b683e96a,PD,5503719,116135.m4a
116137,beb80def-8dab-4210-9513-61094cf83019,PD,5510083,116137.m4a
116143,6d0c10f2-c149-4993-901d-270a275476a2,PD,5509644,116143.m4a
116145,6d0c10f2-c149-4993-901d-270a275476a2,PD,5492460,116145.m4a
116154,f8d44faa-f71a-43be-9fa8-8d381b9cc380,PD,5510737,116154.m4a
116163,3bdb74e5-249d-4d7b-a915-72f512947ad6,CONTROL,5505294,116163.m4a
116185,487959bf-bab4-488a-a9ae-67b4e645f347,PD,5494290,116185.m4a
116202,36f78c32-2c4d-4dc5-bd15-75f9a0e405c2,PD,5498309,116202.m4a
116203,63a30995-5a9c-44fe-b54d-4dbb09585871,CONTROL,5497615,116203.m4a
116212,36f78c32-2c4d-4dc5-bd15-75f9a0e405c2,PD,5498117,116212.m4a
116213,36f78c32-2c4d-4dc5-bd15-75f9a0e405c2,PD,5502257,116213.m4a
116219,d2a8cd5a-da74-4c31-a7e8-c2627feebdf7,CONTROL,5502352,116219.m4a
116226,15f3fcdc-93e4-402f-8526-72e06ace8419,PD,5495289,116226.m4a
116239,b236ecf4-e95e-4ab1-bc61-8b613138c3ad,PD,5503650,116239.m4a
116244,3da9bb7d-123e-4715-aef9-c51a7a9fa0d3,CONTROL,5498857,116244.m4a
116246,3da9bb7d-123e-4715-aef9-c51a7a9fa0d3,CONTROL,5509070,116246.m4a
116247,b6068566-faa7-4af7-964d-867993dc1406,CONTROL,5502029,116247.m4a
116256,ff699dbc-26d4-4dae-8c34-d0fb7b96ae21,CONTROL,5502922,116256.m4a
116260,8fbc64b0-d22e-49a7-b954-f21477b489fb,CONTROL,5491964,116260.m4a
116268,55bcb727-1f1e-4359-8b48-91a972758042,PD,5500455,116268.m4a
116298,b236ecf4-e95e-4ab1-bc61-8b613138c3ad,PD,5530059,116298.m4a
116307,a1913b93-ccbb-42d0-8386-1b11ce13980b,PD,5513069,116307.m4a
116309,a1913b93-ccbb-42d0-8386-1b11ce13980b,PD,5518951,116309.m4a
116319,b4bb8c67-33ac-4333-b1aa-6b79babc40fc,PD,5521614,116319.m4a
116354,17df4507-13ad-4bc6-825f-326fe7255548,PD,5531834,116354.m4a
116355,17df4507-13ad-4bc6-825f-326fe7255548,PD,5515981,116355.m4a
116365,17df4507-13ad-4bc6-825f-326fe7255548,PD,5512451,116365.m4a
116368,31267c25-bffe-4f04-984a-acd95a3f4fe8,PD,5529137,116368.m4a
116369,73d67610-d66b-4a4b-b606-d98a8ada5f03,PD,5526230,116369.m4a
116376,edabf0ed-e6b3-43dc-a271-7b35b683e96a,PD,5519486,116376.m4a
116391,9870a2ea-a8bf-47e5-9e52-556124ca5a45,CONTROL,5531798,116391.m4a
116403,aeaddf6d-0d86-4b41-afbd-78e65fa31635,PD,5515881,116403.m4a
116414,ea0c7ba0-b78c-4f38-9bf2-685d5ec434eb,PD,5524906,116414.m4a
116418,911bf2ad-b97f-41c0-9d6e-786397e71c66,PD,5617289,116418.m4a
116419,d800bd93-6cf0-419e-81c9-494d1ac63243,PD,5529680,116419.m4a
116437,dacd2d5f-d133-4c09-9dc3-b3dddc9a426d,PD,5524536,116437.m4a
116444,eb0e8e58-7c7f-4f8d-8f24-4a62167b3d1f,CONTROL,5513674,116444.m4a
116446,e08bb091-4706-4782-8ab2-4bd9d5ed571b,PD,5522409,116446.m4a
116455,3b9ae067-73ab-4b87-bb0a-2f6dc8384c30,PD,5513421,116455.m4a
116467,cd8fce05-0edb-4ee4-9560-88b88276ae87,PD,5528043,116467.m4a
116478,300e5d1f-5a38-4e78-8f42-1d580b74569a,PD,5523648,116478.m4a
116479,edabf0ed-e6b3-43dc-a271-7b35b683e96a,PD,5522984,116479.m4a
116490,ab759582-c94a-481d-8e38-081bb79c25b6,CONTROL,5529574,116490.m4a
116505,710f2d79-1468-40b1-9ab5-beb8721f43a5,PD,5535049,116505.m4a
116511,3331546d-4372-4700-b1b7-45758a7c9f77,PD,5525933,116511.m4a
116512,b236ecf4-e95e-4ab1-bc61-8b613138c3ad,PD,5530923,116512.m4a
116513,edabf0ed-e6b3-43dc-a271-7b35b683e96a,PD,5526609,116513.m4a
116534,aa91e6ba-523d-4926-8318-c2f689ac9400,PD,5529044,116534.m4a
116538,1d342238-c509-451d-ba8a-381b3e10f8ef,PD,5513572,116538.m4a
116543,21a71204-0893-4c88-b6e3-8f101a25268c,PD,5525874,116543.m4a
116559,ee3691f6-e782-4c7e-a432-415604a9e139,CONTROL,5520150,116559.m4a
116571,4f694e5b-e4f9-4b70-98e2-2ac426d09b4a,CONTROL,5528208,116571.m4a
116572,1df4be0a-0ca9-4d09-ac65-73424dc45a19,PD,5513462,116572.m4a
116574,0309d5a8-79cd-460a-9a87-6902460ab71d,PD,5525889,116574.m4a
116590,cd8fce05-0edb-4ee4-9560-88b88276ae87,PD,5519420,116590.m4a
116621,8564dce3-15a1-4b13-ab15-cb1aa68485c5,CONTROL,5530298,116621.m4a
116622,8564dce3-15a1-4b13-ab15-cb1aa68485c5,CONTROL,5516092,116622.m4a
116632,d1d723b3-3fba-4cd6-94a7-104c8ec9f018,CONTROL,5516314,116632.m4a
116634,d1d723b3-3fba-4cd6-94a7-104c8ec9f018,CONTROL,5525216,116634.m4a
116640,5930ff36-3951-4bb0-8e6e-893169e1a353,CONTROL,5550623,116640.m4a
116660,49cead59-3e1c-48ac-85c7-bffe67dbd09a,CONTROL,5541212,116660.m4a
116664,cd8fce05-0edb-4ee4-9560-88b88276ae87,PD,5550573,116664.m4a
116666,cd8fce05-0edb-4ee4-9560-88b88276ae87,PD,5537328,116666.m4a
116668,dbfdaf53-55b4-4347-8a35-988f05a7965d,PD,5535388,116668.m4a
116675,01b25cac-97dc-4f16-b266-742a25a768d0,CONTROL,5542869,116675.m4a
116702,b802e1b5-7cc0-48c3-9dfe-3d0f209cef85,CONTROL,5550750,116702.m4a
116722,cbc65362-9f6a-40a7-8b7f-96f8a9e7c44d,PD,5543783,116722.m4a
116731,a1913b93-ccbb-42d0-8386-1b11ce13980b,PD,5547821,116731.m4a
116732,a1913b93-ccbb-42d0-8386-1b11ce13980b,PD,5539983,116732.m4a
116736,df0838f4-c644-4be7-a2f2-5e3b2af78883,PD,5546735,116736.m4a
116757,cd8fce05-0edb-4ee4-9560-88b88276ae87,PD,5546588,116757.m4a
116764,a57dcd0f-0dc6-4e71-808b-26dffe02acb9,PD,5543945,116764.m4a
116766,aa91e6ba-523d-4926-8318-c2f689ac9400,PD,5547060,116766.m4a
116799,8e171009-f2cd-4043-bcd6-7283cc373301,PD,5545821,116799.m4a
116813,d0ae0ee1-165b-4e5a-9caa-ad8a17688445,PD,5544802,116813.m4a
116820,a348996c-2256-43b7-80b1-a2a9bd6fba5b,PD,5549808,116820.m4a
116851,5c6b4a9f-3e9b-4332-9c90-d3d8bd5935ea,CONTROL,5533710,116851.m4a
116863,efcf9116-6643-465b-8168-cbbb51fae35d,PD,5546864,116863.m4a
116864,d12d655b-baea-4452-a20a-9b62bea43527,CONTROL,5548622,116864.m4a
116868,d12d655b-baea-4452-a20a-9b62bea43527,CONTROL,5535772,116868.m4a
116880,7fb561a3-8f90-49d2-a39b-55ea3f78a17b,PD,5535401,116880.m4a
116896,dad8731f-fd89-47e4-9111-989b8781386c,PD,5539779,116896.m4a
116912,cbc65362-9f6a-40a7-8b7f-96f8a9e7c44d,PD,5559947,116912.m4a
116920,63f638fd-60cf-476f-a32d-14ae1428fbbf,CONTROL,5537620,116920.m4a
116924,979ead89-70cd-48bb-941c-9c87cc6e4679,PD,5541047,116924.m4a
116935,344b785d-d12a-47b6-95ba-fa05eecd7e8b,PD,5549717,116935.m4a
116949,6c03b508-d521-46ea-8e69-4143e8dbfdfd,PD,5546475,116949.m4a
116960,0177a257-8a43-4d56-aa12-8b3965690aac,CONTROL,5538193,116960.m4a
116962,0177a257-8a43-4d56-aa12-8b3965690aac,CONTROL,5536682,116962.m4a
116981,9884c3bf-86bb-4370-acbf-19db34cf297c,PD,5565350,116981.m4a
116982,3331546d-4372-4700-b1b7-45758a7c9f77,PD,5560360,116982.m4a
117003,cbc65362-9f6a-40a7-8b7f-96f8a9e7c44d,PD,5569122,117003.m4a
117008,31267c25-bffe-4f04-984a-acd95a3f4fe8,PD,5554847,117008.m4a
117024,c52568e5-916e-472a-9606-41ca7c0648e0,PD,5557181,117024.m4a
117027,9b3adfa3-30cc-4ef2-9ad6-fbc964f19982,PD,5566746,117027.m4a
117030,73d67610-d66b-4a4b-b606-d98a8ada5f03,PD,5565799,117030.m4a
117031,36f78c32-2c4d-4dc5-bd15-75f9a0e405c2,PD,5560070,117031.m4a
117032,0c1322de-03e1-428b-afe0-12e0afc4fdde,CONTROL,5556257,117032.m4a
117033,0c1322de-03e1-428b-afe0-12e0afc4fdde,CONTROL,5559784,117033.m4a
117037,6c03b508-d521-46ea-8e69-4143e8dbfdfd,PD,5556220,117037.m4a
117056,99eae8fb-738a-405b-bfc6-333c99a43649,CONTROL,5557346,117056.m4a
117063,b236ecf4-e95e-4ab1-bc61-8b613138c3ad,PD,5564838,117063.m4a
117064,b4bb8c67-33ac-4333-b1aa-6b79babc40fc,PD,5553969,117064.m4a
117076,230af3bf-7f59-4ad1-8fb1-8286acfc5f8a,PD,5563213,117076.m4a
117090,6c03b508-d521-46ea-8e69-4143e8dbfdfd,PD,5562185,117090.m4a
117092,a1913b93-ccbb-42d0-8386-1b11ce13980b,PD,5564826,117092.m4a
117093,a1913b93-ccbb-42d0-8386-1b11ce13980b,PD,5558195,117093.m4a
117094,a1913b93-ccbb-42d0-8386-1b11ce13980b,PD,5559411,117094.m4a
117097,bab29b7e-9b17-420c-b17b-f9f957eaf374,PD,5562945,117097.m4a
117111,4b29f163-61b9-4fce-87be-79688e54b37d,CONTROL,5557090,117111.m4a
117113,e2846d92-1531-491f-ab52-f25f98ccb662,CONTROL,5560857,117113.m4a
117114,e2846d92-1531-491f-ab52-f25f98ccb662,CONTROL,5555888,117114.m4a
117121,b8fcb66e-eec0-4034-9f2b-8e35a26a89fb,CONTROL,5563695,117121.m4a
117122,b8fcb66e-eec0-4034-9f2b-8e35a26a89fb,CONTROL,5554976,117122.m4a
117123,cfd48634-5f84-4a76-a7a0-c49f4314a189,CONTROL,5563642,117123.m4a
117154,291b2c16-eb62-46e0-a99b-6fc3bc31cd38,PD,5506963,117154.m4a
117159,3331546d-4372-4700-b1b7-45758a7c9f77,PD,5558604,117159.m4a
117166,5bf24650-8e77-46f4-a939-d258048542ae,CONTROL,5571249,117166.m4a
117168,5bf24650-8e77-46f4-a939-d258048542ae,CONTROL,5554378,117168.m4a
117172,aa9e90e2-e5cb-4e6b-8146-54c666f3ffdd,PD,5625641,117172.m4a
117177,dbfdaf53-55b4-4347-8a35-988f05a7965d,PD,5568491,117177.m4a
117187,6c03b508-d521-46ea-8e69-4143e8dbfdfd,PD,5563870,117187.m4a
117191,aa91e6ba-523d-4926-8318-c2f689ac9400,PD,5554729,117191.m4a
117196,523283b6-acc9-4375-ab7a-d7240cd690c3,PD,5569490,117196.m4a
117205,ff699dbc-26d4-4dae-8c34-d0fb7b96ae21,CONTROL,5565168,117205.m4a
117209,9763d117-e959-4e17-a923-ee04990becbc,CONTROL,5561851,117209.m4a
117251,d15e38dd-4b3e-47f4-be4e-f3396bd5827b,PD,5569771,117251.m4a
117258,1dd8a447-0f62-498c-8c51-d4255f6bd43f,CONTROL,5561680,117258.m4a
117259,1dd8a447-0f62-498c-8c51-d4255f6bd43f,CONTROL,5563664,117259.m4a
117283,aa91e6ba-523d-4926-8318-c2f689ac9400,PD,5556875,117283.m4a
117338,aa91e6ba-523d-4926-8318-c2f689ac9400,PD,5578043,117338.m4a
117343,bd770439-5ef9-427a-86a2-0c1ecd8f8f36,CONTROL,5580846,117343.m4a
117346,cfd48634-5f84-4a76-a7a0-c49f4314a189,CONTROL,5581459,117346.m4a
117355,496dbb9d-fc43-4213-b572-4c39f9dee614,CONTROL,5574872,117355.m4a
117356,496dbb9d-fc43-4213-b572-4c39f9dee614,CONTROL,5581541,117356.m4a
117365,aa9e90e2-e5cb-4e6b-8146-54c666f3ffdd,PD,5615767,117365.m4a
117375,beb80def-8dab-4210-9513-61094cf83019,PD,5654186,117375.m4a
117378,230af3bf-7f59-4ad1-8fb1-8286acfc5f8a,PD,5596803,117378.m4a
117386,6c03b508-d521-46ea-8e69-4143e8dbfdfd,PD,5578104,117386.m4a
117391,ea0c7ba0-b78c-4f38-9bf2-685d5ec434eb,PD,5580183,117391.m4a
117414,9a8443b6-957e-4815-8801-e98aa1617774,PD,5575129,117414.m4a
117419,8fbc64b0-d22e-49a7-b954-f21477b489fb,CONTROL,5578811,117419.m4a
117444,595a89a5-ef63-4c16-9465-2a7d1a13d207,CONTROL,5579637,117444.m4a
117465,edd71f00-1144-42f5-8f7a-9d6b861cace1,PD,5579920,117465.m4a
117481,f1b652f1-a0b4-46ea-9756-6b21d6d04600,CONTROL,5575048,117481.m4a
117508,3495ed87-6850-4b7b-b626-63fe7eea0e28,PD,5578832,117508.m4a
117544,cd8fce05-0edb-4ee4-9560-88b88276ae87,PD,5582572,117544.m4a
117555,e8b3b9a4-a48e-4212-aad8-0ee8d9a4f911,PD,5584941,117555.m4a
117568,8769c844-9e0e-449a-ab1e-6949b19dfc27,CONTROL,5598704,117568.m4a
117594,8e171009-f2cd-4043-bcd6-7283cc373301,PD,5596735,117594.m4a
117597,cdb18d7b-6793-48c0-8085-63c2a71ce5a9,PD,5596044,117597.m4a
117609,4a6e924b-74ab-4612-af4a-237a0707b7e6,CONTROL,5596111,117609.m4a
117612,291b2c16-eb62-46e0-a99b-6fc3bc31cd38,PD,5444145,117612.m4a
117641,9109bbe2-90d5-488b-bb0a-7db1c08e3bba,CONTROL,5596502,117641.m4a
117643,9109bbe2-90d5-488b-bb0a-7db1c08e3bba,CONTROL,5588211,117643.m4a
117650,341a3fde-86c0-464e-a442-d9fb294a53fc,PD,5597649,117650.m4a
117667,34094d7c-ed2b-4fc1-9146-635e608329d5,PD,5591201,117667.m4a
117708,75537f2c-b504-4f66-8b38-ed64993d92a6,CONTROL,5593513,117708.m4a
117772,d16452a8-b678-487b-a42f-0e8bea8a8479,PD,5595297,117772.m4a
117776,ee3691f6-e782-4c7e-a432-415604a9e139,CONTROL,5589009,117776.m4a
117778,3e49de20-87df-4588-a7a9-200d31529fa9,PD,5596219,117778.m4a
117782,3b9ae067-73ab-4b87-bb0a-2f6dc8384c30,PD,5596684,117782.m4a
117784,196f96c3-4177-4284-ae0e-9f3e4dd5874e,PD,5598204,117784.m4a
117786,196f96c3-4177-4284-ae0e-9f3e4dd5874e,PD,5593340,117786.m4a
117788,1669e5f3-5c36-4d4f-b219-02435cc4b359,PD,5593515,117788.m4a
117792,1669e5f3-5c36-4d4f-b219-02435cc4b359,PD,5588414,117792.m4a
117795,1669e5f3-5c36-4d4f-b219-02435cc4b359,PD,5600526,117795.m4a
117798,f690974e-8179-4564-ab89-1302590861c4,PD,5593974,117798.m4a
117800,e7f0d9ca-682d-4da8-95c6-3b8ffdca0a03,CONTROL,5594023,117800.m4a
117802,e7f0d9ca-682d-4da8-95c6-3b8ffdca0a03,CONTROL,5592594,117802.m4a
117804,cd8fce05-0edb-4ee4-9560-88b88276ae87,PD,5599018,117804.m4a
117805,06c1e1a9-d0a6-4e8f-ba7c-138a89e23368,PD,5587022,117805.m4a
117812,ccca23f3-7d01-49b8-b018-2c0bff87aa74,CONTROL,5599047,117812.m4a
117813,ccca23f3-7d01-49b8-b018-2c0bff87aa74,CONTROL,5586792,117813.m4a
117822,ea0c7ba0-b78c-4f38-9bf2-685d5ec434eb,PD,5587911,117822.m4a
117830,7dc52ba5-9ce9-42c6-bf4b-c7ce52d1b266,PD,5593327,117830.m4a
117841,55bcb727-1f1e-4359-8b48-91a972758042,PD,5606407,117841.m4a
117845,9ce638c5-90bc-40fe-aa00-6f13e0bdefa2,PD,5628856,117845.m4a
117859,a1ee77ea-113f-408c-a8ae-f2d215cf899c,PD,5609267,117859.m4a
117860,a1ee77ea-113f-408c-a8ae-f2d215cf899c,PD,5612351,117860.m4a
117861,a1ee77ea-113f-408c-a8ae-f2d215cf899c,PD,5615263,117861.m4a
117862,3ad7ac04-9f0b-4da6-9760-a57ce16fcba9,PD,5606285,117862.m4a
117872,87c7217b-7443-4ca3-844b-261b347c53f0,CONTROL,5607744,117872.m4a
117873,87c7217b-7443-4ca3-844b-261b347c53f0,CONTROL,5616329,117873.m4a
117875,7c3d9daa-9116-47c3-8bfc-40769f2e6403,PD,5616405,117875.m4a
117880,7c3d9daa-9116-47c3-8bfc-40769f2e6403,PD,5614868,117880.m4a
117887,36f78c32-2c4d-4dc5-bd15-75f9a0e405c2,PD,5602611,117887.m4a
117888,36f78c32-2c4d-4dc5-bd15-75f9a0e405c2,PD,5616683,117888.m4a
117922,94c5b58f-e328-430a-bfd2-ba06e02d582a,PD,5616931,117922.m4a
117929,a0fb7792-8c3e-411f-b4a3-7338773b5321,CONTROL,5618867,117929.m4a
117930,a0fb7792-8c3e-411f-b4a3-7338773b5321,CONTROL,5610244,117930.m4a
117946,7a2f4b85-0b8c-46f5-bb2c-5fb0f414d0b2,PD,5609403,117946.m4a
117947,65dddc8a-713c-44e0-ab3f-116834deb894,CONTROL,5612060,117947.m4a
117948,65dddc8a-713c-44e0-ab3f-116834deb894,CONTROL,5604026,117948.m4a
117973,e06e1420-a969-4311-abcb-cf2cd4203e53,PD,5615343,117973.m4a
117974,55525e7d-758d-4494-a2e4-d7e2bd3faa70,CONTROL,5606707,117974.m4a
117977,3505f51a-467c-4fae-9025-eda3e517f313,PD,5614430,117977.m4a
118018,e24901df-03a6-4c94-9b32-41e815d2a6df,PD,5605377,118018.m4a
118038,82214d0a-c0b5-4828-a104-05204d8b34c7,CONTROL,5605650,118038.m4a
118039,82214d0a-c0b5-4828-a104-05204d8b34c7,CONTROL,5613595,118039.m4a
118059,6a6a768b-94ff-41c8-b42f-c2db47efa2e4,PD,5609084,118059.m4a
118074,487959bf-bab4-488a-a9ae-67b4e645f347,PD,5606134,118074.m4a
118079,8e171009-f2cd-4043-bcd6-7283cc373301,PD,5615248,118079.m4a
118084,702bc6dd-423f-4416-ae41-deded2e81ed7,PD,5618800,118084.m4a
118091,ac7c3961-9268-42b7-aeb7-fc4c49c7a6bb,PD,5603354,118091.m4a
118098,c9dd72c9-2873-4bcb-97fb-ea98e9eede18,CONTROL,5609185,118098.m4a
118100,edd71f00-1144-42f5-8f7a-9d6b861cace1,PD,5615306,118100.m4a
118133,1669e5f3-5c36-4d4f-b219-02435cc4b359,PD,5609227,118133.m4a
118134,1669e5f3-5c36-4d4f-b219-02435cc4b359,PD,5606979,118134.m4a
118136,1669e5f3-5c36-4d4f-b219-02435cc4b359,PD,5606939,118136.m4a
118144,ea4e9d07-246e-402b-9c13-dfdae3fb3736,CONTROL,5607433,118144.m4a
118145,ea4e9d07-246e-402b-9c13-dfdae3fb3736,CONTROL,5618842,118145.m4a
118156,672ccbff-403d-4453-a4e5-10fa429a22b6,PD,5628365,118156.m4a
118159,94eae1a4-a21e-4cec-a710-b2db73d9b304,CONTROL,5626810,118159.m4a
118160,94eae1a4-a21e-4cec-a710-b2db73d9b304,CONTROL,5623201,118160.m4a
118168,0ff78cd3-71c0-4586-a34c-d7b05e101de5,PD,5636164,118168.m4a
118176,e06e1420-a969-4311-abcb-cf2cd4203e53,PD,5622906,118176.m4a
118233,a198560a-cf0a-4610-86a3-a0bb83701336,PD,5636549,118233.m4a
118238,cbc65362-9f6a-40a7-8b7f-96f8a9e7c44d,PD,5627012,118238.m4a
118239,22c07a06-d6cf-456e-817e-32093cefcbc7,PD,5632048,118239.m4a
118265,ea0c7ba0-b78c-4f38-9bf2-685d5ec434eb,PD,5623973,118265.m4a
118269,15c66b8c-1f91-461d-92cf-2bb6043dede5,PD,5629816,118269.m4a
118283,595a89a5-ef63-4c16-9465-2a7d1a13d207,CONTROL,5631984,118283.m4a
118284,cbc65362-9f6a-40a7-8b7f-96f8a9e7c44d,PD,5631796,118284.m4a
118287,cd769996-6281-44b2-b36b-f0eeb94fa0a5,PD,5632129,118287.m4a
118290,15f3fcdc-93e4-402f-8526-72e06ace8419,PD,5633114,118290.m4a
118295,9ce638c5-90bc-40fe-aa00-6f13e0bdefa2,PD,5635268,118295.m4a
118322,f165226a-61dc-4f78-9903-d42f08b24a7a,PD,5625056,118322.m4a
118351,776122cd-333b-400a-af9d-39771b26fa4d,PD,5627077,118351.m4a
118359,520c4e9b-36e9-4f16-af15-e42367ee3664,CONTROL,5623891,118359.m4a
118361,520c4e9b-36e9-4f16-af15-e42367ee3664,CONTROL,5629897,118361.m4a
118375,efcf9116-6643-465b-8168-cbbb51fae35d,PD,5631533,118375.m4a
118387,34094d7c-ed2b-4fc1-9146-635e608329d5,PD,5622554,118387.m4a
118405,08c23348-8945-4e2f-a339-969b6699f0a2,PD,5634412,118405.m4a
118416,a5f94fc6-0d8c-4068-aca1-f50330fa1a8f,CONTROL,5628727,118416.m4a
118453,95158838-e8c4-4dcd-834c-6ebd319d5f11,PD,5625648,118453.m4a
118540,95158838-e8c4-4dcd-834c-6ebd319d5f11,PD,5642059,118540.m4a
118556,e06e1420-a969-4311-abcb-cf2cd4203e53,PD,5649801,118556.m4a
118563,32f542ec-25d9-4807-b473-7334ae0d9391,PD,5641639,118563.m4a
118565,b84cf1a5-e7fa-44ae-9dcf-49645ecaeaa1,CONTROL,5644746,118565.m4a
118572,edabf0ed-e6b3-43dc-a271-7b35b683e96a,PD,5641420,118572.m4a
118578,a57dcd0f-0dc6-4e71-808b-26dffe02acb9,PD,5648713,118578.m4a
118623,7c7283c6-8bd1-4112-bab2-7d3e05bef338,PD,5646185,118623.m4a
118641,65cec515-ea00-4cc1-afae-b41c4a03bc15,CONTROL,5639479,118641.m4a
118656,1ee9c522-d68a-4d32-8113-4c5246986978,PD,5533848,118656.m4a
118657,7fb561a3-8f90-49d2-a39b-55ea3f78a17b,PD,5645528,118657.m4a
118658,d028d551-16c1-4846-8d1e-1672a76f05c4,CONTROL,5641602,118658.m4a
118679,075e065a-ee03-49ca-9ce1-f68749809e2d,PD,5643221,118679.m4a
118721,18459133-823f-45ba-81d1-1d382eaae88f,PD,5645812,118721.m4a
118780,4a650fe2-15f0-416d-8493-c7dc50fe265c,PD,5665615,118780.m4a
118800,74de3c85-715c-4962-9cd7-28bdf4e96a73,PD,5664161,118800.m4a
118812,523283b6-acc9-4375-ab7a-d7240cd690c3,PD,5659371,118812.m4a
118816,31267c25-bffe-4f04-984a-acd95a3f4fe8,PD,5654780,118816.m4a
118830,22c07a06-d6cf-456e-817e-32093cefcbc7,PD,5653346,118830.m4a
118833,edabf0ed-e6b3-43dc-a271-7b35b683e96a,PD,5651927,118833.m4a
118840,b9ecb0c6-44be-47d7-856c-5a6722a321e6,PD,5654857,118840.m4a
118872,c0d01d8f-d71c-4dd0-ba46-8ed4f96d03eb,PD,5662269,118872.m4a
118873,c0d01d8f-d71c-4dd0-ba46-8ed4f96d03eb,PD,5656684,118873.m4a
118874,c0d01d8f-d71c-4dd0-ba46-8ed4f96d03eb,PD,5663799,118874.m4a
118875,b46f3c22-0824-48d6-84f5-bfef4b0f3a3c,PD,5658282,118875.m4a
118880,7b75a41d-6ff3-48a5-b540-264d45d2533c,PD,5657263,118880.m4a
118890,4a318f75-f290-44cf-9bb3-5080e546b13f,PD,5655843,118890.m4a
118906,98cebf27-8771-455b-a624-c2fafa48e249,PD,5659559,118906.m4a
118917,beb80def-8dab-4210-9513-61094cf83019,PD,5655381,118917.m4a
118931,8d96385c-ce21-457a-959e-9683445b2cdb,PD,5624213,118931.m4a
118940,73d67610-d66b-4a4b-b606-d98a8ada5f03,PD,5654979,118940.m4a
118945,e2ffb634-8b2d-4d3b-b194-2c20515cc3e9,CONTROL,5658747,118945.m4a
118954,230af3bf-7f59-4ad1-8fb1-8286acfc5f8a,PD,5657376,118954.m4a
118985,a348a3f6-c81c-42ae-a76f-c059eedccf74,CONTROL,5665114,118985.m4a
119010,ea0c7ba0-b78c-4f38-9bf2-685d5ec434eb,PD,5664370,119010.m4a
119012,ea0c7ba0-b78c-4f38-9bf2-685d5ec434eb,PD,5660665,119012.m4a
119018,8e171009-f2cd-4043-bcd6-7283cc373301,PD,5653588,119018.m4a
119057,9870a2ea-a8bf-47e5-9e52-556124ca5a45,CONTROL,5669045,119057.m4a
119068,ffab2631-dfe1-4f5e-bd9e-f763e8aede19,PD,5674429,119068.m4a
119069,15cd9496-900a-44bb-948b-12a24b101615,PD,5670594,119069.m4a
119105,7b4a5d18-d6dc-4fab-84ad-da4d31c2314b,PD,5669942,119105.m4a
119106,7b4a5d18-d6dc-4fab-84ad-da4d31c2314b,PD,5673627,119106.m4a
119138,e279c3c2-501f-42db-a486-d05a44ff7277,CONTROL,5669967,119138.m4a
119141,e279c3c2-501f-42db-a486-d05a44ff7277,CONTROL,5670909,119141.m4a
119147,549e0f48-4f8c-41be-9912-d85c709bdbdf,PD,5670308,119147.m4a
119158,45e954bf-4cec-4b56-a957-d305029baba2,PD,5667627,119158.m4a
119178,c2de5c4c-9de5-4978-8f9f-9c783ea06ae2,PD,5671906,119178.m4a
119180,3f68da18-e3d6-426b-801f-9d8ccd46e6cb,PD,5666510,119180.m4a
119181,3f68da18-e3d6-426b-801f-9d8ccd46e6cb,PD,5667225,119181.m4a
119189,7c7283c6-8bd1-4112-bab2-7d3e05bef338,PD,5669452,119189.m4a
119207,df0838f4-c644-4be7-a2f2-5e3b2af78883,PD,5667869,119207.m4a
119213,f91ad75b-4362-4e52-9f60-66edc4504114,PD,5674731,119213.m4a
119232,099fa3fb-332f-4bd1-bb38-215d02e84472,CONTROL,5581181,119232.m4a
119275,8a57c087-461f-40db-bf30-4c18e6da8d74,CONTROL,5654126,119275.m4a
119276,8a57c087-461f-40db-bf30-4c18e6da8d74,CONTROL,5635341,119276.m4a
119279,8e171009-f2cd-4043-bcd6-7283cc373301,PD,5540695,119279.m4a
119285,d45d88b2-c933-4422-ba68-20a78d862371,PD,5749040,119285.m4a
119307,ea66cb62-1e80-4a09-a98d-e589925c957c,PD,5643264,119307.m4a
119319,95158838-e8c4-4dcd-834c-6ebd319d5f11,PD,5686909,119319.m4a
119359,462d754c-dc70-4768-9126-e045cd21c72e,PD,5588853,119359.m4a
119391,3070acf0-23ab-40c5-8afc-ba869e122c00,PD,5701156,119391.m4a
119396,e742d73b-37d9-42a1-82ad-a0b20cf8ee70,PD,5513910,119396.m4a
119398,e742d73b-37d9-42a1-82ad-a0b20cf8ee70,PD,5742552,119398.m4a
119399,e742d73b-37d9-42a1-82ad-a0b20cf8ee70,PD,5570855,119399.m4a
119416,8581aca4-37a2-4600-8526-4b5adfaa01fb,PD,5722148,119416.m4a
119418,94f2efba-483e-4a85-b3ee-ca5a6b2a56fa,CONTROL,5495882,119418.m4a
119423,fc5daf3d-baa4-415d-8ae5-d456afa65082,PD,5528107,119423.m4a
119424,fc5daf3d-baa4-415d-8ae5-d456afa65082,PD,5667190,119424.m4a
119425,fc5daf3d-baa4-415d-8ae5-d456afa65082,PD,5606228,119425.m4a
119446,e492c66c-b2ec-4a5c-8d0e-9468df117667,PD,5689002,119446.m4a
119455,8ca0d801-30e2-4839-9130-d61f0b658db3,CONTROL,5489096,119455.m4a
119457,8ca0d801-30e2-4839-9130-d61f0b658db3,CONTROL,5674973,119457.m4a
119481,c47976b1-7149-48d4-883d-83491c0c01ef,CONTROL,5654168,119481.m4a
119496,7c3d9daa-9116-47c3-8bfc-40769f2e6403,PD,5550824,119496.m4a
119497,7c3d9daa-9116-47c3-8bfc-40769f2e6403,PD,5704162,119497.m4a
119500,075e065a-ee03-49ca-9ce1-f68749809e2d,PD,5684197,119500.m4a
119510,aa91e6ba-523d-4926-8318-c2f689ac9400,PD,5519262,119510.m4a
119561,6870774a-1206-4c46-94df-c7ec9d02b220,CONTROL,5581763,119561.m4a
119565,6870774a-1206-4c46-94df-c7ec9d02b220,CONTROL,5675628,119565.m4a
119607,487959bf-bab4-488a-a9ae-67b4e645f347,PD,5755905,119607.m4a
119615,0bc051fe-d863-4e20-8fb9-cc899bf3b072,PD,5653339,119615.m4a
119616,0bc051fe-d863-4e20-8fb9-cc899bf3b072,PD,5685114,119616.m4a
119617,0bc051fe-d863-4e20-8fb9-cc899bf3b072,PD,5733197,119617.m4a
119624,e492c66c-b2ec-4a5c-8d0e-9468df117667,PD,5536986,119624.m4a
119678,f7e546d8-9831-4cc1-b3ac-176de8da6698,PD,5749653,119678.m4a
119679,f7e546d8-9831-4cc1-b3ac-176de8da6698,PD,5762591,119679.m4a
119680,f7e546d8-9831-4cc1-b3ac-176de8da6698,PD,5511666,119680.m4a
119689,e9f14c5b-4647-4370-ae94-b0040c4e5a58,PD,5675317,119689.m4a
119694,df0838f4-c644-4be7-a2f2-5e3b2af78883,PD,5640622,119694.m4a
119736,1b0a049f-42bf-487b-a5f3-9fc614b1158f,PD,5711099,119736.m4a
119742,b63dd39c-d5d2-4525-9be3-9dc454793bae,CONTROL,5618629,119742.m4a
119743,b63dd39c-d5d2-4525-9be3-9dc454793bae,CONTROL,5745516,119743.m4a
119763,341a3fde-86c0-464e-a442-d9fb294a53fc,PD,5546052,119763.m4a
119767,a39f5fd1-4e9f-4abf-bfa5-e4b6015f46cf,CONTROL,5648222,119767.m4a
119768,a39f5fd1-4e9f-4abf-bfa5-e4b6015f46cf,CONTROL,5713724,119768.m4a
119776,31267c25-bffe-4f04-984a-acd95a3f4fe8,PD,5692115,119776.m4a
119794,9884c3bf-86bb-4370-acbf-19db34cf297c,PD,5597154,119794.m4a
119855,4a650fe2-15f0-416d-8493-c7dc50fe265c,PD,5714803,119855.m4a
119861,c6d662c2-5af8-4781-bb68-d99162d9d1fa,PD,5687590,119861.m4a
119864,8581aca4-37a2-4600-8526-4b5adfaa01fb,PD,5729324,119864.m4a
119865,8581aca4-37a2-4600-8526-4b5adfaa01fb,PD,5531149,119865.m4a
119881,f1303319-bb87-4fd7-a1a7-0ad314de4208,CONTROL,5764245,119881.m4a
119883,f1303319-bb87-4fd7-a1a7-0ad314de4208,CONTROL,5491803,119883.m4a
119890,e06e1420-a969-4311-abcb-cf2cd4203e53,PD,5724610,119890.m4a
119894,e8b3b9a4-a48e-4212-aad8-0ee8d9a4f911,PD,5709438,119894.m4a
119900,877f8fcf-4491-42f0-883b-f2e4e0a32854,PD,5738561,119900.m4a
119906,5d1e7f3b-eb68-4780-8ba4-7de911ef596b,CONTROL,5734251,119906.m4a
119938,f91ad75b-4362-4e52-9f60-66edc4504114,PD,5752688,119938.m4a
119943,973bb81b-7908-4b96-bea5-97b1f020bda2,CONTROL,5737324,119943.m4a
119979,710f2d79-1468-40b1-9ab5-beb8721f43a5,PD,5667362,119979.m4a
119989,fc1b0a15-721b-4df2-bb32-d0f21a6a3937,PD,5597559,119989.m4a
119993,0cce2793-973f-4612-b75e-2d0f02e6c4f8,CONTROL,5691075,119993.m4a
119994,0cce2793-973f-4612-b75e-2d0f02e6c4f8,CONTROL,5527265,119994.m4a
120000,81434ce9-c1db-4717-81e4-f49b0942e321,PD,5706580,120000.m4a
120028,931f2f33-aa96-4a37-8983-2be5330b6a7c,CONTROL,5618366,120028.m4a
120038,841b5b7b-d7f0-4489-b371-1edb59fbbfc8,PD,5736567,120038.m4a
120090,7b75a41d-6ff3-48a5-b540-264d45d2533c,PD,5741720,120090.m4a
120092,edd71f00-1144-42f5-8f7a-9d6b861cace1,PD,5756935,120092.m4a
120095,b46f3c22-0824-48d6-84f5-bfef4b0f3a3c,PD,5631174,120095.m4a
120128,e5d167d6-6b75-4e91-b066-9fb0ad664c4b,PD,5554669,120128.m4a
120129,e5d167d6-6b75-4e91-b066-9fb0ad664c4b,PD,5611223,120129.m4a
120153,979ead89-70cd-48bb-941c-9c87cc6e4679,PD,5598961,120153.m4a
120154,487959bf-bab4-488a-a9ae-67b4e645f347,PD,5492663,120154.m4a
120163,b9ecb0c6-44be-47d7-856c-5a6722a321e6,PD,5697342,120163.m4a
120173,075e065a-ee03-49ca-9ce1-f68749809e2d,PD,5769481,120173.m4a
120181,fdd42ab8-1733-4af4-a840-b39af25a4dca,PD,5760866,120181.m4a
120200,8581aca4-37a2-4600-8526-4b5adfaa01fb,PD,5694018,120200.m4a
120201,979ead89-70cd-48bb-941c-9c87cc6e4679,PD,5702458,120201.m4a
120217,68f20d02-839a-4927-9778-acdd1ead65ea,CONTROL,5560332,120217.m4a
120239,edd71f00-1144-42f5-8f7a-9d6b861cace1,PD,5761062,120239.m4a
120268,8b7badff-6955-47ce-9867-c170f7d79dbd,CONTROL,5614222,120268.m4a
120314,87a468ce-50e9-4622-aac3-d4c90c2b1ebf,PD,5671942,120314.m4a
120367,ac01f080-96a4-4faf-bc80-291a996f6edd,PD,5746234,120367.m4a
120368,8c05d90d-87b5-4d21-bbb4-7dff631499f2,CONTROL,5686781,120368.m4a
120369,8c05d90d-87b5-4d21-bbb4-7dff631499f2,CONTROL,5655500,120369.m4a
120390,3ade11f0-6e95-4518-be99-0480b0f90b03,PD,5487434,120390.m4a
120395,e5d167d6-6b75-4e91-b066-9fb0ad664c4b,PD,5629018,120395.m4a
120402,4a737487-88d4-4c11-8bfe-d9fc79197f9b,PD,5727699,120402.m4a
120410,7409fa83-dd54-4a62-9a54-1b74835cc744,CONTROL,5497450,120410.m4a
120419,9ce638c5-90bc-40fe-aa00-6f13e0bdefa2,PD,5589776,120419.m4a
120423,73d67610-d66b-4a4b-b606-d98a8ada5f03,PD,5733752,120423.m4a
120457,e06e1420-a969-4311-abcb-cf2cd4203e53,PD,5546521,120457.m4a
120465,0085b356-0550-4cf1-85bd-2bcd89bf1201,PD,5738698,120465.m4a
120468,f91ad75b-4362-4e52-9f60-66edc4504114,PD,5747776,120468.m4a
120469,33ca6db6-ba23-4f6f-9797-a32b0d8971b3,CONTROL,5665559,120469.m4a
120472,a198560a-cf0a-4610-86a3-a0bb83701336,PD,5731111,120472.m4a
120473,a198560a-cf0a-4610-86a3-a0bb83701336,PD,5700576,120473.m4a
120482,aa7989be-a371-46d1-afd8-2d731bb1593c,PD,5559713,120482.m4a
120483,8beab5c6-6067-4c47-b655-1901f5a534a8,PD,5564191,120483.m4a
120503,58ecd2e3-66be-4596-bc48-dfb2d009528a,PD,5701344,120503.m4a
120521,e24901df-03a6-4c94-9b32-41e815d2a6df,PD,5564167,120521.m4a
120533,caf22d0c-9371-47bb-a194-dd54a41c6fc1,CONTROL,5583604,120533.m4a
120535,caf22d0c-9371-47bb-a194-dd54a41c6fc1,CONTROL,5731110,120535.m4a
120538,d7956523-80fc-4cb4-80e1-8ae5cceabc7b,PD,5583012,120538.m4a
120540,d7956523-80fc-4cb4-80e1-8ae5cceabc7b,PD,5600543,120540.m4a
120542,d7956523-80fc-4cb4-80e1-8ae5cceabc7b,PD,5669662,120542.m4a
120564,79ee90fb-0a31-451d-8d1a-0b716e16a74a,CONTROL,5660250,120564.m4a
120593,b9950d56-f8df-4a4a-9396-091f23c9971c,PD,5487710,120593.m4a
120597,30a7a2e8-12a2-4680-b14e-c61de5fbde57,CONTROL,5661305,120597.m4a
120598,30a7a2e8-12a2-4680-b14e-c61de5fbde57,CONTROL,5746962,120598.m4a
120648,ffab2631-dfe1-4f5e-bd9e-f763e8aede19,PD,5611312,120648.m4a
120649,a50dfd03-6211-47ff-9d94-8026c65eed93,PD,5558743,120649.m4a
120685,b9ecb0c6-44be-47d7-856c-5a6722a321e6,PD,5544227,120685.m4a
120690,b9ecb0c6-44be-47d7-856c-5a6722a321e6,PD,5499222,120690.m4a
120698,241670d1-1dff-4ff4-bbe2-d3c8b7024ddf,PD,5597494,120698.m4a
120703,429f28e7-e79f-490a-9184-9632d95688fb,CONTROL,5683466,120703.m4a
120704,429f28e7-e79f-490a-9184-9632d95688fb,CONTROL,5770418,120704.m4a
120723,f91ad75b-4362-4e52-9f60-66edc4504114,PD,5519435,120723.m4a
120726,8beab5c6-6067-4c47-b655-1901f5a534a8,PD,5576362,120726.m4a
120730,b66b7bd7-6dab-40f2-a887-eaa66b883d78,CONTROL,5723320,120730.m4a
120734,8581aca4-37a2-4600-8526-4b5adfaa01fb,PD,5487144,120734.m4a
120744,d2a8cd5a-da74-4c31-a7e8-c2627feebdf7,CONTROL,5745867,120744.m4a
120756,df0838f4-c644-4be7-a2f2-5e3b2af78883,PD,5635661,120756.m4a
120759,3e7e6085-a641-4b0f-bcda-c4fb3c0d3fe4,PD,5612449,120759.m4a
120781,4a737487-88d4-4c11-8bfe-d9fc79197f9b,PD,5736021,120781.m4a
120785,4a737487-88d4-4c11-8bfe-d9fc79197f9b,PD,5515035,120785.m4a
120786,4a737487-88d4-4c11-8bfe-d9fc79197f9b,PD,5759710,120786.m4a
120853,87a468ce-50e9-4622-aac3-d4c90c2b1ebf,PD,5750324,120853.m4a
120870,f8d44faa-f71a-43be-9fa8-8d381b9cc380,PD,5612697,120870.m4a
120878,46242d15-41f9-417c-b454-ddd95a4f451c,PD,5733590,120878.m4a
120905,55bcb727-1f1e-4359-8b48-91a972758042,PD,5509708,120905.m4a
120915,a50dfd03-6211-47ff-9d94-8026c65eed93,PD,5564084,120915.m4a
120945,8b694c8e-3ce1-4e55-89ae-d034e1602bdf,PD,5653661,120945.m4a
120952,c4a2904e-2e5f-4fb4-9890-7e5c66d2fa7d,PD,5539786,120952.m4a
120953,74c3a417-1bbb-4e30-a9c2-421e43076310,CONTROL,5593810,120953.m4a
120959,b9ecb0c6-44be-47d7-856c-5a6722a321e6,PD,5601631,120959.m4a
120963,b9ecb0c6-44be-47d7-856c-5a6722a321e6,PD,5708384,120963.m4a
120967,90550db0-af30-495f-8d7c-5749577cdae2,PD,5770135,120967.m4a
120971,aae2ab26-754f-49fa-bcf0-bd403bc9d548,PD,5610059,120971.m4a
120980,23c1a565-1761-4fe4-90a6-dcc9b9a4ee47,PD,5728436,120980.m4a
120988,f91ad75b-4362-4e52-9f60-66edc4504114,PD,5617136,120988.m4a
121016,f91ad75b-4362-4e52-9f60-66edc4504114,PD,5528689,121016.m4a
121018,bd2eb667-0abc-4efb-b706-a7aaa67e6148,CONTROL,5752854,121018.m4a
121021,bd2eb667-0abc-4efb-b706-a7aaa67e6148,CONTROL,5555081,121021.m4a
121051,79ef2bb2-d464-4fff-97c8-eec045e2242f,PD,5545301,121051.m4a
121052,8e171009-f2cd-4043-bcd6-7283cc373301,PD,5485695,121052.m4a
121063,9a201650-4a5b-4637-ab5c-828d8f3823c5,PD,5663092,121063.m4a
121163,0b421cde-9889-4004-ad1e-0775008269e4,CONTROL,5592257,121163.m4a
121171,cbc65362-9f6a-40a7-8b7f-96f8a9e7c44d,PD,5508770,121171.m4a
121177,b9ecb0c6-44be-47d7-856c-5a6722a321e6,PD,5683063,121177.m4a
121186,8b7badff-6955-47ce-9867-c170f7d79dbd,CONTROL,5544442,121186.m4a
121190,b4bb8c67-33ac-4333-b1aa-6b79babc40fc,PD,5726904,121190.m4a
121200,a38c48a0-0ab7-46fe-80c8-6cc55d9b8bbf,PD,5611883,121200.m4a
121208,06651da4-0fd7-48c1-be70-c19f39101d1f,PD,5706076,121208.m4a
121209,06651da4-0fd7-48c1-be70-c19f39101d1f,PD,5640607,121209.m4a
121217,8376ef66-3a6a-414b-888b-11f4f37dab8f,CONTROL,5525476,121217.m4a
121218,8376ef66-3a6a-414b-888b-11f4f37dab8f,CONTROL,5611328,121218.m4a
121238,58ecd2e3-66be-4596-bc48-dfb2d009528a,PD,5634362,121238.m4a
121241,6e706d61-ed30-4083-98f6-88eed185d216,CONTROL,5759754,121241.m4a
121242,6e706d61-ed30-4083-98f6-88eed185d216,CONTROL,5614953,121242.m4a
121248,230af3bf-7f59-4ad1-8fb1-8286acfc5f8a,PD,5724942,121248.m4a
121255,4d394840-210d-42c7-b8d3-cef242f1ee4c,PD,5707893,121255.m4a
121264,3f57d04a-be4c-4226-98cd-3784f6335455,CONTROL,5693976,121264.m4a
121265,3f57d04a-be4c-4226-98cd-3784f6335455,CONTROL,5754042,121265.m4a
121269,cd07f135-bfc7-4bf5-86f9-d4eacd78aa56,PD,5681866,121269.m4a
121277,eae99e5d-565d-4ff8-a695-a24d75439d30,CONTROL,5761277,121277.m4a
121279,eae99e5d-565d-4ff8-a695-a24d75439d30,CONTROL,5695840,121279.m4a
121290,3e7e6085-a641-4b0f-bcda-c4fb3c0d3fe4,PD,5770307,121290.m4a
121291,3e7e6085-a641-4b0f-bcda-c4fb3c0d3fe4,PD,5580004,121291.m4a
121292,3e7e6085-a641-4b0f-bcda-c4fb3c0d3fe4,PD,5600786,121292.m4a
121305,1326e345-8eef-4164-8fae-ac84354566c3,CONTROL,5660688,121305.m4a
121308,1326e345-8eef-4164-8fae-ac84354566c3,CONTROL,5765546,121308.m4a
121344,2fdb9384-f02e-409f-9d6b-5ffdfc05720d,CONTROL,5631966,121344.m4a
121346,324780ec-d753-4ba2-b682-eb3295b5fc0b,CONTROL,5739778,121346.m4a
121357,d49ab276-4836-406b-a462-b79d3b4deab4,PD,5678294,121357.m4a
121374,8b694c8e-3ce1-4e55-89ae-d034e1602bdf,PD,5605085,121374.m4a
121383,be1c514d-40e8-44f8-ac33-5cb2a647f02d,PD,5731346,121383.m4a
121408,beb80def-8dab-4210-9513-61094cf83019,PD,5743542,121408.m4a
121437,3e5e2393-ca69-4961-b794-edbe233c6405,CONTROL,5766641,121437.m4a
121439,9a201650-4a5b-4637-ab5c-828d8f3823c5,PD,5768679,121439.m4a
121456,31c6ee10-7647-4328-9b44-a741c4c266cf,CONTROL,5657139,121456.m4a
121469,b8e9bf71-ef8c-46e0-add9-e7bb45b6ce63,CONTROL,5517609,121469.m4a
121523,5c46ab3f-fa7b-49dd-8ec4-be297df07aff,CONTROL,5498900,121523.m4a
121525,5c46ab3f-fa7b-49dd-8ec4-be297df07aff,CONTROL,5563881,121525.m4a
121549,ac7c3961-9268-42b7-aeb7-fc4c49c7a6bb,PD,5600776,121549.m4a
121557,79ef2bb2-d464-4fff-97c8-eec045e2242f,PD,5699559,121557.m4a
121584,8eff683a-5bfe-4c5c-b686-07dbb7c36326,PD,5761282,121584.m4a
121609,32e23bb4-c2ca-489e-a580-d432d05e015e,PD,5695744,121609.m4a
121611,2a5128d1-3ed7-49ee-a299-4025d6702faf,PD,5488022,121611.m4a
121614,8581aca4-37a2-4600-8526-4b5adfaa01fb,PD,5502989,121614.m4a
121616,8581aca4-37a2-4600-8526-4b5adfaa01fb,PD,5766127,121616.m4a
121631,32953066-8cd4-4b87-a8f0-86f6edc4f9d8,PD,5579838,121631.m4a
121633,841b5b7b-d7f0-4489-b371-1edb59fbbfc8,PD,5611146,121633.m4a
121639,92da6dbb-ddd2-4a0f-90e4-46de8b1566ac,PD,5631487,121639.m4a
121658,df0838f4-c644-4be7-a2f2-5e3b2af78883,PD,5623893,121658.m4a
121686,aa9e90e2-e5cb-4e6b-8146-54c666f3ffdd,PD,5600301,121686.m4a
121690,3505f51a-467c-4fae-9025-eda3e517f313,PD,5754868,121690.m4a
121691,3505f51a-467c-4fae-9025-eda3e517f313,PD,5542847,121691.m4a
121703,30712a06-af02-484a-875b-5b4c268f1b62,PD,5514991,121703.m4a
121714,79ee90fb-0a31-451d-8d1a-0b716e16a74a,CONTROL,5737835,121714.m4a
121737,3e7e6085-a641-4b0f-bcda-c4fb3c0d3fe4,PD,5702240,121737.m4a
121745,776122cd-333b-400a-af9d-39771b26fa4d,PD,5540193,121745.m4a
121766,df0838f4-c644-4be7-a2f2-5e3b2af78883,PD,5770184,121766.m4a
121800,dcf2f2da-7729-45d2-91f3-513a97c1e123,CONTROL,5691326,121800.m4a
121803,3e7e6085-a641-4b0f-bcda-c4fb3c0d3fe4,PD,5730103,121803.m4a
121819,a50dfd03-6211-47ff-9d94-8026c65eed93,PD,5696173,121819.m4a
121821,dcf2f2da-7729-45d2-91f3-513a97c1e123,CONTROL,5557860,121821.m4a
121881,c6d662c2-5af8-4781-bb68-d99162d9d1fa,PD,5743963,121881.m4a
121890,a38c48a0-0ab7-46fe-80c8-6cc55d9b8bbf,PD,5666292,121890.m4a
121927,72a68a80-a22b-4eff-b835-5b7bbec6c85c,PD,5508361,121927.m4a
121960,3331546d-4372-4700-b1b7-45758a7c9f77,PD,5683680,121960.m4a
121961,a1e397e3-35f8-400b-bd32-725e8fa802b5,CONTROL,5686043,121961.m4a
121962,a1e397e3-35f8-400b-bd32-725e8fa802b5,CONTROL,5628577,121962.m4a
121976,cbc65362-9f6a-40a7-8b7f-96f8a9e7c44d,PD,5570892,121976.m4a
121987,06c1e1a9-d0a6-4e8f-ba7c-138a89e23368,PD,5726585,121987.m4a
122016,8e171009-f2cd-4043-bcd6-7283cc373301,PD,5717882,122016.m4a
122040,ac01f080-96a4-4faf-bc80-291a996f6edd,PD,5533075,122040.m4a
122045,edd71f00-1144-42f5-8f7a-9d6b861cace1,PD,5618833,122045.m4a
122047,edd71f00-1144-42f5-8f7a-9d6b861cace1,PD,5560587,122047.m4a
122083,30712a06-af02-484a-875b-5b4c268f1b62,PD,5705065,122083.m4a
122093,18f576f9-5c80-43a7-8492-2a739d1b5f2b,PD,5705585,122093.m4a
122094,18f576f9-5c80-43a7-8492-2a739d1b5f2b,PD,5688398,122094.m4a
122096,18f576f9-5c80-43a7-8492-2a739d1b5f2b,PD,5628562,122096.m4a
122110,230af3bf-7f59-4ad1-8fb1-8286acfc5f8a,PD,5680239,122110.m4a
122132,e06e1420-a969-4311-abcb-cf2cd4203e53,PD,5746990,122132.m4a
122137,15c66b8c-1f91-461d-92cf-2bb6043dede5,PD,5540353,122137.m4a
122143,e8b3b9a4-a48e-4212-aad8-0ee8d9a4f911,PD,5739244,122143.m4a
122147,549e0f48-4f8c-41be-9912-d85c709bdbdf,PD,5628381,122147.m4a
122155,03d50e89-143a-4084-bc25-4b13077ff381,CONTROL,5599442,122155.m4a
122170,c6d662c2-5af8-4781-bb68-d99162d9d1fa,PD,5651825,122170.m4a
122182,1a382d20-1b1b-46cb-aefc-3450645d108b,PD,5733738,122182.m4a
122186,f66a1772-e3d0-41a0-92ea-030a3ec90b06,CONTROL,5728751,122186.m4a
122188,f66a1772-e3d0-41a0-92ea-030a3ec90b06,CONTROL,5624123,122188.m4a
122194,fe13293e-2105-40ba-9d3c-e0f7853a9608,CONTROL,5524010,122194.m4a
122195,fe13293e-2105-40ba-9d3c-e0f7853a9608,CONTROL,5687439,122195.m4a
122212,161ed364-2891-4ace-83f4-d7da815205ed,PD,5702958,122212.m4a
122225,bc384b14-4e8b-40db-8e24-09250d446589,CONTROL,5700618,122225.m4a
122231,c4e4c40f-fbe2-4a64-86c2-27e67f9bd865,CONTROL,5598203,122231.m4a
122233,c4e4c40f-fbe2-4a64-86c2-27e67f9bd865,CONTROL,5575339,122233.m4a
122268,528fa5e5-8713-49c0-b496-ace23fcae330,CONTROL,5591429,122268.m4a
122280,892e03ef-850b-40fe-b6ed-6473cedbdfef,CONTROL,5746948,122280.m4a
122303,702bc6dd-423f-4416-ae41-deded2e81ed7,PD,5639136,122303.m4a
122308,64c09c0f-8877-426b-915b-db682c68537a,CONTROL,5544259,122308.m4a
122316,672ccbff-403d-4453-a4e5-10fa429a22b6,PD,5761938,122316.m4a
122324,0ff78cd3-71c0-4586-a34c-d7b05e101de5,PD,5745627,122324.m4a
122332,18f576f9-5c80-43a7-8492-2a739d1b5f2b,PD,5624357,122332.m4a
122352,5d1e7f3b-eb68-4780-8ba4-7de911ef596b,CONTROL,5756299,122352.m4a
122356,f00ece10-8e77-4bee-8d25-eb5b4d71b98f,CONTROL,5759675,122356.m4a
122357,8eff683a-5bfe-4c5c-b686-07dbb7c36326,PD,5487785,122357.m4a
122361,58df81c2-5777-4d88-a158-10b93dafc03f,CONTROL,5620720,122361.m4a
122363,58df81c2-5777-4d88-a158-10b93dafc03f,CONTROL,5691170,122363.m4a
122366,1ff805eb-4e96-4d64-b7a4-cc54aaddf2d6,PD,5620380,122366.m4a
122381,cd769996-6281-44b2-b36b-f0eeb94fa0a5,PD,5506705,122381.m4a
122415,40328412-76ac-4907-bac6-9f2f0801bf27,CONTROL,5589020,122415.m4a
122417,40328412-76ac-4907-bac6-9f2f0801bf27,CONTROL,5516606,122417.m4a
122419,1a382d20-1b1b-46cb-aefc-3450645d108b,PD,5715053,122419.m4a
122420,1a382d20-1b1b-46cb-aefc-3450645d108b,PD,5535211,122420.m4a
122421,1a382d20-1b1b-46cb-aefc-3450645d108b,PD,5492646,122421.m4a
122446,a82b7d9b-e613-4632-b38b-63e5b5ba6b54,CONTROL,5712685,122446.m4a
122463,2e5b0e02-a940-447a-8b7e-a70b25ca174f,CONTROL,5766838,122463.m4a
122464,f07fc398-c07d-4ef0-9d10-987ba6d6f979,CONTROL,5485024,122464.m4a
122469,776122cd-333b-400a-af9d-39771b26fa4d,PD,5667555,122469.m4a
122480,3668cabf-b088-45b6-baea-dfaf819b6325,PD,5654226,122480.m4a
122485,bc384b14-4e8b-40db-8e24-09250d446589,CONTROL,5569690,122485.m4a
122494,72a68a80-a22b-4eff-b835-5b7bbec6c85c,PD,5684809,122494.m4a
122495,d45d88b2-c933-4422-ba68-20a78d862371,PD,5716198,122495.m4a
122504,2947bc95-102e-4255-8d70-53a0d10f9b9f,PD,5489100,122504.m4a
122506,a9c9dd7a-dd2d-47c5-9641-4d33e7ca59f0,CONTROL,5746405,122506.m4a
122524,9e1cb5b6-3618-4950-9b07-4c50c6633b40,CONTROL,5711682,122524.m4a
122532,a82b7d9b-e613-4632-b38b-63e5b5ba6b54,CONTROL,5538711,122532.m4a
122561,790a3eb9-d5e9-4caa-bd5a-aaae98ea82c1,CONTROL,5603078,122561.m4a
122562,790a3eb9-d5e9-4caa-bd5a-aaae98ea82c1,CONTROL,5658989,122562.m4a
122576,cd769996-6281-44b2-b36b-f0eeb94fa0a5,PD,5548371,122576.m4a
122610,6a6a768b-94ff-41c8-b42f-c2db47efa2e4,PD,5542147,122610.m4a
122641,e3b0cddb-b69c-4aa2-a988-72409a8d21ed,CONTROL,5669962,122641.m4a
122667,300e5d1f-5a38-4e78-8f42-1d580b74569a,PD,5577648,122667.m4a
122686,afc1967c-5f55-4034-8d01-824c3b1bb35d,PD,5681282,122686.m4a
122687,18f576f9-5c80-43a7-8492-2a739d1b5f2b,PD,5762062,122687.m4a
122689,d800bd93-6cf0-419e-81c9-494d1ac63243,PD,5492220,122689.m4a
122691,61858ea1-2479-4144-bb3b-ef8415e60ab1,PD,5525390,122691.m4a
122697,3d859196-243f-45de-b3b1-a0379b49d958,PD,5767283,122697.m4a
122705,1ac98e27-8239-493a-a444-c413721732e3,CONTROL,5725690,122705.m4a
122717,1d342238-c509-451d-ba8a-381b3e10f8ef,PD,5491854,122717.m4a
122743,a198560a-cf0a-4610-86a3-a0bb83701336,PD,5672900,122743.m4a
122761,5737bff3-0b05-45d8-a78c-0cd341ac23f1,PD,5532685,122761.m4a
122772,b80b54cc-7323-4a1e-88cf-112051223fc5,PD,5717058,122772.m4a
122817,d87bd7e7-6c4b-4a94-9b30-6e1381c65dc7,PD,5750301,122817.m4a
122818,935773e2-04ab-42ea-9163-ce49268fec4d,PD,5596335,122818.m4a
122852,300e5d1f-5a38-4e78-8f42-1d580b74569a,PD,5479082,122852.m4a
122867,955f5ac1-c81e-4b88-ac23-b53585f52513,CONTROL,5565297,122867.m4a
122876,81434ce9-c1db-4717-81e4-f49b0942e321,PD,5590036,122876.m4a
122891,69e73a84-0924-4112-8fbe-9803feaf1cef,PD,5634877,122891.m4a
122903,15cd9496-900a-44bb-948b-12a24b101615,PD,5501628,122903.m4a
122933,69e73a84-0924-4112-8fbe-9803feaf1cef,PD,5558662,122933.m4a
122940,dad8731f-fd89-47e4-9111-989b8781386c,PD,5741116,122940.m4a
122943,48386877-ca33-4ac0-b904-75ef577360fc,CONTROL,5494597,122943.m4a
122946,15cd9496-900a-44bb-948b-12a24b101615,PD,5712860,122946.m4a
122956,487959bf-bab4-488a-a9ae-67b4e645f347,PD,5736742,122956.m4a
122960,075e065a-ee03-49ca-9ce1-f68749809e2d,PD,5676693,122960.m4a
122970,a8676059-3bbd-4c88-afbf-b52b63e26490,CONTROL,5556999,122970.m4a
122973,69e73a84-0924-4112-8fbe-9803feaf1cef,PD,5720197,122973.m4a
122986,9884c3bf-86bb-4370-acbf-19db34cf297c,PD,5684740,122986.m4a
122990,b1ca3ed9-85b1-48c3-9af8-287194405fb4,CONTROL,5770553,122990.m4a
123002,b1ca3ed9-85b1-48c3-9af8-287194405fb4,CONTROL,5597191,123002.m4a
123018,e3b0cddb-b69c-4aa2-a988-72409a8d21ed,CONTROL,5652167,123018.m4a
123029,aae2ab26-754f-49fa-bcf0-bd403bc9d548,PD,5540323,123029.m4a
123032,69e73a84-0924-4112-8fbe-9803feaf1cef,PD,5722108,123032.m4a
123060,90cf058d-780b-4e6d-8bc6-c7e34495f1b4,CONTROL,5584334,123060.m4a
123063,5737bff3-0b05-45d8-a78c-0cd341ac23f1,PD,5688920,123063.m4a
123065,5737bff3-0b05-45d8-a78c-0cd341ac23f1,PD,5770763,123065.m4a
123077,4a650fe2-15f0-416d-8493-c7dc50fe265c,PD,5709180,123077.m4a
123078,935773e2-04ab-42ea-9163-ce49268fec4d,PD,5584034,123078.m4a
123080,677d036f-97a4-412c-a18d-1f4bfa6bce53,PD,5736820,123080.m4a
123088,7b465f25-dcd7-4b35-91c6-64518adbd581,PD,5638914,123088.m4a
123107,bae1bf32-94bf-42a7-96d0-ee23fd98245e,CONTROL,5525365,123107.m4a
123111,7c3d9daa-9116-47c3-8bfc-40769f2e6403,PD,5503021,123111.m4a
123126,4254ec6b-3a08-4baa-a909-e7737189bb06,PD,5766359,123126.m4a
123138,861c0b1f-ee38-4a8c-97c8-7b721f396e42,CONTROL,5717278,123138.m4a
123139,861c0b1f-ee38-4a8c-97c8-7b721f396e42,CONTROL,5745372,123139.m4a
123144,7b19c426-83ac-4c1c-8baa-f1ff8c39f87c,CONTROL,5765912,123144.m4a
123163,69e73a84-0924-4112-8fbe-9803feaf1cef,PD,5734428,123163.m4a
123169,aeeaae60-735d-4c85-8d35-bbb14653c2f7,CONTROL,5758135,123169.m4a
123173,48386877-ca33-4ac0-b904-75ef577360fc,CONTROL,5652649,123173.m4a
123184,37a788b9-3cf0-482b-8007-e326fdfaa4d3,CONTROL,5644324,123184.m4a
123188,2010d9ae-4e47-4efb-8dfc-84189917534c,PD,5569640,123188.m4a
123201,677d036f-97a4-412c-a18d-1f4bfa6bce53,PD,5770049,123201.m4a
123211,69e73a84-0924-4112-8fbe-9803feaf1cef,PD,5479018,123211.m4a
123217,67258105-115d-42aa-af10-fabaf10b462c,PD,5571674,123217.m4a
123244,c77e3f11-7195-4e8a-9146-063bef90a03b,PD,5493383,123244.m4a
123250,d7888b09-bfa1-48f1-abf5-a4571bf78b03,PD,5713376,123250.m4a
123268,9ab8c276-8a5e-4ad7-8b05-1b1171f3a890,PD,5765724,123268.m4a
123269,9ab8c276-8a5e-4ad7-8b05-1b1171f3a890,PD,5685704,123269.m4a
123272,5a9bb253-09f7-41e8-84c2-1be92b5af02a,CONTROL,5547304,123272.m4a
123273,f6605e4e-b1c9-4681-8c2f-d0a74ab4bbbe,PD,5585231,123273.m4a
123283,2010d9ae-4e47-4efb-8dfc-84189917534c,PD,5755327,123283.m4a
123292,6244be74-6f9b-4b01-9558-b169192bae63,PD,5659902,123292.m4a
123338,27ef2662-7fc8-44be-8f3e-822912c76a8a,PD,5671630,123338.m4a
123340,27ef2662-7fc8-44be-8f3e-822912c76a8a,PD,5724818,123340.m4a
123341,27ef2662-7fc8-44be-8f3e-822912c76a8a,PD,5506840,123341.m4a
123347,d7888b09-bfa1-48f1-abf5-a4571bf78b03,PD,5687671,123347.m4a
123388,2010d9ae-4e47-4efb-8dfc-84189917534c,PD,5626180,123388.m4a
123391,fd376aa5-11c1-4744-b96e-d0b41a334af2,CONTROL,5669943,123391.m4a
123393,fd376aa5-11c1-4744-b96e-d0b41a334af2,CONTROL,5768581,123393.m4a
123442,d7888b09-bfa1-48f1-abf5-a4571bf78b03,PD,5760984,123442.m4a
123455,677d036f-97a4-412c-a18d-1f4bfa6bce53,PD,5729372,123455.m4a
123487,2010d9ae-4e47-4efb-8dfc-84189917534c,PD,5756127,123487.m4a
123534,0ff80ad5-e74d-49ae-ad67-f113e3dbad06,CONTROL,5757334,123534.m4a
123541,9a0ca54e-a193-47a3-9a5f-44030467b6eb,CONTROL,5589810,123541.m4a
123542,9a0ca54e-a193-47a3-9a5f-44030467b6eb,CONTROL,5591963,123542.m4a
123544,7fb7afc9-b006-4a44-99dc-409ba90d3fe8,CONTROL,5662646,123544.m4a
123547,346a98e1-a700-4bf2-997b-1309940e557f,CONTROL,5727671,123547.m4a
123552,5134777c-3563-41a5-abcf-cce272a2ebf3,PD,5508839,123552.m4a
123564,a38c48a0-0ab7-46fe-80c8-6cc55d9b8bbf,PD,5545385,123564.m4a
123572,5737bff3-0b05-45d8-a78c-0cd341ac23f1,PD,5500126,123572.m4a
123585,ac01f080-96a4-4faf-bc80-291a996f6edd,PD,5530871,123585.m4a
123624,23c1a565-1761-4fe4-90a6-dcc9b9a4ee47,PD,5500140,123624.m4a
123630,9ab8c276-8a5e-4ad7-8b05-1b1171f3a890,PD,5488972,123630.m4a
123633,5fe0830d-9fc2-493f-a9e7-2e900b9e37a8,PD,5737806,123633.m4a
123637,a50dfd03-6211-47ff-9d94-8026c65eed93,PD,5592674,123637.m4a
123666,677d036f-97a4-412c-a18d-1f4bfa6bce53,PD,5676732,123666.m4a
123668,0a4662b0-9ee3-4029-af85-7e342cb87810,PD,5659445,123668.m4a
123679,f8d44faa-f71a-43be-9fa8-8d381b9cc380,PD,5634102,123679.m4a
123683,2010d9ae-4e47-4efb-8dfc-84189917534c,PD,5769849,123683.m4a
123742,90550db0-af30-495f-8d7c-5749577cdae2,PD,5773861,123742.m4a
123753,428d6cd7-4076-4a3d-9124-97e42dc9ee66,PD,5627651,123753.m4a
123782,7b465f25-dcd7-4b35-91c6-64518adbd581,PD,5594830,123782.m4a
123784,7b465f25-dcd7-4b35-91c6-64518adbd581,PD,5767525,123784.m4a
123785,677d036f-97a4-412c-a18d-1f4bfa6bce53,PD,5595442,123785.m4a
123790,46242d15-41f9-417c-b454-ddd95a4f451c,PD,5721864,123790.m4a
123805,5737bff3-0b05-45d8-a78c-0cd341ac23f1,PD,5742883,123805.m4a
123815,3331546d-4372-4700-b1b7-45758a7c9f77,PD,5496029,123815.m4a
123820,be1c514d-40e8-44f8-ac33-5cb2a647f02d,PD,5531974,123820.m4a
123822,677d036f-97a4-412c-a18d-1f4bfa6bce53,PD,5698937,123822.m4a
123844,f0091fa5-524c-46e5-9fce-33cb7fd79d1e,CONTROL,5697884,123844.m4a
123847,e31788d0-7834-477a-a718-fef116c04816,CONTROL,5538848,123847.m4a
123888,f6605e4e-b1c9-4681-8c2f-d0a74ab4bbbe,PD,5719521,123888.m4a
123905,58ecd2e3-66be-4596-bc48-dfb2d009528a,PD,5656236,123905.m4a
123914,2010d9ae-4e47-4efb-8dfc-84189917534c,PD,5709663,123914.m4a
123942,d45d88b2-c933-4422-ba68-20a78d862371,PD,5573684,123942.m4a
123946,5f2b561d-ef7f-452d-8f62-4c4c37fc8458,PD,5562537,123946.m4a
123953,cd07f135-bfc7-4bf5-86f9-d4eacd78aa56,PD,5694505,123953.m4a
123969,8b694c8e-3ce1-4e55-89ae-d034e1602bdf,PD,5660791,123969.m4a
123989,7457113a-34bd-4324-935c-f66bd33f1e4b,PD,5637773,123989.m4a
123994,64693a2c-9a8e-499e-b70e-001d56d330cc,CONTROL,5703700,123994.m4a
123995,64693a2c-9a8e-499e-b70e-001d56d330cc,CONTROL,5637503,123995.m4a
123997,b80b54cc-7323-4a1e-88cf-112051223fc5,PD,5624579,123997.m4a
123998,672ccbff-403d-4453-a4e5-10fa429a22b6,PD,5725622,123998.m4a
124011,487959bf-bab4-488a-a9ae-67b4e645f347,PD,5746025,124011.m4a
124023,0a4662b0-9ee3-4029-af85-7e342cb87810,PD,5758036,124023.m4a
124030,08c23348-8945-4e2f-a339-969b6699f0a2,PD,5701788,124030.m4a
124083,6c130d05-41af-49e9-9212-aaae738d3ec1,PD,5766833,124083.m4a
124114,2947bc95-102e-4255-8d70-53a0d10f9b9f,PD,5593211,124114.m4a
124136,677d036f-97a4-412c-a18d-1f4bfa6bce53,PD,5488737,124136.m4a
124144,f8d44faa-f71a-43be-9fa8-8d381b9cc380,PD,5540607,124144.m4a
124149,79ef2bb2-d464-4fff-97c8-eec045e2242f,PD,5513094,124149.m4a
124156,36e1d186-156f-4bde-980a-5b46b41932c2,CONTROL,5745759,124156.m4a
124163,72f75a4d-de63-4077-b77e-49d98f559e8c,PD,5493461,124163.m4a
124179,4b3dc2fa-54bc-45db-bc23-b59a948723ba,CONTROL,5705139,124179.m4a
124252,300e5d1f-5a38-4e78-8f42-1d580b74569a,PD,5703640,124252.m4a
124253,b3d0797e-ea39-481b-a1cd-dbbe85dcd314,CONTROL,5528131,124253.m4a
124311,7fb561a3-8f90-49d2-a39b-55ea3f78a17b,PD,5430592,124311.m4a
124339,31b33301-087a-49e1-9fc1-270c3d195754,CONTROL,5430694,124339.m4a
124341,31b33301-087a-49e1-9fc1-270c3d195754,CONTROL,5429971,124341.m4a
124361,2e5b0e02-a940-447a-8b7e-a70b25ca174f,CONTROL,5431167,124361.m4a
124376,d6ef0b96-cdfe-4319-bf20-925b2cfc2f62,CONTROL,5445453,124376.m4a
124397,37a788b9-3cf0-482b-8007-e326fdfaa4d3,CONTROL,5443137,124397.m4a
124416,291b2c16-eb62-46e0-a99b-6fc3bc31cd38,PD,5776910,124416.m4a
124450,f0091fa5-524c-46e5-9fce-33cb7fd79d1e,CONTROL,5443293,124450.m4a
124469,973bb81b-7908-4b96-bea5-97b1f020bda2,CONTROL,5434119,124469.m4a
124477,23c1a565-1761-4fe4-90a6-dcc9b9a4ee47,PD,5436969,124477.m4a
124489,cd07f135-bfc7-4bf5-86f9-d4eacd78aa56,PD,5435616,124489.m4a
124493,34dc881c-ea30-40fa-97e0-9427ecfe12a8,CONTROL,5433886,124493.m4a
124517,ddfe845c-d260-4563-861c-5de5f5fdf6db,CONTROL,5434244,124517.m4a
124523,a1dfe92d-4bcc-4220-82eb-093552efb13a,CONTROL,5445065,124523.m4a
124543,45829aa3-2e58-4979-a367-922bbccb58b4,PD,5438210,124543.m4a
124544,45829aa3-2e58-4979-a367-922bbccb58b4,PD,5437799,124544.m4a
124555,5f2b561d-ef7f-452d-8f62-4c4c37fc8458,PD,5444995,124555.m4a
124597,72a68a80-a22b-4eff-b835-5b7bbec6c85c,PD,5457549,124597.m4a
124616,344b785d-d12a-47b6-95ba-fa05eecd7e8b,PD,5455193,124616.m4a
124617,58ecd2e3-66be-4596-bc48-dfb2d009528a,PD,5454397,124617.m4a
124663,f690974e-8179-4564-ab89-1302590861c4,PD,5451556,124663.m4a
124681,3ac0729e-0bff-4876-9d0a-19030ee717a6,CONTROL,5457859,124681.m4a
124709,5fe0830d-9fc2-493f-a9e7-2e900b9e37a8,PD,5453072,124709.m4a
124714,d45d88b2-c933-4422-ba68-20a78d862371,PD,5459863,124714.m4a
124814,51faeedb-bc76-4fe8-9d6e-5bf43b484a94,PD,5470746,124814.m4a
124836,aeeaae60-735d-4c85-8d35-bbb14653c2f7,CONTROL,5473518,124836.m4a
124837,5fe0830d-9fc2-493f-a9e7-2e900b9e37a8,PD,5472640,124837.m4a
124850,1c7f2211-e5a0-401b-8d67-508631da2298,CONTROL,5471164,124850.m4a
124851,1c7f2211-e5a0-401b-8d67-508631da2298,CONTROL,5461328,124851.m4a
124855,a348996c-2256-43b7-80b1-a2a9bd6fba5b,PD,5475815,124855.m4a
124887,b3d0797e-ea39-481b-a1cd-dbbe85dcd314,CONTROL,5461219,124887.m4a
124918,d15c8139-2af4-4aba-8ef8-6e54661ac9d4,CONTROL,5466739,124918.m4a
124919,d15c8139-2af4-4aba-8ef8-6e54661ac9d4,CONTROL,5471829,124919.m4a
124926,34dc881c-ea30-40fa-97e0-9427ecfe12a8,CONTROL,5468693,124926.m4a
124930,18459133-823f-45ba-81d1-1d382eaae88f,PD,5467054,124930.m4a
124941,f690974e-8179-4564-ab89-1302590861c4,PD,5471047,124941.m4a
124945,cd07f135-bfc7-4bf5-86f9-d4eacd78aa56,PD,5463815,124945.m4a
124975,47d967da-3086-43e2-a94c-850d5a62bf57,PD,5473280,124975.m4a
124976,47d967da-3086-43e2-a94c-850d5a62bf57,PD,5469313,124976.m4a
124977,47d967da-3086-43e2-a94c-850d5a62bf57,PD,5465967,124977.m4a
125030,d15e38dd-4b3e-47f4-be4e-f3396bd5827b,PD,5595607,125030.m4a
125033,7803afd8-100e-4ddf-b1c2-11e4e34c7006,PD,5659826,125033.m4a
125057,3070acf0-23ab-40c5-8afc-ba869e122c00,PD,5551435,125057.m4a
125063,d7956523-80fc-4cb4-80e1-8ae5cceabc7b,PD,5647598,125063.m4a
125064,d7956523-80fc-4cb4-80e1-8ae5cceabc7b,PD,5552010,125064.m4a
125065,1b07bc6b-85cf-4d7d-bda7-ec474b1ddfba,CONTROL,5558640,125065.m4a
125067,d7956523-80fc-4cb4-80e1-8ae5cceabc7b,PD,5493968,125067.m4a
125088,230af3bf-7f59-4ad1-8fb1-8286acfc5f8a,PD,5545592,125088.m4a
125123,dda14043-aa17-46fd-93f5-5d38956397a7,PD,5568055,125123.m4a
125124,dda14043-aa17-46fd-93f5-5d38956397a7,PD,5579103,125124.m4a
125125,dda14043-aa17-46fd-93f5-5d38956397a7,PD,5571328,125125.m4a
125133,751a69db-6a32-45fd-9267-e4d4235a7ceb,PD,5589865,125133.m4a
125134,751a69db-6a32-45fd-9267-e4d4235a7ceb,PD,5568987,125134.m4a
125135,751a69db-6a32-45fd-9267-e4d4235a7ceb,PD,5678341,125135.m4a
125146,7b465f25-dcd7-4b35-91c6-64518adbd581,PD,5659303,125146.m4a
125163,41115fa3-a5a7-479e-9c81-662ebf852c1e,PD,5497629,125163.m4a
125164,07c2702c-c2f8-4d90-917a-8dbbb4bf2899,PD,5511241,125164.m4a
125186,b80b54cc-7323-4a1e-88cf-112051223fc5,PD,5728707,125186.m4a
125197,b5efca70-5e19-49d7-8806-43f5575135fd,PD,5737238,125197.m4a
125222,7bc86881-7075-467a-850e-53e021b60f9f,PD,5715142,125222.m4a
125229,51faeedb-bc76-4fe8-9d6e-5bf43b484a94,PD,5716789,125229.m4a
125233,23c1a565-1761-4fe4-90a6-dcc9b9a4ee47,PD,5756676,125233.m4a
125262,b5efca70-5e19-49d7-8806-43f5575135fd,PD,5755919,125262.m4a
125267,58ecd2e3-66be-4596-bc48-dfb2d009528a,PD,5732788,125267.m4a
125302,462d754c-dc70-4768-9126-e045cd21c72e,PD,5746595,125302.m4a
125325,41115fa3-a5a7-479e-9c81-662ebf852c1e,PD,5715929,125325.m4a
125336,bebef4a0-a282-4eca-a2a9-24300795a74d,CONTROL,5746842,125336.m4a
125338,bebef4a0-a282-4eca-a2a9-24300795a74d,CONTROL,5759841,125338.m4a
125346,821e5fcf-6960-4c50-b370-289e33a55069,CONTROL,5720267,125346.m4a
125354,f690974e-8179-4564-ab89-1302590861c4,PD,5769757,125354.m4a
125356,f690974e-8179-4564-ab89-1302590861c4,PD,5710726,125356.m4a
125370,0d1d5798-ef1e-496a-8980-fe3531eb6c3a,PD,5771668,125370.m4a
125371,0d1d5798-ef1e-496a-8980-fe3531eb6c3a,PD,5772786,125371.m4a
125376,400a60d8-f50b-4df4-be25-7566fc39c090,PD,5774577,125376.m4a
125379,5134777c-3563-41a5-abcf-cce272a2ebf3,PD,5775943,125379.m4a
125383,be1c514d-40e8-44f8-ac33-5cb2a647f02d,PD,5771474,125383.m4a
125416,e3e37808-e182-463d-859d-66bd5d4a1439,CONTROL,5771620,125416.m4a
125417,e3e37808-e182-463d-859d-66bd5d4a1439,CONTROL,5776687,125417.m4a
125419,5b4115a0-8bd8-46ca-9835-db4517e762b6,PD,5774281,125419.m4a
125484,a65ca7f8-7e6b-47df-be66-16b32b70f782,PD,5774125,125484.m4a
125496,bc6d79c1-6f9b-45fe-bf31-9f44d1d4eec9,CONTROL,5773824,125496.m4a
125497,bc6d79c1-6f9b-45fe-bf31-9f44d1d4eec9,CONTROL,5776467,125497.m4a
125500,8b694c8e-3ce1-4e55-89ae-d034e1602bdf,PD,5772828,125500.m4a
125516,6184186e-527e-468a-a562-bf9099000fce,CONTROL,5771636,125516.m4a
125522,3ac0729e-0bff-4876-9d0a-19030ee717a6,CONTROL,5774936,125522.m4a
125550,ffab2631-dfe1-4f5e-bd9e-f763e8aede19,PD,6095820,125550.m4a
125560,0d1d5798-ef1e-496a-8980-fe3531eb6c3a,PD,5780710,125560.m4a
125562,0d1d5798-ef1e-496a-8980-fe3531eb6c3a,PD,5780124,125562.m4a
125563,0d1d5798-ef1e-496a-8980-fe3531eb6c3a,PD,5779801,125563.m4a
125568,0d1d5798-ef1e-496a-8980-fe3531eb6c3a,PD,5778812,125568.m4a
125585,92da6dbb-ddd2-4a0f-90e4-46de8b1566ac,PD,5777919,125585.m4a
125588,b5efca70-5e19-49d7-8806-43f5575135fd,PD,5779841,125588.m4a
125594,8b694c8e-3ce1-4e55-89ae-d034e1602bdf,PD,5782852,125594.m4a
125598,94f2efba-483e-4a85-b3ee-ca5a6b2a56fa,CONTROL,5781511,125598.m4a
125600,25fa249d-4da9-447d-8ca4-44bc3df6e709,CONTROL,5780444,125600.m4a
125601,25fa249d-4da9-447d-8ca4-44bc3df6e709,CONTROL,5780223,125601.m4a
125624,27ef2662-7fc8-44be-8f3e-822912c76a8a,PD,5779977,125624.m4a
125669,1b07bc6b-85cf-4d7d-bda7-ec474b1ddfba,CONTROL,5779517,125669.m4a
125690,a65ca7f8-7e6b-47df-be66-16b32b70f782,PD,5779333,125690.m4a
125731,41115fa3-a5a7-479e-9c81-662ebf852c1e,PD,5780902,125731.m4a
125742,6184186e-527e-468a-a562-bf9099000fce,CONTROL,5780044,125742.m4a
125764,b5efca70-5e19-49d7-8806-43f5575135fd,PD,5785722,125764.m4a
125770,7b75a41d-6ff3-48a5-b540-264d45d2533c,PD,6095936,125770.m4a
125771,5fe0830d-9fc2-493f-a9e7-2e900b9e37a8,PD,5783997,125771.m4a
125789,27ef2662-7fc8-44be-8f3e-822912c76a8a,PD,5784521,125789.m4a
125790,27ef2662-7fc8-44be-8f3e-822912c76a8a,PD,5787762,125790.m4a
125791,27ef2662-7fc8-44be-8f3e-822912c76a8a,PD,5783998,125791.m4a
125818,cd07f135-bfc7-4bf5-86f9-d4eacd78aa56,PD,5785779,125818.m4a
125832,49015692-95f2-4622-9c34-85605ecdfe4b,CONTROL,5787070,125832.m4a
125833,49015692-95f2-4622-9c34-85605ecdfe4b,CONTROL,5788613,125833.m4a
125853,2947bc95-102e-4255-8d70-53a0d10f9b9f,PD,5785625,125853.m4a
125857,400a60d8-f50b-4df4-be25-7566fc39c090,PD,5785292,125857.m4a
125867,19611d71-65cd-4044-9fd5-a93fde3e73f0,CONTROL,5789034,125867.m4a
125881,7bc86881-7075-467a-850e-53e021b60f9f,PD,5785712,125881.m4a
125898,d27b565d-56b8-4d00-a875-18b340eab8d7,CONTROL,5786014,125898.m4a
125918,72f75a4d-de63-4077-b77e-49d98f559e8c,PD,5785533,125918.m4a
125920,72f75a4d-de63-4077-b77e-49d98f559e8c,PD,5787349,125920.m4a
125921,94baf578-6d7e-4f15-8707-9f7fdca223e3,PD,5788648,125921.m4a
125924,98753b69-11dd-43f4-8eff-a54e052da982,PD,5788486,125924.m4a
125957,b5efca70-5e19-49d7-8806-43f5575135fd,PD,6096231,125957.m4a
125960,e29db95f-adc5-49cd-8eeb-09054470c221,PD,6098972,125960.m4a
125988,291b2c16-eb62-46e0-a99b-6fc3bc31cd38,PD,5506662,125988.m4a
126012,64c09c0f-8877-426b-915b-db682c68537a,CONTROL,6100139,126012.m4a
126019,3ff262e9-3e0a-4a93-a006-9eafe5c76087,CONTROL,6099597,126019.m4a
126070,764cffae-c5a6-4b32-8011-5570046a0fdc,PD,6099206,126070.m4a
126085,7b465f25-dcd7-4b35-91c6-64518adbd581,PD,6100193,126085.m4a
126087,043547f4-f60a-47f9-a8ab-d80e79a18734,CONTROL,5789725,126087.m4a
126101,92da6dbb-ddd2-4a0f-90e4-46de8b1566ac,PD,6099675,126101.m4a
126143,a65ca7f8-7e6b-47df-be66-16b32b70f782,PD,5794979,126143.m4a
126185,c4a95dca-e3a5-4362-b291-59e018cc4d96,PD,5793625,126185.m4a
126186,c4a95dca-e3a5-4362-b291-59e018cc4d96,PD,5792317,126186.m4a
126216,0ec305ec-c207-404b-9c94-1207819c7d1d,PD,5792899,126216.m4a
126217,0ec305ec-c207-404b-9c94-1207819c7d1d,PD,5793049,126217.m4a
126220,0ec305ec-c207-404b-9c94-1207819c7d1d,PD,5793978,126220.m4a
126236,0ec305ec-c207-404b-9c94-1207819c7d1d,PD,5793127,126236.m4a
126251,7ab92a80-1ba2-4ab6-8625-9e69d8bae96e,PD,5793239,126251.m4a
126252,3b9ae067-73ab-4b87-bb0a-2f6dc8384c30,PD,5792048,126252.m4a
126289,d15e38dd-4b3e-47f4-be4e-f3396bd5827b,PD,5793046,126289.m4a
126300,5134777c-3563-41a5-abcf-cce272a2ebf3,PD,5798021,126300.m4a
126333,f165226a-61dc-4f78-9903-d42f08b24a7a,PD,5802010,126333.m4a
126344,764cffae-c5a6-4b32-8011-5570046a0fdc,PD,5801096,126344.m4a
126370,0ec305ec-c207-404b-9c94-1207819c7d1d,PD,5798781,126370.m4a
126400,0ec305ec-c207-404b-9c94-1207819c7d1d,PD,5802171,126400.m4a
126460,400a60d8-f50b-4df4-be25-7566fc39c090,PD,5804336,126460.m4a
126475,d49ab276-4836-406b-a462-b79d3b4deab4,PD,5805495,126475.m4a
126499,6a6a768b-94ff-41c8-b42f-c2db47efa2e4,PD,5807007,126499.m4a
126501,ff47510c-140c-45de-ba42-19a227007b33,CONTROL,5809174,126501.m4a
126518,d7782ed2-3b4b-4751-9415-8acc9fab8a04,CONTROL,5806468,126518.m4a
126525,b5efca70-5e19-49d7-8806-43f5575135fd,PD,5803830,126525.m4a
126529,15c66b8c-1f91-461d-92cf-2bb6043dede5,PD,5806623,126529.m4a
126560,764cffae-c5a6-4b32-8011-5570046a0fdc,PD,5807469,126560.m4a
126591,ea0c7ba0-b78c-4f38-9bf2-685d5ec434eb,PD,5807601,126591.m4a
126613,9ab8c276-8a5e-4ad7-8b05-1b1171f3a890,PD,5805527,126613.m4a
126616,0ec305ec-c207-404b-9c94-1207819c7d1d,PD,5803544,126616.m4a
126632,5fe0830d-9fc2-493f-a9e7-2e900b9e37a8,PD,5810973,126632.m4a
126658,400a60d8-f50b-4df4-be25-7566fc39c090,PD,5814343,126658.m4a
126666,f690974e-8179-4564-ab89-1302590861c4,PD,5814649,126666.m4a
126697,4aeb50aa-95db-441d-afcb-93715134e044,CONTROL,5811688,126697.m4a
126698,211d860e-3362-4bf9-b7ba-94cac5c30ae1,PD,5812963,126698.m4a
126701,211d860e-3362-4bf9-b7ba-94cac5c30ae1,PD,5812214,126701.m4a
126702,211d860e-3362-4bf9-b7ba-94cac5c30ae1,PD,5810529,126702.m4a
126706,b5efca70-5e19-49d7-8806-43f5575135fd,PD,5810150,126706.m4a
126727,9a201650-4a5b-4637-ab5c-828d8f3823c5,PD,5812340,126727.m4a
126753,5385ed0d-9a52-40d7-8f4e-c5a0c55bea36,CONTROL,5812532,126753.m4a
126816,92da6dbb-ddd2-4a0f-90e4-46de8b1566ac,PD,5810740,126816.m4a
126825,19611d71-65cd-4044-9fd5-a93fde3e73f0,CONTROL,5812762,126825.m4a
126845,f8582e93-97e9-462e-b21e-8a776c50d77c,CONTROL,5819844,126845.m4a
126893,e29db95f-adc5-49cd-8eeb-09054470c221,PD,5816751,126893.m4a
126895,b9bb799d-996b-4890-9c5f-d9238f8683c3,CONTROL,5817754,126895.m4a
126896,b9bb799d-996b-4890-9c5f-d9238f8683c3,CONTROL,5818647,126896.m4a
126912,6a6a768b-94ff-41c8-b42f-c2db47efa2e4,PD,5820292,126912.m4a
126918,1ff805eb-4e96-4d64-b7a4-cc54aaddf2d6,PD,5818394,126918.m4a
126925,94e59808-4330-450c-a8dd-69685c824e67,CONTROL,5817597,126925.m4a
126989,cbcbdf73-e3ee-48b1-a2e8-80ee5d37b722,CONTROL,5819173,126989.m4a
127034,3331546d-4372-4700-b1b7-45758a7c9f77,PD,5826769,127034.m4a
127044,a86cf50f-1d06-4a17-a2b5-a18e8be412ed,CONTROL,5824583,127044.m4a
127049,5df64801-119f-43f5-9c84-5310d5cf58cc,CONTROL,5822501,127049.m4a
127050,5df64801-119f-43f5-9c84-5310d5cf58cc,CONTROL,5826028,127050.m4a
127101,4c623832-42d1-436e-a022-773222312425,PD,5825061,127101.m4a
127116,dd2295d5-ce0b-43e6-9617-b3708bd14a33,PD,5823356,127116.m4a
127152,6d705c46-fed5-49ef-bac7-95f67e71062e,CONTROL,5822981,127152.m4a
127153,6d705c46-fed5-49ef-bac7-95f67e71062e,CONTROL,5825254,127153.m4a
127164,72f75a4d-de63-4077-b77e-49d98f559e8c,PD,5822953,127164.m4a
127182,9a41dd95-337d-4f23-8b3e-f0f0dd40fc4d,CONTROL,5828592,127182.m4a
127239,2bdc9c09-e05d-45ee-b13b-c561cdc6bba2,CONTROL,5827459,127239.m4a
127240,2bdc9c09-e05d-45ee-b13b-c561cdc6bba2,CONTROL,5831099,127240.m4a
127245,20547937-2032-4395-9719-82bb453f2d1e,CONTROL,5828574,127245.m4a
127253,f76dad39-17c3-4c35-bff8-fbaa617cf327,PD,5828512,127253.m4a
127255,f76dad39-17c3-4c35-bff8-fbaa617cf327,PD,5827295,127255.m4a
127258,f76dad39-17c3-4c35-bff8-fbaa617cf327,PD,5830679,127258.m4a
127264,dafdb194-6d64-47de-9ec0-5427bacb74cf,CONTROL,5830197,127264.m4a
127265,dafdb194-6d64-47de-9ec0-5427bacb74cf,CONTROL,5830028,127265.m4a
127367,ec822b07-4b4b-4117-9f7d-7e92e0fee1d3,PD,5832798,127367.m4a
127389,29aec6d1-e87c-4cc2-b4c8-b3cbb0745f0a,CONTROL,5836147,127389.m4a
127391,4aeb50aa-95db-441d-afcb-93715134e044,CONTROL,5836005,127391.m4a
127430,8beab5c6-6067-4c47-b655-1901f5a534a8,PD,5835290,127430.m4a
127445,7bc86881-7075-467a-850e-53e021b60f9f,PD,5832154,127445.m4a
127475,b8a9d62f-cdec-4cee-9cfb-5572f8db2ff9,PD,5833196,127475.m4a
127484,e518e2ad-5a48-41a7-8143-2997cb32b678,CONTROL,5836266,127484.m4a
127490,e518e2ad-5a48-41a7-8143-2997cb32b678,CONTROL,5836313,127490.m4a
127492,11b74e3c-b973-4f74-b8db-47934ad0a55c,PD,5834391,127492.m4a
127493,cd07f135-bfc7-4bf5-86f9-d4eacd78aa56,PD,5833040,127493.m4a
127495,cd07f135-bfc7-4bf5-86f9-d4eacd78aa56,PD,5832591,127495.m4a
127502,46242d15-41f9-417c-b454-ddd95a4f451c,PD,5840253,127502.m4a
127534,5fe0830d-9fc2-493f-a9e7-2e900b9e37a8,PD,5840833,127534.m4a
127545,ec822b07-4b4b-4117-9f7d-7e92e0fee1d3,PD,5840474,127545.m4a
127554,0caf9f7e-f3a1-4fcd-891d-ae6ffcdf61fd,PD,5841643,127554.m4a
127559,ce5cb455-f71f-4727-94d5-13f860bf4ce0,PD,5838908,127559.m4a
127561,88032453-06e4-465f-ab0c-23fe5f5436ba,PD,5842546,127561.m4a
127574,79a0a04c-ae76-4c75-8964-2847b6904eaf,CONTROL,5842019,127574.m4a
127598,ec822b07-4b4b-4117-9f7d-7e92e0fee1d3,PD,5841788,127598.m4a
127599,ae034992-0aec-4f8b-bef0-21a06e335615,PD,5841146,127599.m4a
127603,ee8b1690-4c96-4f09-9a7b-946911bdcf67,PD,5842783,127603.m4a
127606,4c623832-42d1-436e-a022-773222312425,PD,5838278,127606.m4a
127628,98753b69-11dd-43f4-8eff-a54e052da982,PD,5841877,127628.m4a
127663,de288811-ecf6-476e-8220-0c9c971b7edd,CONTROL,5837403,127663.m4a
127664,de288811-ecf6-476e-8220-0c9c971b7edd,CONTROL,5839018,127664.m4a
127667,30712a06-af02-484a-875b-5b4c268f1b62,PD,5861615,127667.m4a
127705,b83013bc-d524-4db0-afd1-be3b6e30ff0a,PD,5844048,127705.m4a
127729,c006b927-ab49-433e-ba54-3f735f5df26b,CONTROL,5847051,127729.m4a
127742,79a0a04c-ae76-4c75-8964-2847b6904eaf,CONTROL,5844377,127742.m4a
127747,9571438b-8497-4a07-8a0d-ef6c6e31b14d,CONTROL,5846453,127747.m4a
127751,71ba8422-0bbe-42ae-9185-0fca8a95ccb8,PD,5844271,127751.m4a
127755,cdb18d7b-6793-48c0-8085-63c2a71ce5a9,PD,5848443,127755.m4a
127789,af05b6d7-04ce-4f92-aac0-8b58744f00c2,CONTROL,5850067,127789.m4a
127790,af05b6d7-04ce-4f92-aac0-8b58744f00c2,CONTROL,5849370,127790.m4a
127795,eb00eb9c-2d36-4c32-8929-8e1b4456259b,CONTROL,5850150,127795.m4a
127796,eb00eb9c-2d36-4c32-8929-8e1b4456259b,CONTROL,5845152,127796.m4a
127815,0e8d161c-5020-4bda-b016-5631e500602e,CONTROL,5845693,127815.m4a
127816,75ec5eb0-2a8b-496f-bb15-fde9c3e31e92,PD,5847165,127816.m4a
127817,75ec5eb0-2a8b-496f-bb15-fde9c3e31e92,PD,5847020,127817.m4a
127818,75ec5eb0-2a8b-496f-bb15-fde9c3e31e92,PD,5843901,127818.m4a
127845,d1b02d6b-c4e7-400f-a99a-e21c48796dd7,CONTROL,5851652,127845.m4a
127855,764cffae-c5a6-4b32-8011-5570046a0fdc,PD,5856087,127855.m4a
127869,487959bf-bab4-488a-a9ae-67b4e645f347,PD,5853669,127869.m4a
127874,9a201650-4a5b-4637-ab5c-828d8f3823c5,PD,5856902,127874.m4a
127900,ac1fac1e-9e79-45b4-a130-4f1df05d8d8f,CONTROL,5853513,127900.m4a
127903,e29db95f-adc5-49cd-8eeb-09054470c221,PD,5856584,127903.m4a
127905,4d65d02d-0e1a-4298-a18f-bb14fa199cf3,CONTROL,5853892,127905.m4a
127906,4d65d02d-0e1a-4298-a18f-bb14fa199cf3,CONTROL,5855022,127906.m4a
127957,e31788d0-7834-477a-a718-fef116c04816,CONTROL,5856695,127957.m4a
127964,5c4b3f5c-58fa-4ad6-be58-665a968e270e,CONTROL,5852812,127964.m4a
127987,72f75a4d-de63-4077-b77e-49d98f559e8c,PD,5852287,127987.m4a
128011,6b715306-8833-42b6-bc8d-407b9dbfb094,CONTROL,5856365,128011.m4a
128014,ffab2631-dfe1-4f5e-bd9e-f763e8aede19,PD,5858974,128014.m4a
128023,909ff077-9ee3-467a-9e71-454394b0eb8a,CONTROL,5857810,128023.m4a
128024,909ff077-9ee3-467a-9e71-454394b0eb8a,CONTROL,5859641,128024.m4a
128045,3ad7ac04-9f0b-4da6-9760-a57ce16fcba9,PD,5861061,128045.m4a
128052,473615c4-ee8e-41c7-9dad-e5d553ffdb3b,PD,5648592,128052.m4a
128070,3d4dce3d-2f63-4c61-84b3-505c3198937a,CONTROL,5857774,128070.m4a
128071,3d4dce3d-2f63-4c61-84b3-505c3198937a,CONTROL,5859430,128071.m4a
128076,95c54d38-ee44-48cf-91ce-fbf44fdc547d,CONTROL,5860337,128076.m4a
128077,95c54d38-ee44-48cf-91ce-fbf44fdc547d,CONTROL,5858573,128077.m4a
128114,3b9ae067-73ab-4b87-bb0a-2f6dc8384c30,PD,5862968,128114.m4a
128126,6b715306-8833-42b6-bc8d-407b9dbfb094,CONTROL,5862379,128126.m4a
128127,9a201650-4a5b-4637-ab5c-828d8f3823c5,PD,5858795,128127.m4a
128135,0c37da12-7be6-45a1-a8a2-16c95182b70d,PD,5862455,128135.m4a
128165,d49ab276-4836-406b-a462-b79d3b4deab4,PD,5865085,128165.m4a
128168,f12b7656-a567-4d25-9e62-faf448ab4d39,PD,5864486,128168.m4a
128189,58ecd2e3-66be-4596-bc48-dfb2d009528a,PD,5865076,128189.m4a
128193,12accef6-2688-47b9-8005-c91aaec96f6f,CONTROL,5866382,128193.m4a
128194,12accef6-2688-47b9-8005-c91aaec96f6f,CONTROL,5862958,128194.m4a
128199,764cffae-c5a6-4b32-8011-5570046a0fdc,PD,5478889,128199.m4a
128235,9b3adfa3-30cc-4ef2-9ad6-fbc964f19982,PD,5863951,128235.m4a
128279,330eab90-94cd-4847-afa5-d677bcf3fb9d,CONTROL,5865166,128279.m4a
128292,776122cd-333b-400a-af9d-39771b26fa4d,PD,5863154,128292.m4a
128298,21a71204-0893-4c88-b6e3-8f101a25268c,PD,5864207,128298.m4a
128334,51faeedb-bc76-4fe8-9d6e-5bf43b484a94,PD,5870000,128334.m4a
128344,1db1ed03-b5ea-48ba-a5a6-54936d19639e,PD,5868150,128344.m4a
128355,a60cc860-28fc-4ca6-b71b-663c5ac86c03,CONTROL,5868457,128355.m4a
128356,a60cc860-28fc-4ca6-b71b-663c5ac86c03,CONTROL,5870177,128356.m4a
128358,290831b8-dbbf-45ae-90ba-798851ddd276,PD,5869122,128358.m4a
128359,290831b8-dbbf-45ae-90ba-798851ddd276,PD,5868727,128359.m4a
128360,290831b8-dbbf-45ae-90ba-798851ddd276,PD,5869284,128360.m4a
128503,063722b7-4835-4b1c-95e5-e0ab61c21b7c,CONTROL,5872465,128503.m4a
128506,063722b7-4835-4b1c-95e5-e0ab61c21b7c,CONTROL,5874423,128506.m4a
128521,ae034992-0aec-4f8b-bef0-21a06e335615,PD,5875053,128521.m4a
128535,e787d06a-bcce-4ef0-848e-8b319fc7ce99,PD,5873327,128535.m4a
128553,21a71204-0893-4c88-b6e3-8f101a25268c,PD,5875070,128553.m4a
128578,b83013bc-d524-4db0-afd1-be3b6e30ff0a,PD,5873333,128578.m4a
128583,b83013bc-d524-4db0-afd1-be3b6e30ff0a,PD,5873153,128583.m4a
128597,ec822b07-4b4b-4117-9f7d-7e92e0fee1d3,PD,5874258,128597.m4a
128617,ffab2631-dfe1-4f5e-bd9e-f763e8aede19,PD,5880394,128617.m4a
128690,088ef460-0a08-481d-ae69-0b752354eaad,PD,5878494,128690.m4a
128698,8beab5c6-6067-4c47-b655-1901f5a534a8,PD,5881450,128698.m4a
128767,7457113a-34bd-4324-935c-f66bd33f1e4b,PD,5877442,128767.m4a
128776,9f01d643-f23f-4461-9d14-4f99bd7de7a7,CONTROL,5878881,128776.m4a
128783,50140b3f-0ac4-4455-b1e1-ef8b3597b71c,CONTROL,5878826,128783.m4a
128785,50140b3f-0ac4-4455-b1e1-ef8b3597b71c,CONTROL,5877089,128785.m4a
128801,5134777c-3563-41a5-abcf-cce272a2ebf3,PD,5414841,128801.m4a
128841,0caf9f7e-f3a1-4fcd-891d-ae6ffcdf61fd,PD,5413573,128841.m4a
128855,e9cb37c2-d9fc-4cc7-86ea-540a7ca3b6da,CONTROL,5416831,128855.m4a
128888,9571438b-8497-4a07-8a0d-ef6c6e31b14d,CONTROL,5421888,128888.m4a
128890,4c623832-42d1-436e-a022-773222312425,PD,5413532,128890.m4a
128897,ca70994f-b907-4f30-944c-7c084293138f,PD,5419906,128897.m4a
128915,5f2b561d-ef7f-452d-8f62-4c4c37fc8458,PD,5420782,128915.m4a
128919,ec822b07-4b4b-4117-9f7d-7e92e0fee1d3,PD,5420052,128919.m4a
128972,b4bb8c67-33ac-4333-b1aa-6b79babc40fc,PD,5429560,128972.m4a
128985,ca70994f-b907-4f30-944c-7c084293138f,PD,5429542,128985.m4a
129001,b3f2629a-e96b-4289-9056-d8a9fa7a5167,CONTROL,5424844,129001.m4a
129002,e6c81976-f7a5-4d28-b09b-1e5e19de6771,PD,5429205,129002.m4a
129025,e6c81976-f7a5-4d28-b09b-1e5e19de6771,PD,5426963,129025.m4a
129049,b80b54cc-7323-4a1e-88cf-112051223fc5,PD,5429348,129049.m4a
129051,b3f2629a-e96b-4289-9056-d8a9fa7a5167,CONTROL,5423269,129051.m4a
129091,ec822b07-4b4b-4117-9f7d-7e92e0fee1d3,PD,5423136,129091.m4a
129095,5f2b561d-ef7f-452d-8f62-4c4c37fc8458,PD,5425850,129095.m4a
129127,d49ab276-4836-406b-a462-b79d3b4deab4,PD,5431706,129127.m4a
129164,92da6dbb-ddd2-4a0f-90e4-46de8b1566ac,PD,5435381,129164.m4a
129170,e6c81976-f7a5-4d28-b09b-1e5e19de6771,PD,5434077,129170.m4a
129190,4c623832-42d1-436e-a022-773222312425,PD,5434094,129190.m4a
129209,07c2702c-c2f8-4d90-917a-8dbbb4bf2899,PD,5434689,129209.m4a
129214,a198560a-cf0a-4610-86a3-a0bb83701336,PD,5431124,129214.m4a
129263,e6c81976-f7a5-4d28-b09b-1e5e19de6771,PD,5444283,129263.m4a
129270,153b35bc-568c-4da0-a5f9-751d9fa2b93d,CONTROL,5443120,129270.m4a
129275,5a5b0173-3d27-412c-84f3-57534bf1414f,PD,5442004,129275.m4a
129307,e6c81976-f7a5-4d28-b09b-1e5e19de6771,PD,5440054,129307.m4a
129313,4c623832-42d1-436e-a022-773222312425,PD,5442335,129313.m4a
129314,4c623832-42d1-436e-a022-773222312425,PD,5440442,129314.m4a
129318,8beab5c6-6067-4c47-b655-1901f5a534a8,PD,5439433,129318.m4a
129338,0a4662b0-9ee3-4029-af85-7e342cb87810,PD,5442816,129338.m4a
129391,67b9ce15-6b8d-4a0e-abab-249c9849651f,CONTROL,5449967,129391.m4a
129405,e6c81976-f7a5-4d28-b09b-1e5e19de6771,PD,5451452,129405.m4a
129410,1ff805eb-4e96-4d64-b7a4-cc54aaddf2d6,PD,5449518,129410.m4a
129412,50adb272-a1df-475c-811e-d324381b8196,CONTROL,5449448,129412.m4a
129413,23c1a565-1761-4fe4-90a6-dcc9b9a4ee47,PD,5446879,129413.m4a
129416,50adb272-a1df-475c-811e-d324381b8196,CONTROL,5451684,129416.m4a
129437,b83013bc-d524-4db0-afd1-be3b6e30ff0a,PD,5446817,129437.m4a
129442,e6c81976-f7a5-4d28-b09b-1e5e19de6771,PD,5447268,129442.m4a
129499,d0db0f05-d036-4fce-aab6-2f3ebfd68db1,CONTROL,5446460,129499.m4a
129526,6244be74-6f9b-4b01-9558-b169192bae63,PD,5461793,129526.m4a
129584,4c623832-42d1-436e-a022-773222312425,PD,5460061,129584.m4a
129645,ec822b07-4b4b-4117-9f7d-7e92e0fee1d3,PD,5457624,129645.m4a
129681,15cd9496-900a-44bb-948b-12a24b101615,PD,5470331,129681.m4a
129686,7aed5df4-08a4-4ff0-866d-bd50af2be161,CONTROL,5466322,129686.m4a
129700,d0db0f05-d036-4fce-aab6-2f3ebfd68db1,CONTROL,5467447,129700.m4a
129718,d7782ed2-3b4b-4751-9415-8acc9fab8a04,CONTROL,5471264,129718.m4a
129722,aa7989be-a371-46d1-afd8-2d731bb1593c,PD,5466681,129722.m4a
129764,b83013bc-d524-4db0-afd1-be3b6e30ff0a,PD,5470291,129764.m4a
129781,07c2702c-c2f8-4d90-917a-8dbbb4bf2899,PD,5471472,129781.m4a
129802,d96eb0d4-4dbe-4f2b-a977-55cca40e4035,PD,5464545,129802.m4a
129856,764cffae-c5a6-4b32-8011-5570046a0fdc,PD,5477204,129856.m4a
129857,764cffae-c5a6-4b32-8011-5570046a0fdc,PD,5479128,129857.m4a
129963,ffab2631-dfe1-4f5e-bd9e-f763e8aede19,PD,5486615,129963.m4a
129969,07c2702c-c2f8-4d90-917a-8dbbb4bf2899,PD,5482988,129969.m4a
129984,11b74e3c-b973-4f74-b8db-47934ad0a55c,PD,5487346,129984.m4a
129992,37b967c4-0dc2-4aab-8d20-c35e855944bf,PD,5490802,129992.m4a
130016,6e2f881b-f2a2-4493-8593-e7a50d96874c,PD,5487253,130016.m4a
130069,31267c25-bffe-4f04-984a-acd95a3f4fe8,PD,5487050,130069.m4a
130078,6e2f881b-f2a2-4493-8593-e7a50d96874c,PD,5489626,130078.m4a
130104,72a68a80-a22b-4eff-b835-5b7bbec6c85c,PD,5546225,130104.m4a
130111,d49ab276-4836-406b-a462-b79d3b4deab4,PD,5492134,130111.m4a
130160,b3836781-d1e7-4d00-be27-e3240695d3d2,PD,5496350,130160.m4a
130162,6e2f881b-f2a2-4493-8593-e7a50d96874c,PD,5493800,130162.m4a
130174,03d50e89-143a-4084-bc25-4b13077ff381,CONTROL,5494839,130174.m4a
130180,37b967c4-0dc2-4aab-8d20-c35e855944bf,PD,5494862,130180.m4a
130190,de3675af-6026-4d3d-b7fc-4423fcf2489d,PD,5499740,130190.m4a
130225,6e2f881b-f2a2-4493-8593-e7a50d96874c,PD,5495295,130225.m4a
130265,d1a742dc-97f3-485b-9458-c24ab01126fe,PD,5508299,130265.m4a
130266,d1a742dc-97f3-485b-9458-c24ab01126fe,PD,5503645,130266.m4a
130267,d1a742dc-97f3-485b-9458-c24ab01126fe,PD,5505190,130267.m4a
130295,6e2f881b-f2a2-4493-8593-e7a50d96874c,PD,5507677,130295.m4a
130318,ab6244b9-1f60-452d-9c06-df0209e9e5e9,PD,5507422,130318.m4a
130341,ab6244b9-1f60-452d-9c06-df0209e9e5e9,PD,5503078,130341.m4a
130413,ab6244b9-1f60-452d-9c06-df0209e9e5e9,PD,5512097,130413.m4a
130416,290831b8-dbbf-45ae-90ba-798851ddd276,PD,5513691,130416.m4a
130417,290831b8-dbbf-45ae-90ba-798851ddd276,PD,5511103,130417.m4a
130418,290831b8-dbbf-45ae-90ba-798851ddd276,PD,5515828,130418.m4a
130419,6e2f881b-f2a2-4493-8593-e7a50d96874c,PD,5516434,130419.m4a
130423,4a6e924b-74ab-4612-af4a-237a0707b7e6,CONTROL,5511825,130423.m4a
130449,153b35bc-568c-4da0-a5f9-751d9fa2b93d,CONTROL,5517612,130449.m4a
130488,d87bd7e7-6c4b-4a94-9b30-6e1381c65dc7,PD,5513806,130488.m4a
130503,6e2f881b-f2a2-4493-8593-e7a50d96874c,PD,5513871,130503.m4a
130504,d1b02d6b-c4e7-400f-a99a-e21c48796dd7,CONTROL,5523878,130504.m4a
130537,37b967c4-0dc2-4aab-8d20-c35e855944bf,PD,5522939,130537.m4a
130567,e29db95f-adc5-49cd-8eeb-09054470c221,PD,5524790,130567.m4a
130620,94aecb16-ef71-44ac-8e7b-dd6dc9cd9259,CONTROL,5526726,130620.m4a
130628,b83013bc-d524-4db0-afd1-be3b6e30ff0a,PD,5527225,130628.m4a
130667,9884c3bf-86bb-4370-acbf-19db34cf297c,PD,5528756,130667.m4a
130676,d49ab276-4836-406b-a462-b79d3b4deab4,PD,5531681,130676.m4a
130693,0d1d5798-ef1e-496a-8980-fe3531eb6c3a,PD,5528755,130693.m4a
130695,7b465f25-dcd7-4b35-91c6-64518adbd581,PD,5534197,130695.m4a
130696,7b465f25-dcd7-4b35-91c6-64518adbd581,PD,5528961,130696.m4a
130700,ee313841-2f43-4a1b-9d14-86bb0f997925,CONTROL,5534670,130700.m4a
130703,7e02cbd5-0d81-454e-9146-beeb1380d5aa,CONTROL,5534827,130703.m4a
130705,7e02cbd5-0d81-454e-9146-beeb1380d5aa,CONTROL,5535352,130705.m4a
130709,ee313841-2f43-4a1b-9d14-86bb0f997925,CONTROL,5528914,130709.m4a
130717,4d394840-210d-42c7-b8d3-cef242f1ee4c,PD,5533290,130717.m4a
130748,8beab5c6-6067-4c47-b655-1901f5a534a8,PD,5534150,130748.m4a
130767,fa63d4e4-2a2f-45ae-92d3-5d39ebd07b6d,CONTROL,5535459,130767.m4a
130771,462d754c-dc70-4768-9126-e045cd21c72e,PD,5536000,130771.m4a
130773,b3836781-d1e7-4d00-be27-e3240695d3d2,PD,5536525,130773.m4a
130795,b83013bc-d524-4db0-afd1-be3b6e30ff0a,PD,5528371,130795.m4a
130831,3516da76-a3e1-47ac-9255-ee100797ba9b,PD,5538650,130831.m4a
130855,b80b54cc-7323-4a1e-88cf-112051223fc5,PD,5541622,130855.m4a
130877,34094d7c-ed2b-4fc1-9146-635e608329d5,PD,5538879,130877.m4a
130927,d96eb0d4-4dbe-4f2b-a977-55cca40e4035,PD,5542314,130927.m4a
130944,fa63d4e4-2a2f-45ae-92d3-5d39ebd07b6d,CONTROL,5549614,130944.m4a
130961,3070acf0-23ab-40c5-8afc-ba869e122c00,PD,5570431,130961.m4a
130984,3599ec25-58c9-4215-aac3-a1287f7a7601,PD,5548909,130984.m4a
131037,ab6244b9-1f60-452d-9c06-df0209e9e5e9,PD,5545552,131037.m4a
131089,32e23bb4-c2ca-489e-a580-d432d05e015e,PD,5553352,131089.m4a
131105,8923a4d0-6223-4285-bef5-0ed3b5d76bf6,CONTROL,5552957,131105.m4a
131123,2d596e46-73ab-4d6e-9c2c-d87a8695e21a,CONTROL,5554028,131123.m4a
131125,c2de5c4c-9de5-4978-8f9f-9c783ea06ae2,PD,5554517,131125.m4a
131134,ab6244b9-1f60-452d-9c06-df0209e9e5e9,PD,5555302,131134.m4a
131153,8eff683a-5bfe-4c5c-b686-07dbb7c36326,PD,5554775,131153.m4a
131170,37b967c4-0dc2-4aab-8d20-c35e855944bf,PD,5553398,131170.m4a
131171,8b694c8e-3ce1-4e55-89ae-d034e1602bdf,PD,5554900,131171.m4a
131177,3c149313-d639-46ab-bd25-e22eb2b9454f,CONTROL,5555771,131177.m4a
131232,6a6a768b-94ff-41c8-b42f-c2db47efa2e4,PD,5564338,131232.m4a
131240,e787d06a-bcce-4ef0-848e-8b319fc7ce99,PD,5558881,131240.m4a
131245,c2de5c4c-9de5-4978-8f9f-9c783ea06ae2,PD,5563462,131245.m4a
131252,b9b377ab-5693-475b-82aa-e48ec638c72a,CONTROL,5558818,131252.m4a
131253,b9b377ab-5693-475b-82aa-e48ec638c72a,CONTROL,5558573,131253.m4a
131254,d16452a8-b678-487b-a42f-0e8bea8a8479,PD,5557938,131254.m4a
131293,67eaff7f-bf28-4a42-89e3-e72a36681d1b,CONTROL,5561995,131293.m4a
131295,d0ae0ee1-165b-4e5a-9caa-ad8a17688445,PD,5566662,131295.m4a
131341,b4bb8c67-33ac-4333-b1aa-6b79babc40fc,PD,5551506,131341.m4a
131349,ab6244b9-1f60-452d-9c06-df0209e9e5e9,PD,5565469,131349.m4a
131360,31267c25-bffe-4f04-984a-acd95a3f4fe8,PD,5566853,131360.m4a
131365,be1c514d-40e8-44f8-ac33-5cb2a647f02d,PD,5565993,131365.m4a
131369,de7647cc-9928-4cb3-8c0c-d076ba581415,CONTROL,5568329,131369.m4a
131391,d16452a8-b678-487b-a42f-0e8bea8a8479,PD,5566481,131391.m4a
131422,5c27c37f-d1ed-4091-9783-5ef61078019b,PD,5572115,131422.m4a
131431,21a71204-0893-4c88-b6e3-8f101a25268c,PD,5571881,131431.m4a
131449,b29f767b-2905-4c51-a8f0-79e375491a3b,CONTROL,5574592,131449.m4a
131451,1dbc6aa7-3c96-478e-a141-37ab42154e61,CONTROL,5599364,131451.m4a
131495,cdb18d7b-6793-48c0-8085-63c2a71ce5a9,PD,5580625,131495.m4a
131500,e00fc19a-ed8c-412a-bedf-539c3742baea,PD,5577111,131500.m4a
131501,e00fc19a-ed8c-412a-bedf-539c3742baea,PD,5575029,131501.m4a
131502,e00fc19a-ed8c-412a-bedf-539c3742baea,PD,5579715,131502.m4a
131527,ab6244b9-1f60-452d-9c06-df0209e9e5e9,PD,5580431,131527.m4a
131547,46242d15-41f9-417c-b454-ddd95a4f451c,PD,5581486,131547.m4a
131600,c6a414c1-2143-4693-a0ea-37028d3af443,PD,5586827,131600.m4a
131606,11b74e3c-b973-4f74-b8db-47934ad0a55c,PD,5586045,131606.m4a
131622,51faeedb-bc76-4fe8-9d6e-5bf43b484a94,PD,5584842,131622.m4a
131682,5f2b561d-ef7f-452d-8f62-4c4c37fc8458,PD,5588344,131682.m4a
131687,0d93ece9-ce08-4d7e-aedd-949c9cd97059,CONTROL,5586647,131687.m4a
131734,c8754481-6749-4268-81a8-8068adfdcce8,CONTROL,5589729,131734.m4a
131744,b4bb8c67-33ac-4333-b1aa-6b79babc40fc,PD,5553879,131744.m4a
131747,c2de5c4c-9de5-4978-8f9f-9c783ea06ae2,PD,5591329,131747.m4a
131753,462d754c-dc70-4768-9126-e045cd21c72e,PD,5628958,131753.m4a
131784,9cea97c7-2c63-431d-9b7c-914af60acb9c,CONTROL,5595562,131784.m4a
131785,9cea97c7-2c63-431d-9b7c-914af60acb9c,CONTROL,5592486,131785.m4a
131787,cb8c2ef5-da46-43d7-b24e-c03c88061995,CONTROL,5590821,131787.m4a
131788,cb8c2ef5-da46-43d7-b24e-c03c88061995,CONTROL,5590706,131788.m4a
131792,27196fe1-fc62-4e61-ace3-6e223203b3a4,CONTROL,5593923,131792.m4a
131795,a9446838-42f5-4ad0-9e65-6e4b9f4b8691,CONTROL,5593090,131795.m4a
131800,e24901df-03a6-4c94-9b32-41e815d2a6df,PD,5595231,131800.m4a
131809,3516da76-a3e1-47ac-9255-ee100797ba9b,PD,5601028,131809.m4a
131830,b3836781-d1e7-4d00-be27-e3240695d3d2,PD,5602692,131830.m4a
131836,3e7e6085-a641-4b0f-bcda-c4fb3c0d3fe4,PD,5599771,131836.m4a
131867,3516da76-a3e1-47ac-9255-ee100797ba9b,PD,5600427,131867.m4a
131878,e29db95f-adc5-49cd-8eeb-09054470c221,PD,5597209,131878.m4a
131918,c6a414c1-2143-4693-a0ea-37028d3af443,PD,5599485,131918.m4a
131928,1dbc6aa7-3c96-478e-a141-37ab42154e61,CONTROL,5611798,131928.m4a
131956,5fe0830d-9fc2-493f-a9e7-2e900b9e37a8,PD,5607278,131956.m4a
131967,7b9b9932-4d19-49dd-8893-0441eba9ad46,CONTROL,5604351,131967.m4a
131968,7b9b9932-4d19-49dd-8893-0441eba9ad46,CONTROL,5606567,131968.m4a
131975,a4c28d0d-ce3b-4fdb-abb0-f76302898702,PD,5604536,131975.m4a
131983,d16452a8-b678-487b-a42f-0e8bea8a8479,PD,5604211,131983.m4a
131990,5a5b0173-3d27-412c-84f3-57534bf1414f,PD,5609789,131990.m4a
131996,3516da76-a3e1-47ac-9255-ee100797ba9b,PD,5609760,131996.m4a
132040,c6a414c1-2143-4693-a0ea-37028d3af443,PD,5610555,132040.m4a
132081,d1a742dc-97f3-485b-9458-c24ab01126fe,PD,5614286,132081.m4a
132113,ac7c3961-9268-42b7-aeb7-fc4c49c7a6bb,PD,5617419,132113.m4a
132136,88061f3a-d6ff-42a0-9c63-9d23404ab6a3,CONTROL,5614331,132136.m4a
132138,88061f3a-d6ff-42a0-9c63-9d23404ab6a3,CONTROL,5617469,132138.m4a
132142,549e0f48-4f8c-41be-9912-d85c709bdbdf,PD,5613292,132142.m4a
132145,5f2b561d-ef7f-452d-8f62-4c4c37fc8458,PD,5614085,132145.m4a
132188,9b3adfa3-30cc-4ef2-9ad6-fbc964f19982,PD,5625862,132188.m4a
132198,95fe2bb0-4886-4042-b63f-a93c1635d874,PD,5623388,132198.m4a
132199,95fe2bb0-4886-4042-b63f-a93c1635d874,PD,5623008,132199.m4a
132200,95fe2bb0-4886-4042-b63f-a93c1635d874,PD,5624624,132200.m4a
132222,11b74e3c-b973-4f74-b8db-47934ad0a55c,PD,5625300,132222.m4a
132323,c2de5c4c-9de5-4978-8f9f-9c783ea06ae2,PD,5628421,132323.m4a
132330,53552194-9d5b-4aad-a934-e3c2d1683be3,PD,5628711,132330.m4a
132336,f1bbef68-2385-49c5-8c93-25c26846e30c,CONTROL,5632285,132336.m4a
132356,4d394840-210d-42c7-b8d3-cef242f1ee4c,PD,5632949,132356.m4a
132395,c6a414c1-2143-4693-a0ea-37028d3af443,PD,5631285,132395.m4a
132401,f92ec667-ab78-4874-81b3-a6a216201b9a,CONTROL,5632068,132401.m4a
132410,53552194-9d5b-4aad-a934-e3c2d1683be3,PD,5639688,132410.m4a
132411,53552194-9d5b-4aad-a934-e3c2d1683be3,PD,5638957,132411.m4a
132412,53552194-9d5b-4aad-a934-e3c2d1683be3,PD,5637884,132412.m4a
132423,f1bbef68-2385-49c5-8c93-25c26846e30c,CONTROL,5637632,132423.m4a
132429,11b74e3c-b973-4f74-b8db-47934ad0a55c,PD,5635323,132429.m4a
132479,92da6dbb-ddd2-4a0f-90e4-46de8b1566ac,PD,5636557,132479.m4a
132483,23c1a565-1761-4fe4-90a6-dcc9b9a4ee47,PD,5639382,132483.m4a
132494,c6a414c1-2143-4693-a0ea-37028d3af443,PD,5638919,132494.m4a
132515,5f2b561d-ef7f-452d-8f62-4c4c37fc8458,PD,5636172,132515.m4a
132573,1b9fd63c-46e3-4cbd-b93b-27996d0a5d32,CONTROL,5644256,132573.m4a
132576,219a59a3-c8ae-48b8-b6e6-42c8161506f2,PD,5643275,132576.m4a
132578,219a59a3-c8ae-48b8-b6e6-42c8161506f2,PD,5642353,132578.m4a
132582,3599ec25-58c9-4215-aac3-a1287f7a7601,PD,5644003,132582.m4a
132583,b3836781-d1e7-4d00-be27-e3240695d3d2,PD,5641312,132583.m4a
132663,462d754c-dc70-4768-9126-e045cd21c72e,PD,5652521,132663.m4a
132679,219a59a3-c8ae-48b8-b6e6-42c8161506f2,PD,5649145,132679.m4a
132680,a4c28d0d-ce3b-4fdb-abb0-f76302898702,PD,6090023,132680.m4a
132690,95e124bb-e9bf-4f06-916c-4a679be5c623,PD,5649136,132690.m4a
132693,473615c4-ee8e-41c7-9dad-e5d553ffdb3b,PD,5648251,132693.m4a
132701,2a0a6e09-f23d-4ee6-a1a7-66b0e79ce08a,PD,5648928,132701.m4a
132709,5a8bcb29-5d9f-41e8-bc77-936a88d49503,CONTROL,5656529,132709.m4a
132735,c6a414c1-2143-4693-a0ea-37028d3af443,PD,5647669,132735.m4a
132737,2a0a6e09-f23d-4ee6-a1a7-66b0e79ce08a,PD,5647250,132737.m4a
132741,bc4e6720-cc06-4d3f-a3db-d9ee8d3efd31,PD,5648071,132741.m4a
132796,ca772c81-142b-437c-b296-1a5da2816417,CONTROL,5654224,132796.m4a
132799,219a59a3-c8ae-48b8-b6e6-42c8161506f2,PD,5656241,132799.m4a
132810,2a0a6e09-f23d-4ee6-a1a7-66b0e79ce08a,PD,5658752,132810.m4a
132824,15c66b8c-1f91-461d-92cf-2bb6043dede5,PD,5654647,132824.m4a
132840,f92ec667-ab78-4874-81b3-a6a216201b9a,CONTROL,5657558,132840.m4a
132844,2a0a6e09-f23d-4ee6-a1a7-66b0e79ce08a,PD,5656437,132844.m4a
132853,016cd339-2d22-4fed-92bb-2341c9a46be0,PD,5654413,132853.m4a
132867,5134777c-3563-41a5-abcf-cce272a2ebf3,PD,5417905,132867.m4a
132868,5134777c-3563-41a5-abcf-cce272a2ebf3,PD,5416136,132868.m4a
132909,fc13d58f-7b61-4567-a86f-b235eded807d,CONTROL,5413515,132909.m4a
132910,fc13d58f-7b61-4567-a86f-b235eded807d,CONTROL,5416193,132910.m4a
132913,955f5ac1-c81e-4b88-ac23-b53585f52513,CONTROL,5417647,132913.m4a
132918,256946ce-e118-4f9e-88dd-45984b83c227,PD,5414415,132918.m4a
132919,4070311b-610a-4d7c-af3b-464ff229adcb,PD,5415891,132919.m4a
132920,4070311b-610a-4d7c-af3b-464ff229adcb,PD,5414842,132920.m4a
132921,4070311b-610a-4d7c-af3b-464ff229adcb,PD,5418477,132921.m4a
132950,8a67d54a-74e9-4a06-90bd-ad052ffd27b2,PD,5417890,132950.m4a
132952,8a67d54a-74e9-4a06-90bd-ad052ffd27b2,PD,5416104,132952.m4a
132962,0caf9f7e-f3a1-4fcd-891d-ae6ffcdf61fd,PD,5417007,132962.m4a
132997,9b3adfa3-30cc-4ef2-9ad6-fbc964f19982,PD,5423192,132997.m4a
133000,2947bc95-102e-4255-8d70-53a0d10f9b9f,PD,5421558,133000.m4a
133025,4070311b-610a-4d7c-af3b-464ff229adcb,PD,5423023,133025.m4a
133029,bc4e6720-cc06-4d3f-a3db-d9ee8d3efd31,PD,5423465,133029.m4a
133030,67b9ce15-6b8d-4a0e-abab-249c9849651f,CONTROL,5424131,133030.m4a
133032,7457113a-34bd-4324-935c-f66bd33f1e4b,PD,5424053,133032.m4a
133041,016cd339-2d22-4fed-92bb-2341c9a46be0,PD,5419730,133041.m4a
133042,016cd339-2d22-4fed-92bb-2341c9a46be0,PD,5419768,133042.m4a
133046,e29db95f-adc5-49cd-8eeb-09054470c221,PD,5419801,133046.m4a
133060,a4c28d0d-ce3b-4fdb-abb0-f76302898702,PD,6083571,133060.m4a
133061,aa7989be-a371-46d1-afd8-2d731bb1593c,PD,5424571,133061.m4a
133065,4070311b-610a-4d7c-af3b-464ff229adcb,PD,5422737,133065.m4a
133066,4070311b-610a-4d7c-af3b-464ff229adcb,PD,5419809,133066.m4a
133071,68ad3d0b-f67a-4418-a389-e049ce71125a,PD,5430569,133071.m4a
133077,256946ce-e118-4f9e-88dd-45984b83c227,PD,5422214,133077.m4a
133102,075e065a-ee03-49ca-9ce1-f68749809e2d,PD,5429272,133102.m4a
133106,72a68a80-a22b-4eff-b835-5b7bbec6c85c,PD,5427399,133106.m4a
133107,631566d6-f082-4d57-ac91-c895ff4d6de0,PD,5426203,133107.m4a
133121,256946ce-e118-4f9e-88dd-45984b83c227,PD,5426440,133121.m4a
133126,219a59a3-c8ae-48b8-b6e6-42c8161506f2,PD,5426058,133126.m4a
133127,219a59a3-c8ae-48b8-b6e6-42c8161506f2,PD,5425986,133127.m4a
133132,c2de5c4c-9de5-4978-8f9f-9c783ea06ae2,PD,5427370,133132.m4a
133137,cdff1b96-dce7-4ef4-822f-c0d8c143ed6f,PD,5425688,133137.m4a
133149,15cd9496-900a-44bb-948b-12a24b101615,PD,5555841,133149.m4a
133153,2a0a6e09-f23d-4ee6-a1a7-66b0e79ce08a,PD,5430441,133153.m4a
133159,f195a3f1-9cbb-4296-9233-388b194b527b,PD,5430109,133159.m4a
133165,8a67d54a-74e9-4a06-90bd-ad052ffd27b2,PD,5428447,133165.m4a
133166,8a67d54a-74e9-4a06-90bd-ad052ffd27b2,PD,5428059,133166.m4a
133176,631566d6-f082-4d57-ac91-c895ff4d6de0,PD,5430454,133176.m4a
133178,0bb4994f-9520-434a-8d4d-78b018210b53,PD,5430372,133178.m4a
133179,0bb4994f-9520-434a-8d4d-78b018210b53,PD,5427786,133179.m4a
133200,672ccbff-403d-4453-a4e5-10fa429a22b6,PD,5433809,133200.m4a
133212,ecb26114-3f30-477d-b396-b2eaba02b694,PD,5431648,133212.m4a
133213,ecb26114-3f30-477d-b396-b2eaba02b694,PD,5435769,133213.m4a
133214,ecb26114-3f30-477d-b396-b2eaba02b694,PD,5435957,133214.m4a
133215,8a67d54a-74e9-4a06-90bd-ad052ffd27b2,PD,5434448,133215.m4a
133216,8a67d54a-74e9-4a06-90bd-ad052ffd27b2,PD,5434616,133216.m4a
133220,d16452a8-b678-487b-a42f-0e8bea8a8479,PD,5436579,133220.m4a
133221,cf44db25-e6cc-4576-a698-47f5807339b2,PD,5432458,133221.m4a
133223,cf44db25-e6cc-4576-a698-47f5807339b2,PD,5440849,133223.m4a
133233,702bc6dd-423f-4416-ae41-deded2e81ed7,PD,5528393,133233.m4a
133237,e787d06a-bcce-4ef0-848e-8b319fc7ce99,PD,5434032,133237.m4a
133250,1219e6fb-c399-4b86-8956-bae6e65022fc,CONTROL,5434034,133250.m4a
133252,6855fa7a-006a-4eb0-9e36-484c2048b7b2,PD,5434225,133252.m4a
133253,6855fa7a-006a-4eb0-9e36-484c2048b7b2,PD,5435046,133253.m4a
133254,6855fa7a-006a-4eb0-9e36-484c2048b7b2,PD,5434277,133254.m4a
133291,b3836781-d1e7-4d00-be27-e3240695d3d2,PD,5431461,133291.m4a
133293,edda1cd2-809e-4e46-8fed-afab768abca9,PD,5433625,133293.m4a
133296,256946ce-e118-4f9e-88dd-45984b83c227,PD,5435696,133296.m4a
133299,c5d34a8a-340e-48e1-944c-645bfdb494fd,PD,5436210,133299.m4a
133300,c5d34a8a-340e-48e1-944c-645bfdb494fd,PD,5431497,133300.m4a
133301,c5d34a8a-340e-48e1-944c-645bfdb494fd,PD,5436628,133301.m4a
133332,8ea5430d-1751-4718-a4f1-9343176af19b,PD,5442939,133332.m4a
133333,3516da76-a3e1-47ac-9255-ee100797ba9b,PD,5445119,133333.m4a
133334,cf44db25-e6cc-4576-a698-47f5807339b2,PD,5440044,133334.m4a
133335,cf44db25-e6cc-4576-a698-47f5807339b2,PD,5441821,133335.m4a
133336,cf44db25-e6cc-4576-a698-47f5807339b2,PD,5442052,133336.m4a
133344,cf44db25-e6cc-4576-a698-47f5807339b2,PD,5439885,133344.m4a
133361,c2de5c4c-9de5-4978-8f9f-9c783ea06ae2,PD,5442691,133361.m4a
133374,5981d744-5476-4bb6-9609-30a72519ae55,CONTROL,5440429,133374.m4a
133388,95e124bb-e9bf-4f06-916c-4a679be5c623,PD,5441791,133388.m4a
133398,256946ce-e118-4f9e-88dd-45984b83c227,PD,5439672,133398.m4a
133414,c6a414c1-2143-4693-a0ea-37028d3af443,PD,5443473,133414.m4a
133433,8ea5430d-1751-4718-a4f1-9343176af19b,PD,5450316,133433.m4a
133456,8a67d54a-74e9-4a06-90bd-ad052ffd27b2,PD,5447223,133456.m4a
133462,edda1cd2-809e-4e46-8fed-afab768abca9,PD,5450686,133462.m4a
133470,d8c85d87-db32-47ab-9f53-bf1af8c3a6ba,CONTROL,5448747,133470.m4a
133476,cf44db25-e6cc-4576-a698-47f5807339b2,PD,5448918,133476.m4a
133480,a4c28d0d-ce3b-4fdb-abb0-f76302898702,PD,6095054,133480.m4a
133484,8ea5430d-1751-4718-a4f1-9343176af19b,PD,5447827,133484.m4a
133516,e24901df-03a6-4c94-9b32-41e815d2a6df,PD,5450696,133516.m4a
133518,e24901df-03a6-4c94-9b32-41e815d2a6df,PD,5450195,133518.m4a
133535,d96eb0d4-4dbe-4f2b-a977-55cca40e4035,PD,5448626,133535.m4a
133541,256946ce-e118-4f9e-88dd-45984b83c227,PD,5455416,133541.m4a
133551,e4793747-dfca-4690-bfac-0fca86f40837,PD,5453631,133551.m4a
133552,e4793747-dfca-4690-bfac-0fca86f40837,PD,5453557,133552.m4a
133566,8ea5430d-1751-4718-a4f1-9343176af19b,PD,5453540,133566.m4a
133595,d8c85d87-db32-47ab-9f53-bf1af8c3a6ba,CONTROL,5460053,133595.m4a
133608,be1c514d-40e8-44f8-ac33-5cb2a647f02d,PD,5453341,133608.m4a
133662,8ea5430d-1751-4718-a4f1-9343176af19b,PD,5460272,133662.m4a
133685,edda1cd2-809e-4e46-8fed-afab768abca9,PD,5461480,133685.m4a
133687,7bc86881-7075-467a-850e-53e021b60f9f,PD,5463476,133687.m4a
133696,30712a06-af02-484a-875b-5b4c268f1b62,PD,5460523,133696.m4a
133705,95e124bb-e9bf-4f06-916c-4a679be5c623,PD,5460682,133705.m4a
133743,32aee85a-ad9f-43fd-abb4-7ff54032764d,CONTROL,5460302,133743.m4a
133744,32aee85a-ad9f-43fd-abb4-7ff54032764d,CONTROL,5464462,133744.m4a
133751,bc4e6720-cc06-4d3f-a3db-d9ee8d3efd31,PD,5465070,133751.m4a
133805,016cd339-2d22-4fed-92bb-2341c9a46be0,PD,5470732,133805.m4a
133806,016cd339-2d22-4fed-92bb-2341c9a46be0,PD,5470548,133806.m4a
133807,016cd339-2d22-4fed-92bb-2341c9a46be0,PD,5467448,133807.m4a
133808,3cf8698b-0e0d-44db-8d6c-d6486c684418,PD,5469298,133808.m4a
133820,3cf8698b-0e0d-44db-8d6c-d6486c684418,PD,5470608,133820.m4a
133834,b4491f3d-1acb-47b6-a751-e176a373ea47,PD,5466368,133834.m4a
133863,95e124bb-e9bf-4f06-916c-4a679be5c623,PD,5470751,133863.m4a
133867,631566d6-f082-4d57-ac91-c895ff4d6de0,PD,5468918,133867.m4a
133906,6cfb4610-8fc7-4b86-8249-dd22abd64675,CONTROL,5478463,133906.m4a
133922,3cf8698b-0e0d-44db-8d6c-d6486c684418,PD,5479720,133922.m4a
133957,e697c56e-1b27-4d60-a346-8d8407c1601c,PD,5477288,133957.m4a
134022,256946ce-e118-4f9e-88dd-45984b83c227,PD,5484780,134022.m4a
134026,e4793747-dfca-4690-bfac-0fca86f40837,PD,5483040,134026.m4a
134040,b46f3c22-0824-48d6-84f5-bfef4b0f3a3c,PD,5485869,134040.m4a
134042,b46f3c22-0824-48d6-84f5-bfef4b0f3a3c,PD,5482323,134042.m4a
134068,a9446838-42f5-4ad0-9e65-6e4b9f4b8691,CONTROL,5485986,134068.m4a
134083,5134777c-3563-41a5-abcf-cce272a2ebf3,PD,5483497,134083.m4a
134090,5b71621b-1b34-4bc5-8be0-649428156c07,CONTROL,5481763,134090.m4a
134100,8c3a77a3-9fa4-4606-bdcc-5dbb9f93d175,CONTROL,5481055,134100.m4a
134102,bc4e6720-cc06-4d3f-a3db-d9ee8d3efd31,PD,5482555,134102.m4a
134140,702bc6dd-423f-4416-ae41-deded2e81ed7,PD,5523807,134140.m4a
134152,2f9c4950-2a3a-49e4-b343-ab6277119ea9,PD,5490344,134152.m4a
134186,702bc6dd-423f-4416-ae41-deded2e81ed7,PD,5523484,134186.m4a
134199,5bf2dfe5-548c-49d5-b0a0-30568ab1afe5,PD,5488779,134199.m4a
134233,afc1967c-5f55-4034-8d01-824c3b1bb35d,PD,5496248,134233.m4a
134234,afc1967c-5f55-4034-8d01-824c3b1bb35d,PD,5541659,134234.m4a
134235,afc1967c-5f55-4034-8d01-824c3b1bb35d,PD,5541769,134235.m4a
134239,569da23a-d719-42d4-bd97-9e9e62a49030,CONTROL,5500631,134239.m4a
134256,3505f51a-467c-4fae-9025-eda3e517f313,PD,5498509,134256.m4a
134272,2f9c4950-2a3a-49e4-b343-ab6277119ea9,PD,5498349,134272.m4a
134273,2f9c4950-2a3a-49e4-b343-ab6277119ea9,PD,5500238,134273.m4a
134286,631566d6-f082-4d57-ac91-c895ff4d6de0,PD,5495050,134286.m4a
134303,2631db79-2bb0-461f-b592-bf764d933696,PD,5500347,134303.m4a
134306,48f3de97-1678-475b-8fcd-e44ab193cd08,CONTROL,5496041,134306.m4a
134312,bd8536ec-5a7f-4213-945e-1c2a6c59cf15,CONTROL,5500925,134312.m4a
134356,1886a202-b9e9-4429-9c44-92d7c1654d66,PD,5506413,134356.m4a
134357,1886a202-b9e9-4429-9c44-92d7c1654d66,PD,5502970,134357.m4a
134360,2f9c4950-2a3a-49e4-b343-ab6277119ea9,PD,5506879,134360.m4a
134361,1886a202-b9e9-4429-9c44-92d7c1654d66,PD,5506356,134361.m4a
134363,ca70994f-b907-4f30-944c-7c084293138f,PD,5505228,134363.m4a
134364,ca70994f-b907-4f30-944c-7c084293138f,PD,5506073,134364.m4a
134385,6e84dd03-8f13-4144-a366-cb531ffb07b9,PD,5502901,134385.m4a
134402,642cbefc-3667-4049-afc4-c549a967a356,PD,5503503,134402.m4a
134404,386ba03d-8435-4cb4-9fa2-72ec3e1e0425,CONTROL,5507639,134404.m4a
134410,433dbed3-3ed2-4b5a-bfb2-759ccf7c3476,PD,5502172,134410.m4a
134411,433dbed3-3ed2-4b5a-bfb2-759ccf7c3476,PD,5504792,134411.m4a
134412,433dbed3-3ed2-4b5a-bfb2-759ccf7c3476,PD,5507687,134412.m4a
134413,6e84dd03-8f13-4144-a366-cb531ffb07b9,PD,5507618,134413.m4a
134425,2631db79-2bb0-461f-b592-bf764d933696,PD,5507391,134425.m4a
134438,bc4e6720-cc06-4d3f-a3db-d9ee8d3efd31,PD,5505676,134438.m4a
134439,bc4e6720-cc06-4d3f-a3db-d9ee8d3efd31,PD,5505083,134439.m4a
134440,6e84dd03-8f13-4144-a366-cb531ffb07b9,PD,5504352,134440.m4a
134451,8ba96360-9ac6-4e74-bf3e-6e84b9329ff9,PD,5510113,134451.m4a
134454,4a650fe2-15f0-416d-8493-c7dc50fe265c,PD,5508988,134454.m4a
134468,2631db79-2bb0-461f-b592-bf764d933696,PD,5510141,134468.m4a
134474,d800bd93-6cf0-419e-81c9-494d1ac63243,PD,5514416,134474.m4a
134480,a7cfcf74-2789-4401-bc1f-68cea3d00065,PD,5513819,134480.m4a
134481,a7cfcf74-2789-4401-bc1f-68cea3d00065,PD,5514239,134481.m4a
134482,a7cfcf74-2789-4401-bc1f-68cea3d00065,PD,5512012,134482.m4a
134484,4996a4c2-d311-4169-a396-ccbffcdde78a,PD,5515205,134484.m4a
134514,27d1997f-a8d7-4b8b-99a2-983c24d50ecf,PD,5515417,134514.m4a
134517,217dc372-85f6-4eed-92d0-c80baae6af6d,PD,5509895,134517.m4a
134523,28cfdb28-d36e-434e-bb97-f36d62008856,PD,5513539,134523.m4a
134525,642cbefc-3667-4049-afc4-c549a967a356,PD,5514914,134525.m4a
134527,da3c3ff5-2ddd-41f7-ace9-4d231880c9cc,PD,5512928,134527.m4a
134529,8ba96360-9ac6-4e74-bf3e-6e84b9329ff9,PD,5513641,134529.m4a
134545,217dc372-85f6-4eed-92d0-c80baae6af6d,PD,5512225,134545.m4a
134553,73f461ca-4d6a-48bd-911e-7cea99eafaa6,PD,5509299,134553.m4a
134561,48f3de97-1678-475b-8fcd-e44ab193cd08,CONTROL,5515042,134561.m4a
134569,727a15b3-5e85-4107-8269-d9be8ab7fe89,PD,5520784,134569.m4a
134570,727a15b3-5e85-4107-8269-d9be8ab7fe89,PD,5519957,134570.m4a
134591,73f461ca-4d6a-48bd-911e-7cea99eafaa6,PD,5516744,134591.m4a
134606,d40c28f5-6c35-47ce-82c8-c5036a77280b,PD,5521779,134606.m4a
134607,727a15b3-5e85-4107-8269-d9be8ab7fe89,PD,5581619,134607.m4a
134614,e787d06a-bcce-4ef0-848e-8b319fc7ce99,PD,5527245,134614.m4a
134625,21e36b60-f96e-48db-84dd-b7ad9b7535ed,PD,5518049,134625.m4a
134626,21e36b60-f96e-48db-84dd-b7ad9b7535ed,PD,5521584,134626.m4a
134627,21e36b60-f96e-48db-84dd-b7ad9b7535ed,PD,5517870,134627.m4a
134629,8a4790b3-3bf5-4273-b695-fe703347d399,PD,5521981,134629.m4a
134642,6e84dd03-8f13-4144-a366-cb531ffb07b9,PD,5517514,134642.m4a
134648,217dc372-85f6-4eed-92d0-c80baae6af6d,PD,5521620,134648.m4a
134650,a4c28d0d-ce3b-4fdb-abb0-f76302898702,PD,6084086,134650.m4a
134652,3f89a22f-7506-4643-9b7f-f71f7b488eaf,PD,5517927,134652.m4a
134654,3f89a22f-7506-4643-9b7f-f71f7b488eaf,PD,5522275,134654.m4a
134657,fbd18b71-7eea-4f43-98c4-4d952d0722c0,PD,5518284,134657.m4a
134669,2631db79-2bb0-461f-b592-bf764d933696,PD,5517726,134669.m4a
134676,e1aa6a15-9c99-42ae-8971-8c5a0367c58f,PD,5516418,134676.m4a
134677,6e84dd03-8f13-4144-a366-cb531ffb07b9,PD,5521603,134677.m4a
134689,30712a06-af02-484a-875b-5b4c268f1b62,PD,5520935,134689.m4a
134693,2d378bda-812b-467e-b42e-262fa4a30a7b,CONTROL,5522337,134693.m4a
134708,5bf2dfe5-548c-49d5-b0a0-30568ab1afe5,PD,5530255,134708.m4a
134713,e4793747-dfca-4690-bfac-0fca86f40837,PD,5527778,134713.m4a
134716,217dc372-85f6-4eed-92d0-c80baae6af6d,PD,5525137,134716.m4a
134717,28cfdb28-d36e-434e-bb97-f36d62008856,PD,5536685,134717.m4a
134718,2fb90ae9-b114-4fc7-bba3-19845ef08b22,PD,5525929,134718.m4a
134720,31c6ee10-7647-4328-9b44-a741c4c266cf,CONTROL,5532327,134720.m4a
134723,2fb90ae9-b114-4fc7-bba3-19845ef08b22,PD,5529958,134723.m4a
134726,1886a202-b9e9-4429-9c44-92d7c1654d66,PD,5527888,134726.m4a
134741,6e84dd03-8f13-4144-a366-cb531ffb07b9,PD,5528562,134741.m4a
134743,73f461ca-4d6a-48bd-911e-7cea99eafaa6,PD,5525934,134743.m4a
134752,4d394840-210d-42c7-b8d3-cef242f1ee4c,PD,5593040,134752.m4a
134756,e1aa6a15-9c99-42ae-8971-8c5a0367c58f,PD,5526611,134756.m4a
134757,da3c3ff5-2ddd-41f7-ace9-4d231880c9cc,PD,5528254,134757.m4a
134759,36aadd20-e26a-4caf-b250-bd60659e7f9f,PD,5528363,134759.m4a
134761,2f9c4950-2a3a-49e4-b343-ab6277119ea9,PD,5531766,134761.m4a
134772,642cbefc-3667-4049-afc4-c549a967a356,PD,6100261,134772.m4a
134776,fbd18b71-7eea-4f43-98c4-4d952d0722c0,PD,5532945,134776.m4a
134779,386ba03d-8435-4cb4-9fa2-72ec3e1e0425,CONTROL,5525052,134779.m4a
134787,3f89a22f-7506-4643-9b7f-f71f7b488eaf,PD,5529920,134787.m4a
134788,3f89a22f-7506-4643-9b7f-f71f7b488eaf,PD,5527724,134788.m4a
134789,3f89a22f-7506-4643-9b7f-f71f7b488eaf,PD,5533187,134789.m4a
134804,7c902767-b9b7-44dc-978f-7f246ef3c09b,PD,5523509,134804.m4a
134815,95e124bb-e9bf-4f06-916c-4a679be5c623,PD,5536872,134815.m4a
134816,95e124bb-e9bf-4f06-916c-4a679be5c623,PD,5539543,134816.m4a
134834,1886a202-b9e9-4429-9c44-92d7c1654d66,PD,5538825,134834.m4a
134837,1886a202-b9e9-4429-9c44-92d7c1654d66,PD,5534199,134837.m4a
134839,e4793747-dfca-4690-bfac-0fca86f40837,PD,5534208,134839.m4a
134840,e4793747-dfca-4690-bfac-0fca86f40837,PD,5538822,134840.m4a
134842,e1aa6a15-9c99-42ae-8971-8c5a0367c58f,PD,5536327,134842.m4a
134857,3516da76-a3e1-47ac-9255-ee100797ba9b,PD,5538986,134857.m4a
134870,28cfdb28-d36e-434e-bb97-f36d62008856,PD,5538849,134870.m4a
134880,7c902767-b9b7-44dc-978f-7f246ef3c09b,PD,5535370,134880.m4a
134884,da3c3ff5-2ddd-41f7-ace9-4d231880c9cc,PD,5542283,134884.m4a
134886,7c902767-b9b7-44dc-978f-7f246ef3c09b,PD,5536544,134886.m4a
134887,7c902767-b9b7-44dc-978f-7f246ef3c09b,PD,5536491,134887.m4a
134888,e2749d3c-6186-4013-925d-2e7f28a6e035,PD,5536993,134888.m4a
134896,afc1967c-5f55-4034-8d01-824c3b1bb35d,PD,5535453,134896.m4a
134897,afc1967c-5f55-4034-8d01-824c3b1bb35d,PD,5537219,134897.m4a
134898,afc1967c-5f55-4034-8d01-824c3b1bb35d,PD,5539685,134898.m4a
134915,2fb90ae9-b114-4fc7-bba3-19845ef08b22,PD,5541973,134915.m4a
134919,2fb90ae9-b114-4fc7-bba3-19845ef08b22,PD,5535873,134919.m4a
134928,217dc372-85f6-4eed-92d0-c80baae6af6d,PD,5542473,134928.m4a
134930,ed56a968-4048-4d30-9385-35d540fea804,PD,5542288,134930.m4a
134931,ed56a968-4048-4d30-9385-35d540fea804,PD,5536984,134931.m4a
134932,6e84dd03-8f13-4144-a366-cb531ffb07b9,PD,5537555,134932.m4a
134937,3c149313-d639-46ab-bd25-e22eb2b9454f,CONTROL,5536556,134937.m4a
134954,fbd18b71-7eea-4f43-98c4-4d952d0722c0,PD,5539016,134954.m4a
134966,e2749d3c-6186-4013-925d-2e7f28a6e035,PD,5547322,134966.m4a
134980,30712a06-af02-484a-875b-5b4c268f1b62,PD,5543694,134980.m4a
134982,37b967c4-0dc2-4aab-8d20-c35e855944bf,PD,5547816,134982.m4a
134994,2631db79-2bb0-461f-b592-bf764d933696,PD,5548830,134994.m4a
135016,2631db79-2bb0-461f-b592-bf764d933696,PD,5547477,135016.m4a
135032,4f8a178b-3b90-4ed9-bec9-fe05a3a33b03,PD,5543952,135032.m4a
135040,28cfdb28-d36e-434e-bb97-f36d62008856,PD,5544228,135040.m4a
135041,e0631408-638b-4e83-9b9b-3a8718b381c9,PD,5543800,135041.m4a
135042,e0631408-638b-4e83-9b9b-3a8718b381c9,PD,5548676,135042.m4a
135043,e0631408-638b-4e83-9b9b-3a8718b381c9,PD,5543540,135043.m4a
135046,6e19dc65-c5a0-4fac-9465-ce75e004696f,PD,5544273,135046.m4a
135056,b3836781-d1e7-4d00-be27-e3240695d3d2,PD,5547260,135056.m4a
135062,aab938dd-b365-432d-a4c0-3378c5ef97e5,CONTROL,5545943,135062.m4a
135067,fbd18b71-7eea-4f43-98c4-4d952d0722c0,PD,5548391,135067.m4a
135068,fbd18b71-7eea-4f43-98c4-4d952d0722c0,PD,5545475,135068.m4a
135069,d96eb0d4-4dbe-4f2b-a977-55cca40e4035,PD,5549680,135069.m4a
135072,3d70f02f-f53b-4161-89d6-82dfd719a4a1,CONTROL,5556934,135072.m4a
135100,433dbed3-3ed2-4b5a-bfb2-759ccf7c3476,PD,5551735,135100.m4a
135103,642cbefc-3667-4049-afc4-c549a967a356,PD,5556955,135103.m4a
135104,642cbefc-3667-4049-afc4-c549a967a356,PD,5556114,135104.m4a
135106,da3c3ff5-2ddd-41f7-ace9-4d231880c9cc,PD,5567291,135106.m4a
135110,e2749d3c-6186-4013-925d-2e7f28a6e035,PD,5555622,135110.m4a
135111,433dbed3-3ed2-4b5a-bfb2-759ccf7c3476,PD,5551197,135111.m4a
135112,433dbed3-3ed2-4b5a-bfb2-759ccf7c3476,PD,5555907,135112.m4a
135117,b3836781-d1e7-4d00-be27-e3240695d3d2,PD,5553755,135117.m4a
135120,3f89a22f-7506-4643-9b7f-f71f7b488eaf,PD,5553881,135120.m4a
135125,cdb18d7b-6793-48c0-8085-63c2a71ce5a9,PD,5555348,135125.m4a
135129,8eff683a-5bfe-4c5c-b686-07dbb7c36326,PD,5551268,135129.m4a
135134,2fb90ae9-b114-4fc7-bba3-19845ef08b22,PD,5611038,135134.m4a
135136,a198560a-cf0a-4610-86a3-a0bb83701336,PD,5554501,135136.m4a
135138,bd8536ec-5a7f-4213-945e-1c2a6c59cf15,CONTROL,5552797,135138.m4a
135168,11b74e3c-b973-4f74-b8db-47934ad0a55c,PD,5554645,135168.m4a
135183,fbd18b71-7eea-4f43-98c4-4d952d0722c0,PD,5553058,135183.m4a
135184,fbd18b71-7eea-4f43-98c4-4d952d0722c0,PD,5551461,135184.m4a
135210,ed56a968-4048-4d30-9385-35d540fea804,PD,5558112,135210.m4a
135243,aa7989be-a371-46d1-afd8-2d731bb1593c,PD,5561378,135243.m4a
135256,aa7989be-a371-46d1-afd8-2d731bb1593c,PD,5558851,135256.m4a
135259,7fb561a3-8f90-49d2-a39b-55ea3f78a17b,PD,5559396,135259.m4a
135265,e8bbbf39-3b34-4da9-96e2-d1a485c9f018,PD,5559003,135265.m4a
135283,5bf2dfe5-548c-49d5-b0a0-30568ab1afe5,PD,5567873,135283.m4a
135287,40ae1318-0cc7-4c51-8727-6c1a03a4d8be,PD,5559234,135287.m4a
135288,40ae1318-0cc7-4c51-8727-6c1a03a4d8be,PD,5561677,135288.m4a
135293,d96eb0d4-4dbe-4f2b-a977-55cca40e4035,PD,5563505,135293.m4a
135331,3f89a22f-7506-4643-9b7f-f71f7b488eaf,PD,5567551,135331.m4a
135334,5bf2dfe5-548c-49d5-b0a0-30568ab1afe5,PD,5568536,135334.m4a
135336,647b619b-64bd-4336-890e-0a9b43476b7c,PD,5568219,135336.m4a
135338,da3c3ff5-2ddd-41f7-ace9-4d231880c9cc,PD,5565686,135338.m4a
135348,2f9c4950-2a3a-49e4-b343-ab6277119ea9,PD,5566442,135348.m4a
135349,2f9c4950-2a3a-49e4-b343-ab6277119ea9,PD,5568755,135349.m4a
135350,aab938dd-b365-432d-a4c0-3378c5ef97e5,CONTROL,5565763,135350.m4a
135361,e2749d3c-6186-4013-925d-2e7f28a6e035,PD,5565793,135361.m4a
135363,5e7fba64-bc6f-4987-b3d4-97328d805f4f,PD,5567837,135363.m4a
135380,1886a202-b9e9-4429-9c44-92d7c1654d66,PD,5565781,135380.m4a
135384,28cfdb28-d36e-434e-bb97-f36d62008856,PD,5570509,135384.m4a
135439,9acb95e0-251a-40af-ad35-97807faa0953,CONTROL,5571867,135439.m4a
135446,f195a3f1-9cbb-4296-9233-388b194b527b,PD,5573123,135446.m4a
135457,4f8a178b-3b90-4ed9-bec9-fe05a3a33b03,PD,5572711,135457.m4a
135459,5e7fba64-bc6f-4987-b3d4-97328d805f4f,PD,5576026,135459.m4a
135462,37b967c4-0dc2-4aab-8d20-c35e855944bf,PD,5576300,135462.m4a
135476,aa7989be-a371-46d1-afd8-2d731bb1593c,PD,5575657,135476.m4a
135489,8cd62402-4e51-4f70-b511-db50807c6480,PD,5574459,135489.m4a
135490,8cd62402-4e51-4f70-b511-db50807c6480,PD,5575833,135490.m4a
135491,8cd62402-4e51-4f70-b511-db50807c6480,PD,5575528,135491.m4a
135552,727a15b3-5e85-4107-8269-d9be8ab7fe89,PD,5578510,135552.m4a
135557,5bf2dfe5-548c-49d5-b0a0-30568ab1afe5,PD,5579331,135557.m4a
135571,4f8a178b-3b90-4ed9-bec9-fe05a3a33b03,PD,5584909,135571.m4a
135578,0caf9f7e-f3a1-4fcd-891d-ae6ffcdf61fd,PD,5584555,135578.m4a
135582,50c7e8a2-64e1-47d4-b767-220fb963eb27,CONTROL,5581439,135582.m4a
135583,50c7e8a2-64e1-47d4-b767-220fb963eb27,CONTROL,5582552,135583.m4a
135591,a4c28d0d-ce3b-4fdb-abb0-f76302898702,PD,6090449,135591.m4a
135601,727a15b3-5e85-4107-8269-d9be8ab7fe89,PD,5583585,135601.m4a
135602,727a15b3-5e85-4107-8269-d9be8ab7fe89,PD,5580257,135602.m4a
135608,e2749d3c-6186-4013-925d-2e7f28a6e035,PD,5579877,135608.m4a
135630,e2749d3c-6186-4013-925d-2e7f28a6e035,PD,5589691,135630.m4a
135649,37b967c4-0dc2-4aab-8d20-c35e855944bf,PD,5589385,135649.m4a
135682,e2749d3c-6186-4013-925d-2e7f28a6e035,PD,5586592,135682.m4a
135687,647b619b-64bd-4336-890e-0a9b43476b7c,PD,5590430,135687.m4a
135691,4f8a178b-3b90-4ed9-bec9-fe05a3a33b03,PD,5590109,135691.m4a
135700,ca70994f-b907-4f30-944c-7c084293138f,PD,5588823,135700.m4a
135717,ed56a968-4048-4d30-9385-35d540fea804,PD,5590844,135717.m4a
135722,e2f53a6e-aa4c-481b-b4e3-c06468aea61b,PD,5587673,135722.m4a
135723,e2f53a6e-aa4c-481b-b4e3-c06468aea61b,PD,5589534,135723.m4a
135724,217dc372-85f6-4eed-92d0-c80baae6af6d,PD,5588184,135724.m4a
135728,d96eb0d4-4dbe-4f2b-a977-55cca40e4035,PD,5587747,135728.m4a
135761,e4793747-dfca-4690-bfac-0fca86f40837,PD,5594117,135761.m4a
135794,8cd62402-4e51-4f70-b511-db50807c6480,PD,5596422,135794.m4a
135795,8cd62402-4e51-4f70-b511-db50807c6480,PD,5596490,135795.m4a
135796,8cd62402-4e51-4f70-b511-db50807c6480,PD,5596916,135796.m4a
135803,4f8a178b-3b90-4ed9-bec9-fe05a3a33b03,PD,5594456,135803.m4a
135804,4f8a178b-3b90-4ed9-bec9-fe05a3a33b03,PD,5593452,135804.m4a
135817,28cfdb28-d36e-434e-bb97-f36d62008856,PD,5596039,135817.m4a
135819,ed56a968-4048-4d30-9385-35d540fea804,PD,5598366,135819.m4a
135821,217dc372-85f6-4eed-92d0-c80baae6af6d,PD,5599039,135821.m4a
135823,f195a3f1-9cbb-4296-9233-388b194b527b,PD,5598799,135823.m4a
135838,2ca837c8-6e74-4e1c-a14e-209edca3ad9e,PD,5597964,135838.m4a
135850,e2f53a6e-aa4c-481b-b4e3-c06468aea61b,PD,5606141,135850.m4a
135876,b46f3c22-0824-48d6-84f5-bfef4b0f3a3c,PD,5604865,135876.m4a
135877,b46f3c22-0824-48d6-84f5-bfef4b0f3a3c,PD,5605896,135877.m4a
135878,b46f3c22-0824-48d6-84f5-bfef4b0f3a3c,PD,5605999,135878.m4a
135885,6e19dc65-c5a0-4fac-9465-ce75e004696f,PD,5600073,135885.m4a
135901,aa7989be-a371-46d1-afd8-2d731bb1593c,PD,5605263,135901.m4a
135902,02b72b06-b4c8-4719-9b5d-7236e3260c4d,PD,5606526,135902.m4a
135905,02b72b06-b4c8-4719-9b5d-7236e3260c4d,PD,5604992,135905.m4a
135928,2ca837c8-6e74-4e1c-a14e-209edca3ad9e,PD,5601181,135928.m4a
135935,7bc86881-7075-467a-850e-53e021b60f9f,PD,5600037,135935.m4a
135949,5e7fba64-bc6f-4987-b3d4-97328d805f4f,PD,5603366,135949.m4a
135970,28cfdb28-d36e-434e-bb97-f36d62008856,PD,5608546,135970.m4a
135975,5a5b0173-3d27-412c-84f3-57534bf1414f,PD,5611545,135975.m4a
135977,8ea5430d-1751-4718-a4f1-9343176af19b,PD,5612794,135977.m4a
135988,6e19dc65-c5a0-4fac-9465-ce75e004696f,PD,5607479,135988.m4a
135989,ca70994f-b907-4f30-944c-7c084293138f,PD,5613343,135989.m4a
136001,a4c28d0d-ce3b-4fdb-abb0-f76302898702,PD,6095316,136001.m4a
136002,2fb90ae9-b114-4fc7-bba3-19845ef08b22,PD,5611060,136002.m4a
136022,9f255c4a-4e8c-42cc-a692-6b6366ed630c,CONTROL,5610075,136022.m4a
136027,55bcb727-1f1e-4359-8b48-91a972758042,PD,5612606,136027.m4a
136030,727a15b3-5e85-4107-8269-d9be8ab7fe89,PD,5609032,136030.m4a
136035,ac7b34e9-1bde-4e8c-85de-098e863ec1e8,CONTROL,5607873,136035.m4a
136043,9b3adfa3-30cc-4ef2-9ad6-fbc964f19982,PD,5609221,136043.m4a
136047,49e3540f-6f1f-4292-9ccd-748ae5892716,CONTROL,5631826,136047.m4a
136050,4c1a88d0-2b5d-4503-ab74-329b93ae90b9,CONTROL,5610769,136050.m4a
136051,4c1a88d0-2b5d-4503-ab74-329b93ae90b9,CONTROL,5607389,136051.m4a
136058,2ca837c8-6e74-4e1c-a14e-209edca3ad9e,PD,5611726,136058.m4a
136065,2ca837c8-6e74-4e1c-a14e-209edca3ad9e,PD,5612375,136065.m4a
136078,e1aa6a15-9c99-42ae-8971-8c5a0367c58f,PD,5619998,136078.m4a
136105,5a5b0173-3d27-412c-84f3-57534bf1414f,PD,5618854,136105.m4a
136136,5bf2dfe5-548c-49d5-b0a0-30568ab1afe5,PD,5616553,136136.m4a
136154,ea4c2d74-4b41-45db-8d11-620bbf4dd601,PD,5620376,136154.m4a
136171,2ca837c8-6e74-4e1c-a14e-209edca3ad9e,PD,5616124,136171.m4a
136205,ea4c2d74-4b41-45db-8d11-620bbf4dd601,PD,5624322,136205.m4a
136207,ea4c2d74-4b41-45db-8d11-620bbf4dd601,PD,5627986,136207.m4a
136209,ac7b34e9-1bde-4e8c-85de-098e863ec1e8,CONTROL,5625871,136209.m4a
136211,2ca837c8-6e74-4e1c-a14e-209edca3ad9e,PD,5627813,136211.m4a
136225,06f80645-58be-47c1-bbd5-df82a0809381,CONTROL,5623965,136225.m4a
136230,e44b1f10-dd22-4bec-974b-f1cd489d1e28,PD,5628295,136230.m4a
136234,549e0f48-4f8c-41be-9912-d85c709bdbdf,PD,5625895,136234.m4a
136240,15c66b8c-1f91-461d-92cf-2bb6043dede5,PD,5624343,136240.m4a
136244,95e124bb-e9bf-4f06-916c-4a679be5c623,PD,6079173,136244.m4a
136248,ed56a968-4048-4d30-9385-35d540fea804,PD,5625419,136248.m4a
136249,ed56a968-4048-4d30-9385-35d540fea804,PD,5623638,136249.m4a
136265,9a41dd95-337d-4f23-8b3e-f0f0dd40fc4d,CONTROL,5623470,136265.m4a
136267,5e7fba64-bc6f-4987-b3d4-97328d805f4f,PD,5634672,136267.m4a
136291,ea4c2d74-4b41-45db-8d11-620bbf4dd601,PD,5623447,136291.m4a
136319,6e19dc65-c5a0-4fac-9465-ce75e004696f,PD,5633325,136319.m4a
136323,ce8c87c5-d2c4-4aae-9a33-1543bb63e265,PD,5629468,136323.m4a
136334,467a2178-86e2-4386-9b7c-cc75960b7bdc,PD,5636283,136334.m4a
136335,ce8c87c5-d2c4-4aae-9a33-1543bb63e265,PD,5630876,136335.m4a
136344,e24901df-03a6-4c94-9b32-41e815d2a6df,PD,5634582,136344.m4a
136358,647b619b-64bd-4336-890e-0a9b43476b7c,PD,5634115,136358.m4a
136376,075e065a-ee03-49ca-9ce1-f68749809e2d,PD,5635107,136376.m4a
136385,d0ae0ee1-165b-4e5a-9caa-ad8a17688445,PD,5630216,136385.m4a
136391,d0dac661-b3b2-4713-a431-0df6b215efdd,CONTROL,5636816,136391.m4a
136392,2ca837c8-6e74-4e1c-a14e-209edca3ad9e,PD,6100263,136392.m4a
136399,5bf2dfe5-548c-49d5-b0a0-30568ab1afe5,PD,5636002,136399.m4a
136431,d0dac661-b3b2-4713-a431-0df6b215efdd,CONTROL,6075966,136431.m4a
136437,6e19dc65-c5a0-4fac-9465-ce75e004696f,PD,6078118,136437.m4a
136451,3cf8698b-0e0d-44db-8d6c-d6486c684418,PD,6076453,136451.m4a
136461,4f8a178b-3b90-4ed9-bec9-fe05a3a33b03,PD,6077748,136461.m4a
136465,988b4e7a-9928-480a-8f9f-36d7eebce81c,PD,6077759,136465.m4a
136478,5e7fba64-bc6f-4987-b3d4-97328d805f4f,PD,6076870,136478.m4a
136535,ce8c87c5-d2c4-4aae-9a33-1543bb63e265,PD,6078743,136535.m4a
136537,ce8c87c5-d2c4-4aae-9a33-1543bb63e265,PD,6079628,136537.m4a
136553,b0ffce32-d364-486d-bd1d-8d346f2a3f87,CONTROL,6079694,136553.m4a
136554,b0ffce32-d364-486d-bd1d-8d346f2a3f87,CONTROL,6078993,136554.m4a
136625,a64e5451-3f82-4c01-8c43-f419bc82e9dc,PD,6081995,136625.m4a
136626,a64e5451-3f82-4c01-8c43-f419bc82e9dc,PD,6082006,136626.m4a
136629,7b6285c1-1b41-44c0-988b-24e6303bd254,CONTROL,6081336,136629.m4a
136640,8eff683a-5bfe-4c5c-b686-07dbb7c36326,PD,6081868,136640.m4a
136642,cdb18d7b-6793-48c0-8085-63c2a71ce5a9,PD,6081533,136642.m4a
136643,c3dd82e6-4527-458a-9ef3-3e9389b203cf,PD,6081079,136643.m4a
136644,c3dd82e6-4527-458a-9ef3-3e9389b203cf,PD,6081151,136644.m4a
136645,c3dd82e6-4527-458a-9ef3-3e9389b203cf,PD,6082303,136645.m4a
136659,5e7fba64-bc6f-4987-b3d4-97328d805f4f,PD,6081410,136659.m4a
136661,e2f53a6e-aa4c-481b-b4e3-c06468aea61b,PD,6081494,136661.m4a
136662,e2f53a6e-aa4c-481b-b4e3-c06468aea61b,PD,6082334,136662.m4a
136671,6e19dc65-c5a0-4fac-9465-ce75e004696f,PD,6082419,136671.m4a
136708,8c0d5368-69e4-444b-9545-cc1f4a046ee7,PD,6084375,136708.m4a
136709,8c0d5368-69e4-444b-9545-cc1f4a046ee7,PD,6084094,136709.m4a
136710,8c0d5368-69e4-444b-9545-cc1f4a046ee7,PD,6083096,136710.m4a
136714,ca70994f-b907-4f30-944c-7c084293138f,PD,6083636,136714.m4a
136725,43319463-a0f0-478c-93a6-98c20d1bc770,PD,6084267,136725.m4a
136726,43319463-a0f0-478c-93a6-98c20d1bc770,PD,6083676,136726.m4a
136733,7fb561a3-8f90-49d2-a39b-55ea3f78a17b,PD,6084252,136733.m4a
136735,6e19dc65-c5a0-4fac-9465-ce75e004696f,PD,6083313,136735.m4a
136745,631566d6-f082-4d57-ac91-c895ff4d6de0,PD,6083019,136745.m4a
136752,11b74e3c-b973-4f74-b8db-47934ad0a55c,PD,6082965,136752.m4a
136760,a64e5451-3f82-4c01-8c43-f419bc82e9dc,PD,6083576,136760.m4a
136761,a64e5451-3f82-4c01-8c43-f419bc82e9dc,PD,6083991,136761.m4a
136766,43319463-a0f0-478c-93a6-98c20d1bc770,PD,6084811,136766.m4a
136776,6244be74-6f9b-4b01-9558-b169192bae63,PD,6084950,136776.m4a
136800,5a5b0173-3d27-412c-84f3-57534bf1414f,PD,6085512,136800.m4a
136802,ce8c87c5-d2c4-4aae-9a33-1543bb63e265,PD,6085379,136802.m4a
136805,43319463-a0f0-478c-93a6-98c20d1bc770,PD,6085010,136805.m4a
136818,15c66b8c-1f91-461d-92cf-2bb6043dede5,PD,6085395,136818.m4a
136846,46f9947b-b6d4-4b07-8ccb-9daa62d11da3,CONTROL,6086908,136846.m4a
136851,a64e5451-3f82-4c01-8c43-f419bc82e9dc,PD,6086977,136851.m4a
136852,a64e5451-3f82-4c01-8c43-f419bc82e9dc,PD,6086853,136852.m4a
136855,702bc6dd-423f-4416-ae41-deded2e81ed7,PD,6087190,136855.m4a
136862,a64e5451-3f82-4c01-8c43-f419bc82e9dc,PD,6086806,136862.m4a
136878,267db1dd-3a61-487b-b915-6afc5fc09284,PD,6087562,136878.m4a
136879,267db1dd-3a61-487b-b915-6afc5fc09284,PD,6087096,136879.m4a
136880,267db1dd-3a61-487b-b915-6afc5fc09284,PD,6087394,136880.m4a
136890,43319463-a0f0-478c-93a6-98c20d1bc770,PD,6087063,136890.m4a
136892,43319463-a0f0-478c-93a6-98c20d1bc770,PD,6087030,136892.m4a
136904,d96eb0d4-4dbe-4f2b-a977-55cca40e4035,PD,6087348,136904.m4a
136911,e29db95f-adc5-49cd-8eeb-09054470c221,PD,6088663,136911.m4a
136928,be0e3c5f-e290-44a3-968b-2604d2603f65,PD,6088831,136928.m4a
136929,be0e3c5f-e290-44a3-968b-2604d2603f65,PD,6088252,136929.m4a
136930,be0e3c5f-e290-44a3-968b-2604d2603f65,PD,6087992,136930.m4a
136934,3cf8698b-0e0d-44db-8d6c-d6486c684418,PD,6088693,136934.m4a
136936,7b6285c1-1b41-44c0-988b-24e6303bd254,CONTROL,6088768,136936.m4a
136955,43319463-a0f0-478c-93a6-98c20d1bc770,PD,6088152,136955.m4a
136958,f933fe57-d33d-4cc7-a240-c79d02f035de,CONTROL,6088204,136958.m4a
136959,0f377187-304a-411a-92e7-8ffad7816a1c,PD,6088855,136959.m4a
136960,0f377187-304a-411a-92e7-8ffad7816a1c,PD,6088073,136960.m4a
136961,0f377187-304a-411a-92e7-8ffad7816a1c,PD,6088825,136961.m4a
136973,5e7fba64-bc6f-4987-b3d4-97328d805f4f,PD,6088299,136973.m4a
136980,702bc6dd-423f-4416-ae41-deded2e81ed7,PD,6088893,136980.m4a
136987,e2f53a6e-aa4c-481b-b4e3-c06468aea61b,PD,6088001,136987.m4a
136988,e2f53a6e-aa4c-481b-b4e3-c06468aea61b,PD,6089020,136988.m4a
136996,8eff683a-5bfe-4c5c-b686-07dbb7c36326,PD,6089633,136996.m4a
137016,631566d6-f082-4d57-ac91-c895ff4d6de0,PD,6090801,137016.m4a
137018,8c0d5368-69e4-444b-9545-cc1f4a046ee7,PD,6089866,137018.m4a
137034,11d05dd0-6d12-45f8-a8ac-0d45ab68e8f1,PD,6089592,137034.m4a
137035,11d05dd0-6d12-45f8-a8ac-0d45ab68e8f1,PD,6090044,137035.m4a
137036,11d05dd0-6d12-45f8-a8ac-0d45ab68e8f1,PD,6090404,137036.m4a
137040,841b5b7b-d7f0-4489-b371-1edb59fbbfc8,PD,6089772,137040.m4a
137053,549e0f48-4f8c-41be-9912-d85c709bdbdf,PD,6090344,137053.m4a
137060,ce8c87c5-d2c4-4aae-9a33-1543bb63e265,PD,6090287,137060.m4a
137061,ce8c87c5-d2c4-4aae-9a33-1543bb63e265,PD,6090660,137061.m4a
137071,647b619b-64bd-4336-890e-0a9b43476b7c,PD,6090092,137071.m4a
137075,21a71204-0893-4c88-b6e3-8f101a25268c,PD,6090041,137075.m4a
137090,11d05dd0-6d12-45f8-a8ac-0d45ab68e8f1,PD,6092469,137090.m4a
137092,11d05dd0-6d12-45f8-a8ac-0d45ab68e8f1,PD,6092236,137092.m4a
137093,11d05dd0-6d12-45f8-a8ac-0d45ab68e8f1,PD,6091433,137093.m4a
137105,631566d6-f082-4d57-ac91-c895ff4d6de0,PD,6092462,137105.m4a
137122,2e6af942-125c-4ab4-9561-179008c10d60,CONTROL,6092496,137122.m4a
137130,2b20c5f5-3313-4fe2-a54c-a1e2f45ac019,CONTROL,6091360,137130.m4a
137144,15c66b8c-1f91-461d-92cf-2bb6043dede5,PD,6091983,137144.m4a
137155,1c9d0333-b4ac-474d-ac87-f7941fb02443,CONTROL,6092590,137155.m4a
137157,1c9d0333-b4ac-474d-ac87-f7941fb02443,CONTROL,6092458,137157.m4a
137158,668766f9-7922-47f8-8f88-c40451851220,PD,6091340,137158.m4a
72137,639e8a78-3631-4231-bda1-c911c1b169e5,CONTROL,5404521,72137.m4a
72140,45b4e2ca-8d15-4736-828c-829e3d4177f4,CONTROL,5701183,72140.m4a
72141,45b4e2ca-8d15-4736-828c-829e3d4177f4,CONTROL,5750379,72141.m4a
72142,67bdd316-26fc-4fc7-8431-bf9f41a649dd,CONTROL,5390492,72142.m4a
72143,67bdd316-26fc-4fc7-8431-bf9f41a649dd,CONTROL,5400993,72143.m4a
72144,114fe75a-dc53-4b40-a987-0cddc76aff92,CONTROL,5394273,72144.m4a
72148,340260f8-644a-4670-8a39-bc0729310343,CONTROL,5394262,72148.m4a
72155,340260f8-644a-4670-8a39-bc0729310343,CONTROL,5402184,72155.m4a
72158,49f843b8-31b0-4f7c-80e7-85f90d930772,CONTROL,5396107,72158.m4a
72161,ae49bf2a-8e08-4839-8df0-f2ccdcdbeafb,CONTROL,5394312,72161.m4a
72164,06dd4feb-9e27-41ff-8703-e18d07599e71,CONTROL,5391397,72164.m4a
72165,06dd4feb-9e27-41ff-8703-e18d07599e71,CONTROL,5390454,72165.m4a
72167,ae49bf2a-8e08-4839-8df0-f2ccdcdbeafb,CONTROL,5404891,72167.m4a
72169,d006726f-099c-4551-917e-7ce3c6badef2,CONTROL,5404244,72169.m4a
72170,d006726f-099c-4551-917e-7ce3c6badef2,CONTROL,5403088,72170.m4a
72172,2257e233-5815-4211-b0f2-7f135d1604b0,PD,5405132,72172.m4a
72173,317f384e-0f34-403d-889b-45b248259642,CONTROL,5392299,72173.m4a
72175,de5d2b6a-28bf-4df1-835c-c42836d8397d,CONTROL,5409200,72175.m4a
72176,2257e233-5815-4211-b0f2-7f135d1604b0,PD,5409811,72176.m4a
72178,2f6d15a8-4f8a-477b-8754-78914f7d5fbf,CONTROL,5393819,72178.m4a
72180,2f6d15a8-4f8a-477b-8754-78914f7d5fbf,CONTROL,5407148,72180.m4a
72182,90bb2215-3787-4e9c-8270-94b6445b06de,CONTROL,5398016,72182.m4a
72185,e905c5f3-8bd0-4692-8c53-8cb348e79ade,CONTROL,5407359,72185.m4a
72186,e905c5f3-8bd0-4692-8c53-8cb348e79ade,CONTROL,5395777,72186.m4a
72187,4ab47d9e-4d8f-4095-bcec-d55d61eb0b1a,CONTROL,5399408,72187.m4a
72189,4ab47d9e-4d8f-4095-bcec-d55d61eb0b1a,CONTROL,5398697,72189.m4a
72193,317f384e-0f34-403d-889b-45b248259642,CONTROL,5407525,72193.m4a
72198,13853bcd-b253-4c01-8e95-881aa574aeb9,CONTROL,5406351,72198.m4a
72201,3385108e-fd55-4652-abe1-0f453fcadb61,CONTROL,5405512,72201.m4a
72202,18510031-9115-4551-8aa5-a9ed11202426,CONTROL,5396508,72202.m4a
72204,2b1f8af1-c928-4ca5-a240-fdd3ef6ead98,PD,5397597,72204.m4a
72206,06fa8645-cfe2-482c-8515-258697c16483,CONTROL,5397899,72206.m4a
72209,3385108e-fd55-4652-abe1-0f453fcadb61,CONTROL,5408724,72209.m4a
72210,06fa8645-cfe2-482c-8515-258697c16483,CONTROL,5403307,72210.m4a
72213,a6614df6-77d8-42e4-b134-7c1a8449b2b0,CONTROL,5388083,72213.m4a
72214,e6fa763e-fa7d-4466-a0e8-d444b3fbcd40,CONTROL,5410129,72214.m4a
72216,a6614df6-77d8-42e4-b134-7c1a8449b2b0,CONTROL,5392161,72216.m4a
72218,9fdcd59d-bd1d-4e9b-9258-1c2e192f20f2,PD,5405804,72218.m4a
72222,bbf27b62-7627-440e-8c7a-3900145462b7,CONTROL,5390240,72222.m4a
72224,bbf27b62-7627-440e-8c7a-3900145462b7,CONTROL,5394739,72224.m4a
72226,1e0888df-7059-4fab-9dd7-b0b6616442e6,PD,5398535,72226.m4a
72236,09979443-bae2-463b-ba02-07f047716ae6,CONTROL,5398312,72236.m4a
72237,3b6bed3e-db2f-4a29-a690-a83297cbd390,CONTROL,5397835,72237.m4a
72239,3b6bed3e-db2f-4a29-a690-a83297cbd390,CONTROL,5391903,72239.m4a
72240,f3ce7aef-749b-492d-ba62-6f6ecd0fd832,CONTROL,5396617,72240.m4a
72241,b073d0b1-193f-43ed-bbba-ee771cd5916f,CONTROL,5408179,72241.m4a
72242,f3ce7aef-749b-492d-ba62-6f6ecd0fd832,CONTROL,5404011,72242.m4a
72248,ead2c020-8cb6-4a23-8ee5-5a34373ddae6,CONTROL,5398060,72248.m4a
72251,064de206-eaac-4b95-b30f-d4c558c5cd0c,CONTROL,5408026,72251.m4a
72254,064de206-eaac-4b95-b30f-d4c558c5cd0c,CONTROL,5400896,72254.m4a
72259,9cd08ce3-898b-4731-b01d-e77a06d1facd,CONTROL,5398096,72259.m4a
72260,b073d0b1-193f-43ed-bbba-ee771cd5916f,CONTROL,5401051,72260.m4a
72263,9cd08ce3-898b-4731-b01d-e77a06d1facd,CONTROL,5394374,72263.m4a
72266,f7ee6695-0298-4a73-b3b9-4a3ecec86aac,CONTROL,5403750,72266.m4a
72267,d15367d2-ef16-4789-ae5d-fe36e74bd7b6,CONTROL,5390250,72267.m4a
72273,ed2c08b5-ae8d-4f89-88e8-de733624aae8,CONTROL,5401747,72273.m4a
72275,d15367d2-ef16-4789-ae5d-fe36e74bd7b6,CONTROL,5410280,72275.m4a
72282,ed2c08b5-ae8d-4f89-88e8-de733624aae8,CONTROL,5388470,72282.m4a
72283,f7ee6695-0298-4a73-b3b9-4a3ecec86aac,CONTROL,5403504,72283.m4a
72286,af074a2d-5487-4b1e-9b91-8c733f2ce4bf,CONTROL,5409875,72286.m4a
72287,2da18bd2-8a66-44bf-b9ce-99fda731ef4a,CONTROL,5393235,72287.m4a
72290,a04fd608-70fb-4f06-a4c2-5200fbc628a4,CONTROL,5407524,72290.m4a
72292,657401d2-10cd-4c6f-a225-71fa87210b26,CONTROL,5391323,72292.m4a
72296,1ec6fa27-2f43-4e35-8874-4d25cb41fe3f,CONTROL,5405531,72296.m4a
72304,defcd96b-6888-451b-aa1c-b039e1239654,CONTROL,5395070,72304.m4a
72305,53f15ecb-4270-45f2-ace2-fb4af68c811e,CONTROL,5406350,72305.m4a
72310,64c11fd5-c9bc-4f96-b38b-c55bb434348f,CONTROL,5398052,72310.m4a
72312,64c11fd5-c9bc-4f96-b38b-c55bb434348f,CONTROL,5390496,72312.m4a
72316,99f367ac-13a5-4fab-8ace-3f9c296203f0,CONTROL,5409753,72316.m4a
72317,6acc5411-658e-4af2-b21a-6ad3bf7e142b,CONTROL,5404782,72317.m4a
72318,6acc5411-658e-4af2-b21a-6ad3bf7e142b,CONTROL,5400144,72318.m4a
72333,344f79f7-fc38-4418-87aa-8f499360bb5f,CONTROL,5397225,72333.m4a
72334,344f79f7-fc38-4418-87aa-8f499360bb5f,CONTROL,5403554,72334.m4a
72336,15a647e7-5e6c-4c18-8fb9-133087f7404d,CONTROL,5410716,72336.m4a
72340,fa18e399-70af-4d64-a971-8373a9e9fa5b,CONTROL,5399154,72340.m4a
72342,2da18bd2-8a66-44bf-b9ce-99fda731ef4a,CONTROL,5403413,72342.m4a
72344,fa18e399-70af-4d64-a971-8373a9e9fa5b,CONTROL,5410270,72344.m4a
72348,611d082e-e6df-4914-b92d-fb6d0fb7fcfc,CONTROL,5401768,72348.m4a
72351,611d082e-e6df-4914-b92d-fb6d0fb7fcfc,CONTROL,5391658,72351.m4a
72353,ee3c2595-919f-4ef3-8532-3eaae3d24c1b,CONTROL,5409860,72353.m4a
72355,ee3c2595-919f-4ef3-8532-3eaae3d24c1b,CONTROL,5392337,72355.m4a
72356,41506c42-4c66-4305-bcc3-40c6e99bcd36,CONTROL,5401343,72356.m4a
72361,41506c42-4c66-4305-bcc3-40c6e99bcd36,CONTROL,5396205,72361.m4a
72362,11f8fb4b-dc02-465c-8bce-64e79aae3f21,CONTROL,5399563,72362.m4a
72364,09979443-bae2-463b-ba02-07f047716ae6,CONTROL,5394813,72364.m4a
72366,54a82fb4-7a21-4606-9456-538272e71b41,CONTROL,5395395,72366.m4a
72368,11f8fb4b-dc02-465c-8bce-64e79aae3f21,CONTROL,5406957,72368.m4a
72370,375cd04b-d505-4e63-9300-c37bc7ed4814,CONTROL,5389349,72370.m4a
72371,32c30647-738b-4e98-a53d-0fdf41cf4851,CONTROL,5403510,72371.m4a
72374,a8d32a58-9a70-42a4-b105-9b2517e2f06a,CONTROL,5400060,72374.m4a
72376,a8d32a58-9a70-42a4-b105-9b2517e2f06a,CONTROL,5391626,72376.m4a
72377,07243d5f-4a80-4007-945e-48b193683404,CONTROL,5403296,72377.m4a
72378,807f3293-c025-445e-811d-ce960942ac22,CONTROL,5405366,72378.m4a
72381,ced400f8-3906-4899-b0ac-0f4fd39dfd14,CONTROL,5406480,72381.m4a
72384,6da12c60-1808-46fb-999d-254d754827c8,CONTROL,5397384,72384.m4a
72385,7cdd97ca-dc47-4a54-a513-4e98e05651b8,CONTROL,5396733,72385.m4a
72387,c4ebe4ff-7567-4ea0-ad8a-b312bced52b1,CONTROL,5399031,72387.m4a
72390,e00b2582-d2f1-459c-8c36-539cdada4f05,CONTROL,5394921,72390.m4a
72391,52216ac8-7199-4be7-b258-55480b4da0f4,CONTROL,5390390,72391.m4a
72393,6afbd06d-5d9e-4b61-9541-5ef84ded1993,CONTROL,5402695,72393.m4a
72394,389a37c6-fd8d-4d8d-8e19-6e66fdd914c6,CONTROL,5394255,72394.m4a
72395,6da12c60-1808-46fb-999d-254d754827c8,CONTROL,5402334,72395.m4a
72398,ced400f8-3906-4899-b0ac-0f4fd39dfd14,CONTROL,5402730,72398.m4a
72400,6afbd06d-5d9e-4b61-9541-5ef84ded1993,CONTROL,5389535,72400.m4a
72403,d1cf49a7-d07c-4ecf-ae0b-59992147d0cc,CONTROL,5406202,72403.m4a
72404,2c73ce31-ea5d-470e-9cad-6db53fdae3fb,CONTROL,5405620,72404.m4a
72405,c8b6959b-0096-4254-803b-3f4fc105dc99,CONTROL,5404388,72405.m4a
72408,d27ea42a-a241-4848-a423-04526f75cae9,CONTROL,5391534,72408.m4a
72410,281a1338-d416-445c-a32f-8805033f44bd,PD,5400240,72410.m4a
72411,e3c4ff19-8892-4b41-acf9-bbc183cb62aa,CONTROL,5409602,72411.m4a
72415,e3c4ff19-8892-4b41-acf9-bbc183cb62aa,CONTROL,5408396,72415.m4a
72416,281a1338-d416-445c-a32f-8805033f44bd,PD,5404169,72416.m4a
72417,98196e5c-b777-4ddf-b8ea-7c1b807cbd62,CONTROL,5402455,72417.m4a
72418,d20291eb-5d7b-4d69-aa7b-b458e24fcd41,CONTROL,5393954,72418.m4a
72419,70c5820c-683b-4ff5-a08d-edf3468449fa,CONTROL,5391339,72419.m4a
72420,d20291eb-5d7b-4d69-aa7b-b458e24fcd41,CONTROL,5390301,72420.m4a
72421,98a411a5-7ef8-4bb0-9a50-cfb734f11034,CONTROL,5397374,72421.m4a
72423,94976ab1-1c1c-4c1f-9508-648cc84e4972,PD,5398577,72423.m4a
72425,458447ab-4736-4b01-acf8-5086d615c1c5,CONTROL,5397987,72425.m4a
72431,98a411a5-7ef8-4bb0-9a50-cfb734f11034,CONTROL,5390962,72431.m4a
72432,a4a2f5ed-69b6-4d9a-afbe-7f5ee731022d,CONTROL,5388534,72432.m4a
72440,01de0326-8f1c-4299-9307-76febd5a3161,CONTROL,5396457,72440.m4a
72441,a3a8dec0-4c24-42cf-8ab0-4ca36eb99e0a,CONTROL,5396868,72441.m4a
72443,281a1338-d416-445c-a32f-8805033f44bd,PD,5402382,72443.m4a
72445,cea0f53c-0ae1-486e-99f6-52744e759af7,CONTROL,5400845,72445.m4a
72449,f1634e3c-1061-4c39-a2fb-f44791171383,CONTROL,5402928,72449.m4a
72453,9d0d5da7-c307-47b6-9e33-8020c832213c,CONTROL,5405686,72453.m4a
72456,c6c9d080-a615-48f5-861c-b961ab95d706,CONTROL,5410586,72456.m4a
72458,c6dd2415-6cc0-40a8-b6b1-1b515cc65c94,CONTROL,5391802,72458.m4a
72460,8899a3c4-ecad-4fa4-b149-c23e38bf774f,CONTROL,5404459,72460.m4a
72462,bea3cecd-3f9f-4c8f-861e-709a104b9473,CONTROL,5410649,72462.m4a
72463,5bac2b6a-dd9c-42f3-96d4-be7d798f3bec,CONTROL,5409720,72463.m4a
72466,586303d3-c2ea-4cdb-b09d-a51f59f3f62e,CONTROL,5394154,72466.m4a
72467,dcaf48fc-20b7-4afd-aeea-2d19a1afed49,CONTROL,5398590,72467.m4a
72468,9d0d5da7-c307-47b6-9e33-8020c832213c,CONTROL,5403185,72468.m4a
72469,73f7cdbc-e390-46ab-a40a-04cf02765bc4,CONTROL,5398680,72469.m4a
72470,dcaf48fc-20b7-4afd-aeea-2d19a1afed49,CONTROL,5390959,72470.m4a
72475,73f7cdbc-e390-46ab-a40a-04cf02765bc4,CONTROL,5391387,72475.m4a
72476,b1be8eab-1a83-4e3a-ad74-43a2e682dbc9,CONTROL,5389633,72476.m4a
72480,b1be8eab-1a83-4e3a-ad74-43a2e682dbc9,CONTROL,5410565,72480.m4a
72484,b8facca1-8227-48f2-baee-050143d1f13d,PD,5388542,72484.m4a
72486,ed3eef32-2098-418e-ae5c-ebe77fe5af79,CONTROL,5398053,72486.m4a
72488,352fd8df-1d2c-4c6e-92a2-f695793126f8,CONTROL,5390361,72488.m4a
72491,98196e5c-b777-4ddf-b8ea-7c1b807cbd62,CONTROL,5389090,72491.m4a
72492,c6dd2415-6cc0-40a8-b6b1-1b515cc65c94,CONTROL,5400830,72492.m4a
72494,352fd8df-1d2c-4c6e-92a2-f695793126f8,CONTROL,5402534,72494.m4a
72497,67aa1b0c-2402-4391-b0ca-f0fd92a13bd1,CONTROL,5397896,72497.m4a
72498,67aa1b0c-2402-4391-b0ca-f0fd92a13bd1,CONTROL,5406216,72498.m4a
72511,4bd4552c-ce0a-4ca0-94b8-42fa12f8fbac,PD,5408734,72511.m4a
72514,4d7b84a7-4b47-4e4f-abce-f9bf707f2d02,PD,5394741,72514.m4a
72520,4d7b84a7-4b47-4e4f-abce-f9bf707f2d02,PD,5393141,72520.m4a
72524,4d7b84a7-4b47-4e4f-abce-f9bf707f2d02,PD,5400086,72524.m4a
72525,b8facca1-8227-48f2-baee-050143d1f13d,PD,5394668,72525.m4a
72529,b8facca1-8227-48f2-baee-050143d1f13d,PD,5403158,72529.m4a
72532,28722917-3a16-4833-a2ad-3fb08e8dfcb7,CONTROL,5400149,72532.m4a
72534,28722917-3a16-4833-a2ad-3fb08e8dfcb7,CONTROL,5408903,72534.m4a
72536,479bc0ea-ecc6-4bf9-afbe-1fce37c31b9b,CONTROL,5394537,72536.m4a
72544,422479b5-bbb9-40a4-8817-313474edf765,CONTROL,5397405,72544.m4a
72554,dd6db990-ec2c-4c63-bb96-7d32029655ff,CONTROL,5408469,72554.m4a
72563,8bfd5491-d025-4c98-9adf-b22d8a0e513b,CONTROL,5391287,72563.m4a
72568,24fd58c0-3cac-4681-b81f-58b42afb29eb,CONTROL,5402512,72568.m4a
72570,a3a8ca5c-b996-4545-9569-2123ac8ee69b,CONTROL,5402522,72570.m4a
72571,6589a334-1853-46a2-802f-45943fcb14af,CONTROL,5395421,72571.m4a
72572,04c5546a-c1b6-4b6b-ab46-52b97e50d5b2,CONTROL,5399532,72572.m4a
72573,8c09163c-ef9a-4767-9cd0-c50cf7d418d7,CONTROL,5398487,72573.m4a
72574,1bc4e225-7dd2-439a-8546-e66ebd98a4f0,CONTROL,5406226,72574.m4a
72581,1e7c6806-bcb0-4cec-b732-df35f20af6c2,CONTROL,5405787,72581.m4a
72582,f5a4fb85-c3d0-4bf7-aca3-176a2b9f731b,CONTROL,5402590,72582.m4a
72585,1e7c6806-bcb0-4cec-b732-df35f20af6c2,CONTROL,5397975,72585.m4a
72586,c21da2e2-b1b5-4ee6-a9e3-869fab809b15,CONTROL,5408273,72586.m4a
72589,4d6cff55-48f0-42fb-b370-e01215d04982,CONTROL,5396597,72589.m4a
72590,c21da2e2-b1b5-4ee6-a9e3-869fab809b15,CONTROL,5390700,72590.m4a
72593,8fa4ab20-b261-454a-aaf7-ae388028a7bb,PD,5402624,72593.m4a
72602,3119bf0d-6380-47b7-8420-c7b3336af427,CONTROL,5395771,72602.m4a
72611,3119bf0d-6380-47b7-8420-c7b3336af427,CONTROL,5400910,72611.m4a
72614,791b2910-be96-4df5-b9a0-4e1f84be63e5,CONTROL,5391936,72614.m4a
72616,e5ce7237-d669-452c-b779-9f4855b201aa,CONTROL,5408118,72616.m4a
72618,a4dff14f-d73b-4fc1-9603-bbba45544224,CONTROL,5397571,72618.m4a
72626,75241fef-4591-4542-982e-d69c4546459b,CONTROL,5394094,72626.m4a
72630,b40a4397-d8e6-42f3-bb08-a3a8e2564aa7,CONTROL,5393403,72630.m4a
72634,75241fef-4591-4542-982e-d69c4546459b,CONTROL,5397328,72634.m4a
72636,f09d7cdd-d587-445f-b7d4-d3ef705e55bc,CONTROL,5402045,72636.m4a
72641,b40a4397-d8e6-42f3-bb08-a3a8e2564aa7,CONTROL,5395086,72641.m4a
72643,791b2910-be96-4df5-b9a0-4e1f84be63e5,CONTROL,5400382,72643.m4a
72646,a470732a-5efd-4cbe-833e-f6fb7ab4d54c,CONTROL,5405819,72646.m4a
72648,a470732a-5efd-4cbe-833e-f6fb7ab4d54c,CONTROL,5395804,72648.m4a
72650,60927a95-9bf5-40ca-9303-5cb3950dc81f,CONTROL,5396834,72650.m4a
72651,c6ecd9e2-52ae-4513-9dbe-0fff43cace8f,CONTROL,5407289,72651.m4a
72652,a015511b-11c2-4215-9d00-3279c38f2eb4,CONTROL,5400307,72652.m4a
72654,42a21eed-5676-48dd-b361-f486e0e838c2,CONTROL,5394594,72654.m4a
72655,1f9d0821-512c-4d52-b9cc-4d131d2e79a4,CONTROL,5392711,72655.m4a
72657,9f362815-e355-4090-886f-9e1fe94fb446,CONTROL,5392636,72657.m4a
72658,ee4ff6d7-945b-4890-9a5c-9d3630c43db0,CONTROL,5401218,72658.m4a
72662,fd228a13-1902-4b6e-b522-7342e7842607,PD,5408212,72662.m4a
72666,fd228a13-1902-4b6e-b522-7342e7842607,PD,5410790,72666.m4a
72669,bc31cb2e-6e0e-4161-b4b9-0c8930815de1,CONTROL,5403866,72669.m4a
72673,050f63ed-57ea-4e59-8a08-07249afa01a6,CONTROL,5402438,72673.m4a
72675,f7ba3b91-2fd2-476b-970d-e9e949d5866f,CONTROL,5394167,72675.m4a
72676,f7ba3b91-2fd2-476b-970d-e9e949d5866f,CONTROL,5407520,72676.m4a
72678,c7bfb782-3275-45a3-8730-a605186323ee,CONTROL,5402728,72678.m4a
72679,42a21eed-5676-48dd-b361-f486e0e838c2,CONTROL,5390525,72679.m4a
72680,c7bfb782-3275-45a3-8730-a605186323ee,CONTROL,5401948,72680.m4a
72684,bd3a24fd-b4d5-43d7-b7ab-d7f457dacdd2,CONTROL,5408837,72684.m4a
72685,9d478389-f02d-47a0-bb1e-c226bac23030,PD,5399494,72685.m4a
72686,f2d9d012-b4e8-492b-8d0b-1b96e83bdfb5,CONTROL,5550510,72686.m4a
72689,5ca7b95c-7aab-48c9-a4c2-ff01609bd3ea,CONTROL,5389415,72689.m4a
72690,1898cf95-d2dd-4f9f-a706-ba8bf2661d85,CONTROL,5408553,72690.m4a
72693,7697d1e8-bd4a-42b9-8166-1a873edd1bd5,CONTROL,5397476,72693.m4a
72694,f2d9d012-b4e8-492b-8d0b-1b96e83bdfb5,CONTROL,5470010,72694.m4a
72695,6a6f3883-bc91-478d-bf98-c6fde114a5e1,CONTROL,5404526,72695.m4a
72699,301b1f90-4dde-4333-8d57-830ab6f301e2,CONTROL,5395940,72699.m4a
72700,168fda90-5e80-40a4-88fa-c478e335c964,CONTROL,5393899,72700.m4a
72702,301b1f90-4dde-4333-8d57-830ab6f301e2,CONTROL,5407992,72702.m4a
72703,6a6f3883-bc91-478d-bf98-c6fde114a5e1,CONTROL,5391639,72703.m4a
72705,d87edef0-b0b5-4abf-9966-f41cadb2448e,CONTROL,5409636,72705.m4a
72707,d87edef0-b0b5-4abf-9966-f41cadb2448e,CONTROL,5398242,72707.m4a
72709,0ba700d7-b776-4489-86d9-c908dc194186,CONTROL,5401776,72709.m4a
72710,e4c04f6b-8260-42e1-b5af-8a45535c135c,CONTROL,5408509,72710.m4a
72711,0ba700d7-b776-4489-86d9-c908dc194186,CONTROL,5400509,72711.m4a
72713,e4c04f6b-8260-42e1-b5af-8a45535c135c,CONTROL,5401188,72713.m4a
72721,8891d185-d8b8-423e-979b-fcb77468b39f,CONTROL,5394494,72721.m4a
72724,c1782e48-34cc-4808-9db4-691ef17464cc,CONTROL,5393860,72724.m4a
72727,3c607d8d-6678-41fd-b3af-25d15e02c3f8,PD,5393779,72727.m4a
72729,d29a7302-5d02-4841-bdad-71ef80bc3cd6,CONTROL,5392768,72729.m4a
72730,e3c05449-c799-479c-9644-9c6d2024f4da,CONTROL,5409821,72730.m4a
72734,95f7cb01-291c-41fe-aad0-c53deb4f2f0f,PD,5399934,72734.m4a
72735,0f2f073f-4f5d-4181-880d-07c833ada08e,CONTROL,5409941,72735.m4a
72737,dbbae395-3a57-4887-ae3a-10643d5619d5,CONTROL,5392732,72737.m4a
72738,0f2f073f-4f5d-4181-880d-07c833ada08e,CONTROL,5391081,72738.m4a
72739,dbbae395-3a57-4887-ae3a-10643d5619d5,CONTROL,5388193,72739.m4a
72740,957532a3-08b5-4bf7-83f1-8db984164e1a,CONTROL,5402960,72740.m4a
72742,fa53fad6-6bb5-4687-b5bd-18dadbe919bf,CONTROL,5402212,72742.m4a
72746,f75ebae0-a58b-440e-b57d-609bedb06181,CONTROL,5402324,72746.m4a
72747,1f4ef5e0-ff74-4968-9ea0-96dd3ce9eeb8,CONTROL,5405901,72747.m4a
72748,957532a3-08b5-4bf7-83f1-8db984164e1a,CONTROL,5392949,72748.m4a
72752,f75ebae0-a58b-440e-b57d-609bedb06181,CONTROL,5405845,72752.m4a
72768,ee6b4a57-e025-40d5-ad66-aab83ba763b2,CONTROL,5396041,72768.m4a
72773,1f4ef5e0-ff74-4968-9ea0-96dd3ce9eeb8,CONTROL,5410289,72773.m4a
72776,9fdcd59d-bd1d-4e9b-9258-1c2e192f20f2,PD,5400355,72776.m4a
72778,9fdcd59d-bd1d-4e9b-9258-1c2e192f20f2,PD,5404180,72778.m4a
72783,1c5fd7cf-5c84-4691-8af1-2b4b103b1c18,CONTROL,5396990,72783.m4a
72784,d2b327d4-19d3-4c22-8c76-b02269fc0084,CONTROL,5398454,72784.m4a
72787,d2b327d4-19d3-4c22-8c76-b02269fc0084,CONTROL,5393492,72787.m4a
72795,d2f53949-9e46-4e55-8748-dee8860bd293,CONTROL,5397375,72795.m4a
72797,1c5fd7cf-5c84-4691-8af1-2b4b103b1c18,CONTROL,5389683,72797.m4a
72799,6134a5c5-2912-4cb0-87aa-10dee483b686,PD,5392628,72799.m4a
72800,d2f53949-9e46-4e55-8748-dee8860bd293,CONTROL,5403387,72800.m4a
72801,c499a6b7-a5b4-4c92-ad5c-905ca29a14d8,PD,5395224,72801.m4a
72804,5817b6fb-1a2e-4519-8289-4ec3c59b70f9,CONTROL,5404664,72804.m4a
72806,892a9bfd-ad1a-4a88-a891-5635b15b26f3,CONTROL,5410015,72806.m4a
72808,9ec8e984-ce94-4e9c-b095-5232df3c3cc3,CONTROL,5398500,72808.m4a
72812,cd85e7b4-e3a1-442a-a419-a368da44b5f7,CONTROL,5406537,72812.m4a
72813,94976ab1-1c1c-4c1f-9508-648cc84e4972,PD,5389089,72813.m4a
72816,cd85e7b4-e3a1-442a-a419-a368da44b5f7,CONTROL,5407458,72816.m4a
72819,134bb3f4-8cd7-42b6-ae6e-6dafbafa77dd,PD,5393821,72819.m4a
72821,dfe4a694-79a6-461a-9d17-3a48127424fa,CONTROL,5392904,72821.m4a
72822,455076ca-68f4-492f-9565-a1b5cc1bc5a7,CONTROL,5397966,72822.m4a
72823,134bb3f4-8cd7-42b6-ae6e-6dafbafa77dd,PD,5395045,72823.m4a
72825,a0f24851-74d1-4c84-9f70-6cca63a65d68,CONTROL,5392349,72825.m4a
72828,134bb3f4-8cd7-42b6-ae6e-6dafbafa77dd,PD,5404732,72828.m4a
72829,047bf151-ce54-4c24-80aa-262d604b03a4,CONTROL,5392757,72829.m4a
72833,455076ca-68f4-492f-9565-a1b5cc1bc5a7,CONTROL,5395563,72833.m4a
72837,a3f00ef8-2793-40d0-8037-9454ab2af691,CONTROL,5405092,72837.m4a
72838,a3f00ef8-2793-40d0-8037-9454ab2af691,CONTROL,5396867,72838.m4a
72842,084435ff-0514-4ac3-9ba3-dc14dcf3159c,CONTROL,5397364,72842.m4a
72844,7534e915-1c53-4165-891b-b50a1a6ce764,PD,5397908,72844.m4a
72848,084435ff-0514-4ac3-9ba3-dc14dcf3159c,CONTROL,5394144,72848.m4a
72850,f18e84f0-fd4b-4c26-b34b-9238378ded22,CONTROL,5397533,72850.m4a
72854,c499a6b7-a5b4-4c92-ad5c-905ca29a14d8,PD,5393458,72854.m4a
72859,d1ba64cd-5157-4aa7-8be8-1ae082e21ba4,CONTROL,5390166,72859.m4a
72860,f1d5be4c-98c7-40cc-a0bc-abf6f7da3aa6,CONTROL,5392931,72860.m4a
72862,773e80cc-bd5b-4c94-94ab-f703dcbe25c9,CONTROL,5390629,72862.m4a
72864,773e80cc-bd5b-4c94-94ab-f703dcbe25c9,CONTROL,5409089,72864.m4a
72865,f1d5be4c-98c7-40cc-a0bc-abf6f7da3aa6,CONTROL,5399066,72865.m4a
72870,6183d1cc-03ed-4294-a096-909925af5179,CONTROL,5409333,72870.m4a
72878,6183d1cc-03ed-4294-a096-909925af5179,CONTROL,5402103,72878.m4a
72880,7534e915-1c53-4165-891b-b50a1a6ce764,PD,5407382,72880.m4a
72884,a350041c-5c94-4b31-a608-9e64547bbfed,CONTROL,5391053,72884.m4a
72885,428f6734-d4be-4c84-b250-7e273056f654,CONTROL,5409166,72885.m4a
72886,575c5088-b8c7-453f-9a24-591238688f7d,CONTROL,5398579,72886.m4a
72889,7534e915-1c53-4165-891b-b50a1a6ce764,PD,5396362,72889.m4a
72891,1fd94c85-5d2f-476d-be7c-6a6ddaed48cb,CONTROL,5404314,72891.m4a
72893,1fd94c85-5d2f-476d-be7c-6a6ddaed48cb,CONTROL,5407866,72893.m4a
72896,a5dc410f-f845-48b9-93aa-4840a7fc3fcc,PD,5390624,72896.m4a
72897,e0536688-6c21-4bed-a3e7-7f18c5a173cd,CONTROL,5401095,72897.m4a
72899,805b4bf9-5187-4ab8-b1df-80ead32f951e,CONTROL,5408647,72899.m4a
72901,e0536688-6c21-4bed-a3e7-7f18c5a173cd,CONTROL,5407817,72901.m4a
72914,6ae797ea-54ab-4033-a028-edca337f4a01,CONTROL,5410177,72914.m4a
72916,6ae797ea-54ab-4033-a028-edca337f4a01,CONTROL,5405859,72916.m4a
72921,6053fa31-b3b9-49ec-8344-3e57692ab997,CONTROL,5393633,72921.m4a
72928,73d284cf-9a70-4379-874f-4719df98ec5d,CONTROL,5396119,72928.m4a
72930,dbce4f98-8c3d-4ff4-9a63-4d95aa991f93,CONTROL,5391595,72930.m4a
72932,c8e74e3d-9e98-474d-9916-49adb9ad9033,PD,5403115,72932.m4a
72933,d817bab0-94b4-4cb4-84ed-b86893b81989,CONTROL,5406088,72933.m4a
72937,b567f243-d7c7-4a75-8dda-389de317a210,CONTROL,5391400,72937.m4a
72938,832aa158-3218-4bd0-90a1-49c8cb3a57d1,CONTROL,5398612,72938.m4a
72940,832aa158-3218-4bd0-90a1-49c8cb3a57d1,CONTROL,5399321,72940.m4a
72942,42ec1a33-55d2-486d-bdae-b95860dea545,CONTROL,5397594,72942.m4a
72945,65362f1b-e646-44d5-bfb4-c32f4dd1f9ad,CONTROL,5396618,72945.m4a
72948,5ff7154e-c197-40b5-a601-472deb06917f,CONTROL,5403056,72948.m4a
72952,42ec1a33-55d2-486d-bdae-b95860dea545,CONTROL,5406639,72952.m4a
72953,1bc4e225-7dd2-439a-8546-e66ebd98a4f0,CONTROL,5405873,72953.m4a
72955,65362f1b-e646-44d5-bfb4-c32f4dd1f9ad,CONTROL,5399833,72955.m4a
72956,3fbc111c-32f7-4e45-a448-5071b70fdb28,CONTROL,5404952,72956.m4a
72963,3fbc111c-32f7-4e45-a448-5071b70fdb28,CONTROL,5405262,72963.m4a
72967,214d0161-a5cb-4ddd-a285-c29a6a07fe3e,CONTROL,5390153,72967.m4a
72968,69621e4e-acc6-4e0e-9ff9-6ca72739e1c1,CONTROL,5403683,72968.m4a
72973,58d4a192-7e7b-4aa0-8635-958ecd2be870,CONTROL,5405239,72973.m4a
72974,317afd78-4ce7-42bc-99e9-0011b3b3e5b2,PD,5388539,72974.m4a
72981,b8a9d62f-cdec-4cee-9cfb-5572f8db2ff9,PD,5403466,72981.m4a
72986,98cebf27-8771-455b-a624-c2fafa48e249,PD,5401618,72986.m4a
72990,303b4d71-6d26-491b-92da-2f64594e3b0c,CONTROL,5409482,72990.m4a
72991,dd067f25-336a-47f3-9122-08c31a1c0afe,PD,5392875,72991.m4a
72995,50acc470-0f10-414c-b456-df75f966ac1e,CONTROL,5395317,72995.m4a
72997,dd067f25-336a-47f3-9122-08c31a1c0afe,PD,5400803,72997.m4a
72998,f3717639-aa99-462e-8514-6312d1e98e41,CONTROL,5407534,72998.m4a
72999,50acc470-0f10-414c-b456-df75f966ac1e,CONTROL,5395376,72999.m4a
73001,f3717639-aa99-462e-8514-6312d1e98e41,CONTROL,5397425,73001.m4a
73003,c663c6fe-ca66-4b8b-be3f-e4978846a0ef,CONTROL,5409983,73003.m4a
73004,b84c43db-692d-49e5-8231-8c7007fc2159,CONTROL,5398567,73004.m4a
73007,545ded28-df60-4357-a686-839417b04e0e,CONTROL,5399166,73007.m4a
73009,8d14f2e1-4ad2-4c41-812e-917ea0093e09,CONTROL,5388153,73009.m4a
73010,b84c43db-692d-49e5-8231-8c7007fc2159,CONTROL,5394676,73010.m4a
73011,9abc29a6-984a-4557-a9a8-3813e8539b97,CONTROL,5397665,73011.m4a
73013,545ded28-df60-4357-a686-839417b04e0e,CONTROL,5407925,73013.m4a
73014,1772d27b-c289-4ade-b557-75e817f84782,CONTROL,5391883,73014.m4a
73015,a22f4e51-1953-41b4-bad7-af179209f035,CONTROL,5403944,73015.m4a
73018,303b4d71-6d26-491b-92da-2f64594e3b0c,CONTROL,5402070,73018.m4a
73020,9abc29a6-984a-4557-a9a8-3813e8539b97,CONTROL,5392735,73020.m4a
73023,7a52a4fc-ae1d-491e-b845-b2e2d32b6dc8,CONTROL,5398100,73023.m4a
73025,c5152947-d518-4e26-badd-d89e50f9854b,CONTROL,5395643,73025.m4a
73030,25c3cb36-b650-4979-a06a-a614a1e9c942,CONTROL,5526597,73030.m4a
73031,c5152947-d518-4e26-badd-d89e50f9854b,CONTROL,5405501,73031.m4a
73046,9ba1abb7-e2d3-4330-8a84-5734b8c9a9f6,CONTROL,5407324,73046.m4a
73049,61ebd486-3ce1-48f4-a31b-2993d7793832,PD,5388482,73049.m4a
73050,61ebd486-3ce1-48f4-a31b-2993d7793832,PD,5399697,73050.m4a
73053,0b061538-a84a-4c8e-80c2-2a200f1237b8,CONTROL,5402637,73053.m4a
73054,d904f82e-0229-4a1f-a8bf-ec78d0dd4053,CONTROL,5390638,73054.m4a
73055,f1b652f1-a0b4-46ea-9756-6b21d6d04600,CONTROL,5389984,73055.m4a
73056,0b061538-a84a-4c8e-80c2-2a200f1237b8,CONTROL,5407842,73056.m4a
73057,9ba1abb7-e2d3-4330-8a84-5734b8c9a9f6,CONTROL,5399835,73057.m4a
73058,4648594e-3226-430f-bc74-0e36567f1f20,CONTROL,5402875,73058.m4a
73062,133c1bc1-5bea-42cf-8070-90fb5cc4638c,CONTROL,5403711,73062.m4a
73064,49db5971-6560-4bb4-a827-6b4020a21318,CONTROL,5392265,73064.m4a
73065,4648594e-3226-430f-bc74-0e36567f1f20,CONTROL,5397016,73065.m4a
73066,d69730fe-6f10-4207-a0a0-1170c24eb4a4,CONTROL,5409221,73066.m4a
73067,133c1bc1-5bea-42cf-8070-90fb5cc4638c,CONTROL,5393165,73067.m4a
73068,d904f82e-0229-4a1f-a8bf-ec78d0dd4053,CONTROL,5404240,73068.m4a
73071,00290381-e82e-46b2-b4e6-df115823d71b,CONTROL,5399659,73071.m4a
73074,d69730fe-6f10-4207-a0a0-1170c24eb4a4,CONTROL,5408486,73074.m4a
73075,99626113-60c4-4b1b-9f7e-9b9506c0a17d,CONTROL,5402968,73075.m4a
73078,6ee4c210-3962-4665-ba57-4800d365bdc0,CONTROL,5430528,73078.m4a
73081,822a0c4e-928d-42de-8430-6e2dabcd759e,CONTROL,5403186,73081.m4a
73084,8be98959-173f-4b12-b0b7-979ccb740362,CONTROL,5391497,73084.m4a
73088,d742066d-edd1-443b-9e04-3db0b39d70d4,CONTROL,5408539,73088.m4a
73092,a4d911f8-6494-4763-b9f3-361bc1c2acff,CONTROL,5390325,73092.m4a
73095,78a12d05-5513-404b-bc25-e43f0552ad47,CONTROL,5399438,73095.m4a
73096,1a670a79-e3b2-48b6-ad5d-526db58465a9,CONTROL,5403945,73096.m4a
73097,c3d54e16-6258-4832-8a8b-22832c410a52,CONTROL,5403077,73097.m4a
73098,01f3f273-fb31-4d25-a9ed-32fb8c9bae9a,CONTROL,5389036,73098.m4a
73101,12f76b2f-d925-4981-bbb1-58a55474b817,PD,5403145,73101.m4a
73102,146b16ca-e53f-464e-b0c6-3ebb5fafa783,CONTROL,5392701,73102.m4a
73104,12f76b2f-d925-4981-bbb1-58a55474b817,PD,5410352,73104.m4a
73107,146b16ca-e53f-464e-b0c6-3ebb5fafa783,CONTROL,5400243,73107.m4a
73108,12f76b2f-d925-4981-bbb1-58a55474b817,PD,5410670,73108.m4a
73111,01f3f273-fb31-4d25-a9ed-32fb8c9bae9a,CONTROL,5391758,73111.m4a
73112,78a12d05-5513-404b-bc25-e43f0552ad47,CONTROL,5389255,73112.m4a
73113,8963c822-4eb5-45f8-b126-9934a18cc5dc,PD,5563692,73113.m4a
73116,486380c2-6690-4dab-bb07-c21f0736bf43,CONTROL,5395386,73116.m4a
73117,36b5ca3f-9e72-4fb3-9761-1d49d9c723f2,PD,5401946,73117.m4a
73126,515cff21-af84-4e0b-98b4-c7db531c713a,CONTROL,5399315,73126.m4a
73127,486380c2-6690-4dab-bb07-c21f0736bf43,CONTROL,5403392,73127.m4a
73132,8963c822-4eb5-45f8-b126-9934a18cc5dc,PD,5529116,73132.m4a
73135,8963c822-4eb5-45f8-b126-9934a18cc5dc,PD,5566097,73135.m4a
73139,297f5df2-7109-4a1d-8acd-d9c0053f4634,CONTROL,5389251,73139.m4a
73140,297f5df2-7109-4a1d-8acd-d9c0053f4634,CONTROL,5395059,73140.m4a
73143,9d6f40a4-f46b-46f0-9ed6-6057fb6da918,CONTROL,5392805,73143.m4a
73145,ba264048-bac6-4a21-9b84-c99f71600466,CONTROL,5406857,73145.m4a
73149,e468c313-364e-4c69-bf4a-8d360328736d,CONTROL,5402871,73149.m4a
73154,e468c313-364e-4c69-bf4a-8d360328736d,CONTROL,5392668,73154.m4a
73160,767a067f-10ae-49db-9efe-d2db66074e37,PD,5402642,73160.m4a
73161,f5cf5d0d-404e-4359-99fc-cada714ea1d0,CONTROL,5392712,73161.m4a
73163,f5cf5d0d-404e-4359-99fc-cada714ea1d0,CONTROL,5401197,73163.m4a
73165,31432ccd-3fa8-429b-8e4f-daf17d31dbba,CONTROL,5392423,73165.m4a
73166,e73c3042-153a-4c4c-a19e-8154b86c8109,CONTROL,5391317,73166.m4a
73167,e73c3042-153a-4c4c-a19e-8154b86c8109,CONTROL,5397906,73167.m4a
73170,a7bbece3-10dc-4dd1-96d6-262b25797dce,CONTROL,5408668,73170.m4a
73175,a7bbece3-10dc-4dd1-96d6-262b25797dce,CONTROL,5399391,73175.m4a
73178,76109e6d-8227-4b68-a24e-06fb13de2583,CONTROL,5406125,73178.m4a
73193,2b8f0f06-b5e2-4da4-978b-0f17f6b246fd,PD,5395245,73193.m4a
73194,41d94f62-3ffc-4853-83c1-99f2a40e1add,CONTROL,5390267,73194.m4a
73196,c6692bf0-22d7-47dd-aa20-97ab2bf51573,CONTROL,5391567,73196.m4a
73197,1eb3a0b7-c0fb-4f26-ba87-6749e65c608d,CONTROL,5394994,73197.m4a
73199,41d94f62-3ffc-4853-83c1-99f2a40e1add,CONTROL,5408432,73199.m4a
73200,c6692bf0-22d7-47dd-aa20-97ab2bf51573,CONTROL,5394698,73200.m4a
73201,0c4c65a7-1076-478f-b07b-e88dc4d8a880,PD,5489092,73201.m4a
73202,2b8f0f06-b5e2-4da4-978b-0f17f6b246fd,PD,5394817,73202.m4a
73203,9d6f40a4-f46b-46f0-9ed6-6057fb6da918,CONTROL,5407280,73203.m4a
73204,2b8f0f06-b5e2-4da4-978b-0f17f6b246fd,PD,5408303,73204.m4a
73206,9e8429ef-4166-4981-bf0e-9c24741f8336,CONTROL,5392798,73206.m4a
73207,336929da-d854-4726-a5cf-bf9b38de82d2,CONTROL,5396138,73207.m4a
73209,9f362815-e355-4090-886f-9e1fe94fb446,CONTROL,5407872,73209.m4a
73210,1eb3a0b7-c0fb-4f26-ba87-6749e65c608d,CONTROL,5394089,73210.m4a
73211,76109e6d-8227-4b68-a24e-06fb13de2583,CONTROL,5396342,73211.m4a
73212,336929da-d854-4726-a5cf-bf9b38de82d2,CONTROL,5408224,73212.m4a
73218,9d9dea04-566a-4adf-8b50-859371914d12,CONTROL,5407679,73218.m4a
73219,fc22bdff-ba34-4deb-b011-7e2e011a3de2,CONTROL,5392112,73219.m4a
73224,e10baa29-039f-4501-839f-9305812ae8ac,CONTROL,5395552,73224.m4a
73225,0b0d6279-47c6-4553-b379-7ac1a9a4aafa,CONTROL,5406652,73225.m4a
73226,55cd714e-cf36-462d-b155-93f1af918bc2,PD,5405698,73226.m4a
73227,9d9dea04-566a-4adf-8b50-859371914d12,CONTROL,5393316,73227.m4a
73228,c61ca287-c3db-4927-8191-6b75d811d1d9,CONTROL,5394047,73228.m4a
73242,5412743d-986b-4574-aecd-54d2775c0a0d,PD,5388902,73242.m4a
73243,44c63449-36a3-4edd-a7a6-b49d9aea740e,CONTROL,5409563,73243.m4a
73245,06dd40d6-1f10-471c-b336-6b7d580e79b2,CONTROL,5393582,73245.m4a
73247,cadc2a49-c7b9-41a8-9817-1290ecb8f9b3,CONTROL,5390950,73247.m4a
73248,8c2d909a-3d5b-444d-96bc-d6d3f1f346c4,CONTROL,5398507,73248.m4a
73250,597311c1-1690-4179-a9e5-4ec0e1266c49,CONTROL,5407833,73250.m4a
73251,8c2d909a-3d5b-444d-96bc-d6d3f1f346c4,CONTROL,5393576,73251.m4a
73257,597311c1-1690-4179-a9e5-4ec0e1266c49,CONTROL,5395296,73257.m4a
73258,cadc2a49-c7b9-41a8-9817-1290ecb8f9b3,CONTROL,5407494,73258.m4a
73259,e10baa29-039f-4501-839f-9305812ae8ac,CONTROL,5410271,73259.m4a
73260,c61ca287-c3db-4927-8191-6b75d811d1d9,CONTROL,5406131,73260.m4a
73263,44c63449-36a3-4edd-a7a6-b49d9aea740e,CONTROL,5393317,73263.m4a
73264,b8a41d6d-3353-498b-99e0-a081fa7dbb10,CONTROL,5395955,73264.m4a
73265,b7600ee0-3b9f-432d-8cb6-21145e7b0012,CONTROL,5403340,73265.m4a
73268,b3f0da4f-b97e-4d47-b7b3-ff59dc7605e7,CONTROL,5399673,73268.m4a
73270,b7600ee0-3b9f-432d-8cb6-21145e7b0012,CONTROL,5391615,73270.m4a
73271,b3f0da4f-b97e-4d47-b7b3-ff59dc7605e7,CONTROL,5407961,73271.m4a
73275,e9a37be4-b04a-481f-b300-fa6eac1a8698,CONTROL,5397630,73275.m4a
73281,4fcea293-a403-4cf8-8ba3-ee07028b9542,CONTROL,5390150,73281.m4a
73282,4fcea293-a403-4cf8-8ba3-ee07028b9542,CONTROL,5388423,73282.m4a
73286,1401d841-2306-4d56-ae62-f77a26c0a328,CONTROL,5410018,73286.m4a
73289,0c4c65a7-1076-478f-b07b-e88dc4d8a880,PD,5501987,73289.m4a
73291,0c4c65a7-1076-478f-b07b-e88dc4d8a880,PD,5522608,73291.m4a
73294,dd978ebb-6c0f-4a38-b5c1-5d334d6373b2,CONTROL,5389871,73294.m4a
73297,0c4c65a7-1076-478f-b07b-e88dc4d8a880,PD,5523309,73297.m4a
73301,dd978ebb-6c0f-4a38-b5c1-5d334d6373b2,CONTROL,5398701,73301.m4a
73309,05653783-5f0a-4f32-a6a3-f675aa1de957,CONTROL,5397663,73309.m4a
73312,90b8674c-1c2e-40b7-981a-2122b600250a,CONTROL,5401085,73312.m4a
73315,0968b235-02e6-4807-887c-291e4b0c7d3a,CONTROL,5391213,73315.m4a
73316,05653783-5f0a-4f32-a6a3-f675aa1de957,CONTROL,5393881,73316.m4a
73317,90b8674c-1c2e-40b7-981a-2122b600250a,CONTROL,5408909,73317.m4a
73318,e5c51362-af85-40b0-b8a7-3126b00ce588,CONTROL,5390825,73318.m4a
73321,61f3a7b8-354a-4093-afdb-ebeacdf2ac2d,CONTROL,5388391,73321.m4a
73326,61f3a7b8-354a-4093-afdb-ebeacdf2ac2d,CONTROL,5408946,73326.m4a
73335,af0c4d54-47c1-454d-9233-500170fd2b72,CONTROL,5396743,73335.m4a
73337,cd514c7c-6cb7-4053-b8df-13f77abc43ca,CONTROL,5408806,73337.m4a
73340,ed5b45ef-4763-4340-af01-ac41c48a9191,CONTROL,5410463,73340.m4a
73341,af0c4d54-47c1-454d-9233-500170fd2b72,CONTROL,5388511,73341.m4a
73342,1772d27b-c289-4ade-b557-75e817f84782,CONTROL,5398280,73342.m4a
73344,9850af88-fdd6-4fe8-8859-24cc2542d135,PD,5408788,73344.m4a
73345,ed5b45ef-4763-4340-af01-ac41c48a9191,CONTROL,5397799,73345.m4a
73347,138160de-f3d7-4a85-8f99-b39f4c2b1908,PD,5400463,73347.m4a
73352,9e5a5aee-7cd6-4ad4-b179-379d404cb60e,CONTROL,5399795,73352.m4a
73358,0eb99828-76f7-4856-84c8-83887ad43b07,CONTROL,5390021,73358.m4a
73364,4cc64c02-958b-4413-9063-fad2af577259,CONTROL,5403151,73364.m4a
73365,e492c66c-b2ec-4a5c-8d0e-9468df117667,PD,5395647,73365.m4a
73369,79645759-d4a8-4306-afef-aca267594ccf,CONTROL,5396241,73369.m4a
73371,79645759-d4a8-4306-afef-aca267594ccf,CONTROL,5407430,73371.m4a
73372,91999921-0f53-4d88-b306-ac93d5b7bad1,CONTROL,5388772,73372.m4a
73375,91999921-0f53-4d88-b306-ac93d5b7bad1,CONTROL,5389643,73375.m4a
73381,58a709ab-6799-47fb-9f49-e968e429e000,CONTROL,5396633,73381.m4a
73383,58a709ab-6799-47fb-9f49-e968e429e000,CONTROL,5395385,73383.m4a
73385,721d67a8-4d85-4782-b474-c2654a7a10c6,PD,5391547,73385.m4a
73387,916b304f-2392-4134-9f2d-0bad3fde3173,PD,5404422,73387.m4a
73388,9761c9fa-44df-4c45-b761-36d32a21a7fd,CONTROL,5390550,73388.m4a
73389,721d67a8-4d85-4782-b474-c2654a7a10c6,PD,5401032,73389.m4a
73391,721d67a8-4d85-4782-b474-c2654a7a10c6,PD,5403361,73391.m4a
73393,2602990e-5621-4832-993a-38269857d813,CONTROL,5399252,73393.m4a
73395,14fcb220-318d-4be1-86c4-692a9efae6ab,CONTROL,5405974,73395.m4a
73396,2602990e-5621-4832-993a-38269857d813,CONTROL,5401861,73396.m4a
73397,f0d89c81-bd48-4eb8-9ca6-aa750316faff,CONTROL,5390788,73397.m4a
73401,138160de-f3d7-4a85-8f99-b39f4c2b1908,PD,5394535,73401.m4a
73402,f15cfaf6-d862-4a69-b964-adb2d2054726,CONTROL,5394783,73402.m4a
73403,977efb88-6d13-4c57-ba32-1ee7660eb27c,CONTROL,5396374,73403.m4a
73405,f0d89c81-bd48-4eb8-9ca6-aa750316faff,CONTROL,5406244,73405.m4a
73407,138160de-f3d7-4a85-8f99-b39f4c2b1908,PD,5400400,73407.m4a
73411,14fcb220-318d-4be1-86c4-692a9efae6ab,CONTROL,5403786,73411.m4a
73415,acbb828c-7f27-4098-a639-b6694d72a7e7,CONTROL,5395921,73415.m4a
73418,dd19ea18-84fc-4714-9a77-1d9702d3bf62,CONTROL,5403760,73418.m4a
73420,9b73cd13-472b-4887-8335-46ed772b588a,CONTROL,5406886,73420.m4a
73421,acbb828c-7f27-4098-a639-b6694d72a7e7,CONTROL,5410206,73421.m4a
73423,df46de16-7287-482c-b3e4-20d23b6fd528,CONTROL,5390455,73423.m4a
73424,dd19ea18-84fc-4714-9a77-1d9702d3bf62,CONTROL,5388084,73424.m4a
73428,e46b17c3-36ba-4de6-b0b5-0bea7814ce78,CONTROL,5399004,73428.m4a
73429,542e46b9-3437-497e-893c-2ae34052df68,CONTROL,5409962,73429.m4a
73430,3a9f1d39-0d8e-4418-a448-ba02566bf2ae,CONTROL,5391701,73430.m4a
73432,29bb0af3-9187-4ec8-a86b-15325dff5cda,CONTROL,5401882,73432.m4a
73435,de159828-e2c4-425e-afb2-b81120bb388b,CONTROL,5388880,73435.m4a
73436,87b01646-fdeb-402e-a81b-59a760934d70,CONTROL,5409896,73436.m4a
73437,970b2eb3-3206-4284-8c0b-d494a420c171,CONTROL,5409210,73437.m4a
73438,87b01646-fdeb-402e-a81b-59a760934d70,CONTROL,5388459,73438.m4a
73439,de159828-e2c4-425e-afb2-b81120bb388b,CONTROL,5396059,73439.m4a
73441,970b2eb3-3206-4284-8c0b-d494a420c171,CONTROL,5395620,73441.m4a
73443,b8246adc-c450-41ca-ad9a-fffdb1354b18,CONTROL,5409187,73443.m4a
73445,fe6234cd-0bfd-47cd-96ae-a55f1d31aab2,CONTROL,5391557,73445.m4a
73449,5cc03f2e-6fbf-45d4-a8ba-d241345e7938,CONTROL,5390644,73449.m4a
73451,5cc03f2e-6fbf-45d4-a8ba-d241345e7938,CONTROL,5410412,73451.m4a
73455,d92d9d15-3988-47ce-9372-72256c6e23e9,CONTROL,5402288,73455.m4a
73457,39b1e116-b563-468f-8a2b-5c1406a45def,CONTROL,5410117,73457.m4a
73458,d92d9d15-3988-47ce-9372-72256c6e23e9,CONTROL,5396858,73458.m4a
73459,960f2136-c018-4127-ad43-e6ba887da310,CONTROL,5389010,73459.m4a
73460,aaec8c0f-4ef7-4f52-98e1-c9cde58ab5e5,PD,5408847,73460.m4a
73464,5cc58bfc-50a1-4f47-9e9c-b2b58ab9205f,CONTROL,5389298,73464.m4a
73465,3f2fdc1c-932c-4510-8636-e4ef81a1476c,CONTROL,5394134,73465.m4a
73468,36030601-e1e9-442e-8d2f-f77637fa0599,CONTROL,5406880,73468.m4a
73469,d1451049-047d-4bad-a28d-b913df7f6181,CONTROL,5403405,73469.m4a
73472,36030601-e1e9-442e-8d2f-f77637fa0599,CONTROL,5393553,73472.m4a
73473,d1451049-047d-4bad-a28d-b913df7f6181,CONTROL,5404619,73473.m4a
73476,aaec8c0f-4ef7-4f52-98e1-c9cde58ab5e5,PD,5388832,73476.m4a
73480,b8246adc-c450-41ca-ad9a-fffdb1354b18,CONTROL,5401662,73480.m4a
73481,021863fe-1573-4478-823e-457711bf8d66,CONTROL,5394383,73481.m4a
73484,021863fe-1573-4478-823e-457711bf8d66,CONTROL,5393715,73484.m4a
73488,5cc58bfc-50a1-4f47-9e9c-b2b58ab9205f,CONTROL,5391144,73488.m4a
73490,3f2fdc1c-932c-4510-8636-e4ef81a1476c,CONTROL,5410610,73490.m4a
73506,a258fe21-8443-4352-8e00-ec98be6be68f,CONTROL,5569753,73506.m4a
73509,f45b1258-3985-4cce-b6b1-9241bd02e1ca,PD,5395363,73509.m4a
73512,86bce14b-ea83-477c-b1a0-aa227e054084,CONTROL,5407420,73512.m4a
73515,0f2e8a92-41a4-4ade-a575-5c65b84ca271,PD,5400279,73515.m4a
73516,a7ef363c-c34c-4c9d-b297-162d68a1ca76,CONTROL,5395329,73516.m4a
73518,a7ef363c-c34c-4c9d-b297-162d68a1ca76,CONTROL,5407398,73518.m4a
73521,94ceac99-57fb-45ec-93be-3ee093961157,CONTROL,5391757,73521.m4a
73522,4f05f44f-0d47-476c-88a7-70f3fb5c6b83,PD,5405678,73522.m4a
73524,ab9e7f9a-522c-46e4-b3ad-aed5f5603220,CONTROL,5393404,73524.m4a
73525,ab9e7f9a-522c-46e4-b3ad-aed5f5603220,CONTROL,5401893,73525.m4a
73526,9850af88-fdd6-4fe8-8859-24cc2542d135,PD,5396433,73526.m4a
73528,9850af88-fdd6-4fe8-8859-24cc2542d135,PD,5391022,73528.m4a
73533,13d77f6c-bf51-4112-b7aa-2ed9d5a8f479,CONTROL,5406197,73533.m4a
73535,b31795aa-e209-4a97-b4fd-2011849e2fa9,CONTROL,5402439,73535.m4a
73536,13d77f6c-bf51-4112-b7aa-2ed9d5a8f479,CONTROL,5408992,73536.m4a
73542,631849a5-d039-4173-9bea-a44c4416e1d6,PD,5395977,73542.m4a
73544,3ea19fcb-76d8-45c0-8898-f2ddd0cc1cc6,CONTROL,5401348,73544.m4a
73545,2d865eb5-8807-45f2-89c9-1a15c4fa499a,CONTROL,5405212,73545.m4a
73547,2d865eb5-8807-45f2-89c9-1a15c4fa499a,CONTROL,5396599,73547.m4a
73548,d12be378-d262-4f46-83af-4364912da711,CONTROL,5395874,73548.m4a
73549,ee055306-652a-4da3-829a-1751ed65d452,CONTROL,5399053,73549.m4a
73550,ee055306-652a-4da3-829a-1751ed65d452,CONTROL,5403744,73550.m4a
73552,aae69397-09e2-43df-ab73-a7f69c5a59db,CONTROL,5399183,73552.m4a
73554,d12be378-d262-4f46-83af-4364912da711,CONTROL,5403328,73554.m4a
73556,404c3b42-ed6b-473f-abb9-be8be9278ad2,CONTROL,5404340,73556.m4a
73559,c00c0775-1247-4ccc-b490-a70c35307de7,CONTROL,5392816,73559.m4a
73560,85816dbe-b244-453b-87cc-709d2c1c2107,PD,5396012,73560.m4a
73562,86209589-9440-40eb-8900-dda369bceaf8,CONTROL,5408726,73562.m4a
73563,85816dbe-b244-453b-87cc-709d2c1c2107,PD,5403320,73563.m4a
73566,b4b0028f-bd8e-4e25-8da2-64252f48c827,PD,5397744,73566.m4a
73567,86209589-9440-40eb-8900-dda369bceaf8,CONTROL,5390590,73567.m4a
73571,0a21ce6f-a5e2-413c-a1a1-12dce0eb8826,CONTROL,5391344,73571.m4a
73575,d475c378-e7bb-4271-9681-8c078224dab7,CONTROL,5400029,73575.m4a
73577,d475c378-e7bb-4271-9681-8c078224dab7,CONTROL,5407300,73577.m4a
73578,0a21ce6f-a5e2-413c-a1a1-12dce0eb8826,CONTROL,5397077,73578.m4a
73580,ccd594cf-920d-4f5f-8c70-23e3f9c0e957,PD,5395490,73580.m4a
73582,3626e653-c747-4a94-ab5c-41d79c23ef0f,CONTROL,5397931,73582.m4a
73583,1203ae44-26d2-4c91-a963-2548fe2e888f,CONTROL,5405537,73583.m4a
73593,a5fb8cbc-6129-4405-9dcf-a78acbcaece9,CONTROL,5389983,73593.m4a
73599,9637fdcc-4d9a-4337-a777-71c16a51e21f,CONTROL,5409301,73599.m4a
73601,7b19c426-83ac-4c1c-8baa-f1ff8c39f87c,CONTROL,5404933,73601.m4a
73603,cde05521-c092-40ad-babc-d80092a43efa,CONTROL,5409257,73603.m4a
73608,6e62ffae-c3d5-472d-aed7-07b12857a026,CONTROL,5393507,73608.m4a
73610,b5d3eb5b-7a85-4a62-ba38-50bf5fa19885,CONTROL,5396247,73610.m4a
73616,7f8c5161-0610-40fe-8dae-c5276a9ab4f9,CONTROL,5393218,73616.m4a
73619,70b6c9fc-d041-4670-9cdd-649f1e11e7b5,CONTROL,5389694,73619.m4a
73623,70b6c9fc-d041-4670-9cdd-649f1e11e7b5,CONTROL,5409004,73623.m4a
73633,48268a8e-9888-48ec-a48d-6e4e8f25fd88,PD,5389292,73633.m4a
73643,db2e1e12-9fb7-409c-8899-899717d75bf5,CONTROL,5404046,73643.m4a
73645,4f05f44f-0d47-476c-88a7-70f3fb5c6b83,PD,5389357,73645.m4a
73650,4f05f44f-0d47-476c-88a7-70f3fb5c6b83,PD,5395046,73650.m4a
73651,9e386c1b-247c-4ae0-b14f-5c635b77b50d,CONTROL,5396824,73651.m4a
73653,9a4a3ac7-fd94-4ea4-9a3b-e96b05582ae0,CONTROL,5404217,73653.m4a
73654,3d1162a3-4150-48d4-b179-55361a508bdb,CONTROL,5406979,73654.m4a
73661,677ae08f-1468-471a-b37b-17b5a8f960b9,PD,5400256,73661.m4a
73662,db3d202e-88aa-42cf-9636-914ea10e65b6,CONTROL,5407687,73662.m4a
73664,5baa156b-8dfb-4375-af6e-f266e8b322f0,CONTROL,5406119,73664.m4a
73665,ef37a86b-f5cc-4c8a-943e-ea4d38a4abd9,CONTROL,5405020,73665.m4a
73666,ef37a86b-f5cc-4c8a-943e-ea4d38a4abd9,CONTROL,5388682,73666.m4a
73671,c7cdf9f7-0c93-4e13-a8fe-d4ad66404e25,PD,5392486,73671.m4a
73674,0b9d3886-1a00-4f7f-b61f-0b2963da6f37,CONTROL,5391820,73674.m4a
73676,0b9d3886-1a00-4f7f-b61f-0b2963da6f37,CONTROL,5402631,73676.m4a
73680,4ddf2f4f-18c5-44e4-8b83-e121992a6310,CONTROL,5389202,73680.m4a
73682,4ddf2f4f-18c5-44e4-8b83-e121992a6310,CONTROL,5400066,73682.m4a
73683,ba264048-bac6-4a21-9b84-c99f71600466,CONTROL,5391185,73683.m4a
73687,08d516dc-6416-487d-9cfc-65c41da4d7b1,CONTROL,5394759,73687.m4a
73688,22e9a983-109c-49b9-892c-23f489852a57,PD,5402955,73688.m4a
73695,5baa156b-8dfb-4375-af6e-f266e8b322f0,CONTROL,5406871,73695.m4a
73696,b3c0565c-23d8-4d77-9d95-3bc67412f1f6,CONTROL,5389402,73696.m4a
73698,a0e609de-47b4-4a0f-8733-2d4579ae1db0,CONTROL,5673330,73698.m4a
73700,ffbe19a9-6033-47f6-b33a-9e045323b960,CONTROL,5405061,73700.m4a
73701,fe892278-6623-4011-9da4-16652bc965d0,CONTROL,5389919,73701.m4a
73706,ffbe19a9-6033-47f6-b33a-9e045323b960,CONTROL,5410896,73706.m4a
73707,9dc3bf39-8704-410d-a64a-7f9d96a386bf,CONTROL,5398337,73707.m4a
73714,22edf787-4d42-469b-9448-75abd5e1875a,CONTROL,5410795,73714.m4a
73715,223e34b6-ce33-48f3-a859-b7a06ad3201c,CONTROL,5404522,73715.m4a
73716,223e34b6-ce33-48f3-a859-b7a06ad3201c,CONTROL,5396534,73716.m4a
73721,bf7c1a27-5b4a-44d1-94fc-7e842cf3493c,CONTROL,5394552,73721.m4a
73723,bf7c1a27-5b4a-44d1-94fc-7e842cf3493c,CONTROL,5389085,73723.m4a
73725,f27a232c-b720-4ca8-be03-7fb7808ec2cc,CONTROL,5405766,73725.m4a
73727,aff0c31d-4f16-491e-8ffc-0b9d26a62862,CONTROL,5403545,73727.m4a
73728,b6c1860b-c980-4cbf-a07a-78fa46543b08,CONTROL,5406675,73728.m4a
73729,5480139f-c7fc-49bd-97d7-c6dd8e14579b,CONTROL,5398846,73729.m4a
73730,b6c1860b-c980-4cbf-a07a-78fa46543b08,CONTROL,5398871,73730.m4a
73731,5726fd8b-667a-40fd-859f-1d2c13d1a14f,PD,5406817,73731.m4a
73733,2e82bdc8-2b40-4d58-b393-0d229fd515b6,CONTROL,5393303,73733.m4a
73735,5726fd8b-667a-40fd-859f-1d2c13d1a14f,PD,5393736,73735.m4a
73737,aff0c31d-4f16-491e-8ffc-0b9d26a62862,CONTROL,5391827,73737.m4a
73738,5726fd8b-667a-40fd-859f-1d2c13d1a14f,PD,5407863,73738.m4a
73739,2e82bdc8-2b40-4d58-b393-0d229fd515b6,CONTROL,5401796,73739.m4a
73743,9d478389-f02d-47a0-bb1e-c226bac23030,PD,5410253,73743.m4a
73752,630c8b6b-fde4-4d90-acc3-d680f1f8ef09,CONTROL,5392767,73752.m4a
73753,08b9da39-29a0-4c79-8adf-f93aa124d41b,CONTROL,5388498,73753.m4a
73754,86bc8d82-031f-4559-bf4d-a1d68990806d,CONTROL,5390920,73754.m4a
73755,630c8b6b-fde4-4d90-acc3-d680f1f8ef09,CONTROL,5394642,73755.m4a
73759,b956f22c-b119-4215-98be-68a6a47321dc,CONTROL,5406855,73759.m4a
73760,08b9da39-29a0-4c79-8adf-f93aa124d41b,CONTROL,5402091,73760.m4a
73761,2414427a-a867-4dfc-8ba9-35b0f078150c,CONTROL,5406113,73761.m4a
73762,e8a8ce49-25e3-48c2-afb4-bc2f5ea30f1b,CONTROL,5426643,73762.m4a
73764,e1e422a7-eba2-44b4-977e-d2f1844b6158,CONTROL,5410778,73764.m4a
73769,e1e422a7-eba2-44b4-977e-d2f1844b6158,CONTROL,5394304,73769.m4a
73770,055c1e2d-92d2-4cb7-839a-bb5209b3f923,CONTROL,5392351,73770.m4a
73771,e259a11d-3f17-4765-82ed-471a6a76cc52,CONTROL,5405025,73771.m4a
73772,677ae08f-1468-471a-b37b-17b5a8f960b9,PD,5406546,73772.m4a
73773,08d516dc-6416-487d-9cfc-65c41da4d7b1,CONTROL,5395530,73773.m4a
73774,2414427a-a867-4dfc-8ba9-35b0f078150c,CONTROL,5409008,73774.m4a
73776,055c1e2d-92d2-4cb7-839a-bb5209b3f923,CONTROL,5404189,73776.m4a
73778,da14e350-91b1-4ba2-b031-185402e28909,CONTROL,5395912,73778.m4a
73780,e259a11d-3f17-4765-82ed-471a6a76cc52,CONTROL,5406263,73780.m4a
73785,c2dac679-8959-4648-895c-cda3bab67535,CONTROL,5398092,73785.m4a
73789,0d161a1a-71c0-4c49-90dc-5045ea3a4278,CONTROL,5397193,73789.m4a
73793,e8a8ce49-25e3-48c2-afb4-bc2f5ea30f1b,CONTROL,5552080,73793.m4a
73795,e3c84562-b560-40ba-b02f-5981f0a0d789,CONTROL,5409129,73795.m4a
73798,677ae08f-1468-471a-b37b-17b5a8f960b9,PD,5404588,73798.m4a
73806,96335bc9-f3a3-4576-aafa-5de39c204b32,CONTROL,5403272,73806.m4a
73808,4b86ef46-390f-4457-909c-17cb6667cdbc,CONTROL,5399523,73808.m4a
73810,bc4db59e-cbc7-4006-b942-629b3f407bd0,CONTROL,5408466,73810.m4a
73813,9dc3bf39-8704-410d-a64a-7f9d96a386bf,CONTROL,5406028,73813.m4a
73814,1f8e1a5c-f0a5-47f2-a0c6-c92034003e36,CONTROL,5408181,73814.m4a
73816,f07931f9-cff9-4a16-b0c3-71eee36a7a9b,CONTROL,5397290,73816.m4a
73818,bc31cb2e-6e0e-4161-b4b9-0c8930815de1,CONTROL,5399124,73818.m4a
73826,5bf5f0e8-f8bd-4719-94e3-fc9171566b19,CONTROL,5408232,73826.m4a
73827,54ac74c6-a1b2-4366-9118-3aff7a22667b,CONTROL,5406318,73827.m4a
73828,935773e2-04ab-42ea-9163-ce49268fec4d,PD,5406856,73828.m4a
73830,cc9c147a-a34c-4f4e-a209-f49e31a8cf6f,CONTROL,5397070,73830.m4a
73832,cc9c147a-a34c-4f4e-a209-f49e31a8cf6f,CONTROL,5396002,73832.m4a
73840,60ec8eb3-2913-461f-9337-3daed2b5cc75,CONTROL,5397376,73840.m4a
73843,01fa5bda-f11e-47ef-94c6-37697ad26a86,PD,5395289,73843.m4a
73844,aaf57e9b-abcc-4a16-a591-6b29edb420b5,CONTROL,5405649,73844.m4a
73846,e3c84562-b560-40ba-b02f-5981f0a0d789,CONTROL,5410508,73846.m4a
73847,01fa5bda-f11e-47ef-94c6-37697ad26a86,PD,5408682,73847.m4a
73850,01fa5bda-f11e-47ef-94c6-37697ad26a86,PD,5395989,73850.m4a
73853,5bf5f0e8-f8bd-4719-94e3-fc9171566b19,CONTROL,5389753,73853.m4a
73855,4525f9dd-1e9f-493a-b839-b90fa19c526c,CONTROL,5391445,73855.m4a
73860,4525f9dd-1e9f-493a-b839-b90fa19c526c,CONTROL,5402471,73860.m4a
73863,14b74d88-44bc-4277-bef7-05fd53212d02,CONTROL,5408429,73863.m4a
73868,1c483aa8-f37c-4a6c-aab6-f85a55337756,CONTROL,5407052,73868.m4a
73871,b9505173-160b-4698-9d21-7f20dbe7e852,CONTROL,5391328,73871.m4a
73875,92da2deb-8fc1-4d3b-a836-4a41698949f1,CONTROL,5392173,73875.m4a
73876,3a024f83-46df-4d0c-9e72-a3eafe1a32cf,CONTROL,5396117,73876.m4a
73877,3ca1c7e0-c87e-4bc1-8b33-3ebcb678cff6,CONTROL,5404375,73877.m4a
73878,b9505173-160b-4698-9d21-7f20dbe7e852,CONTROL,5398890,73878.m4a
73879,3ca1c7e0-c87e-4bc1-8b33-3ebcb678cff6,CONTROL,5389697,73879.m4a
73880,3a024f83-46df-4d0c-9e72-a3eafe1a32cf,CONTROL,5395000,73880.m4a
73884,2b5855b9-a5bd-4f7a-8cd3-89b09bd1e6e5,CONTROL,5406094,73884.m4a
73886,14b74d88-44bc-4277-bef7-05fd53212d02,CONTROL,5402505,73886.m4a
73887,92da2deb-8fc1-4d3b-a836-4a41698949f1,CONTROL,5406095,73887.m4a
73892,85ca15ce-ab8c-4672-874c-f47636e0dcaf,CONTROL,5407584,73892.m4a
73899,e2593c63-fc97-4047-8958-9c4e4a813046,CONTROL,5391083,73899.m4a
73900,e2593c63-fc97-4047-8958-9c4e4a813046,CONTROL,5410190,73900.m4a
73907,b5f2a60a-9de4-461f-abf0-1b6e3beb767c,CONTROL,5406130,73907.m4a
73909,1376ad46-8027-4857-a673-bc117ceed00f,CONTROL,5395932,73909.m4a
73912,9eb5d3ec-ac07-4d80-8aa3-d19d503de7cc,CONTROL,5407763,73912.m4a
73914,9eb5d3ec-ac07-4d80-8aa3-d19d503de7cc,CONTROL,5399671,73914.m4a
73915,d93fe570-d2ab-470d-9782-25d2d1a6db0c,CONTROL,5508581,73915.m4a
73916,d93fe570-d2ab-470d-9782-25d2d1a6db0c,CONTROL,5441705,73916.m4a
73920,7f751ee5-02f8-4833-a44c-dab53e0d8f4f,CONTROL,5392686,73920.m4a
73923,fa262d80-4f10-4a41-a9e1-037728088f00,CONTROL,5408796,73923.m4a
73924,6b8f9508-67c6-45d1-a64e-4885d58611cf,CONTROL,5409112,73924.m4a
73926,252d6c8b-57f7-4080-abd7-3511d50002ad,CONTROL,5393783,73926.m4a
73930,5480139f-c7fc-49bd-97d7-c6dd8e14579b,CONTROL,5394702,73930.m4a
73934,95e8a5d4-8ac2-4448-bac4-98f09a006e5d,CONTROL,5405469,73934.m4a
73937,5ba1573b-4ff0-47b6-baae-5dd575e54808,CONTROL,5395440,73937.m4a
73942,20c7c60a-39b0-4230-8d34-268c3ed86e55,CONTROL,5396395,73942.m4a
73943,a08b2045-49e1-440d-98a6-265b331853a9,CONTROL,5405905,73943.m4a
73944,cc3fecac-b4ca-414d-a195-5ebc4771560f,CONTROL,5394018,73944.m4a
73948,95e8a5d4-8ac2-4448-bac4-98f09a006e5d,CONTROL,5398375,73948.m4a
73950,b1a6fcb6-4cdd-4a00-aa7f-15aaf85751c4,CONTROL,5404542,73950.m4a
73952,a08b2045-49e1-440d-98a6-265b331853a9,CONTROL,5410524,73952.m4a
73959,2c1e5fb1-590f-47f8-ba3e-e6bad064e35c,CONTROL,5399771,73959.m4a
73962,40b363e9-7e64-487b-8b22-4eab2dea2d99,CONTROL,5404592,73962.m4a
73963,2c1e5fb1-590f-47f8-ba3e-e6bad064e35c,CONTROL,5399919,73963.m4a
73969,dc264cd7-a72c-4f37-99bc-345a9fb61a04,PD,5397335,73969.m4a
73970,dc264cd7-a72c-4f37-99bc-345a9fb61a04,PD,5400423,73970.m4a
73972,dc264cd7-a72c-4f37-99bc-345a9fb61a04,PD,5391959,73972.m4a
73977,cfe55d36-d662-4424-9916-67774abdd4ce,PD,5404003,73977.m4a
73978,0abc5bd0-3821-4d8d-955d-a356bcaad694,CONTROL,5404873,73978.m4a
73979,5ff7154e-c197-40b5-a601-472deb06917f,CONTROL,5389716,73979.m4a
73980,f1ff84c1-128f-42af-b647-fc530ef3b5e2,CONTROL,5392018,73980.m4a
73983,f1ff84c1-128f-42af-b647-fc530ef3b5e2,CONTROL,5404940,73983.m4a
73986,e66547c5-0eb2-4382-a244-54e19d63c87e,CONTROL,5390619,73986.m4a
73987,3ce97adc-3908-496e-93b3-c25937b9442e,CONTROL,5406874,73987.m4a
73990,f7e133ad-ff1e-429f-bad6-6a5a53a11da2,CONTROL,5394318,73990.m4a
73991,303c8402-9aad-4bc6-ace7-4fd08335d69d,CONTROL,5410217,73991.m4a
73992,3ce97adc-3908-496e-93b3-c25937b9442e,CONTROL,5396739,73992.m4a
73994,45829aa3-2e58-4979-a367-922bbccb58b4,PD,5399984,73994.m4a
73997,6d9ec800-4284-4017-9247-76d59c178644,CONTROL,5409969,73997.m4a
73998,6d9ec800-4284-4017-9247-76d59c178644,CONTROL,5402714,73998.m4a
74001,85fe7668-04b6-4240-8198-84bb99ef23cc,CONTROL,5404636,74001.m4a
74008,e66547c5-0eb2-4382-a244-54e19d63c87e,CONTROL,5388235,74008.m4a
74010,f7e133ad-ff1e-429f-bad6-6a5a53a11da2,CONTROL,5403783,74010.m4a
74014,186bcc0e-93b3-4397-a5d2-ea308cbf8ab1,CONTROL,5415060,74014.m4a
74015,3e3dab8f-87e1-42c8-a091-9202fb089a03,PD,5390759,74015.m4a
74016,e398ff7f-d674-4e7e-97da-5c2234543973,CONTROL,5489016,74016.m4a
74021,13011466-e247-466d-86de-877c71472bff,CONTROL,5397946,74021.m4a
74023,1a2e624f-f3d9-426b-8d9d-34b5ab417474,CONTROL,5400162,74023.m4a
74024,13011466-e247-466d-86de-877c71472bff,CONTROL,5409192,74024.m4a
74026,1a2e624f-f3d9-426b-8d9d-34b5ab417474,CONTROL,5401741,74026.m4a
74029,1277ffa7-6209-446b-9b9c-8e3fa4167c7b,CONTROL,5400342,74029.m4a
74032,1277ffa7-6209-446b-9b9c-8e3fa4167c7b,CONTROL,5389946,74032.m4a
74037,28599ae5-59e5-4b1e-a1b7-b818f6f8b669,CONTROL,5402048,74037.m4a
74041,28599ae5-59e5-4b1e-a1b7-b818f6f8b669,CONTROL,5390333,74041.m4a
74044,501e2e14-ace1-4408-9a3b-545babf3b34a,CONTROL,5392523,74044.m4a
74049,fa4c48f9-5bbe-4955-8aca-a677127bff1b,CONTROL,5410731,74049.m4a
74050,fa4c48f9-5bbe-4955-8aca-a677127bff1b,CONTROL,5396691,74050.m4a
74051,4471bf35-7da3-40d6-afdd-2854f15ca1c7,CONTROL,5395396,74051.m4a
74055,50bb65ea-934e-4d3f-8a2b-6461dfefd8af,CONTROL,5397983,74055.m4a
74059,50bb65ea-934e-4d3f-8a2b-6461dfefd8af,CONTROL,5408307,74059.m4a
74065,e8e0a346-03c0-4e8b-8da7-9d77c90325ed,CONTROL,5393533,74065.m4a
74066,373515dd-25dd-4495-86a5-4b1d0a92e58f,CONTROL,5405826,74066.m4a
74068,ee5575b9-9abc-41da-a4ae-373611fa4e1d,CONTROL,5388280,74068.m4a
74069,e8e0a346-03c0-4e8b-8da7-9d77c90325ed,CONTROL,5398199,74069.m4a
74073,3bdde942-e7b9-498b-bde9-6fad671385af,PD,5395361,74073.m4a
74082,2f945bb1-e9cb-4672-a2dd-5d2ea20bbf65,CONTROL,5388494,74082.m4a
74083,4f2dbf41-6204-404b-813d-afd6ef3a4c1a,CONTROL,5398526,74083.m4a
74086,142a6bc8-732d-44e9-a029-75656db7317c,CONTROL,5397670,74086.m4a
74088,2f945bb1-e9cb-4672-a2dd-5d2ea20bbf65,CONTROL,5405718,74088.m4a
74091,01749f46-7be9-48a6-9ad0-b12e1f7d97b5,CONTROL,5390308,74091.m4a
74094,23acb9f0-0afd-45b8-8a5c-bff9f0268678,CONTROL,5389050,74094.m4a
74098,01749f46-7be9-48a6-9ad0-b12e1f7d97b5,CONTROL,5391960,74098.m4a
74099,23acb9f0-0afd-45b8-8a5c-bff9f0268678,CONTROL,5408969,74099.m4a
74105,fa1b9c8e-5f27-4404-bf6a-5dd3a5160568,CONTROL,5398623,74105.m4a
74106,fa1b9c8e-5f27-4404-bf6a-5dd3a5160568,CONTROL,5395282,74106.m4a
74110,f7a8a863-f81c-424e-92aa-41a6b58656b1,CONTROL,5400699,74110.m4a
74116,a43aa5cc-4264-41ee-a3de-f0901114378c,PD,5397107,74116.m4a
74117,f7a8a863-f81c-424e-92aa-41a6b58656b1,CONTROL,5392858,74117.m4a
74120,0fb2371f-2456-430e-a9a4-f0cfba39ae30,PD,5393142,74120.m4a
74123,b1f7e790-be9f-4a20-8ed3-6def13c6c944,CONTROL,5405850,74123.m4a
74125,77adb2fa-ee52-438e-953d-00878bdb9ae2,CONTROL,5396462,74125.m4a
74126,51dc6425-47c4-452c-af82-85a3ea10af95,CONTROL,5388660,74126.m4a
74127,51dc6425-47c4-452c-af82-85a3ea10af95,CONTROL,5398931,74127.m4a
74131,f334ea21-2550-4b48-941c-51e880483f58,CONTROL,5406334,74131.m4a
74132,bbf83ccf-d2cb-40af-bab9-93d04e8a884c,CONTROL,5404329,74132.m4a
74133,0a66624e-7f46-4a67-9040-684277b2c16e,CONTROL,5398274,74133.m4a
74135,f334ea21-2550-4b48-941c-51e880483f58,CONTROL,5388186,74135.m4a
74137,75d11a81-16e3-4349-814f-6a63786dae5a,CONTROL,5405358,74137.m4a
74138,75d11a81-16e3-4349-814f-6a63786dae5a,CONTROL,5403573,74138.m4a
74148,fe41eb16-d79b-4784-8292-6c6399f58697,CONTROL,5408313,74148.m4a
74153,72069adc-ee3b-4ece-b78f-8f28a0af0d5d,CONTROL,5389355,74153.m4a
74154,aaff096e-b19c-4c1d-94a3-0f75c22b270a,CONTROL,5404139,74154.m4a
74158,1a0d6e54-22f6-4bcf-a588-7639a3c29698,CONTROL,5401298,74158.m4a
74159,77adb2fa-ee52-438e-953d-00878bdb9ae2,CONTROL,5393644,74159.m4a
74161,0cc87417-f009-45ed-9254-254a057e56b8,PD,5396887,74161.m4a
74164,4220329a-2d66-4962-a0d3-9694d14f3955,CONTROL,5402800,74164.m4a
74165,dd606a4d-515e-4979-a1d9-8fc05b932a34,CONTROL,5403150,74165.m4a
74166,a37f4ad5-fe0c-40a5-a240-978a056b3a10,CONTROL,5404218,74166.m4a
74169,a37f4ad5-fe0c-40a5-a240-978a056b3a10,CONTROL,5402718,74169.m4a
74170,4220329a-2d66-4962-a0d3-9694d14f3955,CONTROL,5407547,74170.m4a
74175,085d3a29-27eb-4aea-916f-723989b56763,PD,5389800,74175.m4a
74177,f2c94055-607b-43d1-b92f-fb2287457418,CONTROL,5404689,74177.m4a
74179,9d5ba2ec-54e7-4567-9fb3-cd11f1b8babb,CONTROL,5393375,74179.m4a
74180,f2c94055-607b-43d1-b92f-fb2287457418,CONTROL,5393161,74180.m4a
74181,3dbc521d-97e8-4a22-91e6-14f75c97272a,CONTROL,5408882,74181.m4a
74182,9d5ba2ec-54e7-4567-9fb3-cd11f1b8babb,CONTROL,5400902,74182.m4a
74183,ccc7eb9c-d544-48d9-9daa-ae89fc95d997,CONTROL,5391878,74183.m4a
74185,3dbc521d-97e8-4a22-91e6-14f75c97272a,CONTROL,5402402,74185.m4a
74190,aaf57e9b-abcc-4a16-a591-6b29edb420b5,CONTROL,5389766,74190.m4a
74191,2e051bf4-20ed-40cf-9edb-353d82763922,CONTROL,5401905,74191.m4a
74193,8c975cf9-78f4-420e-8a49-26588e5dae90,CONTROL,5395356,74193.m4a
74197,92c0dfc2-5004-4af2-aad3-f697f90a3ea4,CONTROL,5408673,74197.m4a
74198,74b595cb-57bb-49e3-a399-999cc00297d2,CONTROL,5388991,74198.m4a
74200,29743127-98d5-4529-9fa7-ee029d4586b5,CONTROL,5397322,74200.m4a
74201,48507a7c-dff7-4db0-9558-a27b30e11aa9,PD,5389676,74201.m4a
74203,f45b1258-3985-4cce-b6b1-9241bd02e1ca,PD,5400927,74203.m4a
74205,92c0dfc2-5004-4af2-aad3-f697f90a3ea4,CONTROL,5391261,74205.m4a
74208,ae8b4372-f4be-4cbb-be77-0064fd650431,CONTROL,5401800,74208.m4a
74209,ed39998d-d1eb-4657-86a1-554da46dc7c3,CONTROL,5400181,74209.m4a
74211,e6fa24d5-8eb8-4d03-a76e-93025ef24a30,PD,5393836,74211.m4a
74214,ed39998d-d1eb-4657-86a1-554da46dc7c3,CONTROL,5389568,74214.m4a
74216,427ae38e-5194-4e86-a34f-67d8682ae581,CONTROL,5402217,74216.m4a
74217,ec138adc-9353-42f5-a554-890a1d57518e,CONTROL,5399608,74217.m4a
74219,427ae38e-5194-4e86-a34f-67d8682ae581,CONTROL,5394000,74219.m4a
74220,967e2d09-efe4-4418-be5b-57c2af433e09,CONTROL,5404339,74220.m4a
74224,1a38dca5-145a-413b-86cd-86fa9f6802ff,PD,5405157,74224.m4a
74230,047aa0ad-2079-481b-95ce-e6dac0dbacb5,CONTROL,5389365,74230.m4a
74233,047aa0ad-2079-481b-95ce-e6dac0dbacb5,CONTROL,5399097,74233.m4a
74235,17f50a82-683c-418a-86b7-75af586994af,CONTROL,5403500,74235.m4a
74237,c2019113-cd67-4a8b-8167-9aba017e3328,CONTROL,5396690,74237.m4a
74238,60011d59-db6d-41d7-aff1-0557f69ce81b,PD,5403479,74238.m4a
74241,dc600bb6-ad90-42ee-99ee-d665ab1a62ba,PD,5396986,74241.m4a
74243,f9e40d79-f6fd-4dd8-bb97-54a8ecedf716,CONTROL,5402593,74243.m4a
74244,6452c111-2d1e-4a8a-a2f6-9bb4814665d3,CONTROL,5399924,74244.m4a
74245,1035c950-361f-4410-be15-25c5283c0ee8,CONTROL,5407370,74245.m4a
74249,2110f128-f46a-4a92-9713-4a4ffb07ccf7,CONTROL,5394903,74249.m4a
74250,b0720414-4fca-406d-816a-5c4df0a4b7af,CONTROL,5403565,74250.m4a
74253,b0720414-4fca-406d-816a-5c4df0a4b7af,CONTROL,5410284,74253.m4a
74254,2110f128-f46a-4a92-9713-4a4ffb07ccf7,CONTROL,5399473,74254.m4a
74256,13a6ac42-e218-46d9-8b73-f2823036b879,CONTROL,5406478,74256.m4a
74258,dc600bb6-ad90-42ee-99ee-d665ab1a62ba,PD,5395500,74258.m4a
74259,60011d59-db6d-41d7-aff1-0557f69ce81b,PD,5398516,74259.m4a
74260,60011d59-db6d-41d7-aff1-0557f69ce81b,PD,5409194,74260.m4a
74261,1a38dca5-145a-413b-86cd-86fa9f6802ff,PD,5392407,74261.m4a
74263,dc600bb6-ad90-42ee-99ee-d665ab1a62ba,PD,5393701,74263.m4a
74264,f91af737-0e8a-448a-ae3f-b733c7b00211,CONTROL,5404204,74264.m4a
74265,1a38dca5-145a-413b-86cd-86fa9f6802ff,PD,5394179,74265.m4a
74269,cb832df5-7e4b-4df1-a36a-a159c4a83143,PD,5403214,74269.m4a
74271,f9e40d79-f6fd-4dd8-bb97-54a8ecedf716,CONTROL,5407094,74271.m4a
74273,bec4069b-30ef-44b8-a38d-5f46481234ba,CONTROL,5406233,74273.m4a
74274,10dffd14-29ca-49e9-925c-9cc57a88af06,CONTROL,5410067,74274.m4a
74276,5d85e740-2ce2-477e-a03c-9fd5df74758b,CONTROL,5403468,74276.m4a
74277,bec4069b-30ef-44b8-a38d-5f46481234ba,CONTROL,5400842,74277.m4a
74279,5d85e740-2ce2-477e-a03c-9fd5df74758b,CONTROL,5395054,74279.m4a
74281,042f680f-a5a4-4dcb-8d39-ff36ea03b842,PD,5409660,74281.m4a
74283,2171dbeb-adc5-40f3-8f75-526bad06a6c2,CONTROL,5400498,74283.m4a
74286,10dffd14-29ca-49e9-925c-9cc57a88af06,CONTROL,5390587,74286.m4a
74292,be3b79c1-c4c6-4aeb-bcbd-84b72a70620c,CONTROL,5395592,74292.m4a
74293,be3b79c1-c4c6-4aeb-bcbd-84b72a70620c,CONTROL,5408657,74293.m4a
74294,4b86ef46-390f-4457-909c-17cb6667cdbc,CONTROL,5408500,74294.m4a
74298,51a6cf39-7551-4ed2-95e6-9712fd750c5a,CONTROL,5396335,74298.m4a
74299,925e8166-6d62-42f6-abb7-dfa7f0459786,PD,5409137,74299.m4a
74300,834ba817-7070-46c9-aada-ec57d2904f1e,CONTROL,5397128,74300.m4a
74304,2c4ae368-0766-48c5-8814-602fec172756,CONTROL,5390369,74304.m4a
74306,2c4ae368-0766-48c5-8814-602fec172756,CONTROL,5390583,74306.m4a
74307,437b2bb4-a2ef-4746-b8a2-42b700a60b44,CONTROL,5400320,74307.m4a
74310,a556e228-b427-45fa-ad9c-d9ace14b9c2f,CONTROL,5401211,74310.m4a
74314,de9fd40d-1c8b-4f5d-8cbb-07eed0807f91,CONTROL,5404361,74314.m4a
74317,24786c82-b64b-49cc-861d-bd5b49d83fa1,CONTROL,5388983,74317.m4a
74322,41269614-6f4e-41c2-b3d7-108a0a3d6551,CONTROL,5391294,74322.m4a
74323,41269614-6f4e-41c2-b3d7-108a0a3d6551,CONTROL,5401774,74323.m4a
74325,8066d06f-c919-4e07-af9f-72d58850f298,CONTROL,5409917,74325.m4a
74328,234caa0a-2bcd-47bf-9705-f2d9b9c32cea,CONTROL,5398275,74328.m4a
74329,e32f53f5-fbf1-4745-9eeb-395ec2adc9fd,CONTROL,5392934,74329.m4a
74331,8066d06f-c919-4e07-af9f-72d58850f298,CONTROL,5406949,74331.m4a
74335,24786c82-b64b-49cc-861d-bd5b49d83fa1,CONTROL,5402732,74335.m4a
74341,234caa0a-2bcd-47bf-9705-f2d9b9c32cea,CONTROL,5409418,74341.m4a
74343,b81ba8b8-90b2-4b96-8cba-3d139e6b317b,CONTROL,5389419,74343.m4a
74344,0c0181a9-04b7-4228-a32d-774efb2b2dba,CONTROL,5392750,74344.m4a
74345,f29730cc-3015-4b61-9fa0-e589871977b0,CONTROL,5396845,74345.m4a
74346,1b9fd63c-46e3-4cbd-b93b-27996d0a5d32,CONTROL,5405695,74346.m4a
74349,f29730cc-3015-4b61-9fa0-e589871977b0,CONTROL,5393067,74349.m4a
74362,d41cc881-9477-403a-92dd-e78f59cb5aa0,CONTROL,5389034,74362.m4a
74363,00fc0b43-f123-4829-9b77-9aaeee8fea41,CONTROL,5410550,74363.m4a
74365,f5d2560f-7783-419e-aaf2-cc9c8af07e0f,CONTROL,5396735,74365.m4a
74368,a2a96b23-48bc-4604-a84a-0cee1b520fa9,CONTROL,5406777,74368.m4a
74370,2d62f437-8759-4ec9-9d82-de887cbeb9b4,CONTROL,5401489,74370.m4a
74372,0c0181a9-04b7-4228-a32d-774efb2b2dba,CONTROL,5406049,74372.m4a
74374,8769c844-9e0e-449a-ab1e-6949b19dfc27,CONTROL,5742627,74374.m4a
74375,4c4682f0-930f-464f-99db-f0f0fff862b5,CONTROL,5406645,74375.m4a
74376,4c4682f0-930f-464f-99db-f0f0fff862b5,CONTROL,5393408,74376.m4a
74379,df7bf94d-74c3-4af5-b4c6-2d7b91c488da,CONTROL,5394885,74379.m4a
74380,a2a96b23-48bc-4604-a84a-0cee1b520fa9,CONTROL,5395583,74380.m4a
74381,f5d2560f-7783-419e-aaf2-cc9c8af07e0f,CONTROL,5392734,74381.m4a
74385,b92b82bc-01b1-42e8-919a-b7b861db2ff0,CONTROL,5394323,74385.m4a
74388,b92b82bc-01b1-42e8-919a-b7b861db2ff0,CONTROL,5406920,74388.m4a
74389,f8eea344-0215-4fc9-8012-1362b63aff2c,CONTROL,5409574,74389.m4a
74390,6f39f175-6728-40f6-b341-dcbf75cef569,CONTROL,5397443,74390.m4a
74391,8bf5bd9f-63f6-498f-9b6f-7055489661b5,CONTROL,5388505,74391.m4a
74393,6f39f175-6728-40f6-b341-dcbf75cef569,CONTROL,5405244,74393.m4a
74400,47729a57-768e-4adc-9388-b88c8fc5e031,CONTROL,5395929,74400.m4a
74405,47729a57-768e-4adc-9388-b88c8fc5e031,CONTROL,5390815,74405.m4a
74406,19af9466-ca54-4ab1-8089-17602dab9ad9,CONTROL,5407638,74406.m4a
74407,953b9d8a-dbe0-48a0-ae83-08a2ed54725f,CONTROL,5406562,74407.m4a
74409,19af9466-ca54-4ab1-8089-17602dab9ad9,CONTROL,5392392,74409.m4a
74410,953b9d8a-dbe0-48a0-ae83-08a2ed54725f,CONTROL,5396554,74410.m4a
74415,3a94b76c-aa75-4aba-a4ea-95fa0c6fda9f,CONTROL,5410142,74415.m4a
74423,f18e84f0-fd4b-4c26-b34b-9238378ded22,CONTROL,5397564,74423.m4a
74424,d7e2e77a-afae-4bb5-bed5-03ab3d20646d,CONTROL,5397474,74424.m4a
74427,572fe5bf-5dee-4130-80a0-500923d8b30d,CONTROL,5397863,74427.m4a
74430,1674dd81-f945-4857-8f0d-71f8f61127b1,PD,5409397,74430.m4a
74432,e492c66c-b2ec-4a5c-8d0e-9468df117667,PD,5393020,74432.m4a
74435,3e3dab8f-87e1-42c8-a091-9202fb089a03,PD,5409995,74435.m4a
74436,453c6983-b442-4a6a-8fa2-5317c562ae35,CONTROL,5417503,74436.m4a
74437,3b8584cf-f9b2-44c1-be33-e84ec0a68cc7,CONTROL,5388701,74437.m4a
74439,049ae8f3-c663-4854-93d7-631bb5d67d08,CONTROL,5410323,74439.m4a
74440,6d6658e0-1498-44ed-aa40-d3d7cedcd5db,CONTROL,5389759,74440.m4a
74447,22e90c3c-6638-4fdd-a36d-316987901901,CONTROL,5394540,74447.m4a
74452,3b8584cf-f9b2-44c1-be33-e84ec0a68cc7,CONTROL,5388707,74452.m4a
74456,81621469-87da-492f-bafd-103b246ad200,CONTROL,5399267,74456.m4a
74459,78332de1-11d4-4d3a-b44d-85d091de9c7a,PD,5400277,74459.m4a
74463,a5a8e48d-9fc7-42eb-a6b0-a510d4f19759,PD,5399995,74463.m4a
74465,041953bb-9095-4a24-8d46-e1d2de3ed523,CONTROL,5409013,74465.m4a
74466,f2b4d44b-9141-415a-ba07-8440affb668f,CONTROL,5391988,74466.m4a
74469,b9fc5905-a423-41be-b526-a5dcf02ade42,PD,5393744,74469.m4a
74472,78332de1-11d4-4d3a-b44d-85d091de9c7a,PD,5409914,74472.m4a
74474,78332de1-11d4-4d3a-b44d-85d091de9c7a,PD,5398677,74474.m4a
74475,382dd1a5-818f-4d90-9cf2-fe44daca7649,CONTROL,5393484,74475.m4a
74477,f2b4d44b-9141-415a-ba07-8440affb668f,CONTROL,5404496,74477.m4a
74481,faf76a8e-045c-427f-951d-8e1918f195a8,CONTROL,5390892,74481.m4a
74482,bd31bfbb-27c5-4971-ad97-fcd0a8c810e6,CONTROL,5404928,74482.m4a
74483,d848ade0-4f98-4369-9e62-ef7e92f03edb,CONTROL,5401860,74483.m4a
74484,bd31bfbb-27c5-4971-ad97-fcd0a8c810e6,CONTROL,5390141,74484.m4a
74485,0266a3e0-fad5-4b36-bfc5-2272a94d1ce8,CONTROL,5388154,74485.m4a
74487,14abc775-23e5-4d72-8233-66fa16d77ee1,CONTROL,5406462,74487.m4a
74491,9fe2d793-f23c-4973-aafb-c4b13a208d51,CONTROL,5391426,74491.m4a
74494,b9fc5905-a423-41be-b526-a5dcf02ade42,PD,5408491,74494.m4a
74495,a2160f5a-fda0-4b71-983a-550a7e1bcbd1,CONTROL,5392294,74495.m4a
74497,b9fc5905-a423-41be-b526-a5dcf02ade42,PD,5404670,74497.m4a
74500,2edcf100-401b-45b7-9691-245a6704db92,CONTROL,5402783,74500.m4a
74503,9fe2d793-f23c-4973-aafb-c4b13a208d51,CONTROL,5404898,74503.m4a
74504,4decd002-ac3b-44ff-b231-95ef60b922df,CONTROL,5397730,74504.m4a
74510,4ced5f40-b81b-497d-bc85-82a66ecdac4b,CONTROL,5408676,74510.m4a
74511,e4c29fca-0202-4484-a681-cd0915ebc2db,CONTROL,5390820,74511.m4a
74512,a2160f5a-fda0-4b71-983a-550a7e1bcbd1,CONTROL,5392232,74512.m4a
74515,c1a68457-3db3-4e57-ac08-eec1b7326d6c,CONTROL,5404673,74515.m4a
74517,9a29f6d2-ac4e-46a9-95a9-580ee7161fe2,CONTROL,5400648,74517.m4a
74520,9a29f6d2-ac4e-46a9-95a9-580ee7161fe2,CONTROL,5404661,74520.m4a
74525,e41711c4-cd3d-4d14-823c-2372db87b913,CONTROL,5397701,74525.m4a
74528,e41711c4-cd3d-4d14-823c-2372db87b913,CONTROL,5403154,74528.m4a
74531,e94026fc-7a92-4937-b9aa-1570bc515103,CONTROL,5391160,74531.m4a
74533,87972136-ebb6-4500-afd7-62748225b3d1,CONTROL,5404937,74533.m4a
74536,b30b9657-e7f2-4220-93c5-bcff0e14f3e9,PD,5410252,74536.m4a
74537,01ba6f8f-b40e-499c-a3eb-e82103e6d84c,CONTROL,5402245,74537.m4a
74539,1407a155-a80a-4b9d-974f-046ef99aba65,CONTROL,5404622,74539.m4a
74540,1407a155-a80a-4b9d-974f-046ef99aba65,CONTROL,5395225,74540.m4a
74541,dfe2079e-d916-4fd7-a76f-b2c1d51607df,PD,5395968,74541.m4a
74542,e94026fc-7a92-4937-b9aa-1570bc515103,CONTROL,5397302,74542.m4a
74543,de7647cc-9928-4cb3-8c0c-d076ba581415,CONTROL,5406257,74543.m4a
74546,d453ca26-2a89-40da-aedf-5ed375b80e29,CONTROL,5395702,74546.m4a
74548,d453ca26-2a89-40da-aedf-5ed375b80e29,CONTROL,5390482,74548.m4a
74553,de6850db-daff-4c25-b104-fc44fdb84a19,CONTROL,5393792,74553.m4a
74554,de6850db-daff-4c25-b104-fc44fdb84a19,CONTROL,5391384,74554.m4a
74555,41b9d888-255c-4f57-9a57-b6b1aa659aae,CONTROL,5398738,74555.m4a
74557,34d80867-b8f0-4032-a3fa-1ea0ca5da445,CONTROL,5400325,74557.m4a
74560,34d80867-b8f0-4032-a3fa-1ea0ca5da445,CONTROL,5405806,74560.m4a
74564,924dafc8-6817-45b1-a287-c13cdce07725,CONTROL,5408059,74564.m4a
74577,a1d86bb5-84c2-4454-9e7d-346301b9d651,CONTROL,5389124,74577.m4a
74586,2f03b592-338f-4c85-93a9-aa5b637e2d4b,CONTROL,5406510,74586.m4a
74587,8e2d28bf-089c-4a58-aa25-4cdd352af6be,CONTROL,5401029,74587.m4a
74588,2f03b592-338f-4c85-93a9-aa5b637e2d4b,CONTROL,5408424,74588.m4a
74590,90936325-2390-4c9f-9d82-3a4d11524969,PD,5393683,74590.m4a
74593,0f2e8a92-41a4-4ade-a575-5c65b84ca271,PD,5393929,74593.m4a
74596,369289da-72cd-44c6-8b13-c4effa4b8209,CONTROL,5389204,74596.m4a
74598,369289da-72cd-44c6-8b13-c4effa4b8209,CONTROL,5397637,74598.m4a
74599,044bc145-af8e-461b-ba2a-d0b91601dbeb,CONTROL,5400433,74599.m4a
74600,044bc145-af8e-461b-ba2a-d0b91601dbeb,CONTROL,5389695,74600.m4a
74606,51ff38f6-149b-4b9b-a871-17c922e6c5ef,CONTROL,5401578,74606.m4a
74607,2c4eb79e-059e-4f32-9dfe-2e023cf792c3,CONTROL,5391325,74607.m4a
74610,45ec4a48-bfc1-4bf3-8772-0a587b5f85f0,CONTROL,5397460,74610.m4a
74613,45ec4a48-bfc1-4bf3-8772-0a587b5f85f0,CONTROL,5393201,74613.m4a
74614,d598702d-a72e-4533-961b-f1c29ed6013c,CONTROL,5398202,74614.m4a
74615,6727f101-1b50-4bc1-8443-ebede97e3164,CONTROL,5395826,74615.m4a
74619,6727f101-1b50-4bc1-8443-ebede97e3164,CONTROL,5396776,74619.m4a
74621,2cabe647-4210-47ea-9107-f10187e7652a,CONTROL,5399264,74621.m4a
74622,d598702d-a72e-4533-961b-f1c29ed6013c,CONTROL,5409826,74622.m4a
74623,f053a280-d457-49ff-90d7-58d2cd665fd3,CONTROL,5400718,74623.m4a
74625,f053a280-d457-49ff-90d7-58d2cd665fd3,CONTROL,5394009,74625.m4a
74626,484adde9-f9f7-4233-bc25-46c3071da0dd,CONTROL,5407812,74626.m4a
74627,faa199c8-21e3-40c3-bb29-ddd69b0148b7,CONTROL,5407152,74627.m4a
74628,484adde9-f9f7-4233-bc25-46c3071da0dd,CONTROL,5402362,74628.m4a
74629,87611498-afb0-47a3-a783-8b032166765e,CONTROL,5402926,74629.m4a
74633,87611498-afb0-47a3-a783-8b032166765e,CONTROL,5396174,74633.m4a
74635,7adb7205-f6d3-4b5d-93e6-79d6c87dfca0,CONTROL,5399900,74635.m4a
74636,24251fdd-003d-4664-8759-ce5cede5f8f4,CONTROL,5405352,74636.m4a
74640,7adb7205-f6d3-4b5d-93e6-79d6c87dfca0,CONTROL,5402568,74640.m4a
74641,24251fdd-003d-4664-8759-ce5cede5f8f4,CONTROL,5405038,74641.m4a
74649,10c7af0b-690a-4370-8dca-35225f2cdb32,CONTROL,5390715,74649.m4a
74653,10c7af0b-690a-4370-8dca-35225f2cdb32,CONTROL,5403507,74653.m4a
74659,563176e1-1800-40d3-ba7a-b86a6ffe04b6,CONTROL,5405599,74659.m4a
74662,111b6c0c-2e4a-4b00-a777-16610ea4e12e,CONTROL,5389101,74662.m4a
74663,111b6c0c-2e4a-4b00-a777-16610ea4e12e,CONTROL,5410351,74663.m4a
74667,8510c185-ad5b-41dd-aabd-6981995140b0,CONTROL,5401670,74667.m4a
74671,8510c185-ad5b-41dd-aabd-6981995140b0,CONTROL,5410044,74671.m4a
74676,f291a97e-d72b-4d76-817a-8d15944f8499,CONTROL,5389180,74676.m4a
74680,bb82ad2a-d194-4b37-8f19-536fc83b70bf,CONTROL,5394588,74680.m4a
74681,d5b5713f-c82e-43f4-8a4a-5feb4f5a019c,CONTROL,5395287,74681.m4a
74682,1150f0bf-7c14-4633-afad-022ddcd50cef,CONTROL,5410853,74682.m4a
74683,f291a97e-d72b-4d76-817a-8d15944f8499,CONTROL,5393268,74683.m4a
74684,6489c5ae-22fb-49e6-96ca-cb27e707a755,CONTROL,5398318,74684.m4a
74687,6489c5ae-22fb-49e6-96ca-cb27e707a755,CONTROL,5397889,74687.m4a
74689,352c6a2d-7698-434b-be8e-2302d046a70b,CONTROL,5390310,74689.m4a
74694,1c993b5b-60d9-4f43-a313-d5e6e9d8f638,CONTROL,5394720,74694.m4a
74695,1c993b5b-60d9-4f43-a313-d5e6e9d8f638,CONTROL,5393443,74695.m4a
74696,7f5523b9-2172-4128-9159-9ff0ff73d7eb,CONTROL,5389266,74696.m4a
74699,bbe87529-59a3-4870-b32e-287fe900f340,CONTROL,5388408,74699.m4a
74704,8f474fc3-b0b9-4cde-bf9e-c0a006228e9a,CONTROL,5392089,74704.m4a
74706,adced0c9-3870-4de4-ad90-008854ebe813,CONTROL,5409549,74706.m4a
74708,adced0c9-3870-4de4-ad90-008854ebe813,CONTROL,5404394,74708.m4a
74710,8f474fc3-b0b9-4cde-bf9e-c0a006228e9a,CONTROL,5400981,74710.m4a
74720,ed769405-41a3-435e-8e55-b1b832dee532,CONTROL,5405381,74720.m4a
74726,ed769405-41a3-435e-8e55-b1b832dee532,CONTROL,5390543,74726.m4a
74728,bc1be0db-4daf-4dab-9a3f-1ad3d7beb691,CONTROL,5405177,74728.m4a
74745,a27c5091-cc06-4073-8404-dd37c9058670,PD,5533888,74745.m4a
74758,98fe8fe8-b3fe-48c3-ad9a-554884f5af8d,CONTROL,5485618,74758.m4a
74759,98fe8fe8-b3fe-48c3-ad9a-554884f5af8d,CONTROL,5551186,74759.m4a
74761,c61c0b78-7278-4651-8fa2-7c1429ea804c,PD,5557472,74761.m4a
74762,acc57679-30f9-4cb4-9b7f-1167f43561c7,CONTROL,5517517,74762.m4a
74763,112647be-a82d-4a91-aac0-7e0009c89f31,PD,5543701,74763.m4a
74766,723ee553-c36e-48b2-9b57-43cbb0098367,CONTROL,5475714,74766.m4a
74771,4ee5d7ed-869e-45fe-acf9-73f464058c9b,CONTROL,5561129,74771.m4a
74776,723ee553-c36e-48b2-9b57-43cbb0098367,CONTROL,5413133,74776.m4a
74784,267f1170-a19b-4fb3-97e3-0fce833b021d,CONTROL,5481107,74784.m4a
74786,c72e501f-5e39-4042-88d6-b2957d1b0b41,CONTROL,5451203,74786.m4a
74790,d660a83c-6ffb-41df-8d37-46daefc14d27,CONTROL,5545094,74790.m4a
74791,7108930a-4c27-4940-8bdc-bb693e9b050b,CONTROL,5497941,74791.m4a
74794,7108930a-4c27-4940-8bdc-bb693e9b050b,CONTROL,5425533,74794.m4a
74797,759f1c14-f57b-4463-9e37-5551d8ef603d,CONTROL,5519849,74797.m4a
74798,3f1d98b1-4599-41fa-95d6-066f85ade1c4,CONTROL,5512997,74798.m4a
74801,3f1d98b1-4599-41fa-95d6-066f85ade1c4,CONTROL,5448086,74801.m4a
74807,10fd6e9f-f7af-4f60-aea5-5c4d6bb2f978,CONTROL,5539062,74807.m4a
74809,92b2c193-ce06-44f3-ae6d-9daa5492b04d,CONTROL,5551908,74809.m4a
74811,92b2c193-ce06-44f3-ae6d-9daa5492b04d,CONTROL,5563316,74811.m4a
74813,27b71273-808a-402f-ad45-cf35d3f4b8f5,CONTROL,5558343,74813.m4a
74814,acc57679-30f9-4cb4-9b7f-1167f43561c7,CONTROL,5513131,74814.m4a
74815,98ccf39b-8479-4eff-9a31-83700ae2a9cf,CONTROL,5533700,74815.m4a
74819,d5280f73-816e-4d45-b2c0-4d9b655a3868,CONTROL,5474490,74819.m4a
74821,e6c131ff-38ab-4bcf-bb35-18fbea73ae0c,CONTROL,5414145,74821.m4a
74822,f9c1e02b-3391-41da-abc9-b5506fb2f55d,CONTROL,5451216,74822.m4a
74825,c049f3e8-ba02-4eb5-aa3d-38c881e1f3a3,CONTROL,5485919,74825.m4a
74827,962a985b-69bf-4a62-8715-88874fe44614,CONTROL,5501317,74827.m4a
74829,e6c131ff-38ab-4bcf-bb35-18fbea73ae0c,CONTROL,5551401,74829.m4a
74833,92f9fe64-4b41-4b71-924c-5d9059886d72,CONTROL,5468727,74833.m4a
74837,bdfaf4c7-26a1-440d-824d-cb7dd8afb667,CONTROL,5464755,74837.m4a
74838,962a985b-69bf-4a62-8715-88874fe44614,CONTROL,5444449,74838.m4a
74842,6324a8ee-87de-44d9-8d04-d311fed070bc,CONTROL,5489882,74842.m4a
74843,f34f4257-cbad-4adc-aa57-cbb0fcdf2c13,CONTROL,5485951,74843.m4a
74847,fe6234cd-0bfd-47cd-96ae-a55f1d31aab2,CONTROL,5478937,74847.m4a
74852,97249d05-6576-46ae-8ecd-0aeb32f18b49,CONTROL,5460018,74852.m4a
74860,d55784f6-d261-4d28-8a47-c0e39c4d8b41,PD,5557852,74860.m4a
74861,c7cdf9f7-0c93-4e13-a8fe-d4ad66404e25,PD,5433012,74861.m4a
74863,c7cdf9f7-0c93-4e13-a8fe-d4ad66404e25,PD,5547253,74863.m4a
74864,1c2d3825-7d88-4961-8b13-1966d9c34434,CONTROL,5565989,74864.m4a
74868,1c2d3825-7d88-4961-8b13-1966d9c34434,CONTROL,5504745,74868.m4a
74876,6c3850a9-b6cc-4c2c-a609-a7feb945e090,PD,5565002,74876.m4a
74881,6c3850a9-b6cc-4c2c-a609-a7feb945e090,PD,5475280,74881.m4a
74885,112647be-a82d-4a91-aac0-7e0009c89f31,PD,5544902,74885.m4a
74890,45413095-ad57-4954-bd80-81ba6b34da28,CONTROL,5525270,74890.m4a
74896,261376bc-5a1b-4d26-82dc-9ee0734a3226,CONTROL,5467039,74896.m4a
74900,fed48c4f-5ffa-4e6a-bfbd-bb08e3d7cad4,PD,5489747,74900.m4a
74901,8d49a490-98da-4272-8f83-2f1ecfe5d6b6,CONTROL,5458719,74901.m4a
74904,a41db21c-a684-4c30-aab7-692aa31a9297,CONTROL,5433406,74904.m4a
74907,747d3dbc-4890-4cd2-b8a1-601f982abee5,CONTROL,5424532,74907.m4a
74921,a48210ff-86cc-4615-8e97-955f446a6ff5,CONTROL,5535868,74921.m4a
74927,bdfaf4c7-26a1-440d-824d-cb7dd8afb667,CONTROL,5413008,74927.m4a
74928,bab8f9ee-559c-48e4-8c2b-c20d8dca489a,CONTROL,5454725,74928.m4a
74934,87ba4cd6-ad74-464a-8406-acd5128a39b9,CONTROL,5436904,74934.m4a
74935,87ba4cd6-ad74-464a-8406-acd5128a39b9,CONTROL,5484978,74935.m4a
74936,2ad43bf5-6f74-479d-8635-4c1c495b09d6,CONTROL,5560255,74936.m4a
74938,2ad43bf5-6f74-479d-8635-4c1c495b09d6,CONTROL,5445558,74938.m4a
74947,dd067f25-336a-47f3-9122-08c31a1c0afe,PD,5485751,74947.m4a
74948,36d2fd51-1b90-43fc-9076-19b1c5262b0f,PD,5522265,74948.m4a
74952,bc53f23e-bf00-402d-93ed-3030cc15b582,PD,5477040,74952.m4a
74955,a48210ff-86cc-4615-8e97-955f446a6ff5,CONTROL,5472035,74955.m4a
74959,f1c73cc2-bd2b-45eb-a692-62e2bca6fe0e,CONTROL,5481700,74959.m4a
74967,6f2cbd5a-f152-40ff-ae74-382b23aa561f,CONTROL,5454806,74967.m4a
74968,42c79f78-eb0c-4fef-9bbf-e4755158d2d0,CONTROL,5450009,74968.m4a
74969,42c79f78-eb0c-4fef-9bbf-e4755158d2d0,CONTROL,5484855,74969.m4a
74976,88e34406-7ca2-4490-8b54-b975850eedfc,PD,5514917,74976.m4a
74977,88e34406-7ca2-4490-8b54-b975850eedfc,PD,5519115,74977.m4a
74978,88e34406-7ca2-4490-8b54-b975850eedfc,PD,5423619,74978.m4a
74981,83c7de09-2ed3-409b-abdb-fc75750d10fe,PD,5476470,74981.m4a
74982,83c7de09-2ed3-409b-abdb-fc75750d10fe,PD,5537213,74982.m4a
74983,b04f0c22-a18c-4313-9fb9-5cda28930866,CONTROL,5442148,74983.m4a
74986,b04f0c22-a18c-4313-9fb9-5cda28930866,CONTROL,5460802,74986.m4a
74988,7626accd-861f-46f8-a213-da0cd64fe313,CONTROL,5571294,74988.m4a
74989,7626accd-861f-46f8-a213-da0cd64fe313,CONTROL,5475887,74989.m4a
74998,767a067f-10ae-49db-9efe-d2db66074e37,PD,5545202,74998.m4a
75000,767a067f-10ae-49db-9efe-d2db66074e37,PD,5569733,75000.m4a
75001,767a067f-10ae-49db-9efe-d2db66074e37,PD,5500666,75001.m4a
75004,02c7f33f-0dd9-41e1-adee-1d6f107c87a2,PD,5506980,75004.m4a
75005,d1858312-aeba-416d-b4c4-4ae13449b6a0,CONTROL,5469064,75005.m4a
75007,378ce32d-da69-4a9a-8a55-33ded7e5245c,PD,5438767,75007.m4a
75011,061c32e2-359e-4eb6-9795-24cd8bcccd6d,CONTROL,5471982,75011.m4a
75013,32953066-8cd4-4b87-a8f0-86f6edc4f9d8,PD,5415827,75013.m4a
75015,0e20f6bd-4ae6-4e94-bf17-5c9a4c4f8c14,CONTROL,5466796,75015.m4a
75017,e8bbbf39-3b34-4da9-96e2-d1a485c9f018,PD,5444512,75017.m4a
75020,ab0b71a9-ad46-47fd-b3ef-8b1b83412599,PD,5451243,75020.m4a
75021,3bdde942-e7b9-498b-bde9-6fad671385af,PD,5493097,75021.m4a
75024,378ce32d-da69-4a9a-8a55-33ded7e5245c,PD,5440086,75024.m4a
75025,cf2af5ef-93bf-434e-86bf-d3cc61698b07,CONTROL,5521694,75025.m4a
75026,378ce32d-da69-4a9a-8a55-33ded7e5245c,PD,5529392,75026.m4a
75029,4d6cff55-48f0-42fb-b370-e01215d04982,CONTROL,5499089,75029.m4a
75030,929e894b-4ebb-4598-bd9b-73f938534279,CONTROL,5413219,75030.m4a
75031,eba7ab61-4a14-4de3-b3cd-1833fdaa8d3b,CONTROL,5502334,75031.m4a
75033,929e894b-4ebb-4598-bd9b-73f938534279,CONTROL,5462042,75033.m4a
75035,4f055a5f-e130-4da8-b1d6-0a3d2879dd99,PD,5525055,75035.m4a
75036,ab0b71a9-ad46-47fd-b3ef-8b1b83412599,PD,5415457,75036.m4a
75038,eba7ab61-4a14-4de3-b3cd-1833fdaa8d3b,CONTROL,5548747,75038.m4a
75040,ab0b71a9-ad46-47fd-b3ef-8b1b83412599,PD,5422769,75040.m4a
75054,030fe814-de84-4fb5-8df6-84dd6e7cc7dc,PD,5430937,75054.m4a
75055,030fe814-de84-4fb5-8df6-84dd6e7cc7dc,PD,5480004,75055.m4a
75056,c499a6b7-a5b4-4c92-ad5c-905ca29a14d8,PD,5434585,75056.m4a
75058,4af88fc9-aa5f-400b-a8b3-e2989bfc70cc,PD,5465532,75058.m4a
75059,a631a4d3-6b21-46ea-864a-2212f9aaf6a0,PD,5490038,75059.m4a
75060,cda668bd-c866-4408-b3f8-3ec495eff200,CONTROL,5479496,75060.m4a
75061,cda668bd-c866-4408-b3f8-3ec495eff200,CONTROL,5416045,75061.m4a
75062,7fe27822-f383-4895-bc48-ec23e8acfdee,CONTROL,5564108,75062.m4a
75066,47d3ef30-9526-407a-850d-04689f4da169,CONTROL,5523243,75066.m4a
75071,39c9956a-c1ac-4e12-8748-3141b96cc588,CONTROL,5430719,75071.m4a
75072,2fcecf88-8fed-4aa9-9548-d618377b8a2e,PD,5488754,75072.m4a
75073,1492d39b-c17a-4444-a335-d843779e50e4,CONTROL,5533868,75073.m4a
75075,fdb35bb1-f26b-48c8-bac0-d2003925bdf0,CONTROL,5432972,75075.m4a
75076,796077a0-c6ea-4e6a-a68f-40bd7119de0e,CONTROL,5539745,75076.m4a
75079,796077a0-c6ea-4e6a-a68f-40bd7119de0e,CONTROL,5505192,75079.m4a
75086,a171e018-48d2-4d6e-b65e-ce263a5b992f,CONTROL,5463197,75086.m4a
75087,d3001bfb-e821-4614-9dca-ab8900395374,CONTROL,5506871,75087.m4a
75090,c0306265-b79c-4be0-a762-f10d492919a6,CONTROL,5571572,75090.m4a
75094,1db1ed03-b5ea-48ba-a5a6-54936d19639e,PD,5461533,75094.m4a
75096,c0306265-b79c-4be0-a762-f10d492919a6,CONTROL,5519873,75096.m4a
75098,6391f1c1-c78d-435e-86d1-b1e8073ee853,CONTROL,5516362,75098.m4a
75101,735bbad5-4388-48de-8ff6-50116ffb4524,CONTROL,5459406,75101.m4a
75102,a171e018-48d2-4d6e-b65e-ce263a5b992f,CONTROL,5482332,75102.m4a
75103,6391f1c1-c78d-435e-86d1-b1e8073ee853,CONTROL,5423628,75103.m4a
75112,0d647d03-2697-4dfa-81fa-d8f015a280d1,CONTROL,5560404,75112.m4a
75113,bfc6a0de-b8d7-4b3c-b903-2acc04175df5,CONTROL,5498586,75113.m4a
75115,0c4c65a7-1076-478f-b07b-e88dc4d8a880,PD,5456739,75115.m4a
75116,168948fc-d25f-4a09-8024-d5578021eac4,CONTROL,5471934,75116.m4a
75117,24d73b6b-eb85-49a4-9ac0-70a2dfbb8b1d,CONTROL,5509106,75117.m4a
75119,24d73b6b-eb85-49a4-9ac0-70a2dfbb8b1d,CONTROL,5480018,75119.m4a
75121,01b21550-2c5d-4b37-8a95-8d949beaf22e,CONTROL,5550980,75121.m4a
75124,9f2026f5-83cd-425d-81b2-e587ddaed686,CONTROL,5489271,75124.m4a
75134,02a0692d-94da-49c7-a6cb-668076e185ba,CONTROL,5568112,75134.m4a
75141,a5a8e48d-9fc7-42eb-a6b0-a510d4f19759,PD,5446771,75141.m4a
75142,02a0692d-94da-49c7-a6cb-668076e185ba,CONTROL,5419713,75142.m4a
75147,d2ab9fc9-ecfb-4097-a671-9b2dc4c25016,CONTROL,5412972,75147.m4a
75148,138160de-f3d7-4a85-8f99-b39f4c2b1908,PD,5444552,75148.m4a
75149,d2ab9fc9-ecfb-4097-a671-9b2dc4c25016,CONTROL,5472605,75149.m4a
75154,38b93a94-a72a-4892-806a-4de285c8b23a,CONTROL,5464379,75154.m4a
75155,61ebd486-3ce1-48f4-a31b-2993d7793832,PD,5528094,75155.m4a
75156,9de0b715-f3ef-4f19-99e7-8b8620522d77,CONTROL,5454384,75156.m4a
75159,9de0b715-f3ef-4f19-99e7-8b8620522d77,CONTROL,5472915,75159.m4a
75161,9f57ed84-55ee-4475-b82f-2bd3fda58465,PD,5480276,75161.m4a
75168,77b7c422-bd8d-4e8d-89e6-27fd515e246e,PD,5498569,75168.m4a
75169,974df5d8-121c-4287-89f6-c51ae822ebfa,CONTROL,5554333,75169.m4a
75173,9f57ed84-55ee-4475-b82f-2bd3fda58465,PD,5465170,75173.m4a
75175,549f525a-631a-4693-bea2-0bea40878371,CONTROL,5534737,75175.m4a
75183,45754b32-acf4-4fae-94ea-7f949f74a28a,CONTROL,5439086,75183.m4a
75185,4b7f4e79-8579-4f85-8a08-4b6c3ab4a44b,CONTROL,5571245,75185.m4a
75186,0d17e3b4-aa93-428d-b0b8-c4526cb34003,CONTROL,5542138,75186.m4a
75187,67309892-9752-43e3-9651-e971bc9ced37,CONTROL,5508089,75187.m4a
75189,45754b32-acf4-4fae-94ea-7f949f74a28a,CONTROL,5496163,75189.m4a
75201,3cc0721a-0baf-4b06-b3e9-2e367a07ad92,CONTROL,5562479,75201.m4a
75202,2b8f0f06-b5e2-4da4-978b-0f17f6b246fd,PD,5567283,75202.m4a
75203,3d476714-4de5-4cd4-b614-405397f88c65,PD,5446336,75203.m4a
75204,f6879ad6-79b8-498f-aacf-29ffd631d3da,CONTROL,5491145,75204.m4a
75205,3d476714-4de5-4cd4-b614-405397f88c65,PD,5426556,75205.m4a
75214,965d3dc1-f773-4e5e-ad7d-9c351144f217,CONTROL,5423502,75214.m4a
75219,965d3dc1-f773-4e5e-ad7d-9c351144f217,CONTROL,5543233,75219.m4a
75223,44292225-8a21-4955-8022-c6935506100a,CONTROL,5465295,75223.m4a
75231,47243e54-7988-451d-97c4-1223bfdec1de,CONTROL,5450583,75231.m4a
75233,47243e54-7988-451d-97c4-1223bfdec1de,CONTROL,5552879,75233.m4a
75234,ee7b1e54-3b86-498f-9df7-cddc0359f0d1,PD,5419105,75234.m4a
75237,05f94534-bc26-4c93-a1ed-908034559a82,CONTROL,5427285,75237.m4a
75240,a156a42c-dfcc-47b4-ba58-49e749fb9068,CONTROL,5542554,75240.m4a
75243,05f94534-bc26-4c93-a1ed-908034559a82,CONTROL,5458853,75243.m4a
75251,382f867a-8912-473d-940f-1ad3aadf3979,CONTROL,5429100,75251.m4a
75254,c394d7fb-e3b1-4b38-8194-50bb13098367,CONTROL,5494030,75254.m4a
75256,f2b786b8-1c61-444c-ac9c-8cd29f5ac50b,CONTROL,5473360,75256.m4a
75257,a62deb34-3da1-4b4d-b2ff-4e3e5f92c0de,CONTROL,5468845,75257.m4a
75259,f2b786b8-1c61-444c-ac9c-8cd29f5ac50b,CONTROL,5651965,75259.m4a
75266,a62deb34-3da1-4b4d-b2ff-4e3e5f92c0de,CONTROL,5413629,75266.m4a
75277,66afb755-c9d5-4cd7-84a5-e53b3b3544e3,CONTROL,5454762,75277.m4a
75280,68adbfcd-380e-4433-a444-47205d4fd6c0,CONTROL,5453231,75280.m4a
75281,c68f3f37-9e16-4f47-b641-b2acbaf18430,CONTROL,5564153,75281.m4a
75283,68adbfcd-380e-4433-a444-47205d4fd6c0,CONTROL,5446203,75283.m4a
75284,d2d5b5d9-f2a1-4d28-933f-00fb7329bca8,CONTROL,5551356,75284.m4a
75285,c68f3f37-9e16-4f47-b641-b2acbaf18430,CONTROL,5570379,75285.m4a
75286,d2d5b5d9-f2a1-4d28-933f-00fb7329bca8,CONTROL,5508612,75286.m4a
75289,925e8166-6d62-42f6-abb7-dfa7f0459786,PD,5541758,75289.m4a
75292,17290204-8d8b-417b-959d-919c69ff3a01,PD,5536945,75292.m4a
75295,17290204-8d8b-417b-959d-919c69ff3a01,PD,5517735,75295.m4a
75296,49352ce6-8194-4476-aff7-ca68c61108bc,CONTROL,5416583,75296.m4a
75297,17290204-8d8b-417b-959d-919c69ff3a01,PD,5467744,75297.m4a
75301,7905632a-2798-4790-b7cb-bef62ff84d32,CONTROL,5564936,75301.m4a
75302,7905632a-2798-4790-b7cb-bef62ff84d32,CONTROL,5469303,75302.m4a
75303,ae73aa0e-955d-45dc-bc28-3459eeae902e,CONTROL,5541149,75303.m4a
75310,63c50583-8b64-482d-960d-93a8ec34883f,CONTROL,5517680,75310.m4a
75311,085d3a29-27eb-4aea-916f-723989b56763,PD,5562090,75311.m4a
75314,ef66575a-9df3-4d53-adcf-76704494b987,CONTROL,5558700,75314.m4a
75315,fc956a72-bd22-40bc-b6da-bf2e54caf0a0,PD,5434050,75315.m4a
75318,0c4c65a7-1076-478f-b07b-e88dc4d8a880,PD,5414896,75318.m4a
75320,11d2db10-7ee9-43e9-8d44-b49f45937cb7,PD,5565354,75320.m4a
75321,0c4c65a7-1076-478f-b07b-e88dc4d8a880,PD,5510122,75321.m4a
75323,573bcf1f-b2fc-4d6a-8bc0-300f744d3150,CONTROL,5533353,75323.m4a
75324,bf73f041-de4c-4af8-a520-8fc64993d954,CONTROL,5493336,75324.m4a
75325,573bcf1f-b2fc-4d6a-8bc0-300f744d3150,CONTROL,5429094,75325.m4a
75328,bf73f041-de4c-4af8-a520-8fc64993d954,CONTROL,5493042,75328.m4a
75337,ef66575a-9df3-4d53-adcf-76704494b987,CONTROL,5544581,75337.m4a
75342,c5ec6da6-84c2-4a02-96e1-7223629c6a66,PD,5512303,75342.m4a
75344,ce20aa57-4257-4e82-85df-2204573f2ba2,PD,5425146,75344.m4a
75346,ce20aa57-4257-4e82-85df-2204573f2ba2,PD,5516353,75346.m4a
75347,8be98959-173f-4b12-b0b7-979ccb740362,CONTROL,5515086,75347.m4a
75351,ce20aa57-4257-4e82-85df-2204573f2ba2,PD,5470362,75351.m4a
75357,a631a4d3-6b21-46ea-864a-2212f9aaf6a0,PD,5439985,75357.m4a
75359,6f9b11e4-b75e-4a37-bf1a-eb7dcbf97a83,CONTROL,5481123,75359.m4a
75360,6f9b11e4-b75e-4a37-bf1a-eb7dcbf97a83,CONTROL,5521253,75360.m4a
75363,6c3850a9-b6cc-4c2c-a609-a7feb945e090,PD,5487437,75363.m4a
75366,87cc844e-a3a2-47fb-b190-8be47b9ac6a5,PD,5504366,75366.m4a
75368,416a984c-4a94-452b-93be-499c1ac374d6,PD,5449214,75368.m4a
75370,58bc63f4-1cff-46d6-82b7-ceb1d1c724ef,PD,5477922,75370.m4a
75377,cd293dc2-c4fd-4ee3-bb17-6043b58d62b4,CONTROL,5513435,75377.m4a
75378,edf2e8c7-b7e2-4fc1-b4e4-d2f28f4922bc,CONTROL,5421502,75378.m4a
75382,edf2e8c7-b7e2-4fc1-b4e4-d2f28f4922bc,CONTROL,5462009,75382.m4a
75383,fd228a13-1902-4b6e-b522-7342e7842607,PD,5430972,75383.m4a
75387,22922066-e2c3-4d8a-b528-71dbf5eb8ca9,CONTROL,5565911,75387.m4a
75388,fd228a13-1902-4b6e-b522-7342e7842607,PD,5544921,75388.m4a
75390,b39fd37b-919d-44c6-9be5-862749169046,CONTROL,5415610,75390.m4a
75392,22922066-e2c3-4d8a-b528-71dbf5eb8ca9,CONTROL,5534694,75392.m4a
75393,5f5479ce-c7a4-454e-9a43-23348b215422,CONTROL,5544673,75393.m4a
75395,b39fd37b-919d-44c6-9be5-862749169046,CONTROL,5556015,75395.m4a
75396,dee56671-0248-4091-bb41-e0051393eb48,CONTROL,5509456,75396.m4a
75397,5f5479ce-c7a4-454e-9a43-23348b215422,CONTROL,5512357,75397.m4a
75398,dee56671-0248-4091-bb41-e0051393eb48,CONTROL,5453730,75398.m4a
75399,6082938b-6037-41a1-8864-b0791f127834,CONTROL,5558028,75399.m4a
75400,d57788e5-c85a-467d-8d29-cb385834cefc,CONTROL,5501996,75400.m4a
75403,6082938b-6037-41a1-8864-b0791f127834,CONTROL,5489899,75403.m4a
75404,9fbaff6e-dfed-413a-a6f2-1aead3c22d09,CONTROL,5554135,75404.m4a
75405,9fbaff6e-dfed-413a-a6f2-1aead3c22d09,CONTROL,5565188,75405.m4a
75407,07c49def-b38f-46b1-945b-070f81f08aec,CONTROL,5561717,75407.m4a
75408,07c49def-b38f-46b1-945b-070f81f08aec,CONTROL,5439351,75408.m4a
75411,7fc722a6-065a-4d0b-a698-9b980360d2c3,CONTROL,5446877,75411.m4a
75413,25bb658a-bf9d-4a47-9cc0-0d013d70e279,CONTROL,5455395,75413.m4a
75414,f18a80b0-aea3-4e3d-bf80-8f438614834c,CONTROL,5442897,75414.m4a
75417,25bb658a-bf9d-4a47-9cc0-0d013d70e279,CONTROL,5428408,75417.m4a
75422,b9150e23-66e4-41b9-bf8b-1600e33777c2,CONTROL,5437543,75422.m4a
75423,c1e900ca-cfe6-4873-9212-0b49b9797e7b,CONTROL,5536250,75423.m4a
75427,c1e900ca-cfe6-4873-9212-0b49b9797e7b,CONTROL,5527151,75427.m4a
75429,b9150e23-66e4-41b9-bf8b-1600e33777c2,CONTROL,5427613,75429.m4a
75431,1015eb1d-793f-44b2-97d4-298c308773e5,CONTROL,5436899,75431.m4a
75432,1015eb1d-793f-44b2-97d4-298c308773e5,CONTROL,5421262,75432.m4a
75433,edfab0c7-6bd1-424e-b459-6417c5a726fe,PD,5416338,75433.m4a
75435,a310b311-8cec-4081-9d83-bf9286e6de1d,CONTROL,5429226,75435.m4a
75436,3d8f986d-676f-4ed8-aaef-b52a609cb429,CONTROL,5511910,75436.m4a
75442,e117ea9c-0ec1-4c12-8649-deb985fc3748,CONTROL,5544021,75442.m4a
75443,81f676e7-0e16-4a36-832f-acba0eb230c0,CONTROL,5492224,75443.m4a
75444,1e0888df-7059-4fab-9dd7-b0b6616442e6,PD,5513998,75444.m4a
75445,1af57709-6703-4537-855b-6d3f8397cf86,CONTROL,5444972,75445.m4a
75446,ca7b6b6a-2ca1-4663-9743-67b4704bf085,CONTROL,5538031,75446.m4a
75447,1e0888df-7059-4fab-9dd7-b0b6616442e6,PD,5551937,75447.m4a
75448,ca7b6b6a-2ca1-4663-9743-67b4704bf085,CONTROL,5562574,75448.m4a
75449,a2c3e2c2-848b-4219-9f33-df1969396661,CONTROL,5555689,75449.m4a
75450,1e0888df-7059-4fab-9dd7-b0b6616442e6,PD,5564495,75450.m4a
75451,1af57709-6703-4537-855b-6d3f8397cf86,CONTROL,5532857,75451.m4a
75455,134bb3f4-8cd7-42b6-ae6e-6dafbafa77dd,PD,5495194,75455.m4a
75456,f18a80b0-aea3-4e3d-bf80-8f438614834c,CONTROL,5528751,75456.m4a
75457,134bb3f4-8cd7-42b6-ae6e-6dafbafa77dd,PD,5526321,75457.m4a
75460,81f676e7-0e16-4a36-832f-acba0eb230c0,CONTROL,5494661,75460.m4a
75461,134bb3f4-8cd7-42b6-ae6e-6dafbafa77dd,PD,5533120,75461.m4a
75464,87c34dad-0853-4222-9cea-1df331d73a0f,CONTROL,5452495,75464.m4a
75466,75eb6714-111b-434e-bb91-c9b534919d80,CONTROL,5420660,75466.m4a
75467,7b003b3d-3a49-4bc1-a612-311a5c9a72be,CONTROL,5510320,75467.m4a
75469,4ced5f40-b81b-497d-bc85-82a66ecdac4b,CONTROL,5459344,75469.m4a
75474,c8e74e3d-9e98-474d-9916-49adb9ad9033,PD,5549212,75474.m4a
75476,c8e74e3d-9e98-474d-9916-49adb9ad9033,PD,5508461,75476.m4a
75482,2257e233-5815-4211-b0f2-7f135d1604b0,PD,5562009,75482.m4a
75490,cc7862e7-8f18-44c5-b80d-84928a773dfa,CONTROL,5562123,75490.m4a
75491,cc7862e7-8f18-44c5-b80d-84928a773dfa,CONTROL,5487978,75491.m4a
75494,afb9bbda-d587-49bb-b281-074495e3dc1a,CONTROL,5507848,75494.m4a
75498,edd4691e-1257-48ff-b614-707c2da3bbfe,PD,5474586,75498.m4a
75502,735bbad5-4388-48de-8ff6-50116ffb4524,CONTROL,5505852,75502.m4a
75503,82ad9912-4ba9-4c3e-a054-65e5bbce3828,CONTROL,5420112,75503.m4a
75504,dd9b1e17-2b68-49ec-8708-3954e3ef2ee2,CONTROL,5475433,75504.m4a
75508,edfab0c7-6bd1-424e-b459-6417c5a726fe,PD,5450886,75508.m4a
75510,cddf8d7c-bd2b-4f6d-8b2f-5be21e36fbda,PD,5421840,75510.m4a
75511,93f5051f-d649-43e7-a123-bb0388647e78,CONTROL,5524480,75511.m4a
75514,cddf8d7c-bd2b-4f6d-8b2f-5be21e36fbda,PD,5574352,75514.m4a
75516,ce65ba0d-39d2-43fc-883d-45ded6184963,CONTROL,5435295,75516.m4a
75520,2c62b194-f0e3-4072-a695-cdbcc96c69be,CONTROL,5429648,75520.m4a
75522,ce65ba0d-39d2-43fc-883d-45ded6184963,CONTROL,5477629,75522.m4a
75527,dca22a25-9b8f-4868-a290-9b9f4bb6a242,CONTROL,5520709,75527.m4a
75529,db93ae75-b4fe-4210-b766-e1e7edf1518d,PD,5518043,75529.m4a
75530,db93ae75-b4fe-4210-b766-e1e7edf1518d,PD,5571938,75530.m4a
75531,11f9a95d-81de-454a-a989-678e7ef235d3,CONTROL,5559887,75531.m4a
75533,b7754b67-2745-4b2f-ae24-dfab1ba4387d,CONTROL,5433559,75533.m4a
75536,cddf8d7c-bd2b-4f6d-8b2f-5be21e36fbda,PD,5549389,75536.m4a
75537,b7754b67-2745-4b2f-ae24-dfab1ba4387d,CONTROL,5547847,75537.m4a
75542,7d08beca-658a-4460-b85a-f5597aa2896e,CONTROL,5504192,75542.m4a
75544,0d182f3f-1f10-4a3f-9a77-993bd96d8c4d,CONTROL,5476864,75544.m4a
75552,0da99328-71be-4d6a-862e-ac58f58b90be,CONTROL,5537970,75552.m4a
75553,a43aa5cc-4264-41ee-a3de-f0901114378c,PD,5522207,75553.m4a
75554,2f13db04-cf25-4da0-bd74-b800fd2db022,PD,5537762,75554.m4a
75555,7f540a1d-2574-4057-a006-43055261bd6b,CONTROL,5431104,75555.m4a
75558,387bd1c4-90df-48fa-8b8b-da2df2cfddde,PD,5472011,75558.m4a
75565,4bd8b493-1398-4892-916a-9fccd94d477b,PD,5508394,75565.m4a
75568,c2d50300-7ee3-46ab-91ab-91979a4a7b0d,PD,5494475,75568.m4a
75571,ffffd90f-156f-4bcc-afe3-75e0531ed713,CONTROL,5542691,75571.m4a
75573,ffffd90f-156f-4bcc-afe3-75e0531ed713,CONTROL,5570752,75573.m4a
75574,7f540a1d-2574-4057-a006-43055261bd6b,CONTROL,5504650,75574.m4a
75580,ac954b14-2675-4682-972c-49e293613243,CONTROL,5428176,75580.m4a
75581,8b8b79bd-187d-4b58-80ae-d7fc8b7cb945,CONTROL,5413308,75581.m4a
75593,a43aa5cc-4264-41ee-a3de-f0901114378c,PD,5550894,75593.m4a
75594,f1d3b509-4e56-4edb-b4cd-7a8068625cd9,CONTROL,5451838,75594.m4a
75596,a43aa5cc-4264-41ee-a3de-f0901114378c,PD,5419765,75596.m4a
75601,2d80b39e-b29e-4ddf-bd36-d5c4196fb063,CONTROL,5520069,75601.m4a
75602,00e38142-198d-49bc-b902-fd39761cac93,CONTROL,5417285,75602.m4a
75603,54ac74c6-a1b2-4366-9118-3aff7a22667b,CONTROL,5530936,75603.m4a
75609,261dd050-4f8e-4582-889e-ff7081706d9e,CONTROL,5526558,75609.m4a
75611,78b16399-47b9-435b-bfa8-d460094161a4,PD,5414900,75611.m4a
75614,597ac812-4cb8-4524-a813-831ad41be494,CONTROL,5481890,75614.m4a
75615,78b16399-47b9-435b-bfa8-d460094161a4,PD,5427814,75615.m4a
75617,78b16399-47b9-435b-bfa8-d460094161a4,PD,5669222,75617.m4a
75619,b5ed093c-301d-41ec-8cbb-c71ad77c3bd3,CONTROL,5467255,75619.m4a
75621,b5ed093c-301d-41ec-8cbb-c71ad77c3bd3,CONTROL,5491460,75621.m4a
75623,00e38142-198d-49bc-b902-fd39761cac93,CONTROL,5456935,75623.m4a
75625,b8a9d62f-cdec-4cee-9cfb-5572f8db2ff9,PD,5492339,75625.m4a
75626,6f169765-e151-4214-a3de-0c9ed13380cc,CONTROL,5544172,75626.m4a
75631,b80cc3ea-0d6c-403a-b9e3-98f1c8a4824f,PD,5486319,75631.m4a
75636,1bb4fa98-e1cc-453e-9aa7-13fc1c0bfd52,CONTROL,5534810,75636.m4a
75638,1bb4fa98-e1cc-453e-9aa7-13fc1c0bfd52,CONTROL,5569287,75638.m4a
75641,b80cc3ea-0d6c-403a-b9e3-98f1c8a4824f,PD,5536307,75641.m4a
75643,b80cc3ea-0d6c-403a-b9e3-98f1c8a4824f,PD,5464691,75643.m4a
75644,fc491ad4-4c70-4a22-9e3d-cf47d5509c01,CONTROL,5534389,75644.m4a
75645,fc491ad4-4c70-4a22-9e3d-cf47d5509c01,CONTROL,5415315,75645.m4a
75646,0190aa9c-2840-4445-bec6-6f469285e72f,CONTROL,5459554,75646.m4a
75647,597ac812-4cb8-4524-a813-831ad41be494,CONTROL,5529125,75647.m4a
75650,c8e74e3d-9e98-474d-9916-49adb9ad9033,PD,5500981,75650.m4a
75653,2f957925-435f-4eb6-ac34-053b6823a8c8,CONTROL,5482868,75653.m4a
75655,0190aa9c-2840-4445-bec6-6f469285e72f,CONTROL,5531464,75655.m4a
75656,2f957925-435f-4eb6-ac34-053b6823a8c8,CONTROL,5567893,75656.m4a
75658,273fbe56-c785-4a37-a0b2-6efe1fd4ecae,CONTROL,5481771,75658.m4a
75662,9f2026f5-83cd-425d-81b2-e587ddaed686,CONTROL,5538504,75662.m4a
75669,fb58df40-face-4aef-98eb-ca727dab3464,PD,5573229,75669.m4a
75670,1674dd81-f945-4857-8f0d-71f8f61127b1,PD,5546149,75670.m4a
75673,b34f236e-fd4c-4b5b-9376-0ab36d1d72da,CONTROL,5425711,75673.m4a
75679,1376ca30-9d34-4cba-a06e-05fa9ee5842c,PD,5445196,75679.m4a
75682,d848ade0-4f98-4369-9e62-ef7e92f03edb,CONTROL,5414466,75682.m4a
75687,e0e5b57b-5ea4-4d57-ac51-acef6d838ec2,CONTROL,5520392,75687.m4a
75688,e0e5b57b-5ea4-4d57-ac51-acef6d838ec2,CONTROL,5421312,75688.m4a
75690,b481701f-848c-4769-93be-833c8e30e79f,CONTROL,5564065,75690.m4a
75697,cb5d179c-17b8-4b17-94cd-005e326d4bd5,CONTROL,5430132,75697.m4a
75699,cb5d179c-17b8-4b17-94cd-005e326d4bd5,CONTROL,5451093,75699.m4a
75702,3314c4cb-fcb1-4635-8fa1-3e73448e3974,PD,5569344,75702.m4a
75703,3b5de131-3675-450f-9b29-3d1c68a88abc,CONTROL,5498609,75703.m4a
75705,bf83d382-714f-411c-a6d1-8aa2bbec3c78,CONTROL,5421044,75705.m4a
75710,e8383fa2-f87d-4fdf-bd0d-4b8c62662ecd,CONTROL,5431875,75710.m4a
75718,48b3240e-3203-4b5f-b473-33f829281074,CONTROL,5417291,75718.m4a
75729,addd6d64-4cd8-4d09-af13-1aeed34a6619,CONTROL,5517569,75729.m4a
75730,addd6d64-4cd8-4d09-af13-1aeed34a6619,CONTROL,5528583,75730.m4a
75732,e5bd5c71-bc5f-46f5-9f9f-a390f70c50c0,CONTROL,5421172,75732.m4a
75733,768afa0d-ac05-43ba-be97-6d7adb5a0864,CONTROL,5522892,75733.m4a
75734,d57788e5-c85a-467d-8d29-cb385834cefc,CONTROL,5563584,75734.m4a
75735,d1b7bf67-b21e-45a2-a926-bfcd0baa6811,CONTROL,5414586,75735.m4a
75737,d1b7bf67-b21e-45a2-a926-bfcd0baa6811,CONTROL,5557605,75737.m4a
75747,40a139ac-5883-48e8-8dd5-b47e584196b8,CONTROL,5537276,75747.m4a
75750,b956f22c-b119-4215-98be-68a6a47321dc,CONTROL,5437874,75750.m4a
75752,48215aa3-9a5e-40c6-88f8-9396d7e5825e,CONTROL,5447472,75752.m4a
75753,48215aa3-9a5e-40c6-88f8-9396d7e5825e,CONTROL,5553811,75753.m4a
75756,1d5326ba-3f8c-4c80-9a03-f19875f800e8,CONTROL,5487135,75756.m4a
75759,1d5326ba-3f8c-4c80-9a03-f19875f800e8,CONTROL,5475116,75759.m4a
75760,36deedb0-a6dc-486f-8ab4-a83049b3d91b,CONTROL,5489378,75760.m4a
75762,36deedb0-a6dc-486f-8ab4-a83049b3d91b,CONTROL,5472886,75762.m4a
75768,e8383fa2-f87d-4fdf-bd0d-4b8c62662ecd,CONTROL,5499817,75768.m4a
75773,c6c9d080-a615-48f5-861c-b961ab95d706,CONTROL,5519611,75773.m4a
75781,7f66ea04-8273-489d-b32e-5764714bcc1b,CONTROL,5443806,75781.m4a
75783,f6baf290-d4bd-406b-ab96-b3a2a5dc24e9,CONTROL,5503701,75783.m4a
75784,f6baf290-d4bd-406b-ab96-b3a2a5dc24e9,CONTROL,5553802,75784.m4a
75791,7d08beca-658a-4460-b85a-f5597aa2896e,CONTROL,5569177,75791.m4a
75792,685e3773-5fb4-4d66-aa43-406929c29864,PD,5425712,75792.m4a
75793,94e0b22d-4965-44c0-908c-1bfc748c526e,CONTROL,5483703,75793.m4a
75794,9d44f27d-0a14-432c-923b-4000381d2880,CONTROL,5449215,75794.m4a
75797,d5b2e18c-5369-48b1-9e24-89ce623a36e9,CONTROL,5415643,75797.m4a
75799,c52568e5-916e-472a-9606-41ca7c0648e0,PD,5527908,75799.m4a
75802,78b70755-13ef-45fc-9f1f-e5f546a2d7ab,CONTROL,5421340,75802.m4a
75804,5d5cb233-4949-4500-855e-9030437ff856,CONTROL,5452180,75804.m4a
75807,ba8e704f-9c3c-4b3f-beec-593687fc0078,CONTROL,5563464,75807.m4a
75809,ba8e704f-9c3c-4b3f-beec-593687fc0078,CONTROL,5440594,75809.m4a
75813,ddb5d1cb-35fb-492a-93e3-77587199dd70,CONTROL,5497160,75813.m4a
75815,5d5cb233-4949-4500-855e-9030437ff856,CONTROL,5551816,75815.m4a
75816,89932542-255a-4ed8-b500-00cb66e29721,CONTROL,5413129,75816.m4a
75822,5c889982-ba5a-4e14-9d17-b084b823780c,CONTROL,5488182,75822.m4a
75823,89932542-255a-4ed8-b500-00cb66e29721,CONTROL,5510981,75823.m4a
75824,78d9cb0d-b9af-4b59-aa0f-9aaf0fad55aa,CONTROL,5444159,75824.m4a
75825,28b14b96-a7c5-4bcc-a60c-3b9a55e07def,CONTROL,5521665,75825.m4a
75830,f27cf98a-3688-44f2-8168-406764406c0b,CONTROL,5468877,75830.m4a
75831,28b14b96-a7c5-4bcc-a60c-3b9a55e07def,CONTROL,5483442,75831.m4a
75832,d5b2e18c-5369-48b1-9e24-89ce623a36e9,CONTROL,5544193,75832.m4a
75837,78d9cb0d-b9af-4b59-aa0f-9aaf0fad55aa,CONTROL,5511968,75837.m4a
75849,9c0103df-38e2-4739-aed1-e4c179868035,CONTROL,5554346,75849.m4a
75856,a7496c3c-90ef-45c7-9c61-c34bb0e939d0,CONTROL,5508492,75856.m4a
75860,edd4691e-1257-48ff-b614-707c2da3bbfe,PD,5527665,75860.m4a
75862,5a1ff75e-87f6-4617-886d-12c49dc11c8d,CONTROL,5499827,75862.m4a
75863,edd4691e-1257-48ff-b614-707c2da3bbfe,PD,5450318,75863.m4a
75866,5a1ff75e-87f6-4617-886d-12c49dc11c8d,CONTROL,5545261,75866.m4a
75867,a7496c3c-90ef-45c7-9c61-c34bb0e939d0,CONTROL,5515809,75867.m4a
75872,a9019c9c-4981-41fc-b9d4-ebad1818c239,PD,5554796,75872.m4a
75876,f66d5489-3e2a-4274-a3bc-49ff4b243a7e,CONTROL,5423110,75876.m4a
75878,35f43ae3-b1da-4e75-ae7e-a9ab4bda1f65,CONTROL,5444771,75878.m4a
75882,3b85d532-0056-498f-88ba-c0701329a0ad,PD,5526470,75882.m4a
75883,790f2a4a-abf3-4143-a863-9eebe0d162e1,PD,5522489,75883.m4a
75884,27733ef4-c57b-4332-a398-f2a18d6501bd,CONTROL,5440779,75884.m4a
75886,3b85d532-0056-498f-88ba-c0701329a0ad,PD,5501015,75886.m4a
75890,27733ef4-c57b-4332-a398-f2a18d6501bd,CONTROL,5520827,75890.m4a
75891,94de7c66-ef6e-4e7c-baae-c1c0da67cb2c,CONTROL,5415422,75891.m4a
75892,3b85d532-0056-498f-88ba-c0701329a0ad,PD,5552563,75892.m4a
75893,41c85833-e553-4507-a2a9-3c8e8ddaa091,CONTROL,5565329,75893.m4a
75897,41c85833-e553-4507-a2a9-3c8e8ddaa091,CONTROL,5478293,75897.m4a
75909,e25fc05b-7521-419d-90bf-b02af5ee473b,CONTROL,5467345,75909.m4a
75911,e25fc05b-7521-419d-90bf-b02af5ee473b,CONTROL,5542135,75911.m4a
75912,5004485e-db99-4784-b4be-f91eee813dc0,CONTROL,5468084,75912.m4a
75914,c91111a1-d53e-458a-a7b4-38439be95c56,CONTROL,5467315,75914.m4a
75925,d67f4daf-402c-4650-b0eb-762cd70cb1e9,CONTROL,5465473,75925.m4a
75926,28a5d0c1-ec22-4b5f-8706-518dbbd1fe0d,PD,5543684,75926.m4a
75927,d67f4daf-402c-4650-b0eb-762cd70cb1e9,CONTROL,5569267,75927.m4a
75932,f29fa214-e933-4880-8167-61fdf1e02c56,CONTROL,5563945,75932.m4a
75938,cac55322-1af9-45f1-b77a-b37f4f8d26f9,PD,5543261,75938.m4a
75939,16c47f91-088e-4163-b1e4-03a4e279beda,CONTROL,5471404,75939.m4a
75940,cac55322-1af9-45f1-b77a-b37f4f8d26f9,PD,5539221,75940.m4a
75951,78f5a034-6b2d-4539-a803-cc7aa6eacc6d,CONTROL,5472702,75951.m4a
75955,9dd03448-3e5a-4e0f-8bdc-60c25926bab3,CONTROL,5418106,75955.m4a
75956,9dd03448-3e5a-4e0f-8bdc-60c25926bab3,CONTROL,5427939,75956.m4a
75958,ff438399-38cf-4cc9-9216-db24bb325412,CONTROL,5526247,75958.m4a
75960,06297df1-478e-4174-af61-47921d594c4d,CONTROL,5473217,75960.m4a
75962,06297df1-478e-4174-af61-47921d594c4d,CONTROL,5532197,75962.m4a
75964,2d9a8277-1cbf-49a4-9c87-8e4aa1387d68,CONTROL,5462767,75964.m4a
75965,fbc794ae-e487-4531-8f2b-7c4d2f29d302,CONTROL,5571002,75965.m4a
75968,274644fe-5551-4faf-af2a-6dd1ebd8b594,CONTROL,5553267,75968.m4a
75971,33b5cf9d-37eb-4707-8c57-1f9f2b43e63e,PD,5536573,75971.m4a
75973,33b5cf9d-37eb-4707-8c57-1f9f2b43e63e,PD,5545405,75973.m4a
75981,22813cd9-3db9-4228-974c-42b5fd9fdba3,CONTROL,5532222,75981.m4a
75982,f9741526-19a5-484a-9d99-d2701c5cc5fd,CONTROL,5572341,75982.m4a
75985,03eba1ac-46ec-45a8-9321-2d5b80bf3a32,CONTROL,5515525,75985.m4a
75986,4a358616-8d16-4a71-9b97-53dca6905d31,CONTROL,5447546,75986.m4a
75990,2d9a8277-1cbf-49a4-9c87-8e4aa1387d68,CONTROL,5484068,75990.m4a
75992,3e3dab8f-87e1-42c8-a091-9202fb089a03,PD,5502001,75992.m4a
75993,22813cd9-3db9-4228-974c-42b5fd9fdba3,CONTROL,5457814,75993.m4a
75998,1427a0d9-bd9d-448b-92f8-42470ff60f04,CONTROL,5453335,75998.m4a
76001,1427a0d9-bd9d-448b-92f8-42470ff60f04,CONTROL,5510643,76001.m4a
76005,8da6f171-e7fd-4680-9f6e-b74106491589,CONTROL,5480539,76005.m4a
76006,54031d72-2961-47bb-b0e7-15f4887bbec7,CONTROL,5447328,76006.m4a
76010,e17404cc-ff09-48f4-bbd9-4167d6ce8900,CONTROL,5565879,76010.m4a
76011,e398ff7f-d674-4e7e-97da-5c2234543973,CONTROL,5466955,76011.m4a
76014,a526c0b2-a491-43a9-b0e4-77203f0a0533,CONTROL,5558074,76014.m4a
76015,a526c0b2-a491-43a9-b0e4-77203f0a0533,CONTROL,5533026,76015.m4a
76021,e17404cc-ff09-48f4-bbd9-4167d6ce8900,CONTROL,5510202,76021.m4a
76026,ded3e3d8-127f-4ca3-b399-7092abea5c73,CONTROL,5519349,76026.m4a
76027,000240d1-1110-4dd2-a2d0-e344c37efd68,CONTROL,5559342,76027.m4a
76028,c91111a1-d53e-458a-a7b4-38439be95c56,CONTROL,5426227,76028.m4a
76032,272c1017-e953-45bc-a50f-ca9b35ceaffd,CONTROL,5523915,76032.m4a
76033,ded3e3d8-127f-4ca3-b399-7092abea5c73,CONTROL,5473534,76033.m4a
76036,272c1017-e953-45bc-a50f-ca9b35ceaffd,CONTROL,5429985,76036.m4a
76039,621a9865-f339-4596-9b2c-6da1f5ba0ae6,CONTROL,5454724,76039.m4a
76043,7a837f11-98c5-422f-8b27-0653a6b6a47e,CONTROL,5462980,76043.m4a
76056,0f832bec-8379-4b03-a5d4-21ebc6dbc2ec,CONTROL,5542609,76056.m4a
76058,0f832bec-8379-4b03-a5d4-21ebc6dbc2ec,CONTROL,5465448,76058.m4a
76059,5b3152ef-0faa-4fd9-a9fa-0459debbc4c5,CONTROL,5438628,76059.m4a
76061,5b3152ef-0faa-4fd9-a9fa-0459debbc4c5,CONTROL,5523058,76061.m4a
76064,a631a4d3-6b21-46ea-864a-2212f9aaf6a0,PD,5986956,76064.m4a
76071,d618285b-f99c-4a15-8add-95582b58a9ba,CONTROL,5484573,76071.m4a
76072,531537dc-c4ad-4b46-9f9f-0b71ab38da42,CONTROL,5536758,76072.m4a
76078,04a4c37b-7529-4c28-9429-bd9bec975b80,CONTROL,5504356,76078.m4a
76079,5bac2b6a-dd9c-42f3-96d4-be7d798f3bec,CONTROL,5570716,76079.m4a
76084,203b55c5-5569-49fa-8fdf-fc47d2dde1fc,CONTROL,5501970,76084.m4a
76087,203b55c5-5569-49fa-8fdf-fc47d2dde1fc,CONTROL,5531413,76087.m4a
76088,32f542ec-25d9-4807-b473-7334ae0d9391,PD,5517206,76088.m4a
76090,5d25ca97-828e-4e58-87bf-9fd40c709923,CONTROL,5416460,76090.m4a
76091,5d25ca97-828e-4e58-87bf-9fd40c709923,CONTROL,5541203,76091.m4a
76093,b4fea8c3-1f44-4020-8ca2-46c478ce6c3b,CONTROL,5523199,76093.m4a
76094,32f542ec-25d9-4807-b473-7334ae0d9391,PD,5527030,76094.m4a
76097,d0ef3cdb-3939-407f-8969-059942c231da,CONTROL,5531012,76097.m4a
76098,387bd1c4-90df-48fa-8b8b-da2df2cfddde,PD,5536173,76098.m4a
76099,d0ef3cdb-3939-407f-8969-059942c231da,CONTROL,5472457,76099.m4a
76100,32f542ec-25d9-4807-b473-7334ae0d9391,PD,5473014,76100.m4a
76107,0dd799cd-7e04-4143-b81f-dc548038d3eb,CONTROL,5517597,76107.m4a
76108,0dd799cd-7e04-4143-b81f-dc548038d3eb,CONTROL,5549294,76108.m4a
76117,12ca0db3-ff0c-40ad-8bb7-691612323d15,CONTROL,5464210,76117.m4a
76119,12ca0db3-ff0c-40ad-8bb7-691612323d15,CONTROL,5489664,76119.m4a
76122,0f2e8a92-41a4-4ade-a575-5c65b84ca271,PD,5488836,76122.m4a
76131,30184822-7e97-4d6d-b82b-195187291e3d,PD,5526130,76131.m4a
76132,30184822-7e97-4d6d-b82b-195187291e3d,PD,5522793,76132.m4a
76133,b51aef03-8daf-4ff4-bd72-a22c65cd92bf,CONTROL,5527193,76133.m4a
76135,f4c73022-5272-4263-98d6-5674278f8748,CONTROL,5563227,76135.m4a
76139,02614b17-5f16-4326-8575-d599b7a8467d,CONTROL,5556309,76139.m4a
76141,030fe814-de84-4fb5-8df6-84dd6e7cc7dc,PD,5524796,76141.m4a
76142,52f94274-efc4-4055-9dc8-fe318a402750,CONTROL,5536974,76142.m4a
76144,52f94274-efc4-4055-9dc8-fe318a402750,CONTROL,5421205,76144.m4a
76146,762a1495-714b-42c8-9218-69ab22a5806f,CONTROL,5512944,76146.m4a
76147,25f90145-f3c6-4a51-b6a4-e6390385ba3a,CONTROL,5414379,76147.m4a
76149,02614b17-5f16-4326-8575-d599b7a8467d,CONTROL,5531172,76149.m4a
76151,5b4115a0-8bd8-46ca-9835-db4517e762b6,PD,5554039,76151.m4a
76155,2bf533c5-764d-477b-8b4b-c1a34d6f94ac,CONTROL,5556282,76155.m4a
76161,91fff742-8817-4a04-b37c-46a96162cfca,PD,5567216,76161.m4a
76165,91fff742-8817-4a04-b37c-46a96162cfca,PD,5413135,76165.m4a
76167,5b4115a0-8bd8-46ca-9835-db4517e762b6,PD,5423581,76167.m4a
76169,b5d300e5-4397-4f24-ab97-6ae76a3c956b,PD,5443402,76169.m4a
76172,8af46bf1-2594-4757-93c8-0d4cb21eef1e,CONTROL,5461999,76172.m4a
76187,01de0326-8f1c-4299-9307-76febd5a3161,CONTROL,5468422,76187.m4a
76192,5c64e983-eb9b-4ff8-b80f-4b908d9152ff,CONTROL,5427585,76192.m4a
76193,c48f6610-3404-4e48-8569-590b25e28cf6,CONTROL,5559546,76193.m4a
76195,5c64e983-eb9b-4ff8-b80f-4b908d9152ff,CONTROL,5553095,76195.m4a
76197,a21ceab1-96bd-401e-ba2f-a29c73017af6,CONTROL,5479509,76197.m4a
76200,382dd1a5-818f-4d90-9cf2-fe44daca7649,CONTROL,5447187,76200.m4a
76203,938c0833-478a-4a09-8ab0-85b0e54d36cb,CONTROL,5497337,76203.m4a
76207,938c0833-478a-4a09-8ab0-85b0e54d36cb,CONTROL,5458713,76207.m4a
76208,f51c479d-f03f-4e4f-90e9-7127cfe0882e,CONTROL,5522763,76208.m4a
76213,5a293230-d3ef-4650-b553-93568dfce7cd,CONTROL,5478309,76213.m4a
76215,a876a02d-af46-4fc1-a2bd-f76440a3ab4e,CONTROL,5509620,76215.m4a
76221,677ae08f-1468-471a-b37b-17b5a8f960b9,PD,5527505,76221.m4a
76223,55afa0e5-5c29-42eb-b414-78541f913f5c,CONTROL,5470590,76223.m4a
76235,25160e6e-1048-4201-8c46-9f9221689652,CONTROL,5492611,76235.m4a
76236,5227e39a-33b9-495a-90ac-b343a829603c,CONTROL,5561377,76236.m4a
76240,47d3ef30-9526-407a-850d-04689f4da169,CONTROL,5551383,76240.m4a
76242,d69a6014-5015-4add-bc80-9b8de07da66f,CONTROL,5521727,76242.m4a
76245,3c734d6d-f3ad-45fa-9d7b-b7d71c885858,CONTROL,5501480,76245.m4a
76250,a5ccda2c-b678-4542-98d2-9b3e0d5b6ea0,CONTROL,5446826,76250.m4a
76251,49730843-dcd2-4f97-b719-c84a73132c37,CONTROL,5437070,76251.m4a
76255,49730843-dcd2-4f97-b719-c84a73132c37,CONTROL,5452318,76255.m4a
76256,06dd40d6-1f10-471c-b336-6b7d580e79b2,CONTROL,5474228,76256.m4a
76257,bcc222c2-bf73-40a1-b8f6-2cc37b9b3c2a,CONTROL,5427240,76257.m4a
76260,a5ccda2c-b678-4542-98d2-9b3e0d5b6ea0,CONTROL,5413583,76260.m4a
76261,638ff105-37d6-4b09-b46c-4c8083701ebb,CONTROL,5416599,76261.m4a
76262,25160e6e-1048-4201-8c46-9f9221689652,CONTROL,5567160,76262.m4a
76263,638ff105-37d6-4b09-b46c-4c8083701ebb,CONTROL,5420201,76263.m4a
76266,974df5d8-121c-4287-89f6-c51ae822ebfa,CONTROL,5450718,76266.m4a
76268,2c62b194-f0e3-4072-a695-cdbcc96c69be,CONTROL,5530134,76268.m4a
76271,940a5e58-8269-4f2e-a4ac-3080f33f7c7e,CONTROL,5448969,76271.m4a
76272,cde001b7-c3f1-4b31-a2a1-049a1bc3f8f5,PD,5493928,76272.m4a
76273,940a5e58-8269-4f2e-a4ac-3080f33f7c7e,CONTROL,5558051,76273.m4a
76276,8bfd5491-d025-4c98-9adf-b22d8a0e513b,CONTROL,5548819,76276.m4a
76277,804efb75-78e5-41d0-bc1c-bf7d2ca31f3a,CONTROL,5512497,76277.m4a
76279,20c3c767-0c89-4235-99a5-e2816dfc3037,CONTROL,5535946,76279.m4a
76280,20c3c767-0c89-4235-99a5-e2816dfc3037,CONTROL,5568608,76280.m4a
76287,921384fa-b421-4344-b17e-8754c2b70f89,PD,5426535,76287.m4a
76289,ee440f78-9f6d-4a5a-829c-9677928586bc,CONTROL,5462314,76289.m4a
76290,c9ebc27a-3537-4a6a-9e0a-ef158df86dee,CONTROL,5424849,76290.m4a
76291,921384fa-b421-4344-b17e-8754c2b70f89,PD,5452357,76291.m4a
76293,c9ebc27a-3537-4a6a-9e0a-ef158df86dee,CONTROL,5569425,76293.m4a
76296,804efb75-78e5-41d0-bc1c-bf7d2ca31f3a,CONTROL,5546269,76296.m4a
76301,bc11d792-ee81-4d6a-80fc-7a6def4a9d35,PD,5461923,76301.m4a
76302,5fbc6c4c-5d1b-48db-8554-d9e2bb6bea5a,CONTROL,5473443,76302.m4a
76303,273fbe56-c785-4a37-a0b2-6efe1fd4ecae,CONTROL,5482073,76303.m4a
76306,ec275daf-781f-422f-970a-ddc19dfcbcc5,PD,5561646,76306.m4a
76310,7d0172c4-8b25-432c-927d-3c992552f687,CONTROL,5444630,76310.m4a
76315,7d0172c4-8b25-432c-927d-3c992552f687,CONTROL,5543319,76315.m4a
76321,513c825a-8b68-4e5f-ac44-376efbd3bf72,CONTROL,5485697,76321.m4a
76323,84cdec84-5148-47d3-822d-b829ef24d11f,PD,5553666,76323.m4a
76328,db343f89-37c9-49b3-b4c9-14cb2ae8f3cf,CONTROL,5501910,76328.m4a
76331,8a29eeec-bcb0-49cf-88dc-78ac1c793329,CONTROL,5484458,76331.m4a
76334,8a29eeec-bcb0-49cf-88dc-78ac1c793329,CONTROL,5420517,76334.m4a
76339,ebcd397b-e6eb-42d7-971d-19e98ececf01,CONTROL,5425428,76339.m4a
76342,214d0161-a5cb-4ddd-a285-c29a6a07fe3e,CONTROL,5494198,76342.m4a
76343,ebcd397b-e6eb-42d7-971d-19e98ececf01,CONTROL,5440631,76343.m4a
76346,db343f89-37c9-49b3-b4c9-14cb2ae8f3cf,CONTROL,5439781,76346.m4a
76350,32bfdc19-380f-4d54-bde1-4c78850c20ac,CONTROL,5529253,76350.m4a
76361,93b9492c-13bf-40be-93bb-e88778cedeec,PD,5505796,76361.m4a
76364,93b9492c-13bf-40be-93bb-e88778cedeec,PD,5513562,76364.m4a
76373,2a56117b-1b94-4ea1-ade7-e21533af0c4f,PD,5532451,76373.m4a
76375,e2d5bbbb-e1a8-47b2-8789-e12b23b6b244,CONTROL,5537784,76375.m4a
76382,5212e449-961e-4f57-8c25-130e177e9f78,CONTROL,5533874,76382.m4a
76383,5212e449-961e-4f57-8c25-130e177e9f78,CONTROL,5565222,76383.m4a
76390,abc4ada8-3882-4089-9e03-0a5d28e8445b,CONTROL,5425620,76390.m4a
76392,abc4ada8-3882-4089-9e03-0a5d28e8445b,CONTROL,5468428,76392.m4a
76395,10632ed3-5f75-4132-9810-33e6180628dc,PD,5541113,76395.m4a
76396,8d91f8be-955f-439f-8ed3-dae82f3a47f6,CONTROL,5425424,76396.m4a
76398,10632ed3-5f75-4132-9810-33e6180628dc,PD,5446867,76398.m4a
76403,58d4a192-7e7b-4aa0-8635-958ecd2be870,CONTROL,5448851,76403.m4a
76404,1f0799dc-ed6a-4df6-b061-6627f9a1300f,CONTROL,5570457,76404.m4a
76405,1f0799dc-ed6a-4df6-b061-6627f9a1300f,CONTROL,5527092,76405.m4a
76407,36d2fd51-1b90-43fc-9076-19b1c5262b0f,PD,5483408,76407.m4a
76410,4f0cb22d-51fb-4228-ae38-2bcb5f3af0b2,CONTROL,5516814,76410.m4a
76427,51a6cf39-7551-4ed2-95e6-9712fd750c5a,CONTROL,5447710,76427.m4a
76434,eaabaf26-7b3c-4100-ba72-6119f94c27a1,CONTROL,5551862,76434.m4a
76439,889cb67d-89c3-4ed2-a1ef-d7c4402dee20,CONTROL,5530188,76439.m4a
76444,eeb6fa00-57ef-460b-8b1a-ec65fd79ba2c,CONTROL,5416786,76444.m4a
76445,8e509494-ba90-438e-a842-cb641b359d64,CONTROL,5522028,76445.m4a
76449,4cf597f3-e118-4c2f-87b3-af476755e174,CONTROL,5529664,76449.m4a
76450,8e509494-ba90-438e-a842-cb641b359d64,CONTROL,5518935,76450.m4a
76454,889cb67d-89c3-4ed2-a1ef-d7c4402dee20,CONTROL,5496538,76454.m4a
76457,1f2644c9-0117-4783-baad-974042878869,PD,5549491,76457.m4a
76458,a5951aaf-e67c-4835-81fb-5c41c90b9db2,CONTROL,5509746,76458.m4a
76466,b35a03c0-445e-4ca9-a383-9c1ab22a845f,CONTROL,5518449,76466.m4a
76476,bbf5ab05-2228-49b0-9ea9-0a79bce18da7,CONTROL,5505447,76476.m4a
76478,bbf5ab05-2228-49b0-9ea9-0a79bce18da7,CONTROL,5560924,76478.m4a
76483,68582509-2528-4401-ae80-fdddd00a8558,PD,5529554,76483.m4a
76485,32e23bb4-c2ca-489e-a580-d432d05e015e,PD,5550928,76485.m4a
76486,2171dbeb-adc5-40f3-8f75-526bad06a6c2,CONTROL,5453667,76486.m4a
76500,2de019be-0d06-4045-af25-5e87bc7dbc02,CONTROL,5514753,76500.m4a
76501,5c889982-ba5a-4e14-9d17-b084b823780c,CONTROL,5455579,76501.m4a
76503,b35a03c0-445e-4ca9-a383-9c1ab22a845f,CONTROL,5428799,76503.m4a
76504,54ce4e9c-5cd2-4989-a383-1cdcf513dbc8,CONTROL,5518402,76504.m4a
76506,54ce4e9c-5cd2-4989-a383-1cdcf513dbc8,CONTROL,5430155,76506.m4a
76507,1bffc8f9-7e5b-4256-a54c-149bc68e3981,CONTROL,5426379,76507.m4a
76516,62e4f3c4-3b2c-4901-98a3-e18754a3306a,CONTROL,5453250,76516.m4a
76520,62e4f3c4-3b2c-4901-98a3-e18754a3306a,CONTROL,5420763,76520.m4a
76524,1674dd81-f945-4857-8f0d-71f8f61127b1,PD,5421179,76524.m4a
76525,a7a72d62-8a0b-44f4-8a95-cb0bed24658c,PD,5444706,76525.m4a
76537,f96e1363-ff49-4103-89f9-01c87b5cbffc,PD,5463140,76537.m4a
76538,904459f7-ba96-4141-8218-85ed61a9470c,PD,5413814,76538.m4a
76539,04818b74-4934-4492-97ff-1c16e00eb355,CONTROL,5535276,76539.m4a
76540,a85c3d2b-b6e7-4165-b4c7-3d8d9b32dc3f,CONTROL,5540523,76540.m4a
76542,a85c3d2b-b6e7-4165-b4c7-3d8d9b32dc3f,CONTROL,5440823,76542.m4a
76552,f96e1363-ff49-4103-89f9-01c87b5cbffc,PD,5480332,76552.m4a
76557,747d3dbc-4890-4cd2-b8a1-601f982abee5,CONTROL,5424634,76557.m4a
76560,12095b92-a040-4f36-8924-6380ea3a2f4a,CONTROL,5529187,76560.m4a
76562,107c805f-6df8-4519-9e2a-6d60bdc210a2,CONTROL,5547712,76562.m4a
76563,107c805f-6df8-4519-9e2a-6d60bdc210a2,CONTROL,5557836,76563.m4a
76565,22a1f95b-b962-401c-a069-b21c10c7d140,CONTROL,5447333,76565.m4a
76567,05540bc2-1349-48e4-a147-cd30593015fc,CONTROL,5505524,76567.m4a
76572,f4a126d5-bb6b-4097-9876-aacc6d1b03b3,CONTROL,5450257,76572.m4a
76574,041953bb-9095-4a24-8d46-e1d2de3ed523,CONTROL,5537453,76574.m4a
76580,3843f29f-d998-4c91-9106-0f1e1b9ad003,CONTROL,5467432,76580.m4a
76583,8c42c843-01da-4414-a910-0870834014bd,CONTROL,5965989,76583.m4a
76584,c4c7c359-e644-462c-8da7-aed3dd223db8,CONTROL,5548600,76584.m4a
76588,c4c7c359-e644-462c-8da7-aed3dd223db8,CONTROL,5501326,76588.m4a
76593,086c8afe-3bd7-4f50-9431-31a57ea63de7,CONTROL,5421982,76593.m4a
76597,9e2970ec-d879-4f23-b489-35ab665ca957,CONTROL,5506075,76597.m4a
76599,086c8afe-3bd7-4f50-9431-31a57ea63de7,CONTROL,5520751,76599.m4a
76609,2e52b112-5bb8-44d0-b7c0-78cf9a5eda19,CONTROL,5521041,76609.m4a
76610,99fc439f-9e38-4b25-a563-7703bdf4988a,CONTROL,5571413,76610.m4a
76614,5cc80d72-3898-469c-b58f-8bd54d4be863,CONTROL,5421830,76614.m4a
76615,67e49cad-73ea-4336-ae6b-23bd69d4caea,CONTROL,5446301,76615.m4a
76616,390bb66f-6c8f-4bc3-b9d2-e3a7edf48999,CONTROL,5494696,76616.m4a
76617,390bb66f-6c8f-4bc3-b9d2-e3a7edf48999,CONTROL,5446181,76617.m4a
76620,685e3773-5fb4-4d66-aa43-406929c29864,PD,5483337,76620.m4a
76624,80398a1f-9dea-4ab4-90a6-49508a73ad63,CONTROL,5492257,76624.m4a
76625,c4793cad-7feb-4ec0-a807-0024780f663f,CONTROL,5530344,76625.m4a
76634,d4f119c6-e7bd-4951-8353-1981c6b0beb7,CONTROL,5540483,76634.m4a
76635,cde05521-c092-40ad-babc-d80092a43efa,CONTROL,5505256,76635.m4a
76636,d4f119c6-e7bd-4951-8353-1981c6b0beb7,CONTROL,5491455,76636.m4a
76644,d4002249-0e71-4f9c-9ee4-221f932e4824,CONTROL,5519884,76644.m4a
76646,94976ab1-1c1c-4c1f-9508-648cc84e4972,PD,5470301,76646.m4a
76647,981b4095-081d-4d5a-91e0-28ec784444c2,CONTROL,5496132,76647.m4a
76648,f1d49815-eee0-4ce4-81f5-22ea05d3cc9d,CONTROL,5554522,76648.m4a
76651,96cc67a2-f7ca-4c0a-aee2-5c2d2c12e081,CONTROL,5475042,76651.m4a
76652,3ef967c1-c3f1-4e94-b2ac-0db98100222e,CONTROL,5488110,76652.m4a
76653,96cc67a2-f7ca-4c0a-aee2-5c2d2c12e081,CONTROL,5510281,76653.m4a
76655,c5c705fc-6107-4aca-89fb-1109b41fdd55,CONTROL,5521814,76655.m4a
76660,1e46e317-1c27-4769-bb61-2a083e53fd81,CONTROL,5459790,76660.m4a
76661,1e46e317-1c27-4769-bb61-2a083e53fd81,CONTROL,5494315,76661.m4a
76662,c1171718-5593-4d94-a6f0-b2035e8a5073,CONTROL,5457190,76662.m4a
76663,4bdfcb1d-6cf3-4210-a962-adb45070202f,CONTROL,5564700,76663.m4a
76665,c1171718-5593-4d94-a6f0-b2035e8a5073,CONTROL,5500505,76665.m4a
76668,1b660ba9-e247-46d5-a145-35703a04299d,CONTROL,5425320,76668.m4a
76672,fe9f46eb-c4ce-4776-9cc7-5eb2cef51007,CONTROL,5526182,76672.m4a
76673,560b7d59-2678-4b0b-bd6a-d435c09edf2a,PD,5430011,76673.m4a
76675,560b7d59-2678-4b0b-bd6a-d435c09edf2a,PD,5416362,76675.m4a
76676,fbc794ae-e487-4531-8f2b-7c4d2f29d302,CONTROL,5458118,76676.m4a
76678,ca4a1582-6c63-449c-b81f-7e8aa866d5be,CONTROL,5531009,76678.m4a
76679,935773e2-04ab-42ea-9163-ce49268fec4d,PD,5457140,76679.m4a
76680,370ed9a5-6154-415a-a1f0-7d0cbbfc69a6,CONTROL,5573891,76680.m4a
76682,370ed9a5-6154-415a-a1f0-7d0cbbfc69a6,CONTROL,5425214,76682.m4a
76684,2a2fd2e5-2256-4ffa-a607-a78710eca6d7,CONTROL,5537722,76684.m4a
76685,89490065-7c6a-4cfa-a8f7-30d8ffdbdad3,CONTROL,5479466,76685.m4a
76687,ca4a1582-6c63-449c-b81f-7e8aa866d5be,CONTROL,5514519,76687.m4a
76689,4bc220cf-2bc4-4a9e-8a26-10ca54e983b4,CONTROL,5444250,76689.m4a
76696,822a0c4e-928d-42de-8430-6e2dabcd759e,CONTROL,5557601,76696.m4a
76702,77fb8998-ba35-4010-9118-a4897d61521d,CONTROL,5570869,76702.m4a
76703,77fb8998-ba35-4010-9118-a4897d61521d,CONTROL,5490023,76703.m4a
76706,272519e7-4ca3-4366-a5ed-a47711bf11fd,CONTROL,5447325,76706.m4a
76709,272519e7-4ca3-4366-a5ed-a47711bf11fd,CONTROL,5537097,76709.m4a
76711,02f42f94-f1bd-4a90-8b98-8fea8680a7d7,PD,5425828,76711.m4a
76712,59798eb0-9c97-4b7b-aeed-acf4c6fe1a34,CONTROL,5495791,76712.m4a
76713,59798eb0-9c97-4b7b-aeed-acf4c6fe1a34,CONTROL,5518699,76713.m4a
76716,8400f7cf-a4b0-4864-849a-1f444cfcab00,CONTROL,5459229,76716.m4a
76717,c17589b0-3d47-427c-b1cd-1399cfd21182,CONTROL,5438501,76717.m4a
76719,8400f7cf-a4b0-4864-849a-1f444cfcab00,CONTROL,5516512,76719.m4a
76724,bb49ced1-ff48-4900-bfcd-4b6c6f2e9ffa,CONTROL,5550267,76724.m4a
76725,a648f333-9581-4159-93f9-77af6203af05,CONTROL,5572572,76725.m4a
76728,ab919cdb-f1bb-4bde-b898-1797f1af8655,CONTROL,5510211,76728.m4a
76729,ab919cdb-f1bb-4bde-b898-1797f1af8655,CONTROL,5528661,76729.m4a
76730,bb49ced1-ff48-4900-bfcd-4b6c6f2e9ffa,CONTROL,5527190,76730.m4a
76734,e7045566-3b35-4466-9328-d98e6798d6c2,PD,5498756,76734.m4a
76736,1ffd71dc-f8b7-4b8b-8bfe-39bf2f9c4837,CONTROL,5543248,76736.m4a
76742,b96ffb56-e902-4cd3-a25d-1dc21a7300b0,CONTROL,5453947,76742.m4a
76748,1ffd71dc-f8b7-4b8b-8bfe-39bf2f9c4837,CONTROL,5473826,76748.m4a
76752,eb7f03f5-d4e1-4bf5-b73a-3ce5b8559d7b,CONTROL,5424983,76752.m4a
76758,b96ffb56-e902-4cd3-a25d-1dc21a7300b0,CONTROL,5445093,76758.m4a
76759,b72761a5-1b95-4a71-bf37-4d3364e07bd7,CONTROL,5526569,76759.m4a
76760,fe416e86-d629-4c62-b6cc-973b86f25207,CONTROL,5480402,76760.m4a
76771,d83f5451-168c-4e3b-910d-b8e2bf798d1a,CONTROL,5511168,76771.m4a
76772,d83f5451-168c-4e3b-910d-b8e2bf798d1a,CONTROL,5572196,76772.m4a
76777,85d0bfd4-2eb5-4bfd-b99b-c1c1c324b875,CONTROL,5572945,76777.m4a
76779,85d0bfd4-2eb5-4bfd-b99b-c1c1c324b875,CONTROL,5565424,76779.m4a
76780,328a8042-5059-4dee-ba70-62ec7883f414,CONTROL,5459106,76780.m4a
76782,7eb31ee2-1649-4ac0-9bbf-ff04ccf56595,CONTROL,5421790,76782.m4a
76784,7eb31ee2-1649-4ac0-9bbf-ff04ccf56595,CONTROL,5413974,76784.m4a
76788,d9787c27-00f2-4578-adb5-55658f06c6f7,CONTROL,5532931,76788.m4a
76791,328a8042-5059-4dee-ba70-62ec7883f414,CONTROL,5461786,76791.m4a
76792,d9787c27-00f2-4578-adb5-55658f06c6f7,CONTROL,5544998,76792.m4a
76797,75da9825-375c-495d-8ddb-4f40e7cad690,CONTROL,5514760,76797.m4a
76799,fbd468eb-3615-4ae2-9dcc-daf41aa68a07,PD,5509045,76799.m4a
76801,7e45a2e3-81d5-4b3b-836a-41f226baec5e,CONTROL,5557850,76801.m4a
76802,6d2afdd2-ca80-45c2-b396-a55eb28c9144,CONTROL,5469544,76802.m4a
76804,f47a0023-2648-4c85-acec-ed3c6a673f53,CONTROL,5449841,76804.m4a
76806,d23bf698-9298-4879-ab7c-f722312e046e,CONTROL,5572465,76806.m4a
76807,0e4d5f5b-b89a-4e79-a794-327044624999,CONTROL,5551463,76807.m4a
76817,55adff90-d14c-4d96-8339-c9d930c461f7,CONTROL,5538087,76817.m4a
76821,7808370a-fa5a-4383-919c-f5d9ae45165a,CONTROL,5447891,76821.m4a
76823,4df9c269-6de7-47a9-8918-fc40d555c12c,CONTROL,5484700,76823.m4a
76829,11f9a95d-81de-454a-a989-678e7ef235d3,CONTROL,5527720,76829.m4a
76833,0d161a1a-71c0-4c49-90dc-5045ea3a4278,CONTROL,5528199,76833.m4a
76838,d23bf698-9298-4879-ab7c-f722312e046e,CONTROL,5467586,76838.m4a
76839,208e0cb4-6254-4c7c-bc12-ac2a60c3163d,PD,5520843,76839.m4a
76843,e4307a27-1341-4bf2-b6ab-a3a1052396af,PD,5413955,76843.m4a
76844,e4307a27-1341-4bf2-b6ab-a3a1052396af,PD,5471006,76844.m4a
76845,e4307a27-1341-4bf2-b6ab-a3a1052396af,PD,5424649,76845.m4a
76848,7596aaab-47e5-4468-9edc-b85914247063,CONTROL,5482764,76848.m4a
76849,7596aaab-47e5-4468-9edc-b85914247063,CONTROL,5439771,76849.m4a
76853,6a70c7d5-05f3-42f0-8027-23399570f3a6,CONTROL,5449797,76853.m4a
76855,6a70c7d5-05f3-42f0-8027-23399570f3a6,CONTROL,5519817,76855.m4a
76859,984a2f32-51a4-479c-a690-4a934a00c589,CONTROL,5566268,76859.m4a
76860,e5259491-ab85-4dc8-84ea-a00e27906ab7,CONTROL,5470754,76860.m4a
76861,e5259491-ab85-4dc8-84ea-a00e27906ab7,CONTROL,5543831,76861.m4a
76864,94668d24-77a3-492f-8c60-f8f7017a7986,CONTROL,5539161,76864.m4a
76867,29660931-ce38-4876-b6ba-ae5ec0db0176,CONTROL,5461907,76867.m4a
76869,29660931-ce38-4876-b6ba-ae5ec0db0176,CONTROL,5528663,76869.m4a
76873,64e0f074-56f0-493d-9bb1-3d769c05bfa7,CONTROL,5508274,76873.m4a
76875,94668d24-77a3-492f-8c60-f8f7017a7986,CONTROL,5494329,76875.m4a
76876,427822cb-071f-4d83-9203-63274ec0138d,CONTROL,5518549,76876.m4a
76879,427822cb-071f-4d83-9203-63274ec0138d,CONTROL,5504657,76879.m4a
76881,969107e8-72ca-4566-9c28-a2bd14389f9c,PD,5459968,76881.m4a
76883,f07b7d7a-16ec-45f6-a10c-647103a2d62f,CONTROL,5448085,76883.m4a
76884,64e0f074-56f0-493d-9bb1-3d769c05bfa7,CONTROL,5545746,76884.m4a
76888,4ca19f62-9649-47b0-bb98-0278b0a8f160,CONTROL,5426907,76888.m4a
76889,f07b7d7a-16ec-45f6-a10c-647103a2d62f,CONTROL,5415695,76889.m4a
76894,19ec0acd-cecf-41ee-8496-a7d1478f486d,CONTROL,5524933,76894.m4a
76896,19ec0acd-cecf-41ee-8496-a7d1478f486d,CONTROL,5426126,76896.m4a
76899,143530b6-f508-4aed-916e-ef344192a636,CONTROL,5459891,76899.m4a
76901,143530b6-f508-4aed-916e-ef344192a636,CONTROL,5414124,76901.m4a
76909,ab4195c8-b378-4bdd-8ad1-d4b44342b82b,CONTROL,5489711,76909.m4a
76916,40b363e9-7e64-487b-8b22-4eab2dea2d99,CONTROL,5551609,76916.m4a
76918,ab4195c8-b378-4bdd-8ad1-d4b44342b82b,CONTROL,5429459,76918.m4a
76919,1c3999b8-a42f-44f3-8c18-52f99590687a,CONTROL,5536898,76919.m4a
76922,1c3999b8-a42f-44f3-8c18-52f99590687a,CONTROL,5421224,76922.m4a
76924,961a4ac3-d753-474a-957a-f9137527effa,PD,5430500,76924.m4a
76927,a94c29c7-8e6f-48a0-a4c2-931239ed484f,CONTROL,5498114,76927.m4a
76929,6eccd8fb-2577-4dbc-90aa-185508628a9e,PD,5494917,76929.m4a
76930,870dd223-ff49-42bd-9d2f-2136036d8e68,CONTROL,5508321,76930.m4a
76932,6eccd8fb-2577-4dbc-90aa-185508628a9e,PD,5528975,76932.m4a
76934,6eccd8fb-2577-4dbc-90aa-185508628a9e,PD,5502912,76934.m4a
76936,0abc5bd0-3821-4d8d-955d-a356bcaad694,CONTROL,5452667,76936.m4a
76938,a94c29c7-8e6f-48a0-a4c2-931239ed484f,CONTROL,5546981,76938.m4a
76942,5f0de0d8-1acd-4e38-a908-2bbf72b8d084,CONTROL,5487476,76942.m4a
76946,3ddba098-5c5b-49cb-b1e0-02766de0bec8,CONTROL,5415680,76946.m4a
76947,0b314db3-4ccd-436f-abbc-513ac229b5aa,CONTROL,5534016,76947.m4a
76949,3ddba098-5c5b-49cb-b1e0-02766de0bec8,CONTROL,5500437,76949.m4a
76955,7720f3a1-fd20-4713-9537-3cfa39e4869f,CONTROL,5434540,76955.m4a
76957,7720f3a1-fd20-4713-9537-3cfa39e4869f,CONTROL,5484105,76957.m4a
76965,6d6658e0-1498-44ed-aa40-d3d7cedcd5db,CONTROL,5454217,76965.m4a
76971,2e601fea-7e6c-48ff-9692-ef7a9f74c750,CONTROL,5424865,76971.m4a
76973,e2690825-ef1b-4406-b883-17e811453324,CONTROL,5554364,76973.m4a
76974,2e601fea-7e6c-48ff-9692-ef7a9f74c750,CONTROL,5572269,76974.m4a
76976,249fcd0c-6529-4f97-b594-559247a7ccca,CONTROL,5564434,76976.m4a
76977,e2690825-ef1b-4406-b883-17e811453324,CONTROL,5501336,76977.m4a
76986,e0cc309e-9519-4b99-bebf-ca9aa298853c,CONTROL,5455227,76986.m4a
76989,e0cc309e-9519-4b99-bebf-ca9aa298853c,CONTROL,5562198,76989.m4a
76995,295807a1-e1c3-4430-9b60-d510b2653609,CONTROL,5529275,76995.m4a
76999,295807a1-e1c3-4430-9b60-d510b2653609,CONTROL,5481706,76999.m4a
77000,3b22db24-42d6-4118-9040-9ede1c99e32b,CONTROL,5499223,77000.m4a
77001,686edd60-1f3a-45fc-a44e-ac2f4988a1df,CONTROL,5493723,77001.m4a
77002,77c41c80-7e65-4bb7-b931-870e4a0511a1,CONTROL,5519400,77002.m4a
77004,99c5cb4e-cbab-423d-b0a9-2af9836ca63d,CONTROL,5813247,77004.m4a
77006,3b22db24-42d6-4118-9040-9ede1c99e32b,CONTROL,5433589,77006.m4a
77008,ae86f593-84a9-4aa2-a97a-60548c4e2457,CONTROL,5427759,77008.m4a
77014,e63fedb9-8710-4bfb-8495-2f334ce70fbf,CONTROL,5499400,77014.m4a
77016,179eda15-daea-426f-bf5f-a909688bcdde,PD,5461929,77016.m4a
77019,e63fedb9-8710-4bfb-8495-2f334ce70fbf,CONTROL,5457261,77019.m4a
77026,5ca1c996-645f-4749-9da2-02558f01207c,CONTROL,5517995,77026.m4a
77027,5d33e186-5d05-4b11-a05c-b7b8861fd3b1,CONTROL,5550886,77027.m4a
77028,44357fb0-b959-4de1-b4b4-61568bfa8e02,CONTROL,5462848,77028.m4a
77031,341a3fde-86c0-464e-a442-d9fb294a53fc,PD,5461430,77031.m4a
77032,22e9a983-109c-49b9-892c-23f489852a57,PD,5483892,77032.m4a
77033,22e9a983-109c-49b9-892c-23f489852a57,PD,5417806,77033.m4a
77037,762a1495-714b-42c8-9218-69ab22a5806f,CONTROL,5547505,77037.m4a
77040,fdb35bb1-f26b-48c8-bac0-d2003925bdf0,CONTROL,5537569,77040.m4a
77041,5f52189f-204f-4c82-a4e0-f368f199a2e5,CONTROL,5548472,77041.m4a
77043,5f52189f-204f-4c82-a4e0-f368f199a2e5,CONTROL,5509623,77043.m4a
77044,4e82b0ec-c915-4687-b0a3-dd52abc7471f,CONTROL,5467836,77044.m4a
77047,4e82b0ec-c915-4687-b0a3-dd52abc7471f,CONTROL,5422182,77047.m4a
77049,55cd714e-cf36-462d-b155-93f1af918bc2,PD,5521556,77049.m4a
77062,399570ab-1cd6-4765-9bc3-e034761c7fc2,CONTROL,5461553,77062.m4a
77063,0fea9288-0568-4c3b-9030-c1cc75e917f1,CONTROL,5471681,77063.m4a
77064,e1d3a116-2234-46aa-bf63-d59c705e00e8,CONTROL,5489543,77064.m4a
77066,e1d3a116-2234-46aa-bf63-d59c705e00e8,CONTROL,5535965,77066.m4a
77070,3a0e7c0c-b6f6-4bd7-a578-ee39dd1d6140,CONTROL,5483630,77070.m4a
77073,4f05f44f-0d47-476c-88a7-70f3fb5c6b83,PD,5413103,77073.m4a
77074,3a0e7c0c-b6f6-4bd7-a578-ee39dd1d6140,CONTROL,5425664,77074.m4a
77076,4f05f44f-0d47-476c-88a7-70f3fb5c6b83,PD,5548635,77076.m4a
77077,6ad63ed7-1dae-4311-91e6-af113aabe1a5,CONTROL,5507144,77077.m4a
77078,a57dcd0f-0dc6-4e71-808b-26dffe02acb9,PD,5423241,77078.m4a
77080,4f05f44f-0d47-476c-88a7-70f3fb5c6b83,PD,5419703,77080.m4a
77081,deda39a0-f064-4ef6-9fde-e6023c3f006a,CONTROL,5512023,77081.m4a
77082,14abc775-23e5-4d72-8233-66fa16d77ee1,CONTROL,5421615,77082.m4a
77083,e0e4785a-dfe5-47b8-a9c5-5e0617939840,PD,5453886,77083.m4a
77086,e0e4785a-dfe5-47b8-a9c5-5e0617939840,PD,5519279,77086.m4a
77090,a627b898-05bd-4b7b-8104-4ef537076170,PD,5436664,77090.m4a
77092,138daca4-144c-48c0-8022-16726bc37fc9,CONTROL,5434672,77092.m4a
77094,7ee7d982-5d21-49d3-bae4-5e9c48240c95,CONTROL,5504233,77094.m4a
77095,7ee7d982-5d21-49d3-bae4-5e9c48240c95,CONTROL,5422731,77095.m4a
77097,37e0e702-bdbc-4fb1-8b1a-f290156e7c8b,CONTROL,5446671,77097.m4a
77098,8fe66a0f-f6c8-40e2-9b11-c30fd832e4d8,CONTROL,5415556,77098.m4a
77099,6ad63ed7-1dae-4311-91e6-af113aabe1a5,CONTROL,5516312,77099.m4a
77100,9c412325-185e-4b4a-b73f-2f7d463d57d0,PD,5532681,77100.m4a
77102,9c412325-185e-4b4a-b73f-2f7d463d57d0,PD,5507907,77102.m4a
77103,9c412325-185e-4b4a-b73f-2f7d463d57d0,PD,5447813,77103.m4a
77109,2f73dd92-5e8c-4c69-b0af-619f5c66e375,CONTROL,5534221,77109.m4a
77110,249e7e51-13a1-40af-8fb4-e8c992028964,CONTROL,5490150,77110.m4a
77112,249e7e51-13a1-40af-8fb4-e8c992028964,CONTROL,5545447,77112.m4a
77116,f4910fb6-da07-47b1-9e80-f2af028f8e9e,PD,5493929,77116.m4a
77121,894d7709-6761-494e-baa8-d272c96f8712,CONTROL,5468014,77121.m4a
77131,207a524b-9965-4366-bc4d-40009d081872,CONTROL,5556565,77131.m4a
77135,3bdde942-e7b9-498b-bde9-6fad671385af,PD,5430259,77135.m4a
77138,221b863d-868d-4fc8-91be-2975c414a1bd,CONTROL,5473959,77138.m4a
77140,221b863d-868d-4fc8-91be-2975c414a1bd,CONTROL,5505231,77140.m4a
77143,e1561cd0-3533-4985-9d71-108996893a13,CONTROL,5538171,77143.m4a
77144,942f0e3a-f060-4b94-9cef-d12c569b71eb,CONTROL,5449321,77144.m4a
77145,e1561cd0-3533-4985-9d71-108996893a13,CONTROL,5485027,77145.m4a
77155,87760424-d807-47b2-99b0-1fb6cd5713f7,CONTROL,5522106,77155.m4a
77156,87760424-d807-47b2-99b0-1fb6cd5713f7,CONTROL,5482309,77156.m4a
77158,b20f3d17-735c-4909-a1d0-84fa05f0ba79,CONTROL,5413474,77158.m4a
77166,f86ae25b-7d8e-44f9-9713-cd00331fb6da,CONTROL,5445042,77166.m4a
77180,6cea54cc-a0ad-420c-8446-eb1828789663,CONTROL,5428217,77180.m4a
77182,6cea54cc-a0ad-420c-8446-eb1828789663,CONTROL,5499606,77182.m4a
77183,409b1535-c27d-48b3-b7bd-edcc9c000e1a,CONTROL,5459901,77183.m4a
77185,2e9e7175-f3c8-4720-ba34-2bad2de694fc,PD,5535272,77185.m4a
77186,2e9e7175-f3c8-4720-ba34-2bad2de694fc,PD,5498992,77186.m4a
77187,2e9e7175-f3c8-4720-ba34-2bad2de694fc,PD,5468482,77187.m4a
77189,409b1535-c27d-48b3-b7bd-edcc9c000e1a,CONTROL,5571777,77189.m4a
77194,3745c7fc-5285-4059-847e-a9d970a7fbaf,CONTROL,5546370,77194.m4a
77195,3745c7fc-5285-4059-847e-a9d970a7fbaf,CONTROL,5541155,77195.m4a
77201,85ca15ce-ab8c-4672-874c-f47636e0dcaf,CONTROL,5834574,77201.m4a
77206,e53cbe1f-f6e2-4086-bbf9-75fe2bbbf6c1,CONTROL,5491569,77206.m4a
77208,f8922040-f2bf-4a31-ac26-d78bef4e7cab,PD,5551486,77208.m4a
77212,4471bf35-7da3-40d6-afdd-2854f15ca1c7,CONTROL,5414854,77212.m4a
77213,36d6450b-378f-4197-a9ce-fde0a6d3ed86,CONTROL,5564663,77213.m4a
77216,36d6450b-378f-4197-a9ce-fde0a6d3ed86,CONTROL,5483780,77216.m4a
77218,f834c887-d24a-4e40-828a-d4a5fcff5a6a,CONTROL,5531353,77218.m4a
77219,f834c887-d24a-4e40-828a-d4a5fcff5a6a,CONTROL,5477097,77219.m4a
77234,fa8f85e5-f643-4567-a4b1-86ba528fa8ba,CONTROL,5447075,77234.m4a
77236,49b2b78b-0b4a-456e-a0a2-8f20c345aa7c,CONTROL,5487141,77236.m4a
77238,0c618056-a00a-4d3f-90af-76574fce3cff,CONTROL,5492049,77238.m4a
77239,fa8f85e5-f643-4567-a4b1-86ba528fa8ba,CONTROL,5521604,77239.m4a
77244,784ffa86-0468-4a3b-87b8-3b1f6bdbe3ef,CONTROL,5417881,77244.m4a
77245,cfe55d36-d662-4424-9916-67774abdd4ce,PD,5480770,77245.m4a
77246,49b2b78b-0b4a-456e-a0a2-8f20c345aa7c,CONTROL,5494180,77246.m4a
77252,0c618056-a00a-4d3f-90af-76574fce3cff,CONTROL,5514673,77252.m4a
77254,784ffa86-0468-4a3b-87b8-3b1f6bdbe3ef,CONTROL,5431878,77254.m4a
77256,34c35d53-7826-43d3-bfbc-a9d176baf45a,CONTROL,5422232,77256.m4a
77258,34c35d53-7826-43d3-bfbc-a9d176baf45a,CONTROL,5473079,77258.m4a
77262,8e38d32f-cdba-4310-a9ac-ed17de4f6e68,CONTROL,5518009,77262.m4a
77266,9e8429ef-4166-4981-bf0e-9c24741f8336,CONTROL,5529922,77266.m4a
77269,7cdd97ca-dc47-4a54-a513-4e98e05651b8,CONTROL,5567467,77269.m4a
77272,dc2a9c97-96e5-4461-98a6-8c5aa888a14c,CONTROL,5541575,77272.m4a
77273,d81b0d21-aafe-4bc6-a6ac-d108c1206d5f,CONTROL,5505978,77273.m4a
77274,d81b0d21-aafe-4bc6-a6ac-d108c1206d5f,CONTROL,5562981,77274.m4a
77276,eaef310d-4d67-4f9e-84a0-450cb9e74e05,CONTROL,5453241,77276.m4a
77277,98225a14-77ad-4872-8afb-f5c29677edb4,CONTROL,5572121,77277.m4a
77278,fa03cf5f-c793-4e4c-b87f-6a7b0c9c30ab,PD,5486313,77278.m4a
77280,fa03cf5f-c793-4e4c-b87f-6a7b0c9c30ab,PD,5512704,77280.m4a
77285,f7b06bc2-f900-4021-8c2c-4754d58867d4,CONTROL,5447123,77285.m4a
77286,a5a8e48d-9fc7-42eb-a6b0-a510d4f19759,PD,5417158,77286.m4a
77292,a54bee46-ed79-4e61-97cb-538742cd7108,CONTROL,5444413,77292.m4a
77298,d72d8533-641b-45bd-8bd3-814f1734692c,CONTROL,5449218,77298.m4a
77300,24acfdc2-99d6-43cb-8703-d8bc035b4a53,CONTROL,5550122,77300.m4a
77301,d72d8533-641b-45bd-8bd3-814f1734692c,CONTROL,5512523,77301.m4a
77302,a308fe85-7e2a-4b2a-83c6-565af093e6e6,CONTROL,5499012,77302.m4a
77304,24acfdc2-99d6-43cb-8703-d8bc035b4a53,CONTROL,5559538,77304.m4a
77305,83f3d30c-a764-477b-b459-bbd0bbd84cb6,CONTROL,5532013,77305.m4a
77306,a308fe85-7e2a-4b2a-83c6-565af093e6e6,CONTROL,5537342,77306.m4a
77309,83f3d30c-a764-477b-b459-bbd0bbd84cb6,CONTROL,5510234,77309.m4a
77311,2e8a29dd-fcb5-4b2c-ab11-c80d67f03267,CONTROL,5470344,77311.m4a
77317,f8c51356-3a71-4450-b5a8-8b7877356aca,CONTROL,5546892,77317.m4a
77318,2e8a29dd-fcb5-4b2c-ab11-c80d67f03267,CONTROL,5560698,77318.m4a
77321,d41cc881-9477-403a-92dd-e78f59cb5aa0,CONTROL,5439050,77321.m4a
77324,8073dbfd-a2c8-4a3e-b486-655446a74279,PD,5483452,77324.m4a
77325,ff431ec1-7fab-4bb3-8a1e-9877446f308f,CONTROL,5431738,77325.m4a
77326,f7b06bc2-f900-4021-8c2c-4754d58867d4,CONTROL,5514530,77326.m4a
77327,d31e3b4d-decf-4f41-ad6e-186872a3a96b,PD,5449337,77327.m4a
77328,48507a7c-dff7-4db0-9558-a27b30e11aa9,PD,5455506,77328.m4a
77329,cc1d7dc0-a029-4463-86d1-355facf4737f,CONTROL,5446088,77329.m4a
77334,db7c368f-c50c-4751-8e75-185476c215e0,CONTROL,5512049,77334.m4a
77337,db7c368f-c50c-4751-8e75-185476c215e0,CONTROL,5425560,77337.m4a
77340,d31e3b4d-decf-4f41-ad6e-186872a3a96b,PD,5510501,77340.m4a
77343,d31e3b4d-decf-4f41-ad6e-186872a3a96b,PD,5804458,77343.m4a
77346,940ec3e8-95d5-413e-a6ce-b2dea05ea042,CONTROL,5546086,77346.m4a
77349,940ec3e8-95d5-413e-a6ce-b2dea05ea042,CONTROL,5561527,77349.m4a
77351,9314628a-46ba-48e2-93f8-65cf100f4600,CONTROL,5567572,77351.m4a
77352,1035c950-361f-4410-be15-25c5283c0ee8,CONTROL,5477120,77352.m4a
77353,9314628a-46ba-48e2-93f8-65cf100f4600,CONTROL,5489110,77353.m4a
77355,96a0107a-ca2c-4943-a132-bfecc983cd05,CONTROL,5490929,77355.m4a
77359,edf2bd5f-b185-4a82-997e-6ac080d5eb04,CONTROL,5532737,77359.m4a
77361,ed54c38c-3688-4ea3-a9d9-db0d1c5e0e35,CONTROL,5412961,77361.m4a
77362,96a0107a-ca2c-4943-a132-bfecc983cd05,CONTROL,5544067,77362.m4a
77366,edf2bd5f-b185-4a82-997e-6ac080d5eb04,CONTROL,5565548,77366.m4a
77371,4d0c5bf4-80d3-462b-b8b8-bc97917d28be,CONTROL,5444138,77371.m4a
77378,6f92fbc4-e33b-45bb-8ece-7f2cb2dca646,CONTROL,5436477,77378.m4a
77379,4d0c5bf4-80d3-462b-b8b8-bc97917d28be,CONTROL,5561747,77379.m4a
77380,0ff6a974-f99b-4bae-82fd-12e98ef3832e,CONTROL,5821320,77380.m4a
77381,19ab3fcb-0cc1-4116-aa2d-75df4a89669c,CONTROL,5540709,77381.m4a
77382,19ab3fcb-0cc1-4116-aa2d-75df4a89669c,CONTROL,5452111,77382.m4a
77384,7fdeae11-398f-4375-acf0-a1f6ab12d3c8,CONTROL,5451867,77384.m4a
77385,7fdeae11-398f-4375-acf0-a1f6ab12d3c8,CONTROL,5468906,77385.m4a
77387,e1ffd244-4324-4e70-9dc9-4c3d3a80bf07,CONTROL,5456152,77387.m4a
77390,bb91ec4b-ab77-483b-b35f-fa039bc8225d,PD,5500635,77390.m4a
77391,23d877c3-cffc-4c88-95ec-bb01a9f97319,CONTROL,5512011,77391.m4a
77394,23d877c3-cffc-4c88-95ec-bb01a9f97319,CONTROL,5437014,77394.m4a
77395,e378b34a-4e22-4a75-a0fd-808f40595d50,PD,5470924,77395.m4a
77396,e0f7dbda-4cc0-4c84-8023-181367a5e322,CONTROL,5429540,77396.m4a
77397,e0f7dbda-4cc0-4c84-8023-181367a5e322,CONTROL,5447737,77397.m4a
77405,aa90ef1c-4570-4124-b6d1-9a3f13f5d28f,CONTROL,5479060,77405.m4a
77408,1f2644c9-0117-4783-baad-974042878869,PD,5417010,77408.m4a
77409,44268821-01f1-47e8-8545-e5cc0bd1af93,CONTROL,5538334,77409.m4a
77413,aa90ef1c-4570-4124-b6d1-9a3f13f5d28f,CONTROL,5485548,77413.m4a
77419,8d14f2e1-4ad2-4c41-812e-917ea0093e09,CONTROL,5538914,77419.m4a
77420,44268821-01f1-47e8-8545-e5cc0bd1af93,CONTROL,5466905,77420.m4a
77431,1f2644c9-0117-4783-baad-974042878869,PD,5453294,77431.m4a
77432,9f6b76c8-6215-4ee8-9b66-a47632f5d5f7,CONTROL,5563310,77432.m4a
77433,9f6b76c8-6215-4ee8-9b66-a47632f5d5f7,CONTROL,5517316,77433.m4a
77434,e4d162e3-aa21-4922-916f-013a537f36e5,CONTROL,5503356,77434.m4a
77436,ac018bf2-9fe1-4de3-ad91-43ffd72cfb07,CONTROL,5462501,77436.m4a
77437,ac018bf2-9fe1-4de3-ad91-43ffd72cfb07,CONTROL,5545612,77437.m4a
77445,35b68a25-0ed9-44f1-aeae-65298252ac74,CONTROL,5531452,77445.m4a
77447,67309892-9752-43e3-9651-e971bc9ced37,CONTROL,5418179,77447.m4a
77450,e0020d0e-62e1-446e-b9cc-756ce1b6636f,CONTROL,5479647,77450.m4a
77453,b7953c1f-832c-449d-85d0-ab51031a413c,CONTROL,5437103,77453.m4a
77454,35b68a25-0ed9-44f1-aeae-65298252ac74,CONTROL,5459607,77454.m4a
77455,e345d318-a55e-42df-a1df-59b1dd90d92c,CONTROL,5477100,77455.m4a
77456,6895bd33-6d55-4ba9-a6c5-475f35cc8365,CONTROL,5499963,77456.m4a
77459,6895bd33-6d55-4ba9-a6c5-475f35cc8365,CONTROL,5515340,77459.m4a
77460,e345d318-a55e-42df-a1df-59b1dd90d92c,CONTROL,5508687,77460.m4a
77461,b7953c1f-832c-449d-85d0-ab51031a413c,CONTROL,5570344,77461.m4a
77463,ccd594cf-920d-4f5f-8c70-23e3f9c0e957,PD,5535907,77463.m4a
77468,e0020d0e-62e1-446e-b9cc-756ce1b6636f,CONTROL,5469038,77468.m4a
77477,a3c0566e-a1a4-45d3-a376-381f0e6d1fff,CONTROL,5550564,77477.m4a
77483,dd6278ef-16ed-4f04-adab-b0183d2b10b7,CONTROL,5557658,77483.m4a
77486,dd6278ef-16ed-4f04-adab-b0183d2b10b7,CONTROL,5492628,77486.m4a
77489,032b2615-c169-4072-8a8d-b936e0248a7e,CONTROL,5558405,77489.m4a
77490,e3620cf5-9884-4fe6-8bd5-b4ed1a79c706,CONTROL,5504707,77490.m4a
77491,e3620cf5-9884-4fe6-8bd5-b4ed1a79c706,CONTROL,5456430,77491.m4a
77492,032b2615-c169-4072-8a8d-b936e0248a7e,CONTROL,5536924,77492.m4a
77504,81b8385e-62c3-47d5-b3b3-5d863652e6c2,CONTROL,5558549,77504.m4a
77508,6489d88d-995b-4220-b7c5-12717b8a5270,CONTROL,5517600,77508.m4a
77509,6489d88d-995b-4220-b7c5-12717b8a5270,CONTROL,5500900,77509.m4a
77511,3ae4cc0b-87ca-467e-b295-f0d27382f01b,CONTROL,5422627,77511.m4a
77514,0d8552ee-30c2-471e-bcc0-3384a4bd4154,CONTROL,5428324,77514.m4a
77515,208e0cb4-6254-4c7c-bc12-ac2a60c3163d,PD,5433069,77515.m4a
77516,0d8552ee-30c2-471e-bcc0-3384a4bd4154,CONTROL,5543925,77516.m4a
77517,5b850af0-49b1-4dd7-bccc-88ee136ffc61,CONTROL,5428918,77517.m4a
77518,689c302d-72a0-4ccb-ad66-6ca709301013,CONTROL,5520855,77518.m4a
77519,5b850af0-49b1-4dd7-bccc-88ee136ffc61,CONTROL,5527043,77519.m4a
77520,53a43f70-77f5-49da-94e8-de4e32880592,CONTROL,5556116,77520.m4a
77527,698d9fe2-2d68-4da2-8caf-d1780dd28725,CONTROL,5553946,77527.m4a
77528,63d2d660-2feb-4d32-9977-97d63f133e64,CONTROL,5444708,77528.m4a
77530,e276b537-f7ab-4a5e-9d50-7d7780663b85,PD,5455731,77530.m4a
77539,b2b801a2-9297-4f9a-8bce-9b8a5ec3dc5e,CONTROL,5492616,77539.m4a
77544,85fa5007-a9f5-433e-a4d1-3f65bf9ac663,CONTROL,5481438,77544.m4a
77548,916b304f-2392-4134-9f2d-0bad3fde3173,PD,5471967,77548.m4a
77552,ce43871c-65cd-4d85-b27f-66b4b3151495,CONTROL,5620360,77552.m4a
77557,0e1f336a-9e57-4bc3-a129-31d1e5fe5948,CONTROL,5540744,77557.m4a
77558,0e1f336a-9e57-4bc3-a129-31d1e5fe5948,CONTROL,5469758,77558.m4a
77561,7697d1e8-bd4a-42b9-8166-1a873edd1bd5,CONTROL,5421014,77561.m4a
77564,ac1d66d8-2fcc-4c1c-9c4b-c0ad05c50dee,PD,5495832,77564.m4a
77568,5a33805b-a1f0-48bf-914c-26d10e07c933,CONTROL,5776311,77568.m4a
77571,523d4a0e-447b-475c-8c4c-45054d117225,CONTROL,5509446,77571.m4a
77572,523d4a0e-447b-475c-8c4c-45054d117225,CONTROL,5487973,77572.m4a
77577,9b25abbc-51e1-4a92-877b-ca8b223c82c7,CONTROL,5556022,77577.m4a
77579,61a3fb67-6505-4416-a797-ee47c65ed4fc,CONTROL,5418967,77579.m4a
77581,61a3fb67-6505-4416-a797-ee47c65ed4fc,CONTROL,5549061,77581.m4a
77582,29af4a5d-e6bd-4642-9025-b42d5e1d0eec,CONTROL,5508419,77582.m4a
77583,29af4a5d-e6bd-4642-9025-b42d5e1d0eec,CONTROL,5535498,77583.m4a
77587,8830a099-4ea1-4dd1-9ebb-6d0f31a60b71,CONTROL,5522901,77587.m4a
77588,f8eea344-0215-4fc9-8012-1362b63aff2c,CONTROL,5527579,77588.m4a
77591,c3a8d03c-4c75-4361-b2a1-1f0d29c865ca,CONTROL,5544517,77591.m4a
77594,952a8bb9-63de-4f84-be00-71edcbc816b6,CONTROL,5488615,77594.m4a
77599,dc0d87f9-d9aa-4181-8142-5e4451f95490,CONTROL,5426885,77599.m4a
77603,b2ae8784-2bea-4ddf-a066-d5c898848784,CONTROL,5486294,77603.m4a
77606,b2ae8784-2bea-4ddf-a066-d5c898848784,CONTROL,5503172,77606.m4a
77609,4af88fc9-aa5f-400b-a8b3-e2989bfc70cc,PD,5423448,77609.m4a
77610,4af88fc9-aa5f-400b-a8b3-e2989bfc70cc,PD,5500369,77610.m4a
77615,ff5d7bf0-b371-4b72-a9c7-a5cebff39e78,CONTROL,5557199,77615.m4a
77617,4c1ccec7-d180-4c66-832b-67c0dc76d69e,CONTROL,5515097,77617.m4a
77621,ff5d7bf0-b371-4b72-a9c7-a5cebff39e78,CONTROL,5422646,77621.m4a
77623,176cdbeb-19a2-4479-a7b7-68d613f714c1,CONTROL,5427036,77623.m4a
77624,176cdbeb-19a2-4479-a7b7-68d613f714c1,CONTROL,5521205,77624.m4a
77627,689bc533-8181-432d-9a75-566fbabde6d0,CONTROL,5455052,77627.m4a
77630,a3c0566e-a1a4-45d3-a376-381f0e6d1fff,CONTROL,5486950,77630.m4a
77633,689bc533-8181-432d-9a75-566fbabde6d0,CONTROL,5473485,77633.m4a
77639,f67eb306-c8b8-4e3f-84f9-3ba5715b6574,CONTROL,5552315,77639.m4a
77645,b35f2873-989b-42c8-8520-9409ce3d48f0,CONTROL,5441625,77645.m4a
77646,0f67ec69-fdd3-463e-88df-507a59369fe7,CONTROL,5550692,77646.m4a
77649,0f67ec69-fdd3-463e-88df-507a59369fe7,CONTROL,5460604,77649.m4a
77656,061c32e2-359e-4eb6-9795-24cd8bcccd6d,CONTROL,5430748,77656.m4a
77657,f9b76ec1-e7af-4f40-93e1-dc484e91b353,CONTROL,5536419,77657.m4a
77659,536f050b-2b18-4a5a-91b8-832cb8413378,CONTROL,5524031,77659.m4a
77660,536f050b-2b18-4a5a-91b8-832cb8413378,CONTROL,5562917,77660.m4a
77662,d392b5fb-2c96-4ead-b97d-254d5d8af02a,CONTROL,5449830,77662.m4a
77668,d392b5fb-2c96-4ead-b97d-254d5d8af02a,CONTROL,5458265,77668.m4a
77672,64434c8b-ba30-458e-a929-fc203256160a,CONTROL,5442991,77672.m4a
77679,804548c3-deab-4614-b8de-e807edbecc80,PD,5542390,77679.m4a
77682,e5ff4f2e-25ed-4c88-abf7-82363c1f29c1,CONTROL,5562191,77682.m4a
77686,d1ba215f-6eac-4d64-81e9-1557b5620956,CONTROL,5412981,77686.m4a
77687,d1ba215f-6eac-4d64-81e9-1557b5620956,CONTROL,5542423,77687.m4a
77690,ba02cdd2-58e8-4384-adf4-a7d8c84b82b1,CONTROL,5483633,77690.m4a
77691,e4545c19-29d1-482f-8f9c-eef4fcc37018,CONTROL,5427894,77691.m4a
77693,9790eb4b-c98f-4eae-8a48-1f3ea5f60e00,CONTROL,5524288,77693.m4a
77694,9790eb4b-c98f-4eae-8a48-1f3ea5f60e00,CONTROL,5493930,77694.m4a
77698,ba02cdd2-58e8-4384-adf4-a7d8c84b82b1,CONTROL,5432001,77698.m4a
77701,9aaa91d2-a697-411e-8691-c34f94d3511c,CONTROL,5562107,77701.m4a
77704,b0cd6c1a-6e14-431a-bcd8-b7594667aa8b,CONTROL,5467497,77704.m4a
77708,2777e527-959d-427f-aa5c-0b8910d4fbf7,CONTROL,5622941,77708.m4a
77711,b0cd6c1a-6e14-431a-bcd8-b7594667aa8b,CONTROL,5674400,77711.m4a
77712,2777e527-959d-427f-aa5c-0b8910d4fbf7,CONTROL,5633746,77712.m4a
77724,bea3cecd-3f9f-4c8f-861e-709a104b9473,CONTROL,5660236,77724.m4a
77725,f1ff13df-f98f-43ea-b6a9-0a71e292a2c5,CONTROL,5660960,77725.m4a
77727,f1ff13df-f98f-43ea-b6a9-0a71e292a2c5,CONTROL,5653893,77727.m4a
77730,4e92549b-34a4-4685-b365-e07b92ba8343,CONTROL,5634913,77730.m4a
77733,2e6f5f9a-7582-42a0-9997-267196688c78,CONTROL,5616171,77733.m4a
77735,4e92549b-34a4-4685-b365-e07b92ba8343,CONTROL,5620744,77735.m4a
77739,fed48c4f-5ffa-4e6a-bfbd-bb08e3d7cad4,PD,5687421,77739.m4a
77741,c61c0b78-7278-4651-8fa2-7c1429ea804c,PD,5593403,77741.m4a
77747,877f8fcf-4491-42f0-883b-f2e4e0a32854,PD,5628112,77747.m4a
77753,6c3850a9-b6cc-4c2c-a609-a7feb945e090,PD,5643580,77753.m4a
77758,98ccf39b-8479-4eff-9a31-83700ae2a9cf,CONTROL,5596947,77758.m4a
77765,75c3f076-214e-4d85-ae66-7f7f39fab0b4,CONTROL,5593057,77765.m4a
77766,75c3f076-214e-4d85-ae66-7f7f39fab0b4,CONTROL,5687724,77766.m4a
77771,112647be-a82d-4a91-aac0-7e0009c89f31,PD,5638444,77771.m4a
77772,27fe6352-b3cc-415e-9e11-40d984cf5447,CONTROL,5651171,77772.m4a
77773,112647be-a82d-4a91-aac0-7e0009c89f31,PD,5656103,77773.m4a
77774,112647be-a82d-4a91-aac0-7e0009c89f31,PD,5654537,77774.m4a
77775,3a6ed86c-aba5-42b5-a896-440d0b259abc,CONTROL,5665115,77775.m4a
77777,3a6ed86c-aba5-42b5-a896-440d0b259abc,CONTROL,5638273,77777.m4a
77778,042f680f-a5a4-4dcb-8d39-ff36ea03b842,PD,5613717,77778.m4a
77781,32953066-8cd4-4b87-a8f0-86f6edc4f9d8,PD,5666037,77781.m4a
77785,bf5e4f56-33b1-4f68-a52a-3ad1d583c01d,PD,5680024,77785.m4a
77815,f26e1ed8-fe2e-4b3d-b58e-f9154c4ec4cd,PD,5676851,77815.m4a
77816,e8bbbf39-3b34-4da9-96e2-d1a485c9f018,PD,5602713,77816.m4a
77819,1db1ed03-b5ea-48ba-a5a6-54936d19639e,PD,5662313,77819.m4a
77838,969107e8-72ca-4566-9c28-a2bd14389f9c,PD,5659854,77838.m4a
77850,c499a6b7-a5b4-4c92-ad5c-905ca29a14d8,PD,5663967,77850.m4a
77851,2e0b096b-04cb-4b7c-b4a0-4dd1970e01cd,CONTROL,5686945,77851.m4a
77853,ad1e80a1-3f36-41cd-87f4-6904d7784538,CONTROL,5631785,77853.m4a
77854,4a650fe2-15f0-416d-8493-c7dc50fe265c,PD,5687126,77854.m4a
77860,9d3c4d4c-ed88-4eaa-be1d-4f2930521915,PD,5682197,77860.m4a
77864,63f638fd-60cf-476f-a32d-14ae1428fbbf,CONTROL,5635641,77864.m4a
77866,77b7c422-bd8d-4e8d-89e6-27fd515e246e,PD,5617825,77866.m4a
77870,7338266b-f89b-437c-bab1-a194e0210928,CONTROL,5603726,77870.m4a
77872,9f57ed84-55ee-4475-b82f-2bd3fda58465,PD,5669664,77872.m4a
77875,e4307a27-1341-4bf2-b6ab-a3a1052396af,PD,5656014,77875.m4a
77876,f165226a-61dc-4f78-9903-d42f08b24a7a,PD,5646826,77876.m4a
77877,9850af88-fdd6-4fe8-8859-24cc2542d135,PD,5612864,77877.m4a
77878,9850af88-fdd6-4fe8-8859-24cc2542d135,PD,5644559,77878.m4a
77879,9850af88-fdd6-4fe8-8859-24cc2542d135,PD,5641070,77879.m4a
77887,924dafc8-6817-45b1-a287-c13cdce07725,CONTROL,5673138,77887.m4a
77891,8963c822-4eb5-45f8-b126-9934a18cc5dc,PD,5832196,77891.m4a
77894,32953066-8cd4-4b87-a8f0-86f6edc4f9d8,PD,5607647,77894.m4a
77897,45edc177-8f7b-425f-8c92-fe6bdf7f17b8,CONTROL,5731378,77897.m4a
77898,d055b291-7227-40f3-9bd6-f6eaa68d5d89,CONTROL,5642775,77898.m4a
77914,d618285b-f99c-4a15-8add-95582b58a9ba,CONTROL,5632849,77914.m4a
77916,b8facca1-8227-48f2-baee-050143d1f13d,PD,5595586,77916.m4a
77930,942f0e3a-f060-4b94-9cef-d12c569b71eb,CONTROL,5624962,77930.m4a
77933,eb5301a9-915a-44d8-96fc-5a7074f07771,CONTROL,5630629,77933.m4a
77935,eb5301a9-915a-44d8-96fc-5a7074f07771,CONTROL,5607233,77935.m4a
77936,1d023258-badf-445a-a297-cdce01f4f239,CONTROL,5668598,77936.m4a
77940,8648d5c3-92bc-4160-835b-34d2d5a80635,CONTROL,5682606,77940.m4a
77942,77b7c422-bd8d-4e8d-89e6-27fd515e246e,PD,5683252,77942.m4a
77950,f7f4a294-3757-45ab-8d75-94e3b06e844f,PD,5592866,77950.m4a
77953,a5a8e48d-9fc7-42eb-a6b0-a510d4f19759,PD,5646794,77953.m4a
77954,04a4c37b-7529-4c28-9429-bd9bec975b80,CONTROL,5677416,77954.m4a
77957,0b493726-27d2-4d21-ad41-91e96772d511,PD,5639269,77957.m4a
77959,57cf2805-e97d-4956-8120-f9c0218b30e6,CONTROL,5671849,77959.m4a
77960,57cf2805-e97d-4956-8120-f9c0218b30e6,CONTROL,5652461,77960.m4a
77963,ab0b71a9-ad46-47fd-b3ef-8b1b83412599,PD,5679210,77963.m4a
77967,f7f4a294-3757-45ab-8d75-94e3b06e844f,PD,5671513,77967.m4a
77968,d0649085-219c-4bc0-a242-4a4b243730cf,CONTROL,5711353,77968.m4a
77970,7f8efe76-f2bc-4084-898b-f3b5eb8e765a,CONTROL,5606765,77970.m4a
77971,f7f4a294-3757-45ab-8d75-94e3b06e844f,PD,5681629,77971.m4a
77972,e378b34a-4e22-4a75-a0fd-808f40595d50,PD,5602576,77972.m4a
77973,7f8efe76-f2bc-4084-898b-f3b5eb8e765a,CONTROL,5597612,77973.m4a
77983,382f867a-8912-473d-940f-1ad3aadf3979,CONTROL,5680422,77983.m4a
77984,8745e5f5-648b-4d46-bc7d-045fa6e2d628,PD,5681704,77984.m4a
77992,52eabdc8-4dd6-4ea5-baad-3822ea01f803,PD,5595855,77992.m4a
77995,f66d5489-3e2a-4274-a3bc-49ff4b243a7e,CONTROL,5666165,77995.m4a
77998,0474a7ea-d0e4-4737-a276-4670a0f2dfc1,PD,5669733,77998.m4a
77999,0474a7ea-d0e4-4737-a276-4670a0f2dfc1,PD,5672379,77999.m4a
78000,0474a7ea-d0e4-4737-a276-4670a0f2dfc1,PD,5617203,78000.m4a
78004,73ee12b6-ade9-43df-8733-0a9fe33a93bf,CONTROL,5614792,78004.m4a
78006,73ee12b6-ade9-43df-8733-0a9fe33a93bf,CONTROL,5624457,78006.m4a
78007,f0b8c1d4-7b4d-487e-a4f1-5f4bf72efed8,PD,5658129,78007.m4a
78008,9508a4ae-0dc7-4997-a656-80224686dfef,CONTROL,5594135,78008.m4a
78009,9508a4ae-0dc7-4997-a656-80224686dfef,CONTROL,5663345,78009.m4a
78015,f059b3a3-74af-417b-a95a-499ad1512863,PD,5653843,78015.m4a
78022,68582509-2528-4401-ae80-fdddd00a8558,PD,5617061,78022.m4a
78031,416a984c-4a94-452b-93be-499c1ac374d6,PD,5650888,78031.m4a
78032,f5667bfd-20ec-448a-8006-4c5254effdbb,CONTROL,5672724,78032.m4a
78034,ad1e80a1-3f36-41cd-87f4-6904d7784538,CONTROL,5630349,78034.m4a
78035,118172c1-fca4-4bde-a5df-e5cc9ebf55a5,CONTROL,5649422,78035.m4a
78037,0da99328-71be-4d6a-862e-ac58f58b90be,CONTROL,5594627,78037.m4a
78061,76b97d73-c239-48b6-a2b6-4172319b561f,CONTROL,5638748,78061.m4a
78068,36d2fd51-1b90-43fc-9076-19b1c5262b0f,PD,5673862,78068.m4a
78079,f27cf98a-3688-44f2-8168-406764406c0b,CONTROL,5665451,78079.m4a
78081,41d13ebc-5fba-46fa-929b-3c99fe57ac18,CONTROL,5614999,78081.m4a
78082,a152bded-d614-4dee-9524-8104fc9ae3b3,CONTROL,5687333,78082.m4a
78089,6f169765-e151-4214-a3de-0c9ed13380cc,CONTROL,5657483,78089.m4a
78093,ad5c8e92-d3d9-4f8b-b6b6-655d7264db0f,CONTROL,5629164,78093.m4a
78104,1eae1a5b-09b7-41ea-9f83-b7cd9f52bc33,CONTROL,5603243,78104.m4a
78112,97144908-a0c7-4349-a743-625e1523e2e2,CONTROL,5655597,78112.m4a
78113,db10e575-9622-4563-aab4-247e8e39b6ac,CONTROL,5677121,78113.m4a
78117,4adfd160-00bc-45f3-886c-b4237c1ee68d,CONTROL,5602095,78117.m4a
78119,db10e575-9622-4563-aab4-247e8e39b6ac,CONTROL,5646919,78119.m4a
78120,8201408e-25e2-45b3-8db1-37ff7d1372f0,CONTROL,5668021,78120.m4a
78122,c61c0b78-7278-4651-8fa2-7c1429ea804c,PD,5671532,78122.m4a
78130,67c1fe71-6821-4d8c-bac2-5ad530f5d30c,CONTROL,5681113,78130.m4a
78133,c17589b0-3d47-427c-b1cd-1399cfd21182,CONTROL,5620400,78133.m4a
78139,67c1fe71-6821-4d8c-bac2-5ad530f5d30c,CONTROL,5641809,78139.m4a
78149,101b307e-910e-4854-9b50-f6624a0e5d67,CONTROL,5687966,78149.m4a
78154,cde001b7-c3f1-4b31-a2a1-049a1bc3f8f5,PD,5669468,78154.m4a
78158,1a2fd9e0-5e4e-4e4b-97aa-6718196bf510,PD,5603276,78158.m4a
78161,0bf76658-be12-424f-9474-b51c63477604,CONTROL,5672811,78161.m4a
78162,0447b73a-3dde-4127-adcf-3a648d9a49b0,CONTROL,5643615,78162.m4a
78167,0bf76658-be12-424f-9474-b51c63477604,CONTROL,5675463,78167.m4a
78169,40e44939-7565-4624-99b7-702e444c6dab,CONTROL,5610589,78169.m4a
78173,fe416e86-d629-4c62-b6cc-973b86f25207,CONTROL,5666081,78173.m4a
78177,cec2d8cc-2753-4b4b-b015-86e7a9cfc20d,CONTROL,5674977,78177.m4a
78178,6ee4c210-3962-4665-ba57-4800d365bdc0,CONTROL,5672529,78178.m4a
78182,4adfd160-00bc-45f3-886c-b4237c1ee68d,CONTROL,5629281,78182.m4a
78184,7533e420-2c4c-4362-a7e1-bc77c46b200e,CONTROL,5657665,78184.m4a
78188,3fc27cea-8cb1-48f3-baca-ff13cfda5ae5,CONTROL,5674056,78188.m4a
78190,3fc27cea-8cb1-48f3-baca-ff13cfda5ae5,CONTROL,5632197,78190.m4a
78194,dc2a9c97-96e5-4461-98a6-8c5aa888a14c,CONTROL,5616404,78194.m4a
78202,47147316-f208-4fd5-a874-ef454d640bb2,CONTROL,5640725,78202.m4a
78203,52eabdc8-4dd6-4ea5-baad-3822ea01f803,PD,5654674,78203.m4a
78210,21e21a2c-e02f-4e8b-a940-27b7946caa45,CONTROL,5663433,78210.m4a
78212,8f273343-f713-4b8a-8d00-7be20a87a21a,CONTROL,5682108,78212.m4a
78218,a2ab2ad8-2d79-4edf-bbbc-04df90197c7d,CONTROL,5635119,78218.m4a
78219,87260798-1ed2-4554-94c0-732aa0de3978,CONTROL,5671668,78219.m4a
78226,8da6f171-e7fd-4680-9f6e-b74106491589,CONTROL,5600186,78226.m4a
78230,4e386464-894f-4e3f-9ad7-7629f53ebb4e,PD,5602887,78230.m4a
78232,4e386464-894f-4e3f-9ad7-7629f53ebb4e,PD,5642330,78232.m4a
78233,4e386464-894f-4e3f-9ad7-7629f53ebb4e,PD,5670724,78233.m4a
78234,5a042459-2e00-42b8-8d3b-75ce277ea854,CONTROL,5662034,78234.m4a
78235,5a042459-2e00-42b8-8d3b-75ce277ea854,CONTROL,5634396,78235.m4a
78240,9d73eb6e-232e-4bbe-98f5-975e50428c80,CONTROL,5601650,78240.m4a
78243,458d73fe-bdc1-4d3b-9a92-6fe7524c8300,CONTROL,5673013,78243.m4a
78255,68582509-2528-4401-ae80-fdddd00a8558,PD,5624234,78255.m4a
78260,2c228219-1b9e-4f1a-9425-a178ea26fc33,CONTROL,5688020,78260.m4a
78267,2257e233-5815-4211-b0f2-7f135d1604b0,PD,5633876,78267.m4a
78269,2c228219-1b9e-4f1a-9425-a178ea26fc33,CONTROL,5609985,78269.m4a
78272,2c51d8bd-49d6-4e20-8030-09dff5fdb5ab,CONTROL,5655425,78272.m4a
78276,925e8166-6d62-42f6-abb7-dfa7f0459786,PD,5611327,78276.m4a
78277,925e8166-6d62-42f6-abb7-dfa7f0459786,PD,5618913,78277.m4a
78278,925e8166-6d62-42f6-abb7-dfa7f0459786,PD,5602869,78278.m4a
78280,389ca576-cff3-4aa4-a276-cd20e1904a2d,CONTROL,5648865,78280.m4a
78287,dd9b1e17-2b68-49ec-8708-3954e3ef2ee2,CONTROL,5681505,78287.m4a
78289,6f99fa6b-b8b7-4eec-94ee-90520a377367,CONTROL,5653336,78289.m4a
78291,3e3dab8f-87e1-42c8-a091-9202fb089a03,PD,5644415,78291.m4a
78295,4b52f3cc-09b7-4ad1-98c4-7a8eb1e9ec74,PD,5681129,78295.m4a
78296,94976ab1-1c1c-4c1f-9508-648cc84e4972,PD,5634277,78296.m4a
78298,5412743d-986b-4574-aecd-54d2775c0a0d,PD,5664989,78298.m4a
78300,7c4546fe-d532-4e65-93e4-52513db37457,CONTROL,5600813,78300.m4a
78302,7c4546fe-d532-4e65-93e4-52513db37457,CONTROL,5687761,78302.m4a
78306,16c47f91-088e-4163-b1e4-03a4e279beda,CONTROL,5659632,78306.m4a
78308,51d8fbee-8daa-4ea4-9be3-ac010dc46362,CONTROL,5651710,78308.m4a
78311,51d8fbee-8daa-4ea4-9be3-ac010dc46362,CONTROL,5604759,78311.m4a
78314,2bf533c5-764d-477b-8b4b-c1a34d6f94ac,CONTROL,5682955,78314.m4a
78323,cddf8d7c-bd2b-4f6d-8b2f-5be21e36fbda,PD,5598110,78323.m4a
78325,cddf8d7c-bd2b-4f6d-8b2f-5be21e36fbda,PD,5630209,78325.m4a
78326,cddf8d7c-bd2b-4f6d-8b2f-5be21e36fbda,PD,5595494,78326.m4a
78348,20698a9d-564e-4848-9ee7-c079c916f036,CONTROL,5617131,78348.m4a
78357,9f6566fa-f6bc-4275-9b9e-709c00124803,CONTROL,5626205,78357.m4a
78361,f96e1363-ff49-4103-89f9-01c87b5cbffc,PD,5684057,78361.m4a
78362,bd9e7cf6-08e2-4efa-a989-d4159225a525,CONTROL,5633343,78362.m4a
78364,f96e1363-ff49-4103-89f9-01c87b5cbffc,PD,5683122,78364.m4a
78370,0d182f3f-1f10-4a3f-9a77-993bd96d8c4d,CONTROL,5664755,78370.m4a
78371,f96e1363-ff49-4103-89f9-01c87b5cbffc,PD,5612518,78371.m4a
78373,e9b23c3f-3d51-4da7-ab41-7e8b70aa05bf,CONTROL,5613371,78373.m4a
78375,e9b23c3f-3d51-4da7-ab41-7e8b70aa05bf,CONTROL,5612880,78375.m4a
78383,4bdfcb1d-6cf3-4210-a962-adb45070202f,CONTROL,5631665,78383.m4a
78388,62669fa1-7944-495f-b3a9-de9d9e256370,CONTROL,5685137,78388.m4a
78394,e2bb24dd-9a10-4891-9fa4-4de959b8a983,CONTROL,5647500,78394.m4a
78395,f2ceaa43-3abf-43bc-9510-bf22708317a8,CONTROL,5620161,78395.m4a
78396,6ec4af03-1c9d-4af7-ab7d-69f76aa0cd96,CONTROL,5678967,78396.m4a
78401,6ec4af03-1c9d-4af7-ab7d-69f76aa0cd96,CONTROL,5677589,78401.m4a
78404,c20dc2a9-e546-492c-98d1-30fab3db857d,CONTROL,5634890,78404.m4a
78407,fd12c696-a503-460f-9fad-7582b936532d,CONTROL,5605490,78407.m4a
78409,31bdb33e-1526-4c7a-886d-0e25ade587f2,CONTROL,5630548,78409.m4a
78411,31bdb33e-1526-4c7a-886d-0e25ade587f2,CONTROL,5635312,78411.m4a
78414,4bcafc98-40d0-49d8-8082-0b1e5d7f5db7,CONTROL,5671305,78414.m4a
78420,eb7f03f5-d4e1-4bf5-b73a-3ce5b8559d7b,CONTROL,5643772,78420.m4a
78422,5ca7b95c-7aab-48c9-a4c2-ff01609bd3ea,CONTROL,5681359,78422.m4a
78424,f9741526-19a5-484a-9d99-d2701c5cc5fd,CONTROL,5623966,78424.m4a
78427,6042a7cf-29e1-4c44-80e8-7f456a3057b0,CONTROL,5655971,78427.m4a
78428,5c81a69a-78a8-4aba-80c2-7bb237358474,CONTROL,5688559,78428.m4a
78429,8e083ab1-c4c4-4d71-9788-0f4e8c8090b8,PD,5619865,78429.m4a
78430,5c81a69a-78a8-4aba-80c2-7bb237358474,CONTROL,5600052,78430.m4a
78437,fd228a13-1902-4b6e-b522-7342e7842607,PD,5677072,78437.m4a
78439,fd228a13-1902-4b6e-b522-7342e7842607,PD,5669930,78439.m4a
78440,fd228a13-1902-4b6e-b522-7342e7842607,PD,5624605,78440.m4a
78441,c48f6610-3404-4e48-8569-590b25e28cf6,CONTROL,5685427,78441.m4a
78444,916b304f-2392-4134-9f2d-0bad3fde3173,PD,5648706,78444.m4a
78445,057f125d-ada6-4c87-8da2-02a05e8819de,CONTROL,5685016,78445.m4a
78448,67c240ec-1b18-4b8c-b1c3-c5f6baf159d1,CONTROL,5625506,78448.m4a
78449,74d79108-f673-451a-a490-c295abebbef2,CONTROL,5629038,78449.m4a
78450,74d79108-f673-451a-a490-c295abebbef2,CONTROL,5617658,78450.m4a
78451,5e8b23b2-e722-4dfe-9aa4-56a14d371065,PD,5625337,78451.m4a
78454,5e8b23b2-e722-4dfe-9aa4-56a14d371065,PD,5649323,78454.m4a
78455,5e8b23b2-e722-4dfe-9aa4-56a14d371065,PD,5672945,78455.m4a
78459,17290204-8d8b-417b-959d-919c69ff3a01,PD,5672480,78459.m4a
78460,2a6cf15a-e085-413a-ac40-f4207bae876d,CONTROL,5655875,78460.m4a
78461,17290204-8d8b-417b-959d-919c69ff3a01,PD,5633234,78461.m4a
78463,17290204-8d8b-417b-959d-919c69ff3a01,PD,5660395,78463.m4a
78465,f3c14b85-0b4f-40b5-8cb8-9dd40a88ec6d,CONTROL,5620897,78465.m4a
78467,530bc9ed-d545-4252-9660-2ce2f916a9bd,PD,5632087,78467.m4a
78473,28834fc7-cfbc-4df0-9de8-97768dedad64,CONTROL,5680691,78473.m4a
78474,28834fc7-cfbc-4df0-9de8-97768dedad64,CONTROL,5591287,78474.m4a
78477,1c706340-8d72-46c5-a33c-689342eea18b,CONTROL,5675291,78477.m4a
78479,1c706340-8d72-46c5-a33c-689342eea18b,CONTROL,5687125,78479.m4a
78480,41d014e6-74f5-49e3-aea2-6b4e112289b1,CONTROL,5669834,78480.m4a
78486,49ff048c-ae46-4c71-acd6-7378dd0a75bf,CONTROL,5688775,78486.m4a
78489,49ff048c-ae46-4c71-acd6-7378dd0a75bf,CONTROL,5664839,78489.m4a
78492,63c50583-8b64-482d-960d-93a8ec34883f,CONTROL,5653306,78492.m4a
78493,869e79c0-48a1-4c5a-8ae1-bd2d4cb7190f,CONTROL,5662641,78493.m4a
78496,869e79c0-48a1-4c5a-8ae1-bd2d4cb7190f,CONTROL,5614585,78496.m4a
78499,f6d965ec-7fe2-4cf2-bd6a-bfbd3501e0d4,CONTROL,5608789,78499.m4a
78500,8056c5c2-18fb-4778-808d-497bb6cf6c1b,CONTROL,5663024,78500.m4a
78501,e71d2255-e198-4853-9c47-128edf76a7ca,CONTROL,5660114,78501.m4a
78502,8fa4ab20-b261-454a-aaf7-ae388028a7bb,PD,5634592,78502.m4a
78503,f6d965ec-7fe2-4cf2-bd6a-bfbd3501e0d4,CONTROL,5666669,78503.m4a
78508,5ccd273c-7e70-4d9f-8797-69eb2f41b649,CONTROL,5678134,78508.m4a
78512,8056c5c2-18fb-4778-808d-497bb6cf6c1b,CONTROL,5674633,78512.m4a
78514,5ccd273c-7e70-4d9f-8797-69eb2f41b649,CONTROL,5591646,78514.m4a
78516,6a3f969c-089f-4d10-b6a8-268ac23da2a2,CONTROL,5686997,78516.m4a
78518,6a3f969c-089f-4d10-b6a8-268ac23da2a2,CONTROL,5688796,78518.m4a
78522,6e668775-4ee9-4141-bad6-0ad358955832,CONTROL,5605775,78522.m4a
78523,eb4b9327-8557-4fa6-9248-df8382ef0222,CONTROL,5630667,78523.m4a
78524,b16e8a07-9d59-4db6-9789-05ccc2c21a12,CONTROL,5602861,78524.m4a
78525,eb4b9327-8557-4fa6-9248-df8382ef0222,CONTROL,5663830,78525.m4a
78528,a876a02d-af46-4fc1-a2bd-f76440a3ab4e,CONTROL,5655813,78528.m4a
78532,0b493726-27d2-4d21-ad41-91e96772d511,PD,5646704,78532.m4a
78533,7b3ee707-e003-422a-a938-b8cdb79daa4b,CONTROL,5679721,78533.m4a
78539,7b3ee707-e003-422a-a938-b8cdb79daa4b,CONTROL,5630423,78539.m4a
78544,94de7c66-ef6e-4e7c-baae-c1c0da67cb2c,CONTROL,5619952,78544.m4a
78552,a01e6b0f-a069-457f-879c-cfda42c6f6e2,CONTROL,5628740,78552.m4a
78555,942f501b-e2f6-4afa-9f56-f2d8ea070570,CONTROL,5613297,78555.m4a
78557,a7e739b7-8058-4790-9448-24edda4224a6,CONTROL,5604822,78557.m4a
78559,942f501b-e2f6-4afa-9f56-f2d8ea070570,CONTROL,5662333,78559.m4a
78560,fa03cf5f-c793-4e4c-b87f-6a7b0c9c30ab,PD,5663396,78560.m4a
78562,fa03cf5f-c793-4e4c-b87f-6a7b0c9c30ab,PD,5673983,78562.m4a
78563,ed54c38c-3688-4ea3-a9d9-db0d1c5e0e35,CONTROL,5645054,78563.m4a
78567,7025460b-53d5-4b59-8c81-f411454bd2c5,CONTROL,5639880,78567.m4a
78569,fa03cf5f-c793-4e4c-b87f-6a7b0c9c30ab,PD,5657636,78569.m4a
78577,c61c0b78-7278-4651-8fa2-7c1429ea804c,PD,5635844,78577.m4a
78578,3da1ee48-8a97-4296-98b8-72c2ae6b2bbd,CONTROL,5623274,78578.m4a
78579,a7e739b7-8058-4790-9448-24edda4224a6,CONTROL,5676467,78579.m4a
78583,b570bc6e-6a81-4545-b27e-735746c8e922,CONTROL,5649714,78583.m4a
78587,48c02c4f-0523-4753-bcf1-68d07bebc885,CONTROL,5643379,78587.m4a
78592,dca22a25-9b8f-4868-a290-9b9f4bb6a242,CONTROL,5640895,78592.m4a
78593,7025460b-53d5-4b59-8c81-f411454bd2c5,CONTROL,5614216,78593.m4a
78595,1dc854f6-fcee-44b5-8ede-53ae96611d8d,CONTROL,5673719,78595.m4a
78605,544335a9-ca0a-4d72-ba53-04c9a67789b8,PD,5657445,78605.m4a
78614,5b4115a0-8bd8-46ca-9835-db4517e762b6,PD,5664321,78614.m4a
78615,1dc854f6-fcee-44b5-8ede-53ae96611d8d,CONTROL,5606529,78615.m4a
78619,efc34fa3-d679-43e5-a469-966346ad969a,CONTROL,5684430,78619.m4a
78621,efc34fa3-d679-43e5-a469-966346ad969a,CONTROL,5688318,78621.m4a
78628,4b4834ae-88d3-493f-ac12-e9577dd1c135,PD,5671552,78628.m4a
78630,4b4834ae-88d3-493f-ac12-e9577dd1c135,PD,5630221,78630.m4a
78632,4b4834ae-88d3-493f-ac12-e9577dd1c135,PD,5595405,78632.m4a
78634,9b42ac70-3848-403e-9d82-0866d04e3517,CONTROL,5638760,78634.m4a
78636,9b42ac70-3848-403e-9d82-0866d04e3517,CONTROL,5673611,78636.m4a
78638,146bbe75-ff8f-4b31-a887-710db7ad4883,CONTROL,5685580,78638.m4a
78645,b4b0028f-bd8e-4e25-8da2-64252f48c827,PD,5640749,78645.m4a
78646,0a623a36-ea3e-4557-9579-ae960c77f4d7,CONTROL,5635821,78646.m4a
78647,faa727d6-4756-46cc-b8b4-a1c6511f6ab2,CONTROL,5687506,78647.m4a
78649,60984b68-50d7-4327-8191-3e2f7446f159,CONTROL,5609113,78649.m4a
78654,fd1016e9-b57b-4545-992c-f2cb9d747ebf,CONTROL,5666446,78654.m4a
78663,faeab8f9-5e6b-48ef-8e87-3cc7e6da3e5f,PD,5670153,78663.m4a
78666,d99db9d4-8fba-4c74-b3e4-25c1c7b844c7,CONTROL,5679376,78666.m4a
78670,ad79d5fd-8084-405e-8a7a-c5c2cb718c04,CONTROL,5653099,78670.m4a
78674,3b96ed25-a60b-4fcd-a734-4bf3cae6f4bb,CONTROL,5680012,78674.m4a
78676,7a52a4fc-ae1d-491e-b845-b2e2d32b6dc8,CONTROL,5716257,78676.m4a
78677,ad79d5fd-8084-405e-8a7a-c5c2cb718c04,CONTROL,5629923,78677.m4a
78687,56b11012-e64d-47d3-8d7b-95dae6054a09,CONTROL,5633749,78687.m4a
78695,82f5d99a-9552-493a-87a7-54c2d175bfd3,CONTROL,5652837,78695.m4a
78707,682462a0-fc95-4c31-88db-7b00160a5b1d,CONTROL,5600729,78707.m4a
78710,1674dd81-f945-4857-8f0d-71f8f61127b1,PD,5596894,78710.m4a
78712,050f63ed-57ea-4e59-8a08-07249afa01a6,CONTROL,5633780,78712.m4a
78713,32953066-8cd4-4b87-a8f0-86f6edc4f9d8,PD,5684626,78713.m4a
78715,682462a0-fc95-4c31-88db-7b00160a5b1d,CONTROL,5650499,78715.m4a
78724,560b7d59-2678-4b0b-bd6a-d435c09edf2a,PD,5631079,78724.m4a
78731,00e81f46-311d-401a-9e95-a421b02aaa5e,CONTROL,5661482,78731.m4a
78733,00e81f46-311d-401a-9e95-a421b02aaa5e,CONTROL,5595144,78733.m4a
78738,cbe869f1-f6a1-43b3-a555-1a3c9aa4fd85,PD,5613793,78738.m4a
78741,834e5897-9cc8-4be2-a952-c6c852280790,CONTROL,5594648,78741.m4a
78743,834e5897-9cc8-4be2-a952-c6c852280790,CONTROL,5652593,78743.m4a
78744,abeb32ab-2697-44da-9b51-4dba08518851,CONTROL,5624471,78744.m4a
78747,8c2ffe5d-3b05-4424-a60d-c628a9c5bd0d,CONTROL,5632299,78747.m4a
78748,8c2ffe5d-3b05-4424-a60d-c628a9c5bd0d,CONTROL,5681590,78748.m4a
78753,90936325-2390-4c9f-9d82-3a4d11524969,PD,5657067,78753.m4a
78754,231df342-0e8e-44a5-bcf0-84160fe30d78,CONTROL,5675860,78754.m4a
78755,a5951aaf-e67c-4835-81fb-5c41c90b9db2,CONTROL,5687029,78755.m4a
78758,a7a72d62-8a0b-44f4-8a95-cb0bed24658c,PD,5656315,78758.m4a
78760,cd769996-6281-44b2-b36b-f0eeb94fa0a5,PD,5663669,78760.m4a
78762,1208fde4-dec9-4e1f-9a2b-354fd599aa2d,CONTROL,5612912,78762.m4a
78764,1208fde4-dec9-4e1f-9a2b-354fd599aa2d,CONTROL,5606876,78764.m4a
78768,95c9fd9a-e794-4e46-b64f-f6099f843413,CONTROL,5668152,78768.m4a
78770,95c9fd9a-e794-4e46-b64f-f6099f843413,CONTROL,5603283,78770.m4a
78778,2b262b6f-c507-4a58-a117-b23e379b085c,PD,5612923,78778.m4a
78789,01b21550-2c5d-4b37-8a95-8d949beaf22e,CONTROL,5688241,78789.m4a
78792,09cae8c0-8ed7-409e-9ed1-b4589efce0a6,CONTROL,5593495,78792.m4a
78793,09cae8c0-8ed7-409e-9ed1-b4589efce0a6,CONTROL,5684444,78793.m4a
78797,a2d96fb5-7d9b-4594-a22d-0d769958a678,CONTROL,5632622,78797.m4a
78802,a2d96fb5-7d9b-4594-a22d-0d769958a678,CONTROL,5640043,78802.m4a
78803,5fdfdf9d-0f20-431d-87bb-23dc98dfb01f,CONTROL,5592597,78803.m4a
78805,90936325-2390-4c9f-9d82-3a4d11524969,PD,5663897,78805.m4a
78806,2b1f8af1-c928-4ca5-a240-fdd3ef6ead98,PD,5599857,78806.m4a
78810,26b15140-2acf-4180-8283-f3acef5501b6,PD,5618364,78810.m4a
78815,f0b8c1d4-7b4d-487e-a4f1-5f4bf72efed8,PD,5650488,78815.m4a
78817,29b09de5-08e5-498b-bcc5-49db89eff063,CONTROL,5685196,78817.m4a
78818,5fdfdf9d-0f20-431d-87bb-23dc98dfb01f,CONTROL,5619085,78818.m4a
78819,29b09de5-08e5-498b-bcc5-49db89eff063,CONTROL,5678273,78819.m4a
78821,03eba1ac-46ec-45a8-9321-2d5b80bf3a32,CONTROL,5638883,78821.m4a
78826,d364731a-0a45-42eb-81bf-948da4b33f6e,CONTROL,5631954,78826.m4a
78827,52ff7b23-a852-4366-ba0f-3b3ee65851e4,CONTROL,5633925,78827.m4a
78829,d364731a-0a45-42eb-81bf-948da4b33f6e,CONTROL,5684461,78829.m4a
78830,52ff7b23-a852-4366-ba0f-3b3ee65851e4,CONTROL,5613959,78830.m4a
78834,343dd9a3-0e1b-4cf5-9ea8-17ebb75a6498,CONTROL,5669378,78834.m4a
78835,133cfe9b-8ce6-46d7-8b0f-bd724f718fbf,CONTROL,5644666,78835.m4a
78837,343dd9a3-0e1b-4cf5-9ea8-17ebb75a6498,CONTROL,5630123,78837.m4a
78840,10b5afed-56d3-4099-b169-37ad36972695,CONTROL,5643992,78840.m4a
78846,2d93640c-773c-4c6d-93b7-1e07dafa988c,CONTROL,5637674,78846.m4a
78847,2d93640c-773c-4c6d-93b7-1e07dafa988c,CONTROL,5647206,78847.m4a
78850,5d93c8b8-af77-4a48-a124-8fccab62d8e1,CONTROL,5607045,78850.m4a
78851,08464e37-e976-4356-922e-915e04ba00f8,CONTROL,5613920,78851.m4a
78853,32145922-132a-4ac6-a774-8569a422acc6,CONTROL,5663515,78853.m4a
78854,32145922-132a-4ac6-a774-8569a422acc6,CONTROL,5636939,78854.m4a
78857,632f046f-f527-4210-8891-44b0d3ab4624,PD,5671897,78857.m4a
78859,894ba5b8-f335-45e1-afc1-1367747e31cf,CONTROL,5647562,78859.m4a
78864,595d2447-66e4-42de-aeef-fefb7381213b,CONTROL,5621572,78864.m4a
78865,f30d09f6-9d7a-43bf-8374-49cd1038bd00,CONTROL,5684585,78865.m4a
78866,cd20e2bc-b2a0-4cab-9b49-cff24d38a652,CONTROL,5656899,78866.m4a
78870,894ba5b8-f335-45e1-afc1-1367747e31cf,CONTROL,5652878,78870.m4a
78873,5803b4c7-f778-4dc2-92ef-9acf5e7f2884,CONTROL,5633211,78873.m4a
78875,33af3952-6836-49d7-85a2-87a349e2bf72,CONTROL,5619408,78875.m4a
78878,3b5de131-3675-450f-9b29-3d1c68a88abc,CONTROL,5672782,78878.m4a
78890,20ba0bd7-d882-44b6-b48f-0b15ff55b5d5,CONTROL,5665973,78890.m4a
78892,380974f8-eb35-45be-bc50-54890bb3256b,CONTROL,5608444,78892.m4a
78893,f51c479d-f03f-4e4f-90e9-7127cfe0882e,CONTROL,5595024,78893.m4a
78895,380974f8-eb35-45be-bc50-54890bb3256b,CONTROL,5604746,78895.m4a
78896,20ba0bd7-d882-44b6-b48f-0b15ff55b5d5,CONTROL,5624271,78896.m4a
78898,93b9492c-13bf-40be-93bb-e88778cedeec,PD,5638299,78898.m4a
78899,1376ca30-9d34-4cba-a06e-05fa9ee5842c,PD,5686087,78899.m4a
78900,93b9492c-13bf-40be-93bb-e88778cedeec,PD,5685857,78900.m4a
78901,93b9492c-13bf-40be-93bb-e88778cedeec,PD,5651579,78901.m4a
78904,2ab096cf-2941-406d-88cb-788b073c26ca,PD,5639998,78904.m4a
78907,27d8f54c-985c-4c71-bd1b-e3a25a464e67,CONTROL,5668053,78907.m4a
78908,b88cd5df-1cf0-4012-9156-818639c32dfc,CONTROL,5649116,78908.m4a
78909,20698a9d-564e-4848-9ee7-c079c916f036,CONTROL,5614024,78909.m4a
78914,4c6e6e09-93a3-4179-a53f-2af276d79b51,CONTROL,5667227,78914.m4a
78915,f26e1ed8-fe2e-4b3d-b58e-f9154c4ec4cd,PD,5673966,78915.m4a
78919,dfcb8322-c7f6-4151-93c6-8c96588c8acf,CONTROL,5687117,78919.m4a
78920,2272dc1b-c40d-417b-bb62-8b051b1de196,CONTROL,5660941,78920.m4a
78921,2272dc1b-c40d-417b-bb62-8b051b1de196,CONTROL,5662694,78921.m4a
78925,de61ada8-ff6b-4b0e-a11b-cd9f7a5d721b,PD,5610410,78925.m4a
78926,f30d09f6-9d7a-43bf-8374-49cd1038bd00,CONTROL,5651212,78926.m4a
78927,bb906c92-0363-47f2-9ecc-ca5588df5c7b,CONTROL,5660394,78927.m4a
78928,2e4db7fe-7583-41af-923b-a350815ff06a,CONTROL,5687152,78928.m4a
78929,373f7ffa-84e4-4e9f-b75a-3d8409af6f76,PD,5617666,78929.m4a
78930,9d478389-f02d-47a0-bb1e-c226bac23030,PD,5979438,78930.m4a
78932,9d478389-f02d-47a0-bb1e-c226bac23030,PD,5978072,78932.m4a
78933,06f0004d-7853-4bef-9eb6-c55fa65ea701,CONTROL,5641383,78933.m4a
78938,600c1d03-2840-4818-a707-3e831ba6bf4a,PD,5613115,78938.m4a
78943,2487d31c-5db3-4e64-9434-cc10e5f3d1f4,CONTROL,5688773,78943.m4a
78946,75e16764-2272-4d4c-955b-2ecb34b15442,PD,5641880,78946.m4a
78956,ba2faeb8-1221-4544-a434-fc6a83e0027a,CONTROL,5592258,78956.m4a
78957,5f59f2c3-c3ce-4b81-a627-0473967b422d,CONTROL,5717076,78957.m4a
78962,30889da2-ebce-4679-aa59-66281d0b1407,CONTROL,5667666,78962.m4a
78966,373f7ffa-84e4-4e9f-b75a-3d8409af6f76,PD,5706233,78966.m4a
78967,373f7ffa-84e4-4e9f-b75a-3d8409af6f76,PD,5600111,78967.m4a
78970,d64134ef-4749-4f95-b881-8d16f3d770a6,CONTROL,5639954,78970.m4a
78971,e276b537-f7ab-4a5e-9d50-7d7780663b85,PD,5651627,78971.m4a
78972,bb97f3f3-0a92-478c-ab43-7514587c86e4,CONTROL,5640534,78972.m4a
78974,e276b537-f7ab-4a5e-9d50-7d7780663b85,PD,5673446,78974.m4a
78977,e276b537-f7ab-4a5e-9d50-7d7780663b85,PD,5676573,78977.m4a
78978,825e42d9-7749-40bd-971f-6d68e6b10a57,CONTROL,5636226,78978.m4a
78987,812fe6da-4802-46dd-a531-accfed1a9683,CONTROL,5610288,78987.m4a
78991,812fe6da-4802-46dd-a531-accfed1a9683,CONTROL,5664026,78991.m4a
78995,8fed26f5-2b44-485e-a68c-c0fd670f9ad8,PD,5590376,78995.m4a
79000,8fed26f5-2b44-485e-a68c-c0fd670f9ad8,PD,5632266,79000.m4a
79002,11e3a69b-80b6-49be-8089-ce19071443a1,CONTROL,5652965,79002.m4a
79006,76f80e39-f360-4ce6-92a3-88ba11b630cc,CONTROL,5627657,79006.m4a
79018,76f80e39-f360-4ce6-92a3-88ba11b630cc,CONTROL,5640019,79018.m4a
79019,8a4780f3-efdb-42cc-8f8f-63cf3a92e5b4,CONTROL,5667060,79019.m4a
79021,6d0c10f2-c149-4993-901d-270a275476a2,PD,5676493,79021.m4a
79028,49ed3132-2df7-4c84-a74a-2fbe9d35d112,CONTROL,5664472,79028.m4a
79030,dfe7c492-d11f-466e-9432-f39fd4755dd7,CONTROL,5686871,79030.m4a
79031,49ed3132-2df7-4c84-a74a-2fbe9d35d112,CONTROL,5632421,79031.m4a
79032,ef4d1e5f-eb30-4bf0-8a2b-9d2c857a35b6,CONTROL,5675919,79032.m4a
79033,dfe7c492-d11f-466e-9432-f39fd4755dd7,CONTROL,5664050,79033.m4a
79035,8f010044-9f83-4b71-b977-7ac491b552d2,CONTROL,5625824,79035.m4a
79041,2974bea0-3aa2-4a00-9f32-6d5856e62829,PD,5615078,79041.m4a
79045,3c276970-26c7-4b3d-9765-5336032f1853,CONTROL,5673000,79045.m4a
79048,cbe869f1-f6a1-43b3-a555-1a3c9aa4fd85,PD,5640694,79048.m4a
79051,cbe869f1-f6a1-43b3-a555-1a3c9aa4fd85,PD,5662935,79051.m4a
79054,f8f278e6-b2f0-458b-a27e-a03a1f533aa4,CONTROL,5592352,79054.m4a
79056,f8f278e6-b2f0-458b-a27e-a03a1f533aa4,CONTROL,5592009,79056.m4a
79071,5a72bd77-fcb3-4440-a550-b4344c864822,CONTROL,5651896,79071.m4a
79072,c2d50300-7ee3-46ab-91ab-91979a4a7b0d,PD,5680511,79072.m4a
79074,f3f7332a-725c-4c0f-afae-1d53128972e8,PD,5648541,79074.m4a
79076,f3f7332a-725c-4c0f-afae-1d53128972e8,PD,5648738,79076.m4a
79077,d2e31812-23f5-4db4-8a4c-2c07a03d242a,CONTROL,5657670,79077.m4a
79078,f3f7332a-725c-4c0f-afae-1d53128972e8,PD,5621214,79078.m4a
79086,07d38bb9-1c72-41e0-8891-20f9508f842f,CONTROL,5642466,79086.m4a
79090,685e3773-5fb4-4d66-aa43-406929c29864,PD,5613469,79090.m4a
79099,07d38bb9-1c72-41e0-8891-20f9508f842f,CONTROL,5640334,79099.m4a
79103,843794e6-8c09-4afe-b833-7f8cc30ab90e,CONTROL,5659081,79103.m4a
79104,e2e16975-9b9d-4475-9803-4bf3189a1dd1,CONTROL,5601582,79104.m4a
79106,e2e16975-9b9d-4475-9803-4bf3189a1dd1,CONTROL,5671415,79106.m4a
79111,2e0b096b-04cb-4b7c-b4a0-4dd1970e01cd,CONTROL,5659200,79111.m4a
79120,f23015b6-efd4-4d84-b28d-e4edb7ca7800,CONTROL,5608761,79120.m4a
79121,cec69080-0311-410b-9d00-8088d21ccc08,PD,5667016,79121.m4a
79122,133cfe9b-8ce6-46d7-8b0f-bd724f718fbf,CONTROL,5635932,79122.m4a
79129,a87799e9-27fa-4f89-941b-85140c046b77,CONTROL,5684735,79129.m4a
79131,8fb77ac8-2a95-46d7-98c0-5148ac91cbb1,CONTROL,5657820,79131.m4a
79132,26a8f8e8-b0b4-4251-82ff-94ee9a5961e5,PD,5598231,79132.m4a
79135,960f2136-c018-4127-ad43-e6ba887da310,CONTROL,5665966,79135.m4a
79141,c93a57bf-f1af-4a08-a9d9-9d36c84b6bfd,CONTROL,5645762,79141.m4a
79142,95ab6dda-192a-41f7-81ce-aa37ea6f25f6,CONTROL,5591857,79142.m4a
79146,5406ea75-329b-42e0-95f1-1b23c40b2a3b,PD,5592314,79146.m4a
79149,1a38dca5-145a-413b-86cd-86fa9f6802ff,PD,5659557,79149.m4a
79151,428d6cd7-4076-4a3d-9124-97e42dc9ee66,PD,5652473,79151.m4a
79152,721d67a8-4d85-4782-b474-c2654a7a10c6,PD,5605315,79152.m4a
79153,721d67a8-4d85-4782-b474-c2654a7a10c6,PD,5671164,79153.m4a
79154,721d67a8-4d85-4782-b474-c2654a7a10c6,PD,5652243,79154.m4a
79155,5406ea75-329b-42e0-95f1-1b23c40b2a3b,PD,5668350,79155.m4a
79156,6f44ba4b-ca1e-42e8-b25d-4dc9e508bd16,CONTROL,5625713,79156.m4a
79163,e0c58ab7-5ba1-4e60-a3b7-9c28a4e74f69,PD,5632221,79163.m4a
79168,1137bf6f-92b4-426f-acd5-87fcaacee4c1,PD,5648893,79168.m4a
79170,fd12c696-a503-460f-9fad-7582b936532d,CONTROL,5684714,79170.m4a
79172,b8630166-2466-4e56-b898-2a7fec8d3a46,CONTROL,5627510,79172.m4a
79174,1137bf6f-92b4-426f-acd5-87fcaacee4c1,PD,5679895,79174.m4a
79175,1137bf6f-92b4-426f-acd5-87fcaacee4c1,PD,5619160,79175.m4a
79177,ab0b71a9-ad46-47fd-b3ef-8b1b83412599,PD,5670451,79177.m4a
79179,0bb921f5-1fb8-4917-89e7-1f964b9b7689,CONTROL,5676559,79179.m4a
79187,e957cdba-6c0c-46fe-9007-681cf589a98e,CONTROL,5608585,79187.m4a
79188,0bb921f5-1fb8-4917-89e7-1f964b9b7689,CONTROL,5677837,79188.m4a
79191,e957cdba-6c0c-46fe-9007-681cf589a98e,CONTROL,5676847,79191.m4a
79197,ec138adc-9353-42f5-a554-890a1d57518e,CONTROL,5661641,79197.m4a
79201,f3c4c94d-592e-4ac4-8929-cff596860c06,CONTROL,5653092,79201.m4a
79202,48268a8e-9888-48ec-a48d-6e4e8f25fd88,PD,5630074,79202.m4a
79203,f3c4c94d-592e-4ac4-8929-cff596860c06,CONTROL,5638733,79203.m4a
79214,0b95e050-a6d1-433c-80d6-1573a9457da0,PD,5639583,79214.m4a
79216,641fdb53-87bb-499a-9528-89de054f7b10,CONTROL,5595208,79216.m4a
79217,641fdb53-87bb-499a-9528-89de054f7b10,CONTROL,5687121,79217.m4a
79220,c863c364-886a-4687-8fe4-4f8a983507c4,CONTROL,5635788,79220.m4a
79222,bfc6a0de-b8d7-4b3c-b903-2acc04175df5,CONTROL,5616867,79222.m4a
79223,789421f2-f18e-4791-88c6-39f1da6aff9f,CONTROL,5667490,79223.m4a
79228,22fa2c34-0913-44ff-93ac-2a14da3a9c77,PD,5670448,79228.m4a
79229,789421f2-f18e-4791-88c6-39f1da6aff9f,CONTROL,5671122,79229.m4a
79231,246ac357-d32a-495c-a20f-cf13d51ecdc6,CONTROL,5671112,79231.m4a
79234,246ac357-d32a-495c-a20f-cf13d51ecdc6,CONTROL,5593655,79234.m4a
79238,0fea9288-0568-4c3b-9030-c1cc75e917f1,CONTROL,5677495,79238.m4a
79241,35f49ff7-4a81-4098-8eba-2ca8e2ef4b9f,CONTROL,5669202,79241.m4a
79242,35f49ff7-4a81-4098-8eba-2ca8e2ef4b9f,CONTROL,5614587,79242.m4a
79244,dd067f25-336a-47f3-9122-08c31a1c0afe,PD,5709353,79244.m4a
79245,e7045566-3b35-4466-9328-d98e6798d6c2,PD,5615923,79245.m4a
79249,0d17e3b4-aa93-428d-b0b8-c4526cb34003,CONTROL,5605658,79249.m4a
79250,4cf597f3-e118-4c2f-87b3-af476755e174,CONTROL,5657758,79250.m4a
79253,cc1d7dc0-a029-4463-86d1-355facf4737f,CONTROL,5600360,79253.m4a
79256,492bc3a7-cc91-4da5-a368-5beac78dacfd,CONTROL,5609916,79256.m4a
79258,2bfd6546-ea0d-43aa-b316-f77e9c7882ae,CONTROL,5684858,79258.m4a
79261,efcf9116-6643-465b-8168-cbbb51fae35d,PD,5649349,79261.m4a
79263,0b63c4b2-c7d6-4ba7-b7c0-ce6c9d1f71c7,CONTROL,5687476,79263.m4a
79265,61ebd486-3ce1-48f4-a31b-2993d7793832,PD,5681963,79265.m4a
79266,3dac38f6-abbb-465d-9114-7b4cfae5ed25,CONTROL,5675697,79266.m4a
79269,61ebd486-3ce1-48f4-a31b-2993d7793832,PD,5651985,79269.m4a
79271,0ccede7f-b8e7-4030-aad7-0c9a47e80639,PD,5641631,79271.m4a
79272,93f5051f-d649-43e7-a123-bb0388647e78,CONTROL,5614858,79272.m4a
79273,3b85d532-0056-498f-88ba-c0701329a0ad,PD,5594669,79273.m4a
79275,f6001990-d65a-4ed7-82db-2aac956b9426,CONTROL,5617916,79275.m4a
79278,f6001990-d65a-4ed7-82db-2aac956b9426,CONTROL,5635187,79278.m4a
79279,3b85d532-0056-498f-88ba-c0701329a0ad,PD,5653311,79279.m4a
79281,6b77a799-22ea-4c8d-9a56-4b3fe448bdfd,CONTROL,5679021,79281.m4a
79282,3b85d532-0056-498f-88ba-c0701329a0ad,PD,5657890,79282.m4a
79284,1b660ba9-e247-46d5-a145-35703a04299d,CONTROL,5614060,79284.m4a
79288,60984b68-50d7-4327-8191-3e2f7446f159,CONTROL,5633160,79288.m4a
79291,55afa0e5-5c29-42eb-b414-78541f913f5c,CONTROL,5660333,79291.m4a
79292,190a0cc1-4a11-405d-8d84-1001340dbefd,CONTROL,5638873,79292.m4a
79296,190a0cc1-4a11-405d-8d84-1001340dbefd,CONTROL,5611156,79296.m4a
79299,d488f5f0-220d-4740-b0f3-1fb31f87a8a8,CONTROL,5603439,79299.m4a
79302,d488f5f0-220d-4740-b0f3-1fb31f87a8a8,CONTROL,5650872,79302.m4a
79305,6b77a799-22ea-4c8d-9a56-4b3fe448bdfd,CONTROL,5676688,79305.m4a
79308,8c975cf9-78f4-420e-8a49-26588e5dae90,CONTROL,5648605,79308.m4a
79312,1a2fd9e0-5e4e-4e4b-97aa-6718196bf510,PD,5593805,79312.m4a
79314,dfe2079e-d916-4fd7-a76f-b2c1d51607df,PD,5604888,79314.m4a
79322,45219f4a-1f40-4bbf-81fc-6a37f167c1ca,CONTROL,5718176,79322.m4a
79323,07d82643-7390-47c2-bf09-a986c20e1e56,CONTROL,5627866,79323.m4a
79325,07d82643-7390-47c2-bf09-a986c20e1e56,CONTROL,5621075,79325.m4a
79326,345d5693-ce72-486d-9f66-0374e5a10ff5,CONTROL,5647770,79326.m4a
79338,a7eb04ff-dd62-4033-88a1-90ceec6a934b,CONTROL,5686430,79338.m4a
79340,5afeffab-a95c-4059-a2f9-3c272c69bef1,CONTROL,5640554,79340.m4a
79341,2073a54c-e5f8-484e-86d9-75bed4207a85,CONTROL,5669836,79341.m4a
79342,b9ccd441-08fe-4e0c-9d84-cf8e5728d6d5,PD,5683714,79342.m4a
79344,d35324e0-21be-4c7c-b1b4-00306c334615,CONTROL,5605788,79344.m4a
79345,ce5cb455-f71f-4727-94d5-13f860bf4ce0,PD,5597475,79345.m4a
79349,d35324e0-21be-4c7c-b1b4-00306c334615,CONTROL,5671900,79349.m4a
79350,1c483aa8-f37c-4a6c-aab6-f85a55337756,CONTROL,5639597,79350.m4a
79360,f3540bd0-52f7-4dde-9c22-2b1f74a52a78,CONTROL,5632928,79360.m4a
79377,8c67b585-1f8b-4e3c-aa41-138bfa68c39f,CONTROL,5600798,79377.m4a
79379,8c67b585-1f8b-4e3c-aa41-138bfa68c39f,CONTROL,5683329,79379.m4a
79383,bfc55fc2-f448-4915-a5e6-62b66c706b0a,PD,5722496,79383.m4a
79390,399570ab-1cd6-4765-9bc3-e034761c7fc2,CONTROL,5683114,79390.m4a
79392,11aae9b1-d683-4704-9e4a-2da604e60060,PD,5638363,79392.m4a
79395,11aae9b1-d683-4704-9e4a-2da604e60060,PD,5686557,79395.m4a
79400,027c50bf-9933-4576-a884-1debde9cb59e,CONTROL,5625273,79400.m4a
79404,027c50bf-9933-4576-a884-1debde9cb59e,CONTROL,5669721,79404.m4a
79409,ebbe869c-e556-4584-b82a-0503a9974bc8,CONTROL,5676427,79409.m4a
79414,ca7acddf-ac0b-4e07-87b4-bfe9934d7c5c,CONTROL,5671819,79414.m4a
79419,ca7acddf-ac0b-4e07-87b4-bfe9934d7c5c,CONTROL,5687896,79419.m4a
79421,bbe87529-59a3-4870-b32e-287fe900f340,CONTROL,5647333,79421.m4a
79440,ede151dc-f04f-4390-8cdf-0f84e2651196,CONTROL,5668606,79440.m4a
79448,660fc414-302e-4275-bd08-d07a9b3d585f,CONTROL,5611495,79448.m4a
79451,8c0559c1-b186-4db4-bd1d-b0ddc02d5dc0,CONTROL,5668223,79451.m4a
79456,8c0559c1-b186-4db4-bd1d-b0ddc02d5dc0,CONTROL,5681352,79456.m4a
79457,a3df5797-3d07-45ec-98f4-427af0d63380,CONTROL,5616896,79457.m4a
79459,b5315634-7d84-47d0-bca2-192c32802266,CONTROL,5681092,79459.m4a
79461,e007c688-6bf8-4e1b-8274-9e8bc345309e,CONTROL,5688702,79461.m4a
79462,08464e37-e976-4356-922e-915e04ba00f8,CONTROL,5655877,79462.m4a
79464,f407fe4b-33b5-4538-ac27-85f23046e3dd,CONTROL,5649382,79464.m4a
79465,a3df5797-3d07-45ec-98f4-427af0d63380,CONTROL,5664087,79465.m4a
79466,f407fe4b-33b5-4538-ac27-85f23046e3dd,CONTROL,5656449,79466.m4a
79469,94cdeeb7-f73c-4970-87aa-979ac9eafa44,CONTROL,5655316,79469.m4a
79474,e56aab6f-1707-4ef0-8fd2-a50aff8bcca1,CONTROL,5616752,79474.m4a
79475,e56aab6f-1707-4ef0-8fd2-a50aff8bcca1,CONTROL,5679535,79475.m4a
79481,66ff2edf-f8a2-4ab9-a331-6521f6f05db6,CONTROL,5595912,79481.m4a
79483,66ff2edf-f8a2-4ab9-a331-6521f6f05db6,CONTROL,5648177,79483.m4a
79486,2e1510cb-a7b1-49df-8404-a8373efa4548,CONTROL,5606988,79486.m4a
79487,1a2fd9e0-5e4e-4e4b-97aa-6718196bf510,PD,5658036,79487.m4a
79491,61dd170c-f681-4c2a-86cd-c8c60d9780d4,PD,5596617,79491.m4a
79492,f4b119d8-29b9-4cc2-b068-dab05e497745,CONTROL,5667909,79492.m4a
79494,61dd170c-f681-4c2a-86cd-c8c60d9780d4,PD,5682938,79494.m4a
79495,f4b119d8-29b9-4cc2-b068-dab05e497745,CONTROL,5655173,79495.m4a
79497,1763614b-53fb-4d3d-a132-ad38d6a8cefa,PD,5667601,79497.m4a
79498,8899a3c4-ecad-4fa4-b149-c23e38bf774f,CONTROL,5654505,79498.m4a
79500,a4cd10f2-2159-4c1d-9b7f-02d68e14407c,CONTROL,5662051,79500.m4a
79506,414f78de-0ae6-4698-bef4-e43ee1ab9fee,CONTROL,5675122,79506.m4a
79507,164d983f-0316-42ab-ae64-2a554ccae23c,CONTROL,5682507,79507.m4a
79519,5731e0fc-4c1e-411b-aab7-b1b24e6a6835,CONTROL,5673440,79519.m4a
79522,5731e0fc-4c1e-411b-aab7-b1b24e6a6835,CONTROL,5639283,79522.m4a
79534,ea7f3270-6d34-4ad6-90c0-f6422639f3b4,CONTROL,5636228,79534.m4a
79535,bc53f23e-bf00-402d-93ed-3030cc15b582,PD,5664133,79535.m4a
79537,b8232ea8-7606-4e71-9ad0-3d0edf112083,CONTROL,5628297,79537.m4a
79543,dbce4f98-8c3d-4ff4-9a63-4d95aa991f93,CONTROL,5592466,79543.m4a
79544,4232d206-dc34-43f7-91ab-720305a743b8,CONTROL,5619896,79544.m4a
79545,4f363b0a-ef39-45f8-b751-28bf168c2183,CONTROL,5640324,79545.m4a
79553,5004485e-db99-4784-b4be-f91eee813dc0,CONTROL,5680765,79553.m4a
79559,7a2b9a37-ab19-4b40-add8-6fa8bc518f06,PD,5648716,79559.m4a
79560,7a2b9a37-ab19-4b40-add8-6fa8bc518f06,PD,5607670,79560.m4a
79561,7a2b9a37-ab19-4b40-add8-6fa8bc518f06,PD,5604882,79561.m4a
79562,f8922040-f2bf-4a31-ac26-d78bef4e7cab,PD,5642727,79562.m4a
79579,1bd6d54f-0381-4963-9564-163235f9a8a3,CONTROL,5610142,79579.m4a
79580,c2acd102-b38a-4b7a-a26c-936fe634ad8c,CONTROL,5684945,79580.m4a
79582,c7595754-75a8-473e-b620-6f8a26160439,CONTROL,5634214,79582.m4a
79584,c7595754-75a8-473e-b620-6f8a26160439,CONTROL,5605384,79584.m4a
79585,2e6f5f9a-7582-42a0-9997-267196688c78,CONTROL,5678352,79585.m4a
79591,ea9b0bd7-5c6f-4f6d-898c-c7f8e9e2949c,CONTROL,5667132,79591.m4a
79600,06651da4-0fd7-48c1-be70-c19f39101d1f,PD,5645217,79600.m4a
79601,06651da4-0fd7-48c1-be70-c19f39101d1f,PD,5645392,79601.m4a
79608,aaec8c0f-4ef7-4f52-98e1-c9cde58ab5e5,PD,5600235,79608.m4a
79615,aaec8c0f-4ef7-4f52-98e1-c9cde58ab5e5,PD,5630380,79615.m4a
79617,a30f697a-498a-4d2f-848d-f81b9db62eed,CONTROL,5667609,79617.m4a
79618,921a56f2-660f-4742-916c-c2b493c68b4e,CONTROL,5685401,79618.m4a
79619,af074a2d-5487-4b1e-9b91-8c733f2ce4bf,CONTROL,5643552,79619.m4a
79620,2d88190a-091c-45cf-8ad1-15d3a2fc2f9c,CONTROL,5624518,79620.m4a
79621,2d88190a-091c-45cf-8ad1-15d3a2fc2f9c,CONTROL,5634521,79621.m4a
79624,faf76a8e-045c-427f-951d-8e1918f195a8,CONTROL,5600585,79624.m4a
79633,f4081e6b-91e4-4e84-927f-776ee4e6ce9e,CONTROL,5632944,79633.m4a
79634,f4081e6b-91e4-4e84-927f-776ee4e6ce9e,CONTROL,5608602,79634.m4a
79639,57c00a60-e925-4c9d-9220-cf38469a1502,CONTROL,5641179,79639.m4a
79641,57c00a60-e925-4c9d-9220-cf38469a1502,CONTROL,5686235,79641.m4a
79642,1b85e6ba-51a6-41f4-b546-009f34a0f6ba,CONTROL,5663127,79642.m4a
79643,1b85e6ba-51a6-41f4-b546-009f34a0f6ba,CONTROL,5614107,79643.m4a
79646,2c4eb79e-059e-4f32-9dfe-2e023cf792c3,CONTROL,5633617,79646.m4a
79653,dcdc63d8-f010-4e15-87ca-efef60c199ec,CONTROL,5677533,79653.m4a
79654,dcdc63d8-f010-4e15-87ca-efef60c199ec,CONTROL,5652793,79654.m4a
79662,3142a6b2-5479-4f6d-86eb-d2ebf8c5433b,CONTROL,5638887,79662.m4a
79665,3142a6b2-5479-4f6d-86eb-d2ebf8c5433b,CONTROL,5634536,79665.m4a
79670,f4e2737f-3cde-4c47-9394-69de89fadc84,CONTROL,5683351,79670.m4a
79675,78ef47aa-fa30-4a8d-8d2b-c82d706ca182,CONTROL,5665377,79675.m4a
79676,dc6a27ef-23ed-4e2a-a096-32c2d9927920,CONTROL,5678660,79676.m4a
79679,a5a5fd8b-f069-4ee5-a2a4-d31e54283bce,CONTROL,5664107,79679.m4a
79680,f71edc30-2097-408d-8487-b9675c4dd011,PD,5601079,79680.m4a
79684,639766e4-70bb-45a8-bde9-e1d744901fbf,CONTROL,5601344,79684.m4a
79685,522bf337-3970-4b7c-b68a-f0fd3e997881,CONTROL,5632001,79685.m4a
79687,522bf337-3970-4b7c-b68a-f0fd3e997881,CONTROL,5592741,79687.m4a
79692,98225a14-77ad-4872-8afb-f5c29677edb4,CONTROL,5660129,79692.m4a
79694,16b68798-93db-4238-bae0-36a606d359ba,CONTROL,5603062,79694.m4a
79695,adc91728-e589-43e9-a951-6487a5e5c991,CONTROL,5603965,79695.m4a
79704,b930be52-5a24-4ee1-861f-306ddc74382e,CONTROL,5614437,79704.m4a
79705,16b68798-93db-4238-bae0-36a606d359ba,CONTROL,5592713,79705.m4a
79706,b930be52-5a24-4ee1-861f-306ddc74382e,CONTROL,5659203,79706.m4a
79713,91c9e642-8d02-4a59-ad65-b71481b238bd,CONTROL,5599860,79713.m4a
79716,ee6b4a57-e025-40d5-ad66-aab83ba763b2,CONTROL,5672075,79716.m4a
79720,56f50323-3032-4c7e-94f8-39d3b037a455,CONTROL,5674711,79720.m4a
79721,56f50323-3032-4c7e-94f8-39d3b037a455,CONTROL,5638663,79721.m4a
79722,77d86547-07fb-4363-b9c0-3654b175ab5e,CONTROL,5686135,79722.m4a
79738,5817b6fb-1a2e-4519-8289-4ec3c59b70f9,CONTROL,5688634,79738.m4a
79746,d4cce584-06ca-4baa-8e29-c571eaffbd02,CONTROL,5614129,79746.m4a
79747,d4cce584-06ca-4baa-8e29-c571eaffbd02,CONTROL,5660154,79747.m4a
79748,e12ec8fd-c135-46a3-9016-d356a4abe07e,CONTROL,5760235,79748.m4a
79751,6ef270a3-dc1c-421b-91e2-43c3ae225e4e,CONTROL,5763987,79751.m4a
79752,6ef270a3-dc1c-421b-91e2-43c3ae225e4e,CONTROL,5695257,79752.m4a
79753,45edc177-8f7b-425f-8c92-fe6bdf7f17b8,CONTROL,5697211,79753.m4a
79762,a579b603-8d7c-46cb-bdb5-eb95e4f20be1,CONTROL,5700624,79762.m4a
79763,a579b603-8d7c-46cb-bdb5-eb95e4f20be1,CONTROL,5714545,79763.m4a
79766,5b68ee80-508b-47c3-9e83-c05bc891be7f,CONTROL,5738473,79766.m4a
79771,6cb4c196-e639-4249-8e55-e58f7a182df3,CONTROL,5729940,79771.m4a
79773,f96ef58b-79ab-46fd-9694-46479ba58343,CONTROL,5724326,79773.m4a
79774,f96ef58b-79ab-46fd-9694-46479ba58343,CONTROL,5741899,79774.m4a
79776,fec6f33b-45e7-4652-8746-5bf89050e7d4,CONTROL,5695193,79776.m4a
79782,1d5b88ea-2f4a-4a6e-b4b0-c8958b7b969e,CONTROL,5713544,79782.m4a
79784,1d5b88ea-2f4a-4a6e-b4b0-c8958b7b969e,CONTROL,5708159,79784.m4a
79785,92fadb9c-2ff9-45d8-beb9-b651984cd1da,CONTROL,5754505,79785.m4a
79786,92fadb9c-2ff9-45d8-beb9-b651984cd1da,CONTROL,5697665,79786.m4a
79789,76ff3cac-029f-49e5-b4eb-8c7cf57a0997,CONTROL,5759183,79789.m4a
79790,76ff3cac-029f-49e5-b4eb-8c7cf57a0997,CONTROL,5737810,79790.m4a
79793,b4b0028f-bd8e-4e25-8da2-64252f48c827,PD,5706549,79793.m4a
79800,2d08a936-1937-4031-85b0-0b24b3e8e9d5,CONTROL,5746823,79800.m4a
79801,a4497e4a-ecf8-4a43-9f99-48c3f3ee8788,CONTROL,5697071,79801.m4a
79803,7f9fe9f9-f258-4284-85fb-68069a1395e5,CONTROL,5700791,79803.m4a
79805,7f9fe9f9-f258-4284-85fb-68069a1395e5,CONTROL,5717043,79805.m4a
79806,542f2a07-e7b2-40c4-a455-ed55a980ff56,CONTROL,5720811,79806.m4a
79809,8d3551e8-165b-4e55-8a61-55d7780c314d,CONTROL,5745861,79809.m4a
79810,8d3551e8-165b-4e55-8a61-55d7780c314d,CONTROL,5752957,79810.m4a
79815,d0649085-219c-4bc0-a242-4a4b243730cf,CONTROL,5723903,79815.m4a
79816,66a8ce8b-074e-44fd-9a1c-8b19ba294b43,CONTROL,5703025,79816.m4a
79817,66a8ce8b-074e-44fd-9a1c-8b19ba294b43,CONTROL,5706800,79817.m4a
79821,45219f4a-1f40-4bbf-81fc-6a37f167c1ca,CONTROL,5698514,79821.m4a
79826,da14e350-91b1-4ba2-b031-185402e28909,CONTROL,5725347,79826.m4a
79831,4ba635ec-5303-4880-886c-b92a161cbe9a,CONTROL,5762303,79831.m4a
79832,4ba635ec-5303-4880-886c-b92a161cbe9a,CONTROL,5740045,79832.m4a
79837,493ffbff-4f9b-419f-9db9-584fc27ae9fc,PD,5725632,79837.m4a
79841,f19f9570-d1ad-4fbd-ba9b-0ace43dd3ece,CONTROL,5735413,79841.m4a
79843,c03f7785-d690-400f-b558-a27380341d53,PD,5712210,79843.m4a
79848,1db1ed03-b5ea-48ba-a5a6-54936d19639e,PD,5745856,79848.m4a
79856,8d67e82d-721b-4fd9-a941-c3760a28dd9f,PD,5712435,79856.m4a
79862,6dee1925-7924-4c3d-8b4e-d54a42b2c18b,CONTROL,5764181,79862.m4a
79880,fe41eb16-d79b-4784-8292-6c6399f58697,CONTROL,5710626,79880.m4a
79892,39c9956a-c1ac-4e12-8748-3141b96cc588,CONTROL,5727127,79892.m4a
79894,ad5c8e92-d3d9-4f8b-b6b6-655d7264db0f,CONTROL,5726132,79894.m4a
79897,61e223ac-4657-48b8-89b0-d37df5c85d39,PD,5749902,79897.m4a
79900,51c8083c-a40f-47cb-9f02-1f5ba6ccbaf5,CONTROL,5761664,79900.m4a
79905,8fe66a0f-f6c8-40e2-9b11-c30fd832e4d8,CONTROL,5725314,79905.m4a
79908,b9633fdd-4884-4248-bbc4-b04d4482951a,PD,5742756,79908.m4a
79911,c2a66b3e-dd83-4321-ac51-a7aff21e590e,CONTROL,5734426,79911.m4a
79913,c2a66b3e-dd83-4321-ac51-a7aff21e590e,CONTROL,5698876,79913.m4a
79914,631849a5-d039-4173-9bea-a44c4416e1d6,PD,5761790,79914.m4a
79923,11aae9b1-d683-4704-9e4a-2da604e60060,PD,5729067,79923.m4a
79924,7dc52ba5-9ce9-42c6-bf4b-c7ce52d1b266,PD,5762681,79924.m4a
79933,8711a0d8-8d7a-4042-8924-f97d5fa3377f,CONTROL,5735132,79933.m4a
79934,8711a0d8-8d7a-4042-8924-f97d5fa3377f,CONTROL,5742150,79934.m4a
79943,7b003b3d-3a49-4bc1-a612-311a5c9a72be,CONTROL,5741189,79943.m4a
79944,804548c3-deab-4614-b8de-e807edbecc80,PD,5758590,79944.m4a
79949,a107f4ee-e18f-4fdf-a6d3-f8b7e1cc6a20,CONTROL,5729816,79949.m4a
79954,804548c3-deab-4614-b8de-e807edbecc80,PD,5722356,79954.m4a
79955,804548c3-deab-4614-b8de-e807edbecc80,PD,5712708,79955.m4a
79956,0b493726-27d2-4d21-ad41-91e96772d511,PD,5699123,79956.m4a
79969,bc11d792-ee81-4d6a-80fc-7a6def4a9d35,PD,5754861,79969.m4a
79970,9121537b-8f0b-4d94-b4e9-56186f44da4a,CONTROL,5764422,79970.m4a
79971,9121537b-8f0b-4d94-b4e9-56186f44da4a,CONTROL,5726790,79971.m4a
79977,9ee94d29-09f8-4488-a556-3d70ce04a72d,PD,5705315,79977.m4a
79981,9ee94d29-09f8-4488-a556-3d70ce04a72d,PD,5700428,79981.m4a
79982,f22bd814-17a1-4bc9-a53d-6f8002e096a6,CONTROL,5702502,79982.m4a
79983,9ee94d29-09f8-4488-a556-3d70ce04a72d,PD,5729616,79983.m4a
79996,118172c1-fca4-4bde-a5df-e5cc9ebf55a5,CONTROL,5695662,79996.m4a
79999,ecbfb629-0bcf-49bc-8c5a-ad4ea8ac1f24,CONTROL,5745437,79999.m4a
80002,ecbfb629-0bcf-49bc-8c5a-ad4ea8ac1f24,CONTROL,5723536,80002.m4a
80007,4a318f75-f290-44cf-9bb3-5080e546b13f,PD,5763241,80007.m4a
80009,76ad80ce-504c-4241-916c-3e939b54393f,CONTROL,5724342,80009.m4a
80011,b64a9115-80cd-4b76-8b75-4773c2ff2074,CONTROL,5718897,80011.m4a
80013,9761c9fa-44df-4c45-b761-36d32a21a7fd,CONTROL,5738740,80013.m4a
80015,b64a9115-80cd-4b76-8b75-4773c2ff2074,CONTROL,5723598,80015.m4a
80017,d3b6b789-8ff5-4efd-98b0-baf6c7a95717,CONTROL,5749417,80017.m4a
80019,eb1a79a3-8153-403e-b4d8-52e596a3815c,CONTROL,5764611,80019.m4a
80020,eb1a79a3-8153-403e-b4d8-52e596a3815c,CONTROL,5751284,80020.m4a
80021,76ad80ce-504c-4241-916c-3e939b54393f,CONTROL,5754470,80021.m4a
80022,fd2fda3a-a00b-4bbe-9753-d5193441f535,CONTROL,5714015,80022.m4a
80023,fd1016e9-b57b-4545-992c-f2cb9d747ebf,CONTROL,5735112,80023.m4a
80024,6f2d3687-9947-4011-a05b-dc4c8a4cf3ba,PD,5731588,80024.m4a
80032,f2a19126-3eeb-4588-8290-4c41b8f6582f,PD,5703057,80032.m4a
80039,51936928-41d2-4090-8d27-751866298d3d,CONTROL,5750389,80039.m4a
80041,7533e420-2c4c-4362-a7e1-bc77c46b200e,CONTROL,5756241,80041.m4a
80047,9b638d55-631f-40e0-8a0d-45eb9077bd1c,CONTROL,5719338,80047.m4a
80048,fd2fda3a-a00b-4bbe-9753-d5193441f535,CONTROL,5744027,80048.m4a
80051,ac954b14-2675-4682-972c-49e293613243,CONTROL,5697536,80051.m4a
80057,6e6f346b-3ab2-4fc8-baf0-95f8ee7e5408,PD,5755026,80057.m4a
80065,36b55e9c-fe29-4192-aad3-18f255143847,CONTROL,5722130,80065.m4a
80067,e378b34a-4e22-4a75-a0fd-808f40595d50,PD,5705610,80067.m4a
80071,36b55e9c-fe29-4192-aad3-18f255143847,CONTROL,5743950,80071.m4a
80073,811ed795-7ff7-4ce2-bdbd-82b0cd253612,CONTROL,5750467,80073.m4a
80076,811ed795-7ff7-4ce2-bdbd-82b0cd253612,CONTROL,5705961,80076.m4a
80077,444a6838-c541-45c5-856b-94dc5cccec5c,CONTROL,5705158,80077.m4a
80078,444a6838-c541-45c5-856b-94dc5cccec5c,CONTROL,5722092,80078.m4a
80092,c2acd102-b38a-4b7a-a26c-936fe634ad8c,CONTROL,5696627,80092.m4a
80109,d7901f49-8c9d-4c3f-a4f7-1b3848dd4c2d,CONTROL,5729206,80109.m4a
80111,cec326d8-383b-49ca-bf53-cb0c990df1f0,CONTROL,5747605,80111.m4a
80112,cec326d8-383b-49ca-bf53-cb0c990df1f0,CONTROL,5759866,80112.m4a
80114,554a5443-41ec-4e2b-8351-d18acecec4ff,CONTROL,5758080,80114.m4a
80115,c32c4258-4645-43a9-a423-605aeb904519,PD,5701496,80115.m4a
80116,c32c4258-4645-43a9-a423-605aeb904519,PD,5736126,80116.m4a
80117,c32c4258-4645-43a9-a423-605aeb904519,PD,5757451,80117.m4a
80123,554a5443-41ec-4e2b-8351-d18acecec4ff,CONTROL,5743865,80123.m4a
80124,cde001b7-c3f1-4b31-a2a1-049a1bc3f8f5,PD,5745156,80124.m4a
80125,f96e1363-ff49-4103-89f9-01c87b5cbffc,PD,5742401,80125.m4a
80126,493ffbff-4f9b-419f-9db9-584fc27ae9fc,PD,5711612,80126.m4a
80128,2468ecc9-1078-43ed-ba7c-21fd2ff2b899,CONTROL,5763587,80128.m4a
80134,2fd74767-4602-423c-9997-d24aa7237d77,CONTROL,5751008,80134.m4a
80135,2fd74767-4602-423c-9997-d24aa7237d77,CONTROL,5754169,80135.m4a
80137,cb050126-5e44-4bfb-97aa-8ba6bf915c6f,CONTROL,5755053,80137.m4a
80139,cb050126-5e44-4bfb-97aa-8ba6bf915c6f,CONTROL,5752814,80139.m4a
80143,b0471e78-c92d-42a3-8d6d-29b5694f9807,CONTROL,5744999,80143.m4a
80145,639766e4-70bb-45a8-bde9-e1d744901fbf,CONTROL,5736134,80145.m4a
80153,a487babd-efad-4814-9915-81c4848a142b,CONTROL,5750129,80153.m4a
80155,a487babd-efad-4814-9915-81c4848a142b,CONTROL,5728730,80155.m4a
80157,60ff7531-921e-4aa5-919d-f456710c13af,CONTROL,5740182,80157.m4a
80158,60ff7531-921e-4aa5-919d-f456710c13af,CONTROL,5728146,80158.m4a
80159,9f7c8794-c322-4d21-afa8-243cd82afda9,CONTROL,5718508,80159.m4a
80160,9f7c8794-c322-4d21-afa8-243cd82afda9,CONTROL,5745810,80160.m4a
80166,7c4f706e-1c95-450a-b573-ef21123333ad,CONTROL,5739233,80166.m4a
80169,d49fcd5c-3952-49ba-bc03-261b83a7ab6e,PD,5751495,80169.m4a
80173,e34fb41b-0775-49ff-b378-cf12780012ba,CONTROL,5743220,80173.m4a
80180,925e8166-6d62-42f6-abb7-dfa7f0459786,PD,5749579,80180.m4a
80189,2487d31c-5db3-4e64-9434-cc10e5f3d1f4,CONTROL,5744132,80189.m4a
80193,29a93776-799c-4d19-ac98-c6996f85e34b,CONTROL,5711800,80193.m4a
80195,86735cb7-d6d8-4aff-84ea-6b4f6f5357b4,CONTROL,5753069,80195.m4a
80201,030fe814-de84-4fb5-8df6-84dd6e7cc7dc,PD,5706003,80201.m4a
80204,460c4276-7a60-46e0-a3ae-1734882f45a9,CONTROL,5756243,80204.m4a
80207,12f76b2f-d925-4981-bbb1-58a55474b817,PD,5749184,80207.m4a
80208,12f76b2f-d925-4981-bbb1-58a55474b817,PD,5731792,80208.m4a
80210,460c4276-7a60-46e0-a3ae-1734882f45a9,CONTROL,5725658,80210.m4a
80212,ba57aa62-a034-4ffb-ab2b-2d2c3173ff08,CONTROL,5731881,80212.m4a
80215,3c607d8d-6678-41fd-b3af-25d15e02c3f8,PD,5710642,80215.m4a
80217,8ee016bd-0b13-4d5f-8f46-690c2620cd67,CONTROL,5744336,80217.m4a
80223,80059abf-3dae-4b08-8453-36cc29e34f72,CONTROL,5736875,80223.m4a
80227,80059abf-3dae-4b08-8453-36cc29e34f72,CONTROL,5758668,80227.m4a
80240,6e668775-4ee9-4141-bad6-0ad358955832,CONTROL,5730958,80240.m4a
80241,6f2d3687-9947-4011-a05b-dc4c8a4cf3ba,PD,5728742,80241.m4a
80247,ba57aa62-a034-4ffb-ab2b-2d2c3173ff08,CONTROL,5761886,80247.m4a
80249,389ca576-cff3-4aa4-a276-cd20e1904a2d,CONTROL,5732076,80249.m4a
80255,f674b107-22b4-4bf9-b83d-e089a1db69b5,CONTROL,5736122,80255.m4a
80256,f674b107-22b4-4bf9-b83d-e089a1db69b5,CONTROL,5740519,80256.m4a
80259,67f1c9a8-cc73-4fb1-8950-714d56a7c2cb,CONTROL,5717725,80259.m4a
80277,155fab81-c66f-4a9e-bef3-fb1a67a0fdd2,CONTROL,5760082,80277.m4a
80281,155fab81-c66f-4a9e-bef3-fb1a67a0fdd2,CONTROL,5725699,80281.m4a
80286,d99db9d4-8fba-4c74-b3e4-25c1c7b844c7,CONTROL,5745258,80286.m4a
80288,c38fc22e-4c08-403a-9d34-59f66ad5d41a,CONTROL,5752394,80288.m4a
80291,559d58b6-ab77-48d9-b1b4-ff8db58ef3ef,CONTROL,5733636,80291.m4a
80293,559d58b6-ab77-48d9-b1b4-ff8db58ef3ef,CONTROL,5737709,80293.m4a
80294,e889a3bd-2bea-42f6-8e16-5a7d15a09b5b,CONTROL,5735184,80294.m4a
80298,e889a3bd-2bea-42f6-8e16-5a7d15a09b5b,CONTROL,5713360,80298.m4a
80299,51321fbb-e46e-4875-b521-ca6a3ef2afb5,CONTROL,5714242,80299.m4a
80300,51321fbb-e46e-4875-b521-ca6a3ef2afb5,CONTROL,5715901,80300.m4a
80308,101b307e-910e-4854-9b50-f6624a0e5d67,CONTROL,5753015,80308.m4a
80312,c03f7785-d690-400f-b558-a27380341d53,PD,5714557,80312.m4a
80318,a7e09a7f-d74b-4c06-8e5f-f011eabbcadb,CONTROL,5734545,80318.m4a
80319,fbed5f7c-0b0d-42f1-b8e4-04b99f8fcf03,CONTROL,5725621,80319.m4a
80321,b51aef03-8daf-4ff4-bd72-a22c65cd92bf,CONTROL,5736897,80321.m4a
80335,40e44939-7565-4624-99b7-702e444c6dab,CONTROL,5719440,80335.m4a
80351,07a38e59-d3b0-458e-8dc6-1c7246ab92cf,CONTROL,5720057,80351.m4a
80354,07a38e59-d3b0-458e-8dc6-1c7246ab92cf,CONTROL,5761612,80354.m4a
80367,de5d2b6a-28bf-4df1-835c-c42836d8397d,CONTROL,5709250,80367.m4a
80368,e4c29fca-0202-4484-a681-cd0915ebc2db,CONTROL,5760227,80368.m4a
80370,b0117d92-0b04-43fb-81fd-7e9baa68e6a9,PD,5713047,80370.m4a
80371,b0117d92-0b04-43fb-81fd-7e9baa68e6a9,PD,5724188,80371.m4a
80372,b0117d92-0b04-43fb-81fd-7e9baa68e6a9,PD,5740333,80372.m4a
80387,f4910fb6-da07-47b1-9e80-f2af028f8e9e,PD,5746082,80387.m4a
80388,48f65ce7-091f-4179-b1a2-b36ec2fce6db,PD,5725935,80388.m4a
80392,50bae800-9795-4ead-9f11-475d61a24feb,CONTROL,5728909,80392.m4a
80397,50bae800-9795-4ead-9f11-475d61a24feb,CONTROL,5738724,80397.m4a
80399,1ddac747-dec2-446d-b1a4-f0070bbc743b,PD,5719544,80399.m4a
80404,392f4768-c1bb-476e-b080-cc13a9f756dc,CONTROL,5744263,80404.m4a
80406,392f4768-c1bb-476e-b080-cc13a9f756dc,CONTROL,5725371,80406.m4a
80408,fbe44adf-20e8-4195-91aa-ebf4d1fe6e1f,CONTROL,5695127,80408.m4a
80425,8fed26f5-2b44-485e-a68c-c0fd670f9ad8,PD,5761998,80425.m4a
80426,e95cc9c2-6576-49ae-bb3d-9215b149ccfe,PD,5741636,80426.m4a
80427,8fed26f5-2b44-485e-a68c-c0fd670f9ad8,PD,5761192,80427.m4a
80428,8fed26f5-2b44-485e-a68c-c0fd670f9ad8,PD,5715106,80428.m4a
80432,5e936ca1-9865-4b3a-a9f3-6de4591eb474,CONTROL,5785433,80432.m4a
80433,5e936ca1-9865-4b3a-a9f3-6de4591eb474,CONTROL,5816013,80433.m4a
80445,3d476714-4de5-4cd4-b614-405397f88c65,PD,5754558,80445.m4a
80460,70c25daf-8b72-4d4e-b510-0f040d7c1e6b,CONTROL,5706961,80460.m4a
80463,f6624af0-eda2-4d34-8c62-ae2c3495fe31,CONTROL,5754640,80463.m4a
80467,beb71f55-e657-4a32-8144-1bdb72b98601,PD,5743869,80467.m4a
80468,f6624af0-eda2-4d34-8c62-ae2c3495fe31,CONTROL,5746518,80468.m4a
80470,beb71f55-e657-4a32-8144-1bdb72b98601,PD,5699132,80470.m4a
80471,68898127-0c1c-4b5a-adc5-992bd9d66ec9,CONTROL,5696697,80471.m4a
80472,70c25daf-8b72-4d4e-b510-0f040d7c1e6b,CONTROL,5714742,80472.m4a
80473,beb71f55-e657-4a32-8144-1bdb72b98601,PD,5727689,80473.m4a
80482,3b20c871-e212-4781-a30c-a0b31923fda2,PD,5750346,80482.m4a
80485,b66a97f4-0cde-4b00-a5ab-5d228d1e79bc,CONTROL,5700222,80485.m4a
80487,63ffe552-8143-4380-815a-b42668d44ef2,PD,5718105,80487.m4a
80490,e95cc9c2-6576-49ae-bb3d-9215b149ccfe,PD,5761672,80490.m4a
80492,e95cc9c2-6576-49ae-bb3d-9215b149ccfe,PD,5747795,80492.m4a
80495,710374d8-4776-4c32-bc8d-9003ba2741ce,CONTROL,5714907,80495.m4a
80498,53f15ecb-4270-45f2-ace2-fb4af68c811e,CONTROL,5704438,80498.m4a
80501,710374d8-4776-4c32-bc8d-9003ba2741ce,CONTROL,5833344,80501.m4a
80514,82a25a51-bf72-4340-8118-ba05ac38d9e5,CONTROL,5733800,80514.m4a
80524,5b4115a0-8bd8-46ca-9835-db4517e762b6,PD,5699185,80524.m4a
80529,bcf87cd7-651f-4143-beb2-4793aea506ea,CONTROL,5722801,80529.m4a
80532,bcf87cd7-651f-4143-beb2-4793aea506ea,CONTROL,5755819,80532.m4a
80536,b34f236e-fd4c-4b5b-9376-0ab36d1d72da,CONTROL,5723165,80536.m4a
80538,cbe869f1-f6a1-43b3-a555-1a3c9aa4fd85,PD,5722584,80538.m4a
80547,ea03d1ff-a07c-4917-899d-8679f863101e,CONTROL,5710530,80547.m4a
80548,4111e281-acbc-4726-820f-86150953d2f7,CONTROL,5726126,80548.m4a
80552,0fad5b1b-e22f-4d95-a211-844de8c8a9b5,CONTROL,5752876,80552.m4a
80554,bd563479-821d-4616-b14a-7b83741f4527,CONTROL,5704674,80554.m4a
80555,d0f03615-bef0-4349-95c1-19aea0af1ced,CONTROL,5752217,80555.m4a
80567,9c0103df-38e2-4739-aed1-e4c179868035,CONTROL,5761458,80567.m4a
80572,32ec4d9b-7850-4ece-8914-5dc480619793,CONTROL,5759940,80572.m4a
80574,2257e233-5815-4211-b0f2-7f135d1604b0,PD,5695761,80574.m4a
80576,2257e233-5815-4211-b0f2-7f135d1604b0,PD,5760159,80576.m4a
80579,691f55c7-adab-45d2-ae9c-eda4c14332ff,CONTROL,5757319,80579.m4a
80580,170d8a1f-5c9c-48ea-b323-31efbd9fc634,CONTROL,5709110,80580.m4a
80583,42cd3bde-f553-4672-ad0a-5c9a5c597149,CONTROL,5742742,80583.m4a
80584,128a022e-b8da-4af3-a62f-4aadb626a82f,CONTROL,5732845,80584.m4a
80585,170d8a1f-5c9c-48ea-b323-31efbd9fc634,CONTROL,5706880,80585.m4a
80595,1e0888df-7059-4fab-9dd7-b0b6616442e6,PD,5727526,80595.m4a
80598,5679538a-8bb6-4e37-be37-8c32d835bc13,PD,5707975,80598.m4a
80599,b28c3179-65e8-4f71-b32c-8a2f0d989771,CONTROL,5704962,80599.m4a
80601,cf4df7ca-0644-479c-96a4-e2a1b520f09b,CONTROL,5761927,80601.m4a
80602,6acce89e-7e11-414e-99c6-509bd05aa468,CONTROL,5696741,80602.m4a
80608,a9f54caa-d071-468f-8bc9-f5c5607db3db,CONTROL,5729198,80608.m4a
80609,cf4df7ca-0644-479c-96a4-e2a1b520f09b,CONTROL,5752339,80609.m4a
80618,75fe11fa-a2ac-4715-9a17-00a9d0409f88,CONTROL,5757659,80618.m4a
80620,93f833d4-8df5-4c28-9308-f407abeffd07,PD,5738037,80620.m4a
80621,75fe11fa-a2ac-4715-9a17-00a9d0409f88,CONTROL,5729986,80621.m4a
80623,3b20c871-e212-4781-a30c-a0b31923fda2,PD,5712461,80623.m4a
80631,d7aae481-9377-4fce-85a1-5a876f543492,CONTROL,5705406,80631.m4a
80635,2a4245bf-7fbf-4c4d-939e-c0cde4861291,PD,5710691,80635.m4a
80639,892e03ef-850b-40fe-b6ed-6473cedbdfef,CONTROL,5739077,80639.m4a
80640,74a0596d-a626-40d4-8dcd-f274f8d31dba,PD,5702321,80640.m4a
80645,74a0596d-a626-40d4-8dcd-f274f8d31dba,PD,5710548,80645.m4a
80646,186bef60-68ea-4531-8884-055b94fad0f1,CONTROL,5722950,80646.m4a
80647,74a0596d-a626-40d4-8dcd-f274f8d31dba,PD,5752910,80647.m4a
80649,bb0b6e40-f974-46fc-8deb-9374a83d5e91,CONTROL,5748547,80649.m4a
80650,bb0b6e40-f974-46fc-8deb-9374a83d5e91,CONTROL,5694921,80650.m4a
80651,00547584-0c04-4228-a5d5-c68f7d59f176,CONTROL,5745783,80651.m4a
80654,dd1a6829-c4d8-4c71-83fd-03161411fadf,CONTROL,5741275,80654.m4a
80655,dd1a6829-c4d8-4c71-83fd-03161411fadf,CONTROL,5697684,80655.m4a
80660,6d2282c8-d7b7-4f6f-a138-99863fb111d9,CONTROL,5761557,80660.m4a
80663,05bfb3c3-acdc-4c88-a54a-9c179ae21a7f,CONTROL,5755837,80663.m4a
80664,05bfb3c3-acdc-4c88-a54a-9c179ae21a7f,CONTROL,5751504,80664.m4a
80666,eeaa71a5-2726-4fd2-9e3e-facba9e0d648,CONTROL,5761781,80666.m4a
80668,019c2bc8-4599-4c8b-b74b-5f199c53c1e1,CONTROL,5733385,80668.m4a
80669,7b0e74d0-4d2c-4407-b313-835ed615227f,CONTROL,5740153,80669.m4a
80672,7b0e74d0-4d2c-4407-b313-835ed615227f,CONTROL,5727792,80672.m4a
80673,112647be-a82d-4a91-aac0-7e0009c89f31,PD,5700499,80673.m4a
80674,112647be-a82d-4a91-aac0-7e0009c89f31,PD,5704307,80674.m4a
80678,25f90145-f3c6-4a51-b6a4-e6390385ba3a,CONTROL,5751945,80678.m4a
80692,c61c0b78-7278-4651-8fa2-7c1429ea804c,PD,5709671,80692.m4a
80706,f6c7642e-822b-4606-833b-76ddc8e6abee,CONTROL,5721256,80706.m4a
80707,e3a8aa6c-8d2c-452c-999e-9ff23c9e7565,CONTROL,5727637,80707.m4a
80709,b365337c-39ca-42d1-967a-7d51550ba13e,CONTROL,5720934,80709.m4a
80712,b365337c-39ca-42d1-967a-7d51550ba13e,CONTROL,5750350,80712.m4a
80713,2eaa0a8e-2e89-46bc-92c8-1d3bff6eef94,CONTROL,5830403,80713.m4a
80719,716d4bbb-5d83-4844-9334-e305787f5cfc,CONTROL,5708938,80719.m4a
80722,057f125d-ada6-4c87-8da2-02a05e8819de,CONTROL,5743262,80722.m4a
80733,5e76677c-4b6c-408c-89e8-87d8fd039477,CONTROL,5727240,80733.m4a
80734,a21ceab1-96bd-401e-ba2f-a29c73017af6,CONTROL,5729939,80734.m4a
80736,716d4bbb-5d83-4844-9334-e305787f5cfc,CONTROL,5698212,80736.m4a
80737,ece468bc-ecff-4a2f-9ccb-090c3fd153f0,CONTROL,5701474,80737.m4a
80740,5a293230-d3ef-4650-b553-93568dfce7cd,CONTROL,5740176,80740.m4a
80748,c52568e5-916e-472a-9606-41ca7c0648e0,PD,5716926,80748.m4a
80751,179eda15-daea-426f-bf5f-a909688bcdde,PD,5701826,80751.m4a
80752,43136f33-26d1-42a0-aaaf-c69d408f7926,CONTROL,5702029,80752.m4a
80759,07c2702c-c2f8-4d90-917a-8dbbb4bf2899,PD,5697866,80759.m4a
80760,43136f33-26d1-42a0-aaaf-c69d408f7926,CONTROL,5707699,80760.m4a
80763,290e20f4-ba9f-443a-918f-1451c4003bc3,CONTROL,5761272,80763.m4a
80765,6ae4b89f-6ce4-4d5a-8a58-3fb773ae9d5e,CONTROL,5730961,80765.m4a
80772,05bfda81-971e-42ba-b22f-3d9db92e1fcb,CONTROL,5762481,80772.m4a
80776,84cdec84-5148-47d3-822d-b829ef24d11f,PD,5764756,80776.m4a
80777,b5315634-7d84-47d0-bca2-192c32802266,CONTROL,5754263,80777.m4a
80779,a4c2091c-ed91-482c-b181-b4bc69cfc227,CONTROL,5705534,80779.m4a
80781,a4c2091c-ed91-482c-b181-b4bc69cfc227,CONTROL,5763125,80781.m4a
80782,b0471e78-c92d-42a3-8d6d-29b5694f9807,CONTROL,5734300,80782.m4a
80786,0fb2371f-2456-430e-a9a4-f0cfba39ae30,PD,5763434,80786.m4a
80801,f1ff148e-2fc6-44f9-8877-5c7c06fe7a9d,PD,5758969,80801.m4a
80806,4bd8b493-1398-4892-916a-9fccd94d477b,PD,5723461,80806.m4a
80811,b588b85f-ad58-42d5-acf0-2d1f33d721a4,CONTROL,5748344,80811.m4a
80812,b588b85f-ad58-42d5-acf0-2d1f33d721a4,CONTROL,5696254,80812.m4a
80813,bf8a9d17-f9d5-4403-9978-759aa4395944,CONTROL,5708554,80813.m4a
80822,f7cbd7c5-17f1-450e-bb54-43f48f130f30,CONTROL,5710077,80822.m4a
80824,602e603d-5a34-4e93-bbc0-d35b3c07375e,CONTROL,5712399,80824.m4a
80826,a889964d-5afc-4b28-b38e-65e8e42fda00,CONTROL,5734033,80826.m4a
80827,602e603d-5a34-4e93-bbc0-d35b3c07375e,CONTROL,5743320,80827.m4a
80831,d5dd686f-0386-41ef-8505-8711aff5f047,CONTROL,5759055,80831.m4a
80832,d5dd686f-0386-41ef-8505-8711aff5f047,CONTROL,5757022,80832.m4a
80833,b20100d8-af92-495a-96d7-59f552617bf7,CONTROL,5704351,80833.m4a
80834,b20100d8-af92-495a-96d7-59f552617bf7,CONTROL,5746687,80834.m4a
80837,d817bab0-94b4-4cb4-84ed-b86893b81989,CONTROL,5708100,80837.m4a
80839,05bfda81-971e-42ba-b22f-3d9db92e1fcb,CONTROL,5710458,80839.m4a
80841,11fa2e95-094c-45b7-9e4c-b6fb8d935314,PD,5745781,80841.m4a
80845,6d2282c8-d7b7-4f6f-a138-99863fb111d9,CONTROL,5764464,80845.m4a
80846,6cb4c196-e639-4249-8e55-e58f7a182df3,CONTROL,5746221,80846.m4a
80848,dd067f25-336a-47f3-9122-08c31a1c0afe,PD,6003865,80848.m4a
80852,1a2fd9e0-5e4e-4e4b-97aa-6718196bf510,PD,5726223,80852.m4a
80856,2aa8fa02-4874-4322-bd88-141e04dc45da,CONTROL,5762555,80856.m4a
80858,05e6dbb3-8ff7-41d3-8cb6-eba23a9b9a73,CONTROL,5716652,80858.m4a
80859,aa1ec8eb-1966-441e-adab-4b8e128dd3fe,CONTROL,5714269,80859.m4a
80860,6f2d3687-9947-4011-a05b-dc4c8a4cf3ba,PD,5730658,80860.m4a
80864,aa1ec8eb-1966-441e-adab-4b8e128dd3fe,CONTROL,5699550,80864.m4a
80869,5406ea75-329b-42e0-95f1-1b23c40b2a3b,PD,5753265,80869.m4a
80871,4b4834ae-88d3-493f-ac12-e9577dd1c135,PD,5741016,80871.m4a
80872,4b4834ae-88d3-493f-ac12-e9577dd1c135,PD,5705467,80872.m4a
80873,cca0e761-68e4-4131-826c-9cc4883cc4de,PD,5724249,80873.m4a
80874,4b4834ae-88d3-493f-ac12-e9577dd1c135,PD,5715939,80874.m4a
80879,b8facca1-8227-48f2-baee-050143d1f13d,PD,5705447,80879.m4a
80885,5f552d6b-6010-4edf-8db1-5b10c4efa2e8,CONTROL,5742821,80885.m4a
80889,d21c8977-91a4-4e01-8a4f-9db1ea67e5da,CONTROL,5725396,80889.m4a
80895,6c00ec12-c3cd-4c8c-8796-5febfa9f72f6,CONTROL,5705215,80895.m4a
80896,d21c8977-91a4-4e01-8a4f-9db1ea67e5da,CONTROL,5747042,80896.m4a
80899,6c00ec12-c3cd-4c8c-8796-5febfa9f72f6,CONTROL,5698139,80899.m4a
80903,c5c705fc-6107-4aca-89fb-1109b41fdd55,CONTROL,5753532,80903.m4a
80906,8bdbaccc-7eab-48b9-ad5b-b073cf393213,CONTROL,5721377,80906.m4a
80909,40ecbd6c-efae-4202-924b-de6ce62daf4f,CONTROL,5707169,80909.m4a
80914,40ecbd6c-efae-4202-924b-de6ce62daf4f,CONTROL,5739412,80914.m4a
80915,f7f4a294-3757-45ab-8d75-94e3b06e844f,PD,5803570,80915.m4a
80930,c98dac4c-7ca5-4391-b4d0-031a35054ebf,CONTROL,5727154,80930.m4a
80933,c98dac4c-7ca5-4391-b4d0-031a35054ebf,CONTROL,5745009,80933.m4a
80938,1a347526-7fd8-4ff1-91ad-081e2888b6de,CONTROL,5713942,80938.m4a
80947,b6559a9f-bbb8-43c1-89f7-0aff2f194372,CONTROL,5707109,80947.m4a
80950,fd929fac-694a-4920-a833-58ddb2b12bbe,PD,5716840,80950.m4a
80952,1ec6fa27-2f43-4e35-8874-4d25cb41fe3f,CONTROL,5722718,80952.m4a
80953,05f8e7d9-0844-4143-b5fb-25a112b0db59,CONTROL,5731446,80953.m4a
80955,05f8e7d9-0844-4143-b5fb-25a112b0db59,CONTROL,5714539,80955.m4a
80958,22fa2c34-0913-44ff-93ac-2a14da3a9c77,PD,5740246,80958.m4a
80959,ffb0a016-a3a1-4529-918c-92f3e36eab17,CONTROL,5730977,80959.m4a
80960,b6559a9f-bbb8-43c1-89f7-0aff2f194372,CONTROL,5697872,80960.m4a
80964,ffb0a016-a3a1-4529-918c-92f3e36eab17,CONTROL,5708149,80964.m4a
80967,3fab0dd5-3000-4848-a16c-3b36be233a5e,CONTROL,5713971,80967.m4a
80970,261dd050-4f8e-4582-889e-ff7081706d9e,CONTROL,5729099,80970.m4a
80974,b9633fdd-4884-4248-bbc4-b04d4482951a,PD,5700867,80974.m4a
80980,6af48ddd-2574-4b03-a268-3d97889899fe,CONTROL,5697191,80980.m4a
80981,cf2f4eb9-4934-4262-a7de-49b9bc9c9528,CONTROL,5760305,80981.m4a
80982,6af48ddd-2574-4b03-a268-3d97889899fe,CONTROL,5716829,80982.m4a
80988,cf2f4eb9-4934-4262-a7de-49b9bc9c9528,CONTROL,5710142,80988.m4a
80992,f1ff148e-2fc6-44f9-8877-5c7c06fe7a9d,PD,5731482,80992.m4a
80994,f1ff148e-2fc6-44f9-8877-5c7c06fe7a9d,PD,5756292,80994.m4a
80996,870dd223-ff49-42bd-9d2f-2136036d8e68,CONTROL,5754487,80996.m4a
81003,fa03cf5f-c793-4e4c-b87f-6a7b0c9c30ab,PD,5709107,81003.m4a
81004,1eae1a5b-09b7-41ea-9f83-b7cd9f52bc33,CONTROL,5699073,81004.m4a
81005,fa03cf5f-c793-4e4c-b87f-6a7b0c9c30ab,PD,5705991,81005.m4a
81006,b8232ea8-7606-4e71-9ad0-3d0edf112083,CONTROL,5737337,81006.m4a
81007,33e0b559-3dd2-45eb-820c-cf8a0a0ed997,CONTROL,5728428,81007.m4a
81017,8201408e-25e2-45b3-8db1-37ff7d1372f0,CONTROL,5713458,81017.m4a
81021,ef7b5e7d-248d-4a52-ac3a-87efb5775247,CONTROL,5744473,81021.m4a
81025,945bb372-bfbe-4ef0-87d9-d268bc0b2d8e,PD,5713732,81025.m4a
81026,9e86139f-68bf-482f-b473-6e83a0e1ce0e,CONTROL,5732670,81026.m4a
81029,8044b2cf-bb77-40ae-b317-404d47a0fe08,CONTROL,5709688,81029.m4a
81035,f9816a32-1ed5-4ea0-a838-4f5cacf04cbd,CONTROL,5736245,81035.m4a
81041,290e20f4-ba9f-443a-918f-1451c4003bc3,CONTROL,5730233,81041.m4a
81043,b8949bf4-83a6-451f-b107-ba1b704f5338,CONTROL,5752607,81043.m4a
81044,f2a19126-3eeb-4588-8290-4c41b8f6582f,PD,5710437,81044.m4a
81045,f2a19126-3eeb-4588-8290-4c41b8f6582f,PD,5702404,81045.m4a
81064,5e76677c-4b6c-408c-89e8-87d8fd039477,CONTROL,5747320,81064.m4a
81071,ebbe869c-e556-4584-b82a-0503a9974bc8,CONTROL,5762454,81071.m4a
81072,0521d7d0-2a1f-48e3-980f-9e6914c47630,CONTROL,5716066,81072.m4a
81073,0521d7d0-2a1f-48e3-980f-9e6914c47630,CONTROL,5705519,81073.m4a
81085,77fb6fe7-009c-410c-be36-4c7fd2d8f582,CONTROL,5704133,81085.m4a
81088,77fb6fe7-009c-410c-be36-4c7fd2d8f582,CONTROL,5747262,81088.m4a
81094,b9ccd441-08fe-4e0c-9d84-cf8e5728d6d5,PD,5753419,81094.m4a
81097,7db8d93d-ec5b-4a21-930f-ffeaceac4eb1,CONTROL,5743738,81097.m4a
81098,b9ccd441-08fe-4e0c-9d84-cf8e5728d6d5,PD,5743061,81098.m4a
81103,76b97d73-c239-48b6-a2b6-4172319b561f,CONTROL,5780751,81103.m4a
81113,d97e295b-d978-4f87-b2a2-8039d4e3a4fd,CONTROL,5738485,81113.m4a
81119,a57dcd0f-0dc6-4e71-808b-26dffe02acb9,PD,5696710,81119.m4a
81122,d97e295b-d978-4f87-b2a2-8039d4e3a4fd,CONTROL,5709910,81122.m4a
81132,4b52f3cc-09b7-4ad1-98c4-7a8eb1e9ec74,PD,5722100,81132.m4a
81143,8a6bb7df-b403-4b86-a94b-c8eeac6b1a01,CONTROL,5727632,81143.m4a
81145,8a6bb7df-b403-4b86-a94b-c8eeac6b1a01,CONTROL,5743375,81145.m4a
81159,9fe92d50-1259-4837-8c79-92d2baef81c5,CONTROL,5736286,81159.m4a
81161,9fe92d50-1259-4837-8c79-92d2baef81c5,CONTROL,5750778,81161.m4a
81166,3bdde942-e7b9-498b-bde9-6fad671385af,PD,5734625,81166.m4a
81169,d8678cc6-305d-4afc-bcc8-10e2efa3c4c5,CONTROL,5733480,81169.m4a
81171,9882b366-7413-4ed5-bb57-baccc68ed662,CONTROL,5733530,81171.m4a
81173,9882b366-7413-4ed5-bb57-baccc68ed662,CONTROL,5735606,81173.m4a
81179,bfc55fc2-f448-4915-a5e6-62b66c706b0a,PD,5716459,81179.m4a
81181,621a9865-f339-4596-9b2c-6da1f5ba0ae6,CONTROL,5729895,81181.m4a
81182,75e16764-2272-4d4c-955b-2ecb34b15442,PD,5733223,81182.m4a
81184,adc27312-d1c8-4784-90e6-6ff508e4dae7,CONTROL,5711490,81184.m4a
81186,0cc87417-f009-45ed-9254-254a057e56b8,PD,5733930,81186.m4a
81188,4111e281-acbc-4726-820f-86150953d2f7,CONTROL,5724668,81188.m4a
81190,bb906c92-0363-47f2-9ecc-ca5588df5c7b,CONTROL,5716140,81190.m4a
81192,67b885b4-0335-46f3-887d-3f67b1ab1b63,CONTROL,5714104,81192.m4a
81194,adc91728-e589-43e9-a951-6487a5e5c991,CONTROL,5722552,81194.m4a
81198,67b885b4-0335-46f3-887d-3f67b1ab1b63,CONTROL,5712551,81198.m4a
81201,de9fd40d-1c8b-4f5d-8cbb-07eed0807f91,CONTROL,5712334,81201.m4a
81208,ea03d1ff-a07c-4917-899d-8679f863101e,CONTROL,5714646,81208.m4a
81212,b9633fdd-4884-4248-bbc4-b04d4482951a,PD,5703156,81212.m4a
81213,ba902ba3-770d-441d-a130-d15729bbee5b,CONTROL,5747293,81213.m4a
81222,2ab096cf-2941-406d-88cb-788b073c26ca,PD,5719642,81222.m4a
81223,fe9746ec-bf40-4cb1-892e-c20593a67e3c,CONTROL,5717234,81223.m4a
81225,fe9746ec-bf40-4cb1-892e-c20593a67e3c,CONTROL,5738279,81225.m4a
81230,3bc850b6-4bbc-4d12-9bca-84ff745c6e7f,CONTROL,5755669,81230.m4a
81232,5b32fbfe-24ad-4049-8343-12e63b235759,CONTROL,5731998,81232.m4a
81235,e18209a1-696e-4920-8c76-6d7b8ab49c5f,CONTROL,5730302,81235.m4a
81236,3aab8c58-a851-4084-8e75-92a1566a7280,PD,5724730,81236.m4a
81241,c863c364-886a-4687-8fe4-4f8a983507c4,CONTROL,5751758,81241.m4a
81242,1dda7f8e-8194-4533-8e31-8af6f69bbb84,CONTROL,5714297,81242.m4a
81243,1dda7f8e-8194-4533-8e31-8af6f69bbb84,CONTROL,5700831,81243.m4a
81248,0b897bc9-4449-4fe8-8b91-58337ee1cb37,PD,5708670,81248.m4a
81249,eae50fab-9c71-4e08-beba-b828ab667aba,CONTROL,5729251,81249.m4a
81250,1d5bdea2-8da1-435d-af38-2d2116f51a5b,CONTROL,5705272,81250.m4a
81251,1d5bdea2-8da1-435d-af38-2d2116f51a5b,CONTROL,5697922,81251.m4a
81252,0b897bc9-4449-4fe8-8b91-58337ee1cb37,PD,5734370,81252.m4a
81253,0b897bc9-4449-4fe8-8b91-58337ee1cb37,PD,5734906,81253.m4a
81254,b5ebd210-cef7-4262-aa8a-666b3d5a5280,CONTROL,5737567,81254.m4a
81256,19968a5c-89e8-426f-95f0-7e5c7fcdb27a,CONTROL,5728798,81256.m4a
81257,3aab8c58-a851-4084-8e75-92a1566a7280,PD,5727280,81257.m4a
81258,3aab8c58-a851-4084-8e75-92a1566a7280,PD,6018855,81258.m4a
81268,6509f5e8-ff11-4eeb-9673-5b98024a155d,CONTROL,5756875,81268.m4a
81269,6509f5e8-ff11-4eeb-9673-5b98024a155d,CONTROL,5728585,81269.m4a
81274,5803b4c7-f778-4dc2-92ef-9acf5e7f2884,CONTROL,5750632,81274.m4a
81276,55cd714e-cf36-462d-b155-93f1af918bc2,PD,5717900,81276.m4a
81277,41c4fd42-8918-467d-b842-b152d90e4a33,CONTROL,5711938,81277.m4a
81280,41c4fd42-8918-467d-b842-b152d90e4a33,CONTROL,5694984,81280.m4a
81283,123dd036-7efc-4a47-a231-7a8cae6a960f,CONTROL,5753826,81283.m4a
81284,94976ab1-1c1c-4c1f-9508-648cc84e4972,PD,5719201,81284.m4a
81286,3c276970-26c7-4b3d-9765-5336032f1853,CONTROL,5701327,81286.m4a
81293,17985b0b-1ab6-4e09-9838-bd4d3264250c,CONTROL,5745485,81293.m4a
81294,0f3b7a5a-5a01-4d81-bd37-92c10ce60224,CONTROL,5703832,81294.m4a
81299,f4f2df88-3755-4d41-a4fd-1b1a7847de54,CONTROL,5700156,81299.m4a
81300,1763614b-53fb-4d3d-a132-ad38d6a8cefa,PD,5744060,81300.m4a
81302,416a984c-4a94-452b-93be-499c1ac374d6,PD,5742127,81302.m4a
81305,1ae51f0f-8e90-4c83-8eeb-43cb3acf4828,PD,5701116,81305.m4a
81311,7e45a2e3-81d5-4b3b-836a-41f226baec5e,CONTROL,5716421,81311.m4a
81312,31ccfab9-8b8a-4382-ae16-15131e143b1b,CONTROL,5747575,81312.m4a
81313,66548b24-98d7-401d-a42f-5af1f0592faf,CONTROL,5727192,81313.m4a
81323,f96e1363-ff49-4103-89f9-01c87b5cbffc,PD,5706464,81323.m4a
81327,2de84d02-5354-4162-8550-d86c4429c77d,CONTROL,5722731,81327.m4a
81328,d294f7fc-aa22-48ef-9307-3ff8502570bd,CONTROL,5761710,81328.m4a
81330,e276b537-f7ab-4a5e-9d50-7d7780663b85,PD,5700381,81330.m4a
81332,2de84d02-5354-4162-8550-d86c4429c77d,CONTROL,5739343,81332.m4a
81335,047712ad-df43-4900-989e-1cb624e84b34,CONTROL,5706860,81335.m4a
81336,e276b537-f7ab-4a5e-9d50-7d7780663b85,PD,5748179,81336.m4a
81338,2974bea0-3aa2-4a00-9f32-6d5856e62829,PD,5757515,81338.m4a
81346,d294f7fc-aa22-48ef-9307-3ff8502570bd,CONTROL,5743080,81346.m4a
81353,c18174a9-5136-4d2c-816b-79fc3f95c578,CONTROL,5737277,81353.m4a
81356,06651da4-0fd7-48c1-be70-c19f39101d1f,PD,5752345,81356.m4a
81359,06651da4-0fd7-48c1-be70-c19f39101d1f,PD,5747606,81359.m4a
81361,06651da4-0fd7-48c1-be70-c19f39101d1f,PD,5758101,81361.m4a
81376,57ca502b-b9d4-483c-a60f-e3b16f5e15c7,CONTROL,5753255,81376.m4a
81377,57ca502b-b9d4-483c-a60f-e3b16f5e15c7,CONTROL,5712037,81377.m4a
81381,bab5ca20-f718-49df-8918-e824b6720bcf,PD,5723941,81381.m4a
81382,7b6a527b-fc2d-4dd1-bb6b-471e77cdcb58,CONTROL,5700825,81382.m4a
81383,22e9a983-109c-49b9-892c-23f489852a57,PD,5739179,81383.m4a
81386,3e2190ef-f30c-4148-895d-96f8982e9eff,CONTROL,5741038,81386.m4a
81389,9bcda622-1a2e-40c4-ad7f-ab413a0f51db,CONTROL,5713694,81389.m4a
81392,f4a126d5-bb6b-4097-9876-aacc6d1b03b3,CONTROL,5732022,81392.m4a
81394,e1ffd244-4324-4e70-9dc9-4c3d3a80bf07,CONTROL,5717905,81394.m4a
81402,2505ac56-6737-48b2-8372-f1103ea2e33d,CONTROL,5751306,81402.m4a
81406,2505ac56-6737-48b2-8372-f1103ea2e33d,CONTROL,5755351,81406.m4a
81408,224f2475-db87-4719-829a-2c8c1f67f290,CONTROL,5749791,81408.m4a
81409,224f2475-db87-4719-829a-2c8c1f67f290,CONTROL,5731123,81409.m4a
81410,e2d5bbbb-e1a8-47b2-8789-e12b23b6b244,CONTROL,5727232,81410.m4a
81421,673b86a6-3fd9-4257-9150-c5e4d2aaec81,CONTROL,5711770,81421.m4a
81425,fe892278-6623-4011-9da4-16652bc965d0,CONTROL,5741255,81425.m4a
81428,67546a11-f625-4d03-bee1-4f55e8a831ac,PD,5746608,81428.m4a
81432,4a318f75-f290-44cf-9bb3-5080e546b13f,PD,5713495,81432.m4a
81445,a0b03267-576d-4a7d-b453-969b4435c6bd,CONTROL,5711032,81445.m4a
81447,a0b03267-576d-4a7d-b453-969b4435c6bd,CONTROL,5745479,81447.m4a
81454,572fe5bf-5dee-4130-80a0-500923d8b30d,CONTROL,5718310,81454.m4a
81455,f790c02c-5e13-490d-9f36-fe1c5d6c15a5,CONTROL,5749381,81455.m4a
81456,f790c02c-5e13-490d-9f36-fe1c5d6c15a5,CONTROL,5740679,81456.m4a
81459,86bc8d82-031f-4559-bf4d-a1d68990806d,CONTROL,5736290,81459.m4a
81462,eac3b596-2b73-44df-b49f-5b74199c88a4,CONTROL,5741786,81462.m4a
81465,eae50fab-9c71-4e08-beba-b828ab667aba,CONTROL,5725329,81465.m4a
81466,96335bc9-f3a3-4576-aafa-5de39c204b32,CONTROL,5737731,81466.m4a
81471,eac3b596-2b73-44df-b49f-5b74199c88a4,CONTROL,5747283,81471.m4a
81472,52eabdc8-4dd6-4ea5-baad-3822ea01f803,PD,5719833,81472.m4a
81474,66afb755-c9d5-4cd7-84a5-e53b3b3544e3,CONTROL,5740985,81474.m4a
81480,2ec0013c-39a5-4325-9150-086acffb9be1,CONTROL,5729128,81480.m4a
81481,a6bb752b-464c-4961-aeb9-741c6c6f5430,CONTROL,5735054,81481.m4a
81482,a6bb752b-464c-4961-aeb9-741c6c6f5430,CONTROL,5764858,81482.m4a
81488,1137bf6f-92b4-426f-acd5-87fcaacee4c1,PD,5744330,81488.m4a
81500,f22bd814-17a1-4bc9-a53d-6f8002e096a6,CONTROL,5749411,81500.m4a
81507,c8a8bc7a-2fed-421c-afad-6db812a19242,PD,5704858,81507.m4a
81508,efcf9116-6643-465b-8168-cbbb51fae35d,PD,5743146,81508.m4a
81515,db93ae75-b4fe-4210-b766-e1e7edf1518d,PD,5698943,81515.m4a
81523,db93ae75-b4fe-4210-b766-e1e7edf1518d,PD,5760255,81523.m4a
81525,db93ae75-b4fe-4210-b766-e1e7edf1518d,PD,5721805,81525.m4a
81527,b9fc5905-a423-41be-b526-a5dcf02ade42,PD,5708934,81527.m4a
81528,b9fc5905-a423-41be-b526-a5dcf02ade42,PD,5713605,81528.m4a
81529,b9fc5905-a423-41be-b526-a5dcf02ade42,PD,5731424,81529.m4a
81532,66548b24-98d7-401d-a42f-5af1f0592faf,CONTROL,5760579,81532.m4a
81534,1359f220-9db5-4777-91cd-cf1e8abfc42d,PD,5724313,81534.m4a
81535,cc1a2e66-8c8c-441e-8b04-5092b82492f0,CONTROL,5723538,81535.m4a
81538,cc1a2e66-8c8c-441e-8b04-5092b82492f0,CONTROL,5698030,81538.m4a
81541,63a9a854-098b-4c5d-b1d4-5af8323e19ec,CONTROL,5733334,81541.m4a
81542,c912e848-1412-49d3-8cae-5b0eafee09ff,CONTROL,5750628,81542.m4a
81543,c912e848-1412-49d3-8cae-5b0eafee09ff,CONTROL,5703280,81543.m4a
81549,306dc3bc-fba9-45f7-9ff7-07c333bc4756,CONTROL,5747664,81549.m4a
81550,93b9641c-9493-4ca3-8095-de52d808d138,PD,5711485,81550.m4a
81551,306dc3bc-fba9-45f7-9ff7-07c333bc4756,CONTROL,5733980,81551.m4a
81553,92541524-4530-4a76-ad52-ac684df4623f,CONTROL,5764499,81553.m4a
81554,47184d8b-9872-4b3b-8b3d-5d7a92ffc12c,CONTROL,5735204,81554.m4a
81555,47184d8b-9872-4b3b-8b3d-5d7a92ffc12c,CONTROL,5743934,81555.m4a
81558,fbf6f035-c1f4-4543-9001-9857ff9cb45e,CONTROL,5754941,81558.m4a
81559,1a4b6c93-2f9c-412f-8770-4e3f9d29df91,CONTROL,5752555,81559.m4a
81566,40a139ac-5883-48e8-8dd5-b47e584196b8,CONTROL,5708664,81566.m4a
81568,db99e050-6cb8-4cb6-abd5-c1f90092f258,CONTROL,5764697,81568.m4a
81570,62e267ca-1a34-4ec8-bc0c-51a2a5f22175,PD,5714838,81570.m4a
81573,208e0cb4-6254-4c7c-bc12-ac2a60c3163d,PD,5696419,81573.m4a
81574,a01e6b0f-a069-457f-879c-cfda42c6f6e2,CONTROL,5710565,81574.m4a
81576,008b878d-8b12-428a-99bb-d39e1db26512,CONTROL,5700004,81576.m4a
81586,bc11d792-ee81-4d6a-80fc-7a6def4a9d35,PD,5752950,81586.m4a
81592,969107e8-72ca-4566-9c28-a2bd14389f9c,PD,5728164,81592.m4a
81599,952a8bb9-63de-4f84-be00-71edcbc816b6,CONTROL,5749213,81599.m4a
81610,9be17bf2-4e64-46cd-8496-b3b9eedb7f6e,CONTROL,5727643,81610.m4a
81611,9be17bf2-4e64-46cd-8496-b3b9eedb7f6e,CONTROL,5709705,81611.m4a
81616,1a72f332-6dca-4465-bad3-dddb7e42fc1b,PD,5748897,81616.m4a
81620,4681aeac-121d-4c44-a186-8c5d593c6c53,CONTROL,5709332,81620.m4a
81621,dd1d9794-d098-4776-8545-41c713fe59f5,CONTROL,5706180,81621.m4a
81626,dd1d9794-d098-4776-8545-41c713fe59f5,CONTROL,5702982,81626.m4a
81650,80eb3a0d-50eb-43d6-a96f-39da7b127fbc,CONTROL,5743105,81650.m4a
81652,d31ff659-65c3-47ee-aa1a-a7647d66b797,CONTROL,5716640,81652.m4a
81655,11e3a69b-80b6-49be-8089-ce19071443a1,CONTROL,5724199,81655.m4a
81656,d31ff659-65c3-47ee-aa1a-a7647d66b797,CONTROL,5738484,81656.m4a
81659,80dc60d6-02e3-424a-a80e-fecf16866b7c,CONTROL,5698670,81659.m4a
81660,5d0e0219-6780-4390-8fd8-5e832d7d6d9c,CONTROL,5728480,81660.m4a
81662,267bf83c-5ff9-4ec3-8991-66e59eca0d04,CONTROL,5700058,81662.m4a
81678,79ac3ecb-e647-4c8a-b919-7d9200deccf5,PD,5736605,81678.m4a
81683,445443f8-bb47-4f31-a223-a03ed6aaabea,CONTROL,5757120,81683.m4a
81686,445443f8-bb47-4f31-a223-a03ed6aaabea,CONTROL,5738181,81686.m4a
81687,080156bb-da12-4d92-ae6a-3f019db5e27c,CONTROL,5699213,81687.m4a
81691,71f7aad9-8d7f-4929-86ef-8592fbef8d94,CONTROL,5812628,81691.m4a
81692,52eabdc8-4dd6-4ea5-baad-3822ea01f803,PD,5753494,81692.m4a
81704,080156bb-da12-4d92-ae6a-3f019db5e27c,CONTROL,5749754,81704.m4a
81706,9d4d276f-5cf7-46a4-9f30-989c71a25bb5,CONTROL,5696940,81706.m4a
81707,20e7103c-69c3-497d-a533-188e199d2286,CONTROL,5759196,81707.m4a
81709,20e7103c-69c3-497d-a533-188e199d2286,CONTROL,5743840,81709.m4a
81717,198065cc-3cf7-493e-98ec-95042a6df37f,CONTROL,5750528,81717.m4a
81718,198065cc-3cf7-493e-98ec-95042a6df37f,CONTROL,5737084,81718.m4a
81719,36045408-39fc-455f-a5b5-c55d3457e30c,CONTROL,5711796,81719.m4a
81720,75b63b7c-7752-4097-89ae-f9e339b26835,PD,5699256,81720.m4a
81722,632cc9c9-ee08-4664-8117-e5f6be8c40d4,CONTROL,5896100,81722.m4a
81724,632cc9c9-ee08-4664-8117-e5f6be8c40d4,CONTROL,5879553,81724.m4a
81726,d7888b09-bfa1-48f1-abf5-a4571bf78b03,PD,5763318,81726.m4a
81746,bdd95b1b-0ff0-46f4-a245-2c19b8de191b,CONTROL,5728041,81746.m4a
81747,7a2b9a37-ab19-4b40-add8-6fa8bc518f06,PD,5756387,81747.m4a
81751,bdd95b1b-0ff0-46f4-a245-2c19b8de191b,CONTROL,5750282,81751.m4a
81764,8fe368b3-7036-4cad-bdd1-d80975f12712,CONTROL,5700297,81764.m4a
81781,cec2d8cc-2753-4b4b-b015-86e7a9cfc20d,CONTROL,5773043,81781.m4a
81782,e795d51e-c69c-4f58-ae13-f04196c7d030,CONTROL,5755573,81782.m4a
81784,ea9b0bd7-5c6f-4f6d-898c-c7f8e9e2949c,CONTROL,5717266,81784.m4a
81786,0cd15828-8c34-40f3-90cd-88aad2307628,CONTROL,5728601,81786.m4a
81787,0cd15828-8c34-40f3-90cd-88aad2307628,CONTROL,5736410,81787.m4a
81791,9697c9e3-d8c3-4a79-8866-13f212cf0ea0,CONTROL,5748937,81791.m4a
81792,9697c9e3-d8c3-4a79-8866-13f212cf0ea0,CONTROL,5699919,81792.m4a
81797,a9325c62-2e15-4ca2-b166-303292d1aa47,PD,5696168,81797.m4a
81799,a9325c62-2e15-4ca2-b166-303292d1aa47,PD,5712999,81799.m4a
81800,60bf4c6b-aca8-4371-89c5-65f632559c57,CONTROL,5751105,81800.m4a
81801,60bf4c6b-aca8-4371-89c5-65f632559c57,CONTROL,5743268,81801.m4a
81802,12b20be2-3d62-43e7-84d0-02262e2ed888,CONTROL,5754225,81802.m4a
81810,bfc55fc2-f448-4915-a5e6-62b66c706b0a,PD,5740589,81810.m4a
81816,c9b00e73-7448-438c-89bf-c5266ddc3846,CONTROL,5725138,81816.m4a
81817,71ba8422-0bbe-42ae-9185-0fca8a95ccb8,PD,5762345,81817.m4a
81818,71ba8422-0bbe-42ae-9185-0fca8a95ccb8,PD,5743272,81818.m4a
81820,71ba8422-0bbe-42ae-9185-0fca8a95ccb8,PD,5740785,81820.m4a
81823,d3001bfb-e821-4614-9dca-ab8900395374,CONTROL,5712898,81823.m4a
81834,cc155b55-49c8-4b15-a905-2e5e4546d1b7,CONTROL,5728060,81834.m4a
81838,0de121c8-7003-4ceb-90d4-4c7815fd6cd4,CONTROL,5722073,81838.m4a
81847,0d3ecc36-fd07-466c-8c91-47631232a8cb,CONTROL,5737800,81847.m4a
81848,a0b6c21f-698f-409b-876e-328d68f1ffc2,CONTROL,5719989,81848.m4a
81849,a0b6c21f-698f-409b-876e-328d68f1ffc2,CONTROL,5732295,81849.m4a
81857,26a8f8e8-b0b4-4251-82ff-94ee9a5961e5,PD,5719778,81857.m4a
81860,2e051bf4-20ed-40cf-9edb-353d82763922,CONTROL,5791633,81860.m4a
81866,53497c69-654e-409d-bfe2-2fe643c32616,PD,5781515,81866.m4a
81873,a46ceca2-40c1-4b03-8420-5d78fd6cbd9b,CONTROL,5791093,81873.m4a
81874,29df748e-cbde-44b3-bb52-d6cab3d862a6,CONTROL,5788105,81874.m4a
81880,47147316-f208-4fd5-a874-ef454d640bb2,CONTROL,5821423,81880.m4a
81885,4a650fe2-15f0-416d-8493-c7dc50fe265c,PD,5801541,81885.m4a
81888,50432797-c470-44d4-9962-d130d1630a1c,CONTROL,5797634,81888.m4a
81893,21e419bc-76c7-4350-8fc4-cc2231a10c3c,CONTROL,5781960,81893.m4a
81896,4c559d42-022f-4d12-b48d-5d1bc424a87d,CONTROL,5815904,81896.m4a
81898,21e419bc-76c7-4350-8fc4-cc2231a10c3c,CONTROL,5784407,81898.m4a
81899,4c559d42-022f-4d12-b48d-5d1bc424a87d,CONTROL,5806936,81899.m4a
81903,493ffbff-4f9b-419f-9db9-584fc27ae9fc,PD,5803122,81903.m4a
81912,c578d637-05f5-4b5b-9fc4-3b1d662a989e,CONTROL,5811810,81912.m4a
81914,c578d637-05f5-4b5b-9fc4-3b1d662a989e,CONTROL,5801388,81914.m4a
81924,1d16820c-9c1b-47b0-aece-132ecc3e57a0,CONTROL,5804067,81924.m4a
81934,f165226a-61dc-4f78-9903-d42f08b24a7a,PD,5771274,81934.m4a
81937,45829aa3-2e58-4979-a367-922bbccb58b4,PD,5785410,81937.m4a
81943,fd7ff1ea-c949-4b1a-898a-cffc15174e17,CONTROL,5784728,81943.m4a
81952,5d4dafaf-7161-43d7-b7da-59dfd905c51e,PD,5810364,81952.m4a
81957,a627b898-05bd-4b7b-8104-4ef537076170,PD,5787696,81957.m4a
81958,b9633fdd-4884-4248-bbc4-b04d4482951a,PD,5776952,81958.m4a
81959,ab0b71a9-ad46-47fd-b3ef-8b1b83412599,PD,5795384,81959.m4a
81962,16ec1c03-5c39-4a62-96d2-16ca1c239976,CONTROL,5786472,81962.m4a
81968,e18afad6-2baa-44f8-9a75-e31bdf030f17,CONTROL,5780694,81968.m4a
81974,4f055a5f-e130-4da8-b1d6-0a3d2879dd99,PD,6074960,81974.m4a
81983,146bbe75-ff8f-4b31-a887-710db7ad4883,CONTROL,5794273,81983.m4a
81989,773d604b-c2c9-4cb9-8fc2-c3683c0266a6,CONTROL,5815375,81989.m4a
81992,cb3fafc6-b4d3-479b-8a2d-f5f037b96420,PD,5784852,81992.m4a
82003,48f10485-fd75-48a0-852e-8663f760c30e,PD,5807277,82003.m4a
82010,ae86f593-84a9-4aa2-a97a-60548c4e2457,CONTROL,5788935,82010.m4a
82019,a8b54536-104a-4f7b-9645-09f08d32cbed,PD,5804086,82019.m4a
82023,a8b54536-104a-4f7b-9645-09f08d32cbed,PD,5810731,82023.m4a
82024,493aecf6-dab8-48e8-a705-90c285dd3344,PD,5809840,82024.m4a
82028,631849a5-d039-4173-9bea-a44c4416e1d6,PD,5773365,82028.m4a
82029,fe3931ec-cc4a-47b9-a6d9-0b9ad18cf035,CONTROL,5815388,82029.m4a
82034,416a984c-4a94-452b-93be-499c1ac374d6,PD,5780035,82034.m4a
82037,e764cc43-7889-4184-8ddf-f99f9b4b7bab,CONTROL,5798673,82037.m4a
82042,11fa2e95-094c-45b7-9e4c-b6fb8d935314,PD,5783077,82042.m4a
82043,543c765e-a53c-4451-9f01-c4490c011683,CONTROL,5788530,82043.m4a
82048,168948fc-d25f-4a09-8024-d5578021eac4,CONTROL,5800413,82048.m4a
82052,f2a0e197-b320-481d-bdbd-da2aacbfbed4,CONTROL,5815096,82052.m4a
82072,83c7de09-2ed3-409b-abdb-fc75750d10fe,PD,6081721,82072.m4a
82075,11aae9b1-d683-4704-9e4a-2da604e60060,PD,5782299,82075.m4a
82076,fd7ff1ea-c949-4b1a-898a-cffc15174e17,CONTROL,5894795,82076.m4a
82080,030fe814-de84-4fb5-8df6-84dd6e7cc7dc,PD,6958624,82080.m4a
82081,030fe814-de84-4fb5-8df6-84dd6e7cc7dc,PD,5778021,82081.m4a
82084,030fe814-de84-4fb5-8df6-84dd6e7cc7dc,PD,5779044,82084.m4a
82096,3f72e4c7-39cb-4d93-b20e-ab81a0c9c22a,CONTROL,5774158,82096.m4a
82114,5713e5a5-6e8c-4ba2-87fb-0897d09afa1e,CONTROL,6072910,82114.m4a
82121,61dd170c-f681-4c2a-86cd-c8c60d9780d4,PD,5791974,82121.m4a
82122,5713e5a5-6e8c-4ba2-87fb-0897d09afa1e,CONTROL,5792404,82122.m4a
82125,a57d7f01-0d62-437b-8c91-2ee14bb312cd,CONTROL,5809818,82125.m4a
82132,a6152ed8-13e2-4831-92f1-5ba8c0af2c9a,PD,5794627,82132.m4a
82134,77e38deb-054e-4f9b-b9c1-777afdb0b538,CONTROL,5814508,82134.m4a
82140,63d3e080-de53-4715-8221-510b236705c5,CONTROL,5814727,82140.m4a
82142,63d3e080-de53-4715-8221-510b236705c5,CONTROL,6072464,82142.m4a
82153,7ee8a6dd-c9b4-40c5-94dd-a30dc3e5475b,CONTROL,5777016,82153.m4a
82162,33b5cf9d-37eb-4707-8c57-1f9f2b43e63e,PD,6074667,82162.m4a
82164,922805aa-2a68-45d9-97bb-26b7158ecc7f,CONTROL,5785985,82164.m4a
82165,922805aa-2a68-45d9-97bb-26b7158ecc7f,CONTROL,5795294,82165.m4a
82174,b9633fdd-4884-4248-bbc4-b04d4482951a,PD,5801589,82174.m4a
82180,cac55322-1af9-45f1-b77a-b37f4f8d26f9,PD,5793563,82180.m4a
82194,02bb6e94-69c8-41c7-a85f-618624d7b5d5,CONTROL,5782002,82194.m4a
82199,faa727d6-4756-46cc-b8b4-a1c6511f6ab2,CONTROL,5809834,82199.m4a
82201,42b19e40-684f-4b68-9210-605a6378ae80,CONTROL,5799112,82201.m4a
82207,5b4115a0-8bd8-46ca-9835-db4517e762b6,PD,5801629,82207.m4a
82213,108c5fe2-4b2c-42d8-9682-fb11002fd02a,CONTROL,5814380,82213.m4a
82215,108c5fe2-4b2c-42d8-9682-fb11002fd02a,CONTROL,5783660,82215.m4a
82221,b7ac2ee2-6e0b-444b-a2aa-35d0838522bc,PD,5771569,82221.m4a
82225,84b385db-d562-4e27-82bf-283e88df54ca,CONTROL,5784791,82225.m4a
82227,c120e110-9851-4ea5-a4f8-549484489ad1,CONTROL,5775187,82227.m4a
82231,7f66ea04-8273-489d-b32e-5764714bcc1b,CONTROL,5795838,82231.m4a
82235,8c2c36d6-9cb2-4358-8085-5958e7f35a67,CONTROL,5808041,82235.m4a
82237,a107f4ee-e18f-4fdf-a6d3-f8b7e1cc6a20,CONTROL,5777310,82237.m4a
82243,cf8a9f12-bfdc-45b2-a3c1-4da0e40941e4,CONTROL,5809247,82243.m4a
82244,ad321355-0e48-4ccb-b55c-3b47331c2282,PD,5773040,82244.m4a
82245,ad321355-0e48-4ccb-b55c-3b47331c2282,PD,5775264,82245.m4a
82251,6cf80b1d-e27b-402b-a08f-4a70d1971c8b,CONTROL,5815076,82251.m4a
82258,bc1dab86-f8d0-457a-9031-731b1f1e7f7f,CONTROL,5771852,82258.m4a
82260,6cf80b1d-e27b-402b-a08f-4a70d1971c8b,CONTROL,5801095,82260.m4a
82264,79b82bc0-d582-4058-a148-3456400ddaac,CONTROL,5784081,82264.m4a
82268,b19baebf-f77c-4feb-977f-5f5a64fe87d0,CONTROL,5793883,82268.m4a
82273,b19baebf-f77c-4feb-977f-5f5a64fe87d0,CONTROL,5784655,82273.m4a
82280,aaec8c0f-4ef7-4f52-98e1-c9cde58ab5e5,PD,5785458,82280.m4a
82286,f84daea6-54eb-40e1-90e5-68ece4d4e03e,CONTROL,5801275,82286.m4a
82287,aaec8c0f-4ef7-4f52-98e1-c9cde58ab5e5,PD,5772543,82287.m4a
82289,6633c648-95ef-4ed4-89fe-55a51334f8e0,PD,5807284,82289.m4a
82294,5f715699-26ec-4d13-a346-80cd971c4c56,CONTROL,5799935,82294.m4a
82296,5f715699-26ec-4d13-a346-80cd971c4c56,CONTROL,5803044,82296.m4a
82303,f2ff1106-26d8-4eee-9d9d-ba1321d7078a,CONTROL,5816247,82303.m4a
82307,67f1c9a8-cc73-4fb1-8950-714d56a7c2cb,CONTROL,5803618,82307.m4a
82308,f2ff1106-26d8-4eee-9d9d-ba1321d7078a,CONTROL,6081204,82308.m4a
82312,3b4cf702-848f-44e6-8ebe-386ac08264fe,CONTROL,5775840,82312.m4a
82315,3b4cf702-848f-44e6-8ebe-386ac08264fe,CONTROL,5816248,82315.m4a
82320,8b238303-9260-4590-adf0-82a76e3590f9,CONTROL,5786455,82320.m4a
82325,6f99fa6b-b8b7-4eec-94ee-90520a377367,CONTROL,5800067,82325.m4a
82326,1a38dca5-145a-413b-86cd-86fa9f6802ff,PD,5804513,82326.m4a
82327,e4530d2a-138a-4037-9e4e-32f715175556,PD,5783201,82327.m4a
82331,d6c1063d-14e8-4226-91a0-8c1d1d049d91,CONTROL,5788234,82331.m4a
82334,844dfe5f-25d2-4cec-be3f-afc8fe8025fb,CONTROL,5775833,82334.m4a
82335,844dfe5f-25d2-4cec-be3f-afc8fe8025fb,CONTROL,5795790,82335.m4a
82341,90550db0-af30-495f-8d7c-5749577cdae2,PD,5813559,82341.m4a
82346,f9687dbb-7bf1-444d-afb3-9cf6e632fcf2,PD,5836520,82346.m4a
82347,e186c567-aade-4e76-b17e-5f6d580886bc,CONTROL,5782229,82347.m4a
82349,1a2fd9e0-5e4e-4e4b-97aa-6718196bf510,PD,5848083,82349.m4a
82393,877f8fcf-4491-42f0-883b-f2e4e0a32854,PD,5814366,82393.m4a
82394,5a0f0f7e-8b49-4e1e-a8d5-9661625b5609,CONTROL,5788046,82394.m4a
82400,f84daea6-54eb-40e1-90e5-68ece4d4e03e,CONTROL,5795679,82400.m4a
82402,208e0cb4-6254-4c7c-bc12-ac2a60c3163d,PD,5771952,82402.m4a
82403,98cebf27-8771-455b-a624-c2fafa48e249,PD,5792712,82403.m4a
82438,e747d437-6fd3-406b-9477-8579a5658525,CONTROL,5783426,82438.m4a
82449,e747d437-6fd3-406b-9477-8579a5658525,CONTROL,5802242,82449.m4a
82451,3971c58e-16cc-47b4-90bb-5f9f34cb6ae6,CONTROL,5796274,82451.m4a
82455,5b68ee80-508b-47c3-9e83-c05bc891be7f,CONTROL,5808523,82455.m4a
82462,c499a6b7-a5b4-4c92-ad5c-905ca29a14d8,PD,5770803,82462.m4a
82465,c499a6b7-a5b4-4c92-ad5c-905ca29a14d8,PD,5805636,82465.m4a
82467,f87dc97f-ecc9-4037-b73c-72ef49309da0,CONTROL,5771113,82467.m4a
82468,f87dc97f-ecc9-4037-b73c-72ef49309da0,CONTROL,5810761,82468.m4a
82470,804548c3-deab-4614-b8de-e807edbecc80,PD,5775216,82470.m4a
82471,804548c3-deab-4614-b8de-e807edbecc80,PD,5786345,82471.m4a
82472,4b52f3cc-09b7-4ad1-98c4-7a8eb1e9ec74,PD,5797731,82472.m4a
82476,1b3ac010-fc8e-4102-8b69-07c6de8a41d1,CONTROL,5813217,82476.m4a
82477,1b3ac010-fc8e-4102-8b69-07c6de8a41d1,CONTROL,5814470,82477.m4a
82480,3e3dab8f-87e1-42c8-a091-9202fb089a03,PD,5793493,82480.m4a
82481,057c4b83-90ae-4f12-93d9-7a073b07300c,CONTROL,5806939,82481.m4a
82482,0b493726-27d2-4d21-ad41-91e96772d511,PD,5806188,82482.m4a
82484,b80b54cc-7323-4a1e-88cf-112051223fc5,PD,5795667,82484.m4a
82486,057c4b83-90ae-4f12-93d9-7a073b07300c,CONTROL,5772456,82486.m4a
82487,0b493726-27d2-4d21-ad41-91e96772d511,PD,5794701,82487.m4a
82488,dc3c74be-84d7-4597-b1fa-0e8e0b8a0c2e,CONTROL,5783713,82488.m4a
82490,dc3c74be-84d7-4597-b1fa-0e8e0b8a0c2e,CONTROL,5802337,82490.m4a
82491,26a8f8e8-b0b4-4251-82ff-94ee9a5961e5,PD,5801460,82491.m4a
82494,847a4b08-0952-4f4a-b98f-67137681eb75,CONTROL,5806283,82494.m4a
82496,54db303d-a4f5-4d28-991e-2bbba382f80c,CONTROL,5809749,82496.m4a
82498,a8e7e1c4-eeb7-41c1-91d2-392ae2d20234,CONTROL,6072113,82498.m4a
82499,54db303d-a4f5-4d28-991e-2bbba382f80c,CONTROL,5774096,82499.m4a
82500,d49fcd5c-3952-49ba-bc03-261b83a7ab6e,PD,6073289,82500.m4a
82505,9f1cbba8-5665-42df-a05c-d866cb3cfe46,PD,5800144,82505.m4a
82513,eeaa71a5-2726-4fd2-9e3e-facba9e0d648,CONTROL,5809115,82513.m4a
82526,f4a2496d-ca7f-4c1a-b71b-b92354888e1d,CONTROL,5807163,82526.m4a
82527,f4a2496d-ca7f-4c1a-b71b-b92354888e1d,CONTROL,5814971,82527.m4a
82537,becf5d33-f3d0-43c2-b93d-d3b0bb8fa483,CONTROL,5791297,82537.m4a
82541,becf5d33-f3d0-43c2-b93d-d3b0bb8fa483,CONTROL,5810967,82541.m4a
82542,b22fa353-7083-4a8b-9bcc-ebb6d708f090,PD,6072688,82542.m4a
82543,b22fa353-7083-4a8b-9bcc-ebb6d708f090,PD,5806315,82543.m4a
82549,63009f60-dae3-4921-9c88-df7e8d9b4240,CONTROL,5807744,82549.m4a
82550,4580288b-180f-4b30-a146-89d764c2f60b,PD,5785707,82550.m4a
82553,63009f60-dae3-4921-9c88-df7e8d9b4240,CONTROL,5803765,82553.m4a
82558,b22fa353-7083-4a8b-9bcc-ebb6d708f090,PD,5773872,82558.m4a
82562,5423d73f-88f1-4706-ad5e-76c0559cb0b8,PD,5800492,82562.m4a
82565,4580288b-180f-4b30-a146-89d764c2f60b,PD,5772007,82565.m4a
82566,4580288b-180f-4b30-a146-89d764c2f60b,PD,5815108,82566.m4a
82567,77d86547-07fb-4363-b9c0-3654b175ab5e,CONTROL,5784710,82567.m4a
82572,186bef60-68ea-4531-8884-055b94fad0f1,CONTROL,5805855,82572.m4a
82575,1d6875a0-4889-43a4-ab39-09cc7e1d8ba2,CONTROL,5807620,82575.m4a
82576,1d6875a0-4889-43a4-ab39-09cc7e1d8ba2,CONTROL,6081758,82576.m4a
82580,d08cc1ef-4a7c-48a8-b0ab-bff913a7c243,CONTROL,5802907,82580.m4a
82582,e9b09802-cf9d-4b37-8a1c-fbce4b225f27,CONTROL,5809971,82582.m4a
82583,5e5e1d18-94ef-451f-98cb-10dd33dd1ce5,PD,5808354,82583.m4a
82584,e9b09802-cf9d-4b37-8a1c-fbce4b225f27,CONTROL,5794987,82584.m4a
82586,0aebc1b8-a6c9-45df-9d33-e474740dedad,CONTROL,5771104,82586.m4a
82594,2951c494-015e-48df-af05-a8a06707204c,CONTROL,5783978,82594.m4a
82600,a6152ed8-13e2-4831-92f1-5ba8c0af2c9a,PD,5782757,82600.m4a
82602,be192cef-4e88-4080-9573-4cd97e9f9fb2,PD,5780093,82602.m4a
82603,be192cef-4e88-4080-9573-4cd97e9f9fb2,PD,5803303,82603.m4a
82604,be192cef-4e88-4080-9573-4cd97e9f9fb2,PD,6080799,82604.m4a
82607,93b9641c-9493-4ca3-8095-de52d808d138,PD,5805811,82607.m4a
82609,ed0e6c58-00cf-4b06-8d81-be5b4240b6af,PD,5803185,82609.m4a
82610,ed0e6c58-00cf-4b06-8d81-be5b4240b6af,PD,5791654,82610.m4a
82612,ed0e6c58-00cf-4b06-8d81-be5b4240b6af,PD,5794040,82612.m4a
82614,2fe2af78-84dd-44ad-a4bc-6451600b4af7,CONTROL,5783841,82614.m4a
82615,2fe2af78-84dd-44ad-a4bc-6451600b4af7,CONTROL,5814185,82615.m4a
82619,422479b5-bbb9-40a4-8817-313474edf765,CONTROL,5808457,82619.m4a
82620,d008149a-f41e-4503-b055-c0bcfc1f2d1f,CONTROL,5804754,82620.m4a
82624,2d9cfc07-b958-4aa7-8b3d-0ab9570953ba,CONTROL,5782129,82624.m4a
82632,f8922040-f2bf-4a31-ac26-d78bef4e7cab,PD,5782422,82632.m4a
82633,4ea2c093-f73c-46c8-85de-d006808c8192,CONTROL,5796916,82633.m4a
82634,f8922040-f2bf-4a31-ac26-d78bef4e7cab,PD,5782863,82634.m4a
82635,4ea2c093-f73c-46c8-85de-d006808c8192,CONTROL,5782849,82635.m4a
82636,f8922040-f2bf-4a31-ac26-d78bef4e7cab,PD,5780000,82636.m4a
82641,847a4b08-0952-4f4a-b98f-67137681eb75,CONTROL,5775756,82641.m4a
82648,13198a18-e764-4a99-9cfd-62b0799a143d,CONTROL,5899027,82648.m4a
82652,2951f8b7-24c5-4d72-8e79-b00fc126d76a,CONTROL,5813553,82652.m4a
82654,2951f8b7-24c5-4d72-8e79-b00fc126d76a,CONTROL,5785578,82654.m4a
82661,cac5f2f4-2c09-4629-a6e9-ce524ea192f5,PD,5788432,82661.m4a
82664,65c0ee9c-6b7d-4ae2-b830-f6d4fb6bd051,CONTROL,6082704,82664.m4a
82674,65c0ee9c-6b7d-4ae2-b830-f6d4fb6bd051,CONTROL,5805012,82674.m4a
82676,d65b28e2-bdc8-4d2f-88c7-24c4e621fbde,CONTROL,5796268,82676.m4a
82685,f2a0e197-b320-481d-bdbd-da2aacbfbed4,CONTROL,6071674,82685.m4a
82687,ee818c73-61c3-4777-8a56-f6f598918a08,CONTROL,5795778,82687.m4a
82690,ee818c73-61c3-4777-8a56-f6f598918a08,CONTROL,5786993,82690.m4a
82693,be1821f6-7616-4440-8edc-1baca63e2856,CONTROL,5809658,82693.m4a
82702,d65b28e2-bdc8-4d2f-88c7-24c4e621fbde,CONTROL,5800550,82702.m4a
82704,b6b04cba-5ae9-4da3-bcab-135df88e0f56,PD,6075618,82704.m4a
82707,d73a07c0-3042-498e-bfbd-8d4d74905498,CONTROL,5810855,82707.m4a
82710,d73a07c0-3042-498e-bfbd-8d4d74905498,CONTROL,5785112,82710.m4a
82714,a0bb85a1-3ebc-4a0a-a57f-5fd8afeb1019,CONTROL,6081413,82714.m4a
82715,51c8083c-a40f-47cb-9f02-1f5ba6ccbaf5,CONTROL,5791237,82715.m4a
82721,b10f9791-4ef7-4ea7-bf7d-0f14b36412d6,CONTROL,5808347,82721.m4a
82722,4bd8b493-1398-4892-916a-9fccd94d477b,PD,5791459,82722.m4a
82729,25209428-df2e-4d49-b8be-d55798fde9a6,CONTROL,5814326,82729.m4a
82730,5a72bd77-fcb3-4440-a550-b4344c864822,CONTROL,6079981,82730.m4a
82733,b9633fdd-4884-4248-bbc4-b04d4482951a,PD,5792783,82733.m4a
82735,2b53a09a-b251-4908-8155-a2e7efab4645,CONTROL,6081479,82735.m4a
82742,2b53a09a-b251-4908-8155-a2e7efab4645,CONTROL,5802959,82742.m4a
82743,542e46b9-3437-497e-893c-2ae34052df68,CONTROL,5786071,82743.m4a
82755,11aae9b1-d683-4704-9e4a-2da604e60060,PD,5812647,82755.m4a
82756,3b20c871-e212-4781-a30c-a0b31923fda2,PD,6074336,82756.m4a
82763,11aae9b1-d683-4704-9e4a-2da604e60060,PD,5773708,82763.m4a
82769,77803679-1c7d-4bac-8a00-ffd97eb87bfc,CONTROL,5819681,82769.m4a
82773,4a56ed37-6bca-4643-aa2f-24a71d4d63b0,CONTROL,5799765,82773.m4a
82778,3df7a517-10a3-47bb-a49a-1e91e255a088,CONTROL,5804479,82778.m4a
82779,08c23348-8945-4e2f-a339-969b6699f0a2,PD,5811125,82779.m4a
82784,0b08bef7-cd9a-4732-9aa4-5855d59981ed,CONTROL,5810033,82784.m4a
82787,0b08bef7-cd9a-4732-9aa4-5855d59981ed,CONTROL,5774241,82787.m4a
82789,4a56ed37-6bca-4643-aa2f-24a71d4d63b0,CONTROL,5785261,82789.m4a
82791,632f046f-f527-4210-8891-44b0d3ab4624,PD,5780699,82791.m4a
82792,632f046f-f527-4210-8891-44b0d3ab4624,PD,5791069,82792.m4a
82795,632f046f-f527-4210-8891-44b0d3ab4624,PD,5782084,82795.m4a
82796,bab29b7e-9b17-420c-b17b-f9f957eaf374,PD,5782227,82796.m4a
82797,bd563479-821d-4616-b14a-7b83741f4527,CONTROL,5808655,82797.m4a
82801,b9fc5905-a423-41be-b526-a5dcf02ade42,PD,5777251,82801.m4a
82806,1447e829-cd53-4498-a9eb-833c2f791d13,PD,5791818,82806.m4a
82808,5aa4b983-2700-42f6-bcef-bed7a8bf3ead,CONTROL,5770283,82808.m4a
82815,dd9b8af7-b22b-41df-a222-5b63bc0cce49,CONTROL,5798823,82815.m4a
82817,bb91ec4b-ab77-483b-b35f-fa039bc8225d,PD,5781878,82817.m4a
82825,9b25abbc-51e1-4a92-877b-ca8b223c82c7,CONTROL,5803907,82825.m4a
82836,00547584-0c04-4228-a5d5-c68f7d59f176,CONTROL,5782707,82836.m4a
82842,faeab8f9-5e6b-48ef-8e87-3cc7e6da3e5f,PD,5811820,82842.m4a
82843,bc294d3e-b079-4bfa-b5ec-73fc43ae3ac9,CONTROL,5771909,82843.m4a
82844,2974bea0-3aa2-4a00-9f32-6d5856e62829,PD,5784988,82844.m4a
82849,ab5d04c9-81a2-45ec-b8c2-0ab088eb4934,CONTROL,5808446,82849.m4a
82851,ab5d04c9-81a2-45ec-b8c2-0ab088eb4934,CONTROL,5791253,82851.m4a
82856,60c67049-c4c9-4176-9993-73abf6f12888,PD,5815742,82856.m4a
82862,2e52b112-5bb8-44d0-b7c0-78cf9a5eda19,CONTROL,5813709,82862.m4a
82866,ef7b5e7d-248d-4a52-ac3a-87efb5775247,CONTROL,5787981,82866.m4a
82876,ce2b2605-57e8-4c20-9194-af768781454d,CONTROL,5809892,82876.m4a
82878,ce2b2605-57e8-4c20-9194-af768781454d,CONTROL,5794724,82878.m4a
82885,5dfe71c6-acc0-4fa0-9bbd-766ca413d2ef,CONTROL,5791696,82885.m4a
82888,5146e295-c971-40d8-a943-f1917f9a6223,CONTROL,5781268,82888.m4a
82890,11fa2e95-094c-45b7-9e4c-b6fb8d935314,PD,5793991,82890.m4a
82891,74a0596d-a626-40d4-8dcd-f274f8d31dba,PD,5806236,82891.m4a
82895,0eb1fb3d-cffd-4fcd-bdf7-24b411fd2def,CONTROL,5808308,82895.m4a
82900,e1e99be6-a791-4097-8be6-978eff6a6e5c,PD,5797984,82900.m4a
82918,0eb1fb3d-cffd-4fcd-bdf7-24b411fd2def,CONTROL,5772470,82918.m4a
82923,df5728a5-1195-4034-95d0-febe18304160,CONTROL,5797991,82923.m4a
82926,983c352c-9908-4f0f-8063-ee19e3795e4b,CONTROL,5798807,82926.m4a
82928,983c352c-9908-4f0f-8063-ee19e3795e4b,CONTROL,5811370,82928.m4a
82932,c64858a7-c69c-42b3-a851-9acb010b6979,PD,6074521,82932.m4a
82942,6faa1fbb-12ea-4983-a854-9c5a269b81bb,CONTROL,6075829,82942.m4a
82943,6faa1fbb-12ea-4983-a854-9c5a269b81bb,CONTROL,6074716,82943.m4a
82945,3aab8c58-a851-4084-8e75-92a1566a7280,PD,6020210,82945.m4a
82947,3aab8c58-a851-4084-8e75-92a1566a7280,PD,6018331,82947.m4a
82950,3aab8c58-a851-4084-8e75-92a1566a7280,PD,6020291,82950.m4a
82953,1ae51f0f-8e90-4c83-8eeb-43cb3acf4828,PD,5777653,82953.m4a
82955,1ae51f0f-8e90-4c83-8eeb-43cb3acf4828,PD,5778893,82955.m4a
82957,1ae51f0f-8e90-4c83-8eeb-43cb3acf4828,PD,5803835,82957.m4a
82959,eb141a47-60b4-412a-91e1-ad09ead3d2a5,CONTROL,5779421,82959.m4a
82961,8fed26f5-2b44-485e-a68c-c0fd670f9ad8,PD,5782431,82961.m4a
82967,902d4a36-661f-4ab3-a579-dcc4db6b504b,CONTROL,5771061,82967.m4a
82972,902d4a36-661f-4ab3-a579-dcc4db6b504b,CONTROL,5787605,82972.m4a
82974,5e130a21-0716-4583-a883-3615a1ecb499,CONTROL,5798257,82974.m4a
82975,8fed26f5-2b44-485e-a68c-c0fd670f9ad8,PD,6080822,82975.m4a
82976,5e130a21-0716-4583-a883-3615a1ecb499,CONTROL,5785822,82976.m4a
82977,fcfb4b0d-50d4-4de2-b086-7bce4d33ef5d,CONTROL,5786057,82977.m4a
82979,59126ab3-6dc8-4dbf-9ca3-9e2ab2829218,CONTROL,5810218,82979.m4a
82980,9043eee5-a03d-4805-a7cf-01a1dc5b7eca,CONTROL,5776063,82980.m4a
82981,fcfb4b0d-50d4-4de2-b086-7bce4d33ef5d,CONTROL,5774042,82981.m4a
82984,71f7aad9-8d7f-4929-86ef-8592fbef8d94,CONTROL,5784730,82984.m4a
82996,969107e8-72ca-4566-9c28-a2bd14389f9c,PD,5780411,82996.m4a
82997,31b686b9-7995-4e88-b7d4-09217ff16803,CONTROL,5800715,82997.m4a
83002,80eb3a0d-50eb-43d6-a96f-39da7b127fbc,CONTROL,6082709,83002.m4a
83005,ffd42c31-63ae-49aa-93fc-04e276b6d945,CONTROL,5794470,83005.m4a
83008,ffd42c31-63ae-49aa-93fc-04e276b6d945,CONTROL,5813366,83008.m4a
83013,1ec04128-f06a-483e-bd25-9f77d223556f,CONTROL,5790628,83013.m4a
83015,1ec04128-f06a-483e-bd25-9f77d223556f,CONTROL,5794142,83015.m4a
83020,71ba8422-0bbe-42ae-9185-0fca8a95ccb8,PD,5792004,83020.m4a
83022,d3dc7b34-4f48-4b06-bce5-78948cdeec4f,PD,5802920,83022.m4a
83025,b8630166-2466-4e56-b898-2a7fec8d3a46,CONTROL,5815180,83025.m4a
83028,b82fc368-85c8-42a6-ba6a-bbc4b5b078df,CONTROL,5813214,83028.m4a
83031,1a670a79-e3b2-48b6-ad5d-526db58465a9,CONTROL,5816188,83031.m4a
83038,c5aba76b-5660-408d-847e-a7f98a4b4fa3,CONTROL,6075870,83038.m4a
83045,c5aba76b-5660-408d-847e-a7f98a4b4fa3,CONTROL,5774106,83045.m4a
83050,75b63b7c-7752-4097-89ae-f9e339b26835,PD,5781693,83050.m4a
83054,9dd06ef1-a622-4660-a102-1e1c865ab7b2,CONTROL,5793803,83054.m4a
83055,c7671a64-249a-40f0-af11-f8f404a4498a,CONTROL,5784364,83055.m4a
83056,83d04411-2817-4292-889c-405dac1807e4,CONTROL,5779744,83056.m4a
83066,50ed5188-9843-435b-854c-235a4a7cb1c8,CONTROL,5779502,83066.m4a
83070,9dd06ef1-a622-4660-a102-1e1c865ab7b2,CONTROL,5797010,83070.m4a
83072,699e5cf4-4f42-4afa-a9fe-752afc24dbf4,CONTROL,5815849,83072.m4a
83074,ab0b71a9-ad46-47fd-b3ef-8b1b83412599,PD,5804528,83074.m4a
83075,6134a5c5-2912-4cb0-87aa-10dee483b686,PD,5780641,83075.m4a
83081,744908f1-81b3-4b2e-b66a-b0320684f436,CONTROL,5803916,83081.m4a
83088,3b8574ca-f720-4363-815b-23e730acb10f,CONTROL,5787950,83088.m4a
83091,3b8574ca-f720-4363-815b-23e730acb10f,CONTROL,5772014,83091.m4a
83103,89582754-82c5-49fb-b119-9bed1c6eb32c,CONTROL,5783134,83103.m4a
83106,89582754-82c5-49fb-b119-9bed1c6eb32c,CONTROL,5785051,83106.m4a
83113,b78c0046-9026-4f26-b88b-52ac26fb2d67,CONTROL,5804617,83113.m4a
83116,22e9a983-109c-49b9-892c-23f489852a57,PD,5788181,83116.m4a
83120,48268a8e-9888-48ec-a48d-6e4e8f25fd88,PD,5812802,83120.m4a
83121,48268a8e-9888-48ec-a48d-6e4e8f25fd88,PD,5786685,83121.m4a
83122,48268a8e-9888-48ec-a48d-6e4e8f25fd88,PD,5773134,83122.m4a
83124,bf2143b9-a43b-4a47-84a4-c8f3cafbe808,CONTROL,5772709,83124.m4a
83128,55cd714e-cf36-462d-b155-93f1af918bc2,PD,5862863,83128.m4a
83129,1d4cd28d-4bd5-4f4d-a540-4828796a93f2,CONTROL,5772258,83129.m4a
83138,1d4cd28d-4bd5-4f4d-a540-4828796a93f2,CONTROL,5785282,83138.m4a
83139,cb4b3408-3526-4408-bc3c-97c11e3953a8,CONTROL,5774419,83139.m4a
83140,99c5cb4e-cbab-423d-b0a9-2af9836ca63d,CONTROL,5796707,83140.m4a
83149,47d92c82-2aef-43e0-b783-b6c586f39635,CONTROL,5776850,83149.m4a
83150,47d92c82-2aef-43e0-b783-b6c586f39635,CONTROL,5782964,83150.m4a
83154,bc53f23e-bf00-402d-93ed-3030cc15b582,PD,5794511,83154.m4a
83156,e8bbbf39-3b34-4da9-96e2-d1a485c9f018,PD,5788168,83156.m4a
83157,530bc9ed-d545-4252-9660-2ce2f916a9bd,PD,5803081,83157.m4a
83161,bc53f23e-bf00-402d-93ed-3030cc15b582,PD,5774023,83161.m4a
83165,55cc7a36-8d55-4641-90ed-3a131f26b3bc,CONTROL,5801242,83165.m4a
83166,55cc7a36-8d55-4641-90ed-3a131f26b3bc,CONTROL,5798471,83166.m4a
83170,1359f220-9db5-4777-91cd-cf1e8abfc42d,PD,5770061,83170.m4a
83174,11d2db10-7ee9-43e9-8d44-b49f45937cb7,PD,5802026,83174.m4a
83191,5863cea7-ec16-44a1-80a7-785e652cea4d,PD,5772573,83191.m4a
83194,5863cea7-ec16-44a1-80a7-785e652cea4d,PD,5898484,83194.m4a
83208,8da79786-988c-441c-899a-5e83a1469120,CONTROL,5786604,83208.m4a
83210,52fe366a-2a9f-4260-9fb1-0fbc637a6cf4,CONTROL,5773552,83210.m4a
83211,52fe366a-2a9f-4260-9fb1-0fbc637a6cf4,CONTROL,5805736,83211.m4a
83223,ea0252eb-1817-4335-9d07-346ecdc54a84,PD,5771051,83223.m4a
83235,f6bdbd53-2248-4cf3-beb6-14161b589b9c,CONTROL,5771470,83235.m4a
83238,f6bdbd53-2248-4cf3-beb6-14161b589b9c,CONTROL,5799577,83238.m4a
83241,a372f997-e062-44a0-9cc6-ee5dd98d5729,CONTROL,5783915,83241.m4a
83245,2d08a936-1937-4031-85b0-0b24b3e8e9d5,CONTROL,5806471,83245.m4a
83247,62669fa1-7944-495f-b3a9-de9d9e256370,CONTROL,6958627,83247.m4a
83256,231c45ce-c155-4a4d-a546-10a482a4eb59,CONTROL,5798541,83256.m4a
83259,231c45ce-c155-4a4d-a546-10a482a4eb59,CONTROL,5812629,83259.m4a
83262,b66f90b1-f5f8-4c0a-9cf1-28627de6126d,PD,5786921,83262.m4a
83267,9e1ad445-265f-4471-928a-c72399ae7223,CONTROL,5775166,83267.m4a
83284,c638fd31-bdb3-4d82-96b7-30e14272a034,PD,5813444,83284.m4a
83293,c638fd31-bdb3-4d82-96b7-30e14272a034,PD,5792270,83293.m4a
83295,389a67d6-c324-456c-a922-8d54519b85d7,PD,5796224,83295.m4a
83300,0474a7ea-d0e4-4737-a276-4670a0f2dfc1,PD,5793911,83300.m4a
83301,0474a7ea-d0e4-4737-a276-4670a0f2dfc1,PD,5799478,83301.m4a
83302,0474a7ea-d0e4-4737-a276-4670a0f2dfc1,PD,6082546,83302.m4a
83305,31cdb823-759f-49bb-976f-fdc13715de28,CONTROL,5778230,83305.m4a
83307,389a67d6-c324-456c-a922-8d54519b85d7,PD,5782772,83307.m4a
83308,389a67d6-c324-456c-a922-8d54519b85d7,PD,5785009,83308.m4a
83310,5afeffab-a95c-4059-a2f9-3c272c69bef1,CONTROL,5770126,83310.m4a
83315,3ddf7ebb-9d46-42db-853d-6da976b8de95,CONTROL,5811230,83315.m4a
83324,56c07f85-a591-42d8-bb85-3ad2c6596eea,PD,5808200,83324.m4a
83325,7bfc701c-e01d-4ed0-a09f-5f5ecde91e65,CONTROL,5816083,83325.m4a
83329,1fad9015-04df-42d8-85b0-2e3522596f34,CONTROL,5811326,83329.m4a
83334,21f48326-8202-4130-8dbd-85a5743f0ed6,CONTROL,5775324,83334.m4a
83343,998a7da0-a59a-480c-b87d-6a7277a7fb4b,CONTROL,5785669,83343.m4a
83348,04d17796-8da5-43a2-b24c-6a854065dd5d,CONTROL,5802077,83348.m4a
83351,04d17796-8da5-43a2-b24c-6a854065dd5d,CONTROL,5785815,83351.m4a
83363,a3d2381b-d200-4f29-b27e-357b5433580c,CONTROL,5789061,83363.m4a
83364,a3d2381b-d200-4f29-b27e-357b5433580c,CONTROL,5781118,83364.m4a
83369,8c1cecda-0d34-4602-95ad-ed1ee8de53cf,PD,5825070,83369.m4a
83371,8922be0b-d3a5-415b-a38f-79a0009b5d42,CONTROL,5780455,83371.m4a
83381,5f59f2c3-c3ce-4b81-a627-0473967b422d,CONTROL,5780049,83381.m4a
83388,8922be0b-d3a5-415b-a38f-79a0009b5d42,CONTROL,5815845,83388.m4a
83395,e0d06a33-7708-4284-9bc1-451edd720374,PD,5795506,83395.m4a
83397,e0d06a33-7708-4284-9bc1-451edd720374,PD,5803230,83397.m4a
83399,e0d06a33-7708-4284-9bc1-451edd720374,PD,5775475,83399.m4a
83405,be79f24c-e591-4894-9a12-ac0ce0043c8c,CONTROL,5795213,83405.m4a
83407,22249fb7-2426-4ad2-9d3d-472ebd003a05,CONTROL,5772316,83407.m4a
83414,6ae4b89f-6ce4-4d5a-8a58-3fb773ae9d5e,CONTROL,6073418,83414.m4a
83420,6a04ebed-1b03-47ca-a6db-1bdfc41979a5,CONTROL,5783243,83420.m4a
83421,6a04ebed-1b03-47ca-a6db-1bdfc41979a5,CONTROL,5803407,83421.m4a
83425,8543d9a7-4259-49ec-9146-f2f513e35e5b,PD,5793532,83425.m4a
83429,d4918f6f-82d7-41fa-8032-545cb952a68a,CONTROL,5812575,83429.m4a
83430,d4918f6f-82d7-41fa-8032-545cb952a68a,CONTROL,5771871,83430.m4a
83432,89be4e69-c6f6-447c-9d12-4aa19bb24e2d,CONTROL,5799373,83432.m4a
83440,89be4e69-c6f6-447c-9d12-4aa19bb24e2d,CONTROL,6075243,83440.m4a
83458,0d5056c7-8cca-400a-9aa4-c6047d3b7424,CONTROL,6073790,83458.m4a
83460,0d5056c7-8cca-400a-9aa4-c6047d3b7424,CONTROL,5798395,83460.m4a
83464,70c5820c-683b-4ff5-a08d-edf3468449fa,CONTROL,5807059,83464.m4a
83466,ff87c0f8-227e-4f76-be46-c65e23653deb,CONTROL,5812725,83466.m4a
83472,e08db78f-ce7f-4d8d-8250-119275219b4f,CONTROL,5805447,83472.m4a
83473,5b41a94a-80e8-4dfc-8b89-3e756ef87b38,CONTROL,5775096,83473.m4a
83474,5b41a94a-80e8-4dfc-8b89-3e756ef87b38,CONTROL,5782566,83474.m4a
83479,2b8c3659-90a8-4b28-ae5b-88eab39997e6,PD,5806363,83479.m4a
83482,51936928-41d2-4090-8d27-751866298d3d,CONTROL,5777002,83482.m4a
83483,7f75418c-457c-4e45-a81a-ffc432e415c8,CONTROL,5801628,83483.m4a
83484,7f75418c-457c-4e45-a81a-ffc432e415c8,CONTROL,5779527,83484.m4a
83491,a34687d8-585d-498a-b83a-ae60ee68fc93,CONTROL,5779921,83491.m4a
83494,5f39e70d-c9ff-4a76-ab5e-247d35f2b63e,CONTROL,5803073,83494.m4a
83495,62dcd7c8-d84c-41a9-b400-c29fb9b2421d,CONTROL,5798019,83495.m4a
83496,62dcd7c8-d84c-41a9-b400-c29fb9b2421d,CONTROL,6072531,83496.m4a
83497,132f1a7f-a572-4a0f-be0f-e61adf94667b,CONTROL,5784893,83497.m4a
83498,132f1a7f-a572-4a0f-be0f-e61adf94667b,CONTROL,5805590,83498.m4a
83500,5f39e70d-c9ff-4a76-ab5e-247d35f2b63e,CONTROL,5777073,83500.m4a
83502,ad66480d-8929-46ee-9eee-183103facc9b,PD,5780927,83502.m4a
83503,cc155b55-49c8-4b15-a905-2e5e4546d1b7,CONTROL,5776179,83503.m4a
83510,26a8f8e8-b0b4-4251-82ff-94ee9a5961e5,PD,5774731,83510.m4a
83517,cea9168b-0db2-4921-bb1c-ef2d00006445,CONTROL,5773332,83517.m4a
83523,3f089713-a352-4ec8-8da0-45925fc45f3c,CONTROL,5826466,83523.m4a
83525,3f089713-a352-4ec8-8da0-45925fc45f3c,CONTROL,5826180,83525.m4a
83537,246427cc-554b-4c8a-8114-fb1d0f6d66d3,CONTROL,5851832,83537.m4a
83540,1334e267-bdfc-4521-82a2-5ef3c34dad24,CONTROL,5860680,83540.m4a
83545,2373d2a2-3bea-4f9a-82bb-623be0b60793,CONTROL,5832946,83545.m4a
83546,2373d2a2-3bea-4f9a-82bb-623be0b60793,CONTROL,5828121,83546.m4a
83552,edea3928-705b-4cad-bf20-b96ea4174be4,CONTROL,5857269,83552.m4a
83554,edea3928-705b-4cad-bf20-b96ea4174be4,CONTROL,5829766,83554.m4a
83557,cb8b9306-5b23-44a5-b6b6-cb4d1febc678,CONTROL,5848620,83557.m4a
83558,cb8b9306-5b23-44a5-b6b6-cb4d1febc678,CONTROL,5979937,83558.m4a
83578,5b9e0d5e-e7c6-47f6-bc07-fbe02193b05d,CONTROL,5821104,83578.m4a
83582,8ac90d4b-fc41-4ca6-b31c-99b9bde3f50f,CONTROL,5843850,83582.m4a
83586,f94aa52d-198a-471f-9d5a-a8d890cf92e0,PD,5819655,83586.m4a
83587,f94aa52d-198a-471f-9d5a-a8d890cf92e0,PD,5827226,83587.m4a
83588,f94aa52d-198a-471f-9d5a-a8d890cf92e0,PD,5840696,83588.m4a
83605,4f055a5f-e130-4da8-b1d6-0a3d2879dd99,PD,5864862,83605.m4a
83613,ae73aa0e-955d-45dc-bc28-3459eeae902e,CONTROL,5860317,83613.m4a
83614,36d2fd51-1b90-43fc-9076-19b1c5262b0f,PD,5860037,83614.m4a
83615,38d13929-846f-4b86-bb02-fa20462b099a,CONTROL,5862653,83615.m4a
83624,4e4bd725-ff72-4690-9615-0624d09d7dbf,CONTROL,5861831,83624.m4a
83628,ee440f78-9f6d-4a5a-829c-9677928586bc,CONTROL,5859066,83628.m4a
83631,d34e21ab-09a7-4ac3-9fd0-ec4eb02bd4db,CONTROL,5840947,83631.m4a
83654,25209428-df2e-4d49-b8be-d55798fde9a6,CONTROL,5861982,83654.m4a
83668,33b5cf9d-37eb-4707-8c57-1f9f2b43e63e,PD,5828719,83668.m4a
83670,33b5cf9d-37eb-4707-8c57-1f9f2b43e63e,PD,5824948,83670.m4a
83679,87260798-1ed2-4554-94c0-732aa0de3978,CONTROL,5827138,83679.m4a
83686,68f20d02-839a-4927-9778-acdd1ead65ea,CONTROL,5822088,83686.m4a
83692,df2e3d3c-56aa-4901-9dce-9fdd469becd8,CONTROL,5848502,83692.m4a
83696,d3dc7b34-4f48-4b06-bce5-78948cdeec4f,PD,5825279,83696.m4a
83698,df2e3d3c-56aa-4901-9dce-9fdd469becd8,CONTROL,5861565,83698.m4a
83700,74de3c85-715c-4962-9cd7-28bdf4e96a73,PD,5825352,83700.m4a
83702,38da08c4-75db-44c4-9326-a568fb4bed89,CONTROL,5832630,83702.m4a
83703,38da08c4-75db-44c4-9326-a568fb4bed89,CONTROL,5848241,83703.m4a
83704,f03b7a08-445a-4787-846a-578c905a29a8,CONTROL,5823146,83704.m4a
83731,b5d300e5-4397-4f24-ab97-6ae76a3c956b,PD,5848702,83731.m4a
83733,a6152ed8-13e2-4831-92f1-5ba8c0af2c9a,PD,5823283,83733.m4a
83745,a8fb467a-67a0-40bf-b095-0f5d5f6790c9,PD,5841846,83745.m4a
83748,a8fb467a-67a0-40bf-b095-0f5d5f6790c9,PD,5830497,83748.m4a
83749,a8fb467a-67a0-40bf-b095-0f5d5f6790c9,PD,5852249,83749.m4a
83757,07895188-2de1-4ab0-a640-2655f78514a7,CONTROL,5843951,83757.m4a
83758,77803679-1c7d-4bac-8a00-ffd97eb87bfc,CONTROL,5844722,83758.m4a
83760,07895188-2de1-4ab0-a640-2655f78514a7,CONTROL,5838272,83760.m4a
83768,3ca6b81d-22d7-44e9-b4bd-4c833b4396ce,PD,5823443,83768.m4a
83769,02f42f94-f1bd-4a90-8b98-8fea8680a7d7,PD,5826016,83769.m4a
83771,d9776d33-4c1b-4264-b287-f9b2dad085f7,CONTROL,5823985,83771.m4a
83775,d9776d33-4c1b-4264-b287-f9b2dad085f7,CONTROL,5859449,83775.m4a
83776,b1d16e8e-906c-4433-a6bf-3b879bef2bef,CONTROL,5823418,83776.m4a
83778,6bdfb93d-86f5-4d8a-b283-22a2265b1c9a,CONTROL,5834990,83778.m4a
83779,b1d16e8e-906c-4433-a6bf-3b879bef2bef,CONTROL,5855596,83779.m4a
83782,6bdfb93d-86f5-4d8a-b283-22a2265b1c9a,CONTROL,5864302,83782.m4a
83801,fed48c4f-5ffa-4e6a-bfbd-bb08e3d7cad4,PD,5859918,83801.m4a
83845,5f369378-6389-4198-b97f-d1c19603a20a,CONTROL,5823074,83845.m4a
83846,61dd170c-f681-4c2a-86cd-c8c60d9780d4,PD,5838632,83846.m4a
83852,9aaa91d2-a697-411e-8691-c34f94d3511c,CONTROL,5857836,83852.m4a
83858,dbf66348-3c90-4aba-a621-a1edb092d8e3,CONTROL,5822910,83858.m4a
83867,892e1481-ede5-4e0f-b6fd-fcac4759b706,CONTROL,5827468,83867.m4a
83876,f043e577-4132-4b25-9943-9e2ecb9d2214,CONTROL,5834926,83876.m4a
83878,f043e577-4132-4b25-9943-9e2ecb9d2214,CONTROL,5827260,83878.m4a
83885,e0f7a0a9-fb8d-439a-9627-4732bb84705e,CONTROL,5831646,83885.m4a
83892,f85dad0e-d5c6-4926-9c10-43929029ef09,CONTROL,5861316,83892.m4a
83893,f85dad0e-d5c6-4926-9c10-43929029ef09,CONTROL,5846076,83893.m4a
83897,a724b198-2cdf-40b6-89ef-1cf230093e26,PD,5847682,83897.m4a
83900,6dc44e02-2311-4d43-bcdc-d73815c904bd,PD,5820241,83900.m4a
83902,c637ab78-4114-4cde-b4a4-e6d0a4699134,CONTROL,5828172,83902.m4a
83907,6dc44e02-2311-4d43-bcdc-d73815c904bd,PD,5822632,83907.m4a
83908,6dc44e02-2311-4d43-bcdc-d73815c904bd,PD,5834978,83908.m4a
83912,7a837f11-98c5-422f-8b27-0653a6b6a47e,CONTROL,5863814,83912.m4a
83917,93b9641c-9493-4ca3-8095-de52d808d138,PD,5838338,83917.m4a
83919,93e4a1e3-3f97-47ec-991b-e01ba42f990f,CONTROL,5862565,83919.m4a
83922,93e4a1e3-3f97-47ec-991b-e01ba42f990f,CONTROL,5833655,83922.m4a
83925,a627b898-05bd-4b7b-8104-4ef537076170,PD,5835388,83925.m4a
83936,f2a19126-3eeb-4588-8290-4c41b8f6582f,PD,5842615,83936.m4a
83937,0da4cf56-8009-41f2-81f4-1a98540b88b3,CONTROL,5845031,83937.m4a
83938,0da4cf56-8009-41f2-81f4-1a98540b88b3,CONTROL,5858796,83938.m4a
83951,93eaa02e-32c5-416c-8431-eada2b974255,CONTROL,5838546,83951.m4a
83952,93eaa02e-32c5-416c-8431-eada2b974255,CONTROL,5826242,83952.m4a
83964,3d476714-4de5-4cd4-b614-405397f88c65,PD,5836703,83964.m4a
83966,c0164d81-168c-40c2-b79d-d0108d75e7f8,CONTROL,5836525,83966.m4a
83971,8c1cecda-0d34-4602-95ad-ed1ee8de53cf,PD,5830339,83971.m4a
83973,1bd2716d-4651-4687-acb6-723f1ebeb113,CONTROL,5848921,83973.m4a
83976,af11ff58-dffe-4930-bf52-584e0f1cbc5d,PD,5833787,83976.m4a
83977,a74bd639-f40b-4a41-b05a-b5887ecfe2b7,CONTROL,5834880,83977.m4a
83978,af11ff58-dffe-4930-bf52-584e0f1cbc5d,PD,5842722,83978.m4a
83979,a74bd639-f40b-4a41-b05a-b5887ecfe2b7,CONTROL,5823366,83979.m4a
83980,af11ff58-dffe-4930-bf52-584e0f1cbc5d,PD,5847325,83980.m4a
83981,1bd2716d-4651-4687-acb6-723f1ebeb113,CONTROL,5833933,83981.m4a
83986,3339ab6f-0af6-4975-8225-67cb5753c1a6,PD,5831612,83986.m4a
83987,fd2ed83d-c25d-4494-b50e-13471481d998,PD,5820273,83987.m4a
83988,4d860201-8f72-4263-8d98-d7baa6e1d225,CONTROL,5824094,83988.m4a
83991,4d860201-8f72-4263-8d98-d7baa6e1d225,CONTROL,5862432,83991.m4a
83995,ce0433d3-cc03-4491-8fd4-58a39dd6ff35,CONTROL,5822091,83995.m4a
84001,6f44ba4b-ca1e-42e8-b25d-4dc9e508bd16,CONTROL,5831192,84001.m4a
84007,2571db2b-2f00-4d44-836b-afd7ce888c14,CONTROL,5845938,84007.m4a
84027,c9640e39-4b86-43d7-a3bb-b11838143f1f,PD,5862878,84027.m4a
84033,9abb3fc4-a2c5-4895-8049-558ad0a332ad,CONTROL,5863356,84033.m4a
84043,dfe2079e-d916-4fd7-a76f-b2c1d51607df,PD,5858112,84043.m4a
84050,dacd2d5f-d133-4c09-9dc3-b3dddc9a426d,PD,5872189,84050.m4a
84053,e8365274-11e8-49b1-9810-775fb6ad092f,CONTROL,5829995,84053.m4a
84069,1db1ed03-b5ea-48ba-a5a6-54936d19639e,PD,5860694,84069.m4a
84070,1db1ed03-b5ea-48ba-a5a6-54936d19639e,PD,5833744,84070.m4a
84071,70ad1f0d-4e57-435c-aa52-54d943c2f77f,CONTROL,5831488,84071.m4a
84078,b6b04cba-5ae9-4da3-bcab-135df88e0f56,PD,5842054,84078.m4a
84091,bbbf529e-01e5-448f-9cde-a0f270a960f7,CONTROL,5838531,84091.m4a
84093,520c5651-60d6-48ec-8a8a-68836ceda4f0,CONTROL,5854745,84093.m4a
84094,a89c251f-298e-45d4-ba5e-f4e13cd11b46,CONTROL,5828370,84094.m4a
84095,a9325c62-2e15-4ca2-b166-303292d1aa47,PD,5831860,84095.m4a
84099,520c5651-60d6-48ec-8a8a-68836ceda4f0,CONTROL,5831188,84099.m4a
84105,657401d2-10cd-4c6f-a225-71fa87210b26,CONTROL,5843812,84105.m4a
84110,15a4c52c-39be-446c-abc3-26995c3a5fc3,CONTROL,5838643,84110.m4a
84111,15a4c52c-39be-446c-abc3-26995c3a5fc3,CONTROL,5847867,84111.m4a
84120,22848d07-fb11-4399-bb3c-e3b1c7884e9b,CONTROL,5845116,84120.m4a
84121,22848d07-fb11-4399-bb3c-e3b1c7884e9b,CONTROL,5830855,84121.m4a
84125,08175aad-1d96-479f-b8ba-4342a6f77bd6,CONTROL,5845396,84125.m4a
84132,43d569d3-0fc8-485f-b54e-cc92bdd63680,CONTROL,5825050,84132.m4a
84134,b45e819c-2e28-4e36-8afa-8cc5784ad844,CONTROL,5858158,84134.m4a
84136,82f51b2f-d99e-4ba2-83dd-b123fd205b97,CONTROL,5848251,84136.m4a
84137,82f51b2f-d99e-4ba2-83dd-b123fd205b97,CONTROL,5826345,84137.m4a
84141,faeab8f9-5e6b-48ef-8e87-3cc7e6da3e5f,PD,5822512,84141.m4a
84145,3599ec25-58c9-4215-aac3-a1287f7a7601,PD,5847581,84145.m4a
84147,b45e819c-2e28-4e36-8afa-8cc5784ad844,CONTROL,5859132,84147.m4a
84150,adbc93a3-8214-4649-aa6c-15a34bb51509,PD,5833809,84150.m4a
84151,bcbb1e5d-1343-4e5d-862a-06c1c51860da,PD,5828373,84151.m4a
84153,42743c1b-c423-40fc-a497-3ee0ca095df3,CONTROL,5832533,84153.m4a
84157,42743c1b-c423-40fc-a497-3ee0ca095df3,CONTROL,5831967,84157.m4a
84165,f5bcc1b7-207f-4b65-ab58-f65b0cd243c5,CONTROL,5822897,84165.m4a
84169,50fef3c5-8844-4618-ac49-0386b72110a1,PD,5830018,84169.m4a
84170,50fef3c5-8844-4618-ac49-0386b72110a1,PD,5833930,84170.m4a
84173,eb35dbfe-6b12-40c0-bc58-b641210ad8d0,CONTROL,5844022,84173.m4a
84174,50fef3c5-8844-4618-ac49-0386b72110a1,PD,5838905,84174.m4a
84202,b87efa92-fdd7-46be-acc6-caea42212a00,CONTROL,5831592,84202.m4a
84203,be79f24c-e591-4894-9a12-ac0ce0043c8c,CONTROL,5850136,84203.m4a
84204,b87efa92-fdd7-46be-acc6-caea42212a00,CONTROL,5854808,84204.m4a
84211,a89c251f-298e-45d4-ba5e-f4e13cd11b46,CONTROL,5836304,84211.m4a
84217,71ba8422-0bbe-42ae-9185-0fca8a95ccb8,PD,5824451,84217.m4a
84221,7764fee6-d732-4a4e-bfc0-5b406b66c754,CONTROL,5917041,84221.m4a
84223,f165ae5f-42b6-4d74-8c31-4691c183c483,CONTROL,5847711,84223.m4a
84224,f165ae5f-42b6-4d74-8c31-4691c183c483,CONTROL,5829373,84224.m4a
84246,7089670a-ebd8-4733-9c7d-8e442181d80f,CONTROL,5844364,84246.m4a
84247,bb91ec4b-ab77-483b-b35f-fa039bc8225d,PD,5915759,84247.m4a
84248,a6152ed8-13e2-4831-92f1-5ba8c0af2c9a,PD,5833924,84248.m4a
84260,082a0b2d-1eb0-4e47-8635-a992fc49b171,CONTROL,5825305,84260.m4a
84274,f0b8c1d4-7b4d-487e-a4f1-5f4bf72efed8,PD,5853234,84274.m4a
84280,ece468bc-ecff-4a2f-9ccb-090c3fd153f0,CONTROL,5836805,84280.m4a
84288,9ee94d29-09f8-4488-a556-3d70ce04a72d,PD,5864939,84288.m4a
84289,e117ea9c-0ec1-4c12-8649-deb985fc3748,CONTROL,5847414,84289.m4a
84292,9ee94d29-09f8-4488-a556-3d70ce04a72d,PD,5831500,84292.m4a
84298,9ee94d29-09f8-4488-a556-3d70ce04a72d,PD,5831970,84298.m4a
84304,1a72f332-6dca-4465-bad3-dddb7e42fc1b,PD,5820515,84304.m4a
84305,3cc0721a-0baf-4b06-b3e9-2e367a07ad92,CONTROL,5823652,84305.m4a
84306,25524235-269f-4138-8340-38bb08c95a43,CONTROL,5820426,84306.m4a
84311,f059b3a3-74af-417b-a95a-499ad1512863,PD,5856432,84311.m4a
84313,f3c14b85-0b4f-40b5-8cb8-9dd40a88ec6d,CONTROL,5853707,84313.m4a
84317,a18e3822-ae45-4788-a3e1-c8842e8f31eb,CONTROL,5834919,84317.m4a
84320,0fb2371f-2456-430e-a9a4-f0cfba39ae30,PD,5824314,84320.m4a
84321,ae07e392-c2c8-4ae2-99a1-967d0656e179,CONTROL,5853487,84321.m4a
84325,aafcf024-bf86-4725-a732-52b48c2ad872,CONTROL,5840514,84325.m4a
84328,aafcf024-bf86-4725-a732-52b48c2ad872,CONTROL,5857008,84328.m4a
84329,96b8e719-98ef-4890-bb6e-3e87285bf67d,CONTROL,5856735,84329.m4a
84331,ef4587be-fdf8-4198-bb20-0c67c58187a5,PD,5827165,84331.m4a
84333,b481701f-848c-4769-93be-833c8e30e79f,CONTROL,5849136,84333.m4a
84336,3ca6b81d-22d7-44e9-b4bd-4c833b4396ce,PD,5829370,84336.m4a
84338,31bacdd4-3067-4d35-90ea-0814bbaf2506,CONTROL,5840030,84338.m4a
84344,904e0047-848d-4716-8e9f-08ed11658ad0,CONTROL,5838691,84344.m4a
84348,9e1ad445-265f-4471-928a-c72399ae7223,CONTROL,5820882,84348.m4a
84354,2974bea0-3aa2-4a00-9f32-6d5856e62829,PD,5832978,84354.m4a
84355,8044b2cf-bb77-40ae-b317-404d47a0fe08,CONTROL,5823139,84355.m4a
84359,644a60e6-4c4c-4c20-961a-c976715c3a0b,CONTROL,5838747,84359.m4a
84360,d5e4a30b-4c83-4d26-a59d-25c1bb664fdf,PD,5852117,84360.m4a
84361,bcbb1e5d-1343-4e5d-862a-06c1c51860da,PD,5822728,84361.m4a
84362,79e375ab-4309-4db2-93b2-730d32286157,CONTROL,5855675,84362.m4a
84363,79e375ab-4309-4db2-93b2-730d32286157,CONTROL,5819640,84363.m4a
84372,b6137c8c-c41f-4c54-b9d4-47cf02947e44,CONTROL,5859133,84372.m4a
84374,93b9641c-9493-4ca3-8095-de52d808d138,PD,5836633,84374.m4a
84376,dad8731f-fd89-47e4-9111-989b8781386c,PD,5829394,84376.m4a
84380,e378b34a-4e22-4a75-a0fd-808f40595d50,PD,5843654,84380.m4a
84385,8d64bedb-20fc-4112-9163-210f894cd05a,CONTROL,5858827,84385.m4a
84387,8d64bedb-20fc-4112-9163-210f894cd05a,CONTROL,5849956,84387.m4a
84391,8a3fb3c2-2d2f-451a-ae75-9bf8e17a7db8,CONTROL,5832662,84391.m4a
84399,4ba7cca5-25d8-4314-bf34-f19ada95a871,CONTROL,5849399,84399.m4a
84400,7a2f4b85-0b8c-46f5-bb2c-5fb0f414d0b2,PD,5830731,84400.m4a
84407,2a2fd2e5-2256-4ffa-a607-a78710eca6d7,CONTROL,5839955,84407.m4a
84409,2dfb8f04-d319-4c4b-acc3-2c2caab46701,CONTROL,5828328,84409.m4a
84413,2f73dd92-5e8c-4c69-b0af-619f5c66e375,CONTROL,5859981,84413.m4a
84416,bc53f23e-bf00-402d-93ed-3030cc15b582,PD,5845690,84416.m4a
84426,5b528917-274d-4f3d-8239-e378cd2f1ff5,CONTROL,5823382,84426.m4a
84427,1d342238-c509-451d-ba8a-381b3e10f8ef,PD,5832057,84427.m4a
84430,f1634e3c-1061-4c39-a2fb-f44791171383,CONTROL,5823834,84430.m4a
84432,5b528917-274d-4f3d-8239-e378cd2f1ff5,CONTROL,5825892,84432.m4a
84434,797c1b31-5f88-4263-98f0-ffc69dcca213,CONTROL,5822899,84434.m4a
84437,e4530d2a-138a-4037-9e4e-32f715175556,PD,5828876,84437.m4a
84438,b72761a5-1b95-4a71-bf37-4d3364e07bd7,CONTROL,5833066,84438.m4a
84440,55ab8b94-24a0-4de9-9f5a-b7afbbd38ecc,PD,5834213,84440.m4a
84445,55ab8b94-24a0-4de9-9f5a-b7afbbd38ecc,PD,5839734,84445.m4a
84446,55ab8b94-24a0-4de9-9f5a-b7afbbd38ecc,PD,5822594,84446.m4a
84450,e795d51e-c69c-4f58-ae13-f04196c7d030,CONTROL,5839558,84450.m4a
84453,998a7da0-a59a-480c-b87d-6a7277a7fb4b,CONTROL,5844216,84453.m4a
84455,8005bcc4-cc1c-4162-817d-1806b9494fe0,CONTROL,5846070,84455.m4a
84457,e4530d2a-138a-4037-9e4e-32f715175556,PD,5843455,84457.m4a
84463,41d014e6-74f5-49e3-aea2-6b4e112289b1,CONTROL,5830647,84463.m4a
84471,2ab096cf-2941-406d-88cb-788b073c26ca,PD,5821640,84471.m4a
84472,8c627c96-d935-41aa-a178-b2ea87224fac,CONTROL,5939781,84472.m4a
84473,bda58cbf-a773-487d-bbc4-2fe367e0fcc2,PD,5864466,84473.m4a
84479,28cf6cf4-24dc-4d89-9666-4077d7431a75,CONTROL,5832584,84479.m4a
84481,d73795f0-1414-4473-8bd7-d20e4197e0e6,PD,5842999,84481.m4a
84483,38dc9f32-d40f-4941-a0c1-829aeaecf8c7,CONTROL,5861111,84483.m4a
84485,9b638d55-631f-40e0-8a0d-45eb9077bd1c,CONTROL,5848357,84485.m4a
84488,aae03d2c-420f-426a-858d-11312b0c003e,CONTROL,5825237,84488.m4a
84494,918cfb0e-3be8-4016-a033-c508a75f08c4,CONTROL,5839481,84494.m4a
84500,cca0e761-68e4-4131-826c-9cc4883cc4de,PD,5855290,84500.m4a
84505,0ff6a974-f99b-4bae-82fd-12e98ef3832e,CONTROL,5862480,84505.m4a
84506,918cfb0e-3be8-4016-a033-c508a75f08c4,CONTROL,5830991,84506.m4a
84510,8e7ee898-fe01-4df7-b052-1db69e93ceee,CONTROL,5820337,84510.m4a
84517,5177924e-cfa3-467a-86e2-09da1036c03e,CONTROL,5859101,84517.m4a
84518,921384fa-b421-4344-b17e-8754c2b70f89,PD,5844629,84518.m4a
84520,f7e546d8-9831-4cc1-b3ac-176de8da6698,PD,5851097,84520.m4a
84523,f7e546d8-9831-4cc1-b3ac-176de8da6698,PD,5836372,84523.m4a
84527,291b2c16-eb62-46e0-a99b-6fc3bc31cd38,PD,5823235,84527.m4a
84528,5177924e-cfa3-467a-86e2-09da1036c03e,CONTROL,5828289,84528.m4a
84553,5423d73f-88f1-4706-ad5e-76c0559cb0b8,PD,5848334,84553.m4a
84559,f7ca4569-d7e5-4e53-9cf1-0a447565bcd1,CONTROL,5857919,84559.m4a
84569,f195a3f1-9cbb-4296-9233-388b194b527b,PD,5857571,84569.m4a
84572,0cb14156-e871-43c4-97e8-1caf093f0cb0,CONTROL,5862790,84572.m4a
84578,63ffe552-8143-4380-815a-b42668d44ef2,PD,5859312,84578.m4a
84581,53497c69-654e-409d-bfe2-2fe643c32616,PD,5860912,84581.m4a
84583,59126ab3-6dc8-4dbf-9ca3-9e2ab2829218,CONTROL,5865442,84583.m4a
84589,d2c4d943-05d9-4aa6-9126-6e98398e599c,CONTROL,5849802,84589.m4a
84595,b7ac2ee2-6e0b-444b-a2aa-35d0838522bc,PD,5838009,84595.m4a
84602,75b63b7c-7752-4097-89ae-f9e339b26835,PD,5836715,84602.m4a
84603,79ac3ecb-e647-4c8a-b919-7d9200deccf5,PD,5879294,84603.m4a
84606,c64858a7-c69c-42b3-a851-9acb010b6979,PD,5823284,84606.m4a
84610,c64858a7-c69c-42b3-a851-9acb010b6979,PD,5837181,84610.m4a
84611,2534d599-0a9e-4ad5-a56c-7c6159f64890,CONTROL,5851088,84611.m4a
84612,2aa8fa02-4874-4322-bd88-141e04dc45da,CONTROL,5858911,84612.m4a
84613,ad321355-0e48-4ccb-b55c-3b47331c2282,PD,5846759,84613.m4a
84615,44e504c7-413d-446d-b8bb-51ae48f39562,CONTROL,5840443,84615.m4a
84620,5230b120-f960-49fc-890c-c358d410b441,PD,5831727,84620.m4a
84621,2d9cfc07-b958-4aa7-8b3d-0ab9570953ba,CONTROL,5854504,84621.m4a
84624,d3dc7b34-4f48-4b06-bce5-78948cdeec4f,PD,5834452,84624.m4a
84625,fcfe6689-e2a0-41ec-93e4-dcc2fe11c9ee,CONTROL,5862900,84625.m4a
84639,bc1dab86-f8d0-457a-9031-731b1f1e7f7f,CONTROL,5835702,84639.m4a
84642,27d8f54c-985c-4c71-bd1b-e3a25a464e67,CONTROL,5829853,84642.m4a
84643,80398a1f-9dea-4ab4-90a6-49508a73ad63,CONTROL,5829301,84643.m4a
84648,60c67049-c4c9-4176-9993-73abf6f12888,PD,5864208,84648.m4a
84654,5406ea75-329b-42e0-95f1-1b23c40b2a3b,PD,5862013,84654.m4a
84656,5406ea75-329b-42e0-95f1-1b23c40b2a3b,PD,5829145,84656.m4a
84659,6b304b5d-64a8-4c5b-8f51-56b22c6ac38c,CONTROL,5841172,84659.m4a
84660,02f42f94-f1bd-4a90-8b98-8fea8680a7d7,PD,5823805,84660.m4a
84661,5902f28b-ac59-4a28-9dc0-1d9835eb9a98,CONTROL,5837047,84661.m4a
84664,5902f28b-ac59-4a28-9dc0-1d9835eb9a98,CONTROL,5819791,84664.m4a
84675,86a63efd-d8b8-4a73-91ed-904e1bf6e6de,CONTROL,5858982,84675.m4a
84677,17a22391-4041-4bbb-a9fe-8b4de1872a52,CONTROL,5847064,84677.m4a
84704,50ed5188-9843-435b-854c-235a4a7cb1c8,CONTROL,5828521,84704.m4a
84705,9f221d51-5888-4e76-a03c-d60dd5402875,CONTROL,5839026,84705.m4a
84709,df52ffb6-6a62-4ec7-af96-626f97c7d3d4,CONTROL,5853057,84709.m4a
84716,22e9a983-109c-49b9-892c-23f489852a57,PD,5819716,84716.m4a
84719,6633c648-95ef-4ed4-89fe-55a51334f8e0,PD,5836763,84719.m4a
84722,5dfd64cb-336b-4838-972e-f16bec30bf62,CONTROL,5828454,84722.m4a
84725,5dfd64cb-336b-4838-972e-f16bec30bf62,CONTROL,5865062,84725.m4a
84740,986bc332-f3a4-4552-8b2a-c69a9d5e4989,PD,5827608,84740.m4a
84748,9de98d55-6bfb-4614-837c-8e1cb69abf4a,CONTROL,5829595,84748.m4a
84751,9de98d55-6bfb-4614-837c-8e1cb69abf4a,CONTROL,5859062,84751.m4a
84753,60c67049-c4c9-4176-9993-73abf6f12888,PD,5857602,84753.m4a
84756,46f6b9fd-5b7b-4c84-8ce9-89217b886e65,CONTROL,5839809,84756.m4a
84759,46f6b9fd-5b7b-4c84-8ce9-89217b886e65,CONTROL,5855407,84759.m4a
84763,55cd714e-cf36-462d-b155-93f1af918bc2,PD,6959238,84763.m4a
84764,0f2e8a92-41a4-4ade-a575-5c65b84ca271,PD,5830237,84764.m4a
84766,ce4e34e7-6a19-4deb-8b8f-b8f4d6391491,PD,5841535,84766.m4a
84768,890b2f14-3364-425d-8ac2-fe629bf4717a,CONTROL,5860418,84768.m4a
84772,890b2f14-3364-425d-8ac2-fe629bf4717a,CONTROL,5859332,84772.m4a
84773,0fb2371f-2456-430e-a9a4-f0cfba39ae30,PD,5826281,84773.m4a
84781,47c710cb-7967-4582-afb6-1d44aa30f9c6,CONTROL,5823370,84781.m4a
84791,f7dfe721-193c-43eb-9b02-900099ca2cb5,PD,5827947,84791.m4a
84793,9f1cbba8-5665-42df-a05c-d866cb3cfe46,PD,5847548,84793.m4a
84794,22fa2c34-0913-44ff-93ac-2a14da3a9c77,PD,5829630,84794.m4a
84795,f7dfe721-193c-43eb-9b02-900099ca2cb5,PD,5820228,84795.m4a
84799,16e88ad7-d8ea-4bb4-ad8e-f3dcb9a258bd,PD,5839038,84799.m4a
84800,f7dfe721-193c-43eb-9b02-900099ca2cb5,PD,5839816,84800.m4a
84804,88e34406-7ca2-4490-8b54-b975850eedfc,PD,5837659,84804.m4a
84807,fbf6f035-c1f4-4543-9001-9857ff9cb45e,CONTROL,5862769,84807.m4a
84809,f94b5ae6-e90c-4df2-902e-6b5a3aaf5e4c,CONTROL,5862702,84809.m4a
84816,29c8abac-d7e7-468a-852b-1199c4b8117d,PD,5861778,84816.m4a
84818,eafc5b43-71a1-401a-80d6-e97a21717a3a,CONTROL,5831239,84818.m4a
84819,eafc5b43-71a1-401a-80d6-e97a21717a3a,CONTROL,5823090,84819.m4a
84824,3a46fb20-52de-4558-8808-ae990b9b7abb,CONTROL,5827091,84824.m4a
84825,3a46fb20-52de-4558-8808-ae990b9b7abb,CONTROL,5835719,84825.m4a
84835,bab5ca20-f718-49df-8918-e824b6720bcf,PD,5861352,84835.m4a
84836,21ef12ce-dfca-4d29-930f-a90844d4b3cd,CONTROL,5836274,84836.m4a
84838,c01057d0-3da8-49f0-9d85-af052ad08b8c,CONTROL,5832652,84838.m4a
84839,10254517-055e-4a85-b07d-aadcaee16eda,PD,5820171,84839.m4a
84845,21ef12ce-dfca-4d29-930f-a90844d4b3cd,CONTROL,5855871,84845.m4a
84846,0549100e-3e22-4c6a-96be-86d0a2823942,CONTROL,5840367,84846.m4a
84867,11159bd8-37ac-42c4-a087-6a08641778fb,CONTROL,5832332,84867.m4a
84871,622e07e1-6d45-4b35-aae4-9e5a3c6bb17b,CONTROL,5824761,84871.m4a
84873,622e07e1-6d45-4b35-aae4-9e5a3c6bb17b,CONTROL,5841628,84873.m4a
84879,0fad3c82-2108-4298-8245-ba233680517a,CONTROL,5823048,84879.m4a
84882,9fbef623-49b4-46b8-a0eb-afe8d7e8510d,CONTROL,5860981,84882.m4a
84884,9fbef623-49b4-46b8-a0eb-afe8d7e8510d,CONTROL,5820801,84884.m4a
84895,f4161d1c-26ba-40e7-98f6-a769a7b54a96,CONTROL,5826979,84895.m4a
84896,b1278a71-efdf-409d-bb0a-66a4b38aa4a3,CONTROL,5827272,84896.m4a
84897,b1278a71-efdf-409d-bb0a-66a4b38aa4a3,CONTROL,5831486,84897.m4a
84900,f4161d1c-26ba-40e7-98f6-a769a7b54a96,CONTROL,5824748,84900.m4a
84906,b0f39344-9ade-4a5a-bd81-219911eb015a,PD,5830150,84906.m4a
84908,b0f39344-9ade-4a5a-bd81-219911eb015a,PD,5854291,84908.m4a
84909,b0f39344-9ade-4a5a-bd81-219911eb015a,PD,5824163,84909.m4a
84911,9b1234aa-685f-4bd7-b70c-1493d5b8ed37,CONTROL,5834592,84911.m4a
84925,60c67049-c4c9-4176-9993-73abf6f12888,PD,5856176,84925.m4a
84927,bedef114-546f-4f05-94fd-6ac3cda67929,CONTROL,5859858,84927.m4a
84930,0b63c4b2-c7d6-4ba7-b7c0-ce6c9d1f71c7,CONTROL,5839294,84930.m4a
84935,0c280144-f771-42bf-acd0-fbbfd019edb0,CONTROL,5820680,84935.m4a
84936,e18302ce-7269-4e86-bfdf-5c0e8de968d1,CONTROL,5846093,84936.m4a
84938,0c280144-f771-42bf-acd0-fbbfd019edb0,CONTROL,5853227,84938.m4a
84945,a8579d77-3dc0-4ff1-b3ba-4fe89f7ec660,CONTROL,5855390,84945.m4a
84946,a8579d77-3dc0-4ff1-b3ba-4fe89f7ec660,CONTROL,5835089,84946.m4a
84953,2ec0013c-39a5-4325-9150-086acffb9be1,CONTROL,5826945,84953.m4a
84962,e84b6c55-e71c-415b-a8e5-6f0cac06e726,CONTROL,5853304,84962.m4a
84972,41d411d7-4470-4453-90c4-067c4469f154,CONTROL,5861995,84972.m4a
84976,becff371-0ccb-47af-8358-8a1fdffc0d01,CONTROL,5821205,84976.m4a
84982,51854925-ac4a-40cf-a482-707cb6175e4b,CONTROL,5844010,84982.m4a
84984,02bb6e94-69c8-41c7-a85f-618624d7b5d5,CONTROL,5854209,84984.m4a
84988,ff076868-0e41-436e-a0d6-680e18978b36,CONTROL,5859865,84988.m4a
84989,ff076868-0e41-436e-a0d6-680e18978b36,CONTROL,5860149,84989.m4a
84996,1af5d5b8-2eee-4a7d-ba46-5710bb46e84f,CONTROL,5850713,84996.m4a
85003,705b5b9b-1f54-457f-a108-74c82804892c,CONTROL,5842446,85003.m4a
85011,3ce2fb0f-75b4-4a85-b0f6-9d0ad880db9f,CONTROL,5855273,85011.m4a
85020,953c7842-361f-41d1-932f-dbe4e8d8d649,CONTROL,5894080,85020.m4a
85022,953c7842-361f-41d1-932f-dbe4e8d8d649,CONTROL,5874172,85022.m4a
85025,35cca557-d25d-4841-b9ef-5e8572458945,CONTROL,5868247,85025.m4a
85028,b72c150d-d63c-4f12-b2bb-7441191bf09d,CONTROL,5892423,85028.m4a
85033,935773e2-04ab-42ea-9163-ce49268fec4d,PD,5899180,85033.m4a
85044,a627b898-05bd-4b7b-8104-4ef537076170,PD,5897509,85044.m4a
85051,adbc93a3-8214-4649-aa6c-15a34bb51509,PD,5881769,85051.m4a
85052,c84db6e4-4691-421e-a654-a6ebc51fdbbb,PD,5884588,85052.m4a
85053,adbc93a3-8214-4649-aa6c-15a34bb51509,PD,5899764,85053.m4a
85059,02c7f33f-0dd9-41e1-adee-1d6f107c87a2,PD,5887094,85059.m4a
85067,c1ea7a41-76ba-4c00-8f0d-dbfdf51ccf5c,CONTROL,5889069,85067.m4a
85068,c1ea7a41-76ba-4c00-8f0d-dbfdf51ccf5c,CONTROL,5882383,85068.m4a
85070,a8b54536-104a-4f7b-9645-09f08d32cbed,PD,5886925,85070.m4a
85074,3495ac97-a8d0-4828-82e8-863e4eaa6fb9,PD,5894571,85074.m4a
85084,87072ea9-3048-484b-bdc8-a87a38d57c95,CONTROL,5870225,85084.m4a
85085,04e900fd-c423-4b57-a53c-3418a1faec3d,CONTROL,5882840,85085.m4a
85086,87072ea9-3048-484b-bdc8-a87a38d57c95,CONTROL,5878316,85086.m4a
85088,48f65ce7-091f-4179-b1a2-b36ec2fce6db,PD,5899781,85088.m4a
85091,286c60b3-1a5c-41e1-9354-ca5836b37f37,CONTROL,5891052,85091.m4a
85100,4643ec88-92a3-4e29-b4de-a9126e660b25,CONTROL,5889680,85100.m4a
85102,f7dfe721-193c-43eb-9b02-900099ca2cb5,PD,5875134,85102.m4a
85103,286c60b3-1a5c-41e1-9354-ca5836b37f37,CONTROL,5876149,85103.m4a
85104,f7dfe721-193c-43eb-9b02-900099ca2cb5,PD,5897557,85104.m4a
85105,a9c2e65b-de14-470e-bccf-3a542b219444,CONTROL,5880335,85105.m4a
85107,f7dfe721-193c-43eb-9b02-900099ca2cb5,PD,5893783,85107.m4a
85111,27567fbc-75a7-4288-b6d8-cdeb85fed36a,PD,5870332,85111.m4a
85114,f10cf59f-dd0e-44a1-b4d1-c3d017d37c9a,CONTROL,5881888,85114.m4a
85115,a724b198-2cdf-40b6-89ef-1cf230093e26,PD,5898504,85115.m4a
85120,bc11d792-ee81-4d6a-80fc-7a6def4a9d35,PD,5899157,85120.m4a
85124,2dad3982-ff37-46be-a2c7-40beddbe252a,PD,5891422,85124.m4a
85125,877f8fcf-4491-42f0-883b-f2e4e0a32854,PD,5888898,85125.m4a
85129,b20f3d17-735c-4909-a1d0-84fa05f0ba79,CONTROL,5896009,85129.m4a
85132,4fce8073-d331-4490-9738-5cb43b7a1d27,CONTROL,5877027,85132.m4a
85137,11cfa0dc-8fb1-4e79-b15e-321970df7cba,PD,5872184,85137.m4a
85138,11cfa0dc-8fb1-4e79-b15e-321970df7cba,PD,5899290,85138.m4a
85139,11cfa0dc-8fb1-4e79-b15e-321970df7cba,PD,5888944,85139.m4a
85141,a07db381-c1e9-461b-b60b-713e712ca28b,PD,5884659,85141.m4a
85145,8f7a6ec5-4a2b-4e44-96cc-776115cd6e50,PD,5872967,85145.m4a
85157,8f7a6ec5-4a2b-4e44-96cc-776115cd6e50,PD,5883026,85157.m4a
85159,935773e2-04ab-42ea-9163-ce49268fec4d,PD,5891567,85159.m4a
85160,ef8cecf0-1fa4-4ea1-9235-d89917676540,PD,5885419,85160.m4a
85163,1ddac747-dec2-446d-b1a4-f0070bbc743b,PD,5894267,85163.m4a
85165,542f2a07-e7b2-40c4-a455-ed55a980ff56,CONTROL,5880625,85165.m4a
85166,11fa2e95-094c-45b7-9e4c-b6fb8d935314,PD,5877972,85166.m4a
85168,ef8cecf0-1fa4-4ea1-9235-d89917676540,PD,5887347,85168.m4a
85173,ef8cecf0-1fa4-4ea1-9235-d89917676540,PD,5890343,85173.m4a
85174,aac03e65-218f-4742-8a8e-049d22a47c8d,PD,5886571,85174.m4a
85176,aac03e65-218f-4742-8a8e-049d22a47c8d,PD,5892412,85176.m4a
85178,aac03e65-218f-4742-8a8e-049d22a47c8d,PD,5873939,85178.m4a
85179,88fdb61b-fbff-4aa7-8cc6-ed25ec4d156e,CONTROL,5868795,85179.m4a
85182,88fdb61b-fbff-4aa7-8cc6-ed25ec4d156e,CONTROL,5899048,85182.m4a
85188,493ffbff-4f9b-419f-9db9-584fc27ae9fc,PD,5875111,85188.m4a
85210,438bca8b-5e4f-49b3-8de6-074ebbd47b08,CONTROL,5898533,85210.m4a
85211,438bca8b-5e4f-49b3-8de6-074ebbd47b08,CONTROL,5891508,85211.m4a
85215,16e88ad7-d8ea-4bb4-ad8e-f3dcb9a258bd,PD,5896467,85215.m4a
85217,93402e1d-fdae-4966-ac04-c12e32d2865f,CONTROL,5883824,85217.m4a
85218,acee0474-e868-457c-8021-3c98cc0152ea,PD,5873321,85218.m4a
85221,93402e1d-fdae-4966-ac04-c12e32d2865f,CONTROL,5897588,85221.m4a
85226,45fd88a2-8ac2-4841-83c8-0e8278d134c0,CONTROL,5894355,85226.m4a
85229,45fd88a2-8ac2-4841-83c8-0e8278d134c0,CONTROL,5880557,85229.m4a
85230,3bdde942-e7b9-498b-bde9-6fad671385af,PD,5896190,85230.m4a
85233,d87bd7e7-6c4b-4a94-9b30-6e1381c65dc7,PD,5886021,85233.m4a
85236,aad9159d-1b13-44cc-b46b-d815d755c398,CONTROL,5885409,85236.m4a
85242,9b3adfa3-30cc-4ef2-9ad6-fbc964f19982,PD,5891498,85242.m4a
85244,5c7ab631-b144-4ff9-a825-f7a98f8b9428,CONTROL,5872892,85244.m4a
85247,9f96e312-1e20-4b96-9877-6cb74e029bd4,CONTROL,5889267,85247.m4a
85248,9f96e312-1e20-4b96-9877-6cb74e029bd4,CONTROL,5869245,85248.m4a
85252,aad9159d-1b13-44cc-b46b-d815d755c398,CONTROL,5896292,85252.m4a
85258,db93ae75-b4fe-4210-b766-e1e7edf1518d,PD,5889101,85258.m4a
85265,e492c66c-b2ec-4a5c-8d0e-9468df117667,PD,5879758,85265.m4a
85271,db93ae75-b4fe-4210-b766-e1e7edf1518d,PD,5869538,85271.m4a
85278,b66a97f4-0cde-4b00-a5ab-5d228d1e79bc,CONTROL,5870069,85278.m4a
85296,93619d6f-0be6-4d56-99c2-086c0b203094,CONTROL,5899151,85296.m4a
85298,fd8938df-cccd-4cbe-b7cf-fa7102147481,CONTROL,5891477,85298.m4a
85305,93619d6f-0be6-4d56-99c2-086c0b203094,CONTROL,5893691,85305.m4a
85306,ff87c0f8-227e-4f76-be46-c65e23653deb,CONTROL,5899682,85306.m4a
85312,304ea8bc-2e38-4320-8e75-b8100927de32,CONTROL,5895622,85312.m4a
85313,304ea8bc-2e38-4320-8e75-b8100927de32,CONTROL,5891617,85313.m4a
85316,767b7051-eb6c-4282-8814-469737fd45c7,CONTROL,5884183,85316.m4a
85322,767b7051-eb6c-4282-8814-469737fd45c7,CONTROL,5899635,85322.m4a
85324,74de3c85-715c-4962-9cd7-28bdf4e96a73,PD,5897758,85324.m4a
85328,94c67982-48ea-4ab2-a7a4-d6e7caccbc93,CONTROL,5888060,85328.m4a
85329,61dd170c-f681-4c2a-86cd-c8c60d9780d4,PD,5883598,85329.m4a
85331,61dd170c-f681-4c2a-86cd-c8c60d9780d4,PD,5889918,85331.m4a
85332,94c67982-48ea-4ab2-a7a4-d6e7caccbc93,CONTROL,5898232,85332.m4a
85335,6aed9dce-1ede-4cf4-af7d-a28bdb5c828a,CONTROL,5891572,85335.m4a
85337,6aed9dce-1ede-4cf4-af7d-a28bdb5c828a,CONTROL,5868355,85337.m4a
85338,3ca6b81d-22d7-44e9-b4bd-4c833b4396ce,PD,5898178,85338.m4a
85340,8923a4d0-6223-4285-bef5-0ed3b5d76bf6,CONTROL,5880342,85340.m4a
85344,c07c7658-fe9e-4429-a05b-0fb262c71b31,CONTROL,5895544,85344.m4a
85346,c07c7658-fe9e-4429-a05b-0fb262c71b31,CONTROL,5892443,85346.m4a
85354,935773e2-04ab-42ea-9163-ce49268fec4d,PD,5897047,85354.m4a
85355,b2b801a2-9297-4f9a-8bce-9b8a5ec3dc5e,CONTROL,5871219,85355.m4a
85374,d106ef04-d311-42d0-b143-7bab7b18a082,CONTROL,5886405,85374.m4a
85377,11954fc8-6eac-4417-b4fd-7678fb54e2b9,CONTROL,5888804,85377.m4a
85384,253c7664-e824-4009-9aca-554674b72b76,CONTROL,5890300,85384.m4a
85389,93b9641c-9493-4ca3-8095-de52d808d138,PD,5879613,85389.m4a
85391,e80b3a75-be0d-4458-8499-9c85bad1d174,CONTROL,5899617,85391.m4a
85400,253c7664-e824-4009-9aca-554674b72b76,CONTROL,5893532,85400.m4a
85411,d5e4a30b-4c83-4d26-a59d-25c1bb664fdf,PD,5868811,85411.m4a
85415,925e8166-6d62-42f6-abb7-dfa7f0459786,PD,5890250,85415.m4a
85430,88032453-06e4-465f-ab0c-23fe5f5436ba,PD,5895382,85430.m4a
85433,3e7931b1-43fb-41cf-a64c-d360d3a7ce61,PD,5884262,85433.m4a
85434,3d476714-4de5-4cd4-b614-405397f88c65,PD,5897036,85434.m4a
85437,3d476714-4de5-4cd4-b614-405397f88c65,PD,5872076,85437.m4a
85438,d7caa046-79f4-461c-b6ae-e9cf5654d5d4,PD,5886338,85438.m4a
85439,88032453-06e4-465f-ab0c-23fe5f5436ba,PD,5888025,85439.m4a
85442,1ddac747-dec2-446d-b1a4-f0070bbc743b,PD,5887899,85442.m4a
85451,8905a1e8-f285-48f0-aba8-b7e8c1cf1597,CONTROL,5869082,85451.m4a
85453,2a5128d1-3ed7-49ee-a299-4025d6702faf,PD,5891159,85453.m4a
85458,cafb9fd0-fd49-4cc4-b573-a62d2ae3c38a,PD,5879199,85458.m4a
85462,5f06c10c-ba32-48cb-ad4c-7bbc0b4fcd37,CONTROL,5892328,85462.m4a
85463,5f06c10c-ba32-48cb-ad4c-7bbc0b4fcd37,CONTROL,5882916,85463.m4a
85467,20b2f914-9cc3-40d9-905e-25e042186a0f,CONTROL,5895098,85467.m4a
85478,c9999c9c-ac07-4852-9fd8-3a90b41ef925,CONTROL,5887082,85478.m4a
85479,93b9492c-13bf-40be-93bb-e88778cedeec,PD,5884768,85479.m4a
85481,93b9492c-13bf-40be-93bb-e88778cedeec,PD,5898768,85481.m4a
85487,fb65e9c7-ff81-4f01-9157-1f054b0618ab,CONTROL,5878743,85487.m4a
85490,0f2c2037-dd16-4b6d-97ef-5a08f313487a,CONTROL,5897516,85490.m4a
85491,1e0888df-7059-4fab-9dd7-b0b6616442e6,PD,5876896,85491.m4a
85492,fb65e9c7-ff81-4f01-9157-1f054b0618ab,CONTROL,5895666,85492.m4a
85495,eb35dbfe-6b12-40c0-bc58-b641210ad8d0,CONTROL,5896539,85495.m4a
85496,9678e788-93dc-400b-9a18-9a7c501fdf14,PD,5891626,85496.m4a
85499,d106ef04-d311-42d0-b143-7bab7b18a082,CONTROL,5884366,85499.m4a
85502,5e008fed-5d05-4892-9236-9d98a023842a,CONTROL,5878277,85502.m4a
85503,7e339314-74cb-4784-9cd0-aebbd191bdfc,CONTROL,5887426,85503.m4a
85506,ff9de717-a91b-4cc6-a5bb-cb430a986778,CONTROL,5870552,85506.m4a
85508,ff9de717-a91b-4cc6-a5bb-cb430a986778,CONTROL,5878515,85508.m4a
85509,5230b120-f960-49fc-890c-c358d410b441,PD,5890748,85509.m4a
85519,475b08cf-24e4-41f0-96f6-1b1a27ed6029,CONTROL,5879227,85519.m4a
85520,475b08cf-24e4-41f0-96f6-1b1a27ed6029,CONTROL,5891838,85520.m4a
85522,3affcf0e-a02d-4396-b50d-f329303d5c43,CONTROL,5893066,85522.m4a
85530,a724b198-2cdf-40b6-89ef-1cf230093e26,PD,5894308,85530.m4a
85533,45131c80-4b01-4568-a567-d25ed9eee6ad,CONTROL,5869483,85533.m4a
85535,71ca638e-6c37-48b4-a161-a0f3f8cf6581,CONTROL,5874058,85535.m4a
85538,bca66a7c-4277-45ed-aa81-15ac73bfb554,PD,5893270,85538.m4a
85540,43cd95d8-af23-4fab-a59e-e1d71a850a89,CONTROL,5886743,85540.m4a
85541,43cd95d8-af23-4fab-a59e-e1d71a850a89,CONTROL,5890619,85541.m4a
85542,bca66a7c-4277-45ed-aa81-15ac73bfb554,PD,5874044,85542.m4a
85552,43b38884-ddf9-4612-b304-29ff3c25c07f,CONTROL,5898428,85552.m4a
85556,0207eb25-aa69-4679-a6e7-f2b697ebdc82,CONTROL,5889906,85556.m4a
85558,0207eb25-aa69-4679-a6e7-f2b697ebdc82,CONTROL,5895935,85558.m4a
85559,ac3b6afb-9d67-491f-b49f-c973166f0089,CONTROL,5890374,85559.m4a
85560,ac3b6afb-9d67-491f-b49f-c973166f0089,CONTROL,5873882,85560.m4a
85565,67546a11-f625-4d03-bee1-4f55e8a831ac,PD,5879007,85565.m4a
85567,3e3dab8f-87e1-42c8-a091-9202fb089a03,PD,5886652,85567.m4a
85569,a7df579a-8a92-43e6-b106-ee39c140eb96,PD,5873037,85569.m4a
85574,fbe44adf-20e8-4195-91aa-ebf4d1fe6e1f,CONTROL,5891778,85574.m4a
85578,083da88e-934e-40cc-b60e-13d671fb8c37,CONTROL,5881035,85578.m4a
85582,72923ebb-0218-4747-a8ea-cee677fe9b27,CONTROL,5888385,85582.m4a
85588,bca66a7c-4277-45ed-aa81-15ac73bfb554,PD,5870392,85588.m4a
85592,b3404b35-b8f8-4f14-afc6-92f0d1bdf920,PD,5885526,85592.m4a
85594,492bc3a7-cc91-4da5-a368-5beac78dacfd,CONTROL,5891505,85594.m4a
85597,ac1dee32-398a-496e-9e31-053c46f78eeb,PD,5887821,85597.m4a
85605,b1f4d4d6-5247-48c4-9990-28a13d34fc19,PD,5871314,85605.m4a
85607,3587184e-8d54-4bfe-ac0f-f2bf30dc48ef,CONTROL,5876724,85607.m4a
85608,ac1dee32-398a-496e-9e31-053c46f78eeb,PD,5887894,85608.m4a
85616,2052bcad-3c94-4d01-a9c3-50713c5b19c1,CONTROL,5876798,85616.m4a
85617,2052bcad-3c94-4d01-a9c3-50713c5b19c1,CONTROL,5894184,85617.m4a
85628,c52f272a-728f-4c68-ab52-7f86162ea8b8,PD,5897142,85628.m4a
85633,fad5d56b-6ba6-4994-8883-27a1a4948f3a,CONTROL,5891653,85633.m4a
85637,86735cb7-d6d8-4aff-84ea-6b4f6f5357b4,CONTROL,5890246,85637.m4a
85640,b45489c8-c40a-4d64-a48d-a258c1cf40e1,CONTROL,5893878,85640.m4a
85645,7db8d93d-ec5b-4a21-930f-ffeaceac4eb1,CONTROL,5896240,85645.m4a
85649,90936325-2390-4c9f-9d82-3a4d11524969,PD,5892556,85649.m4a
85653,35ee2d50-7d27-4c51-9aab-d4deaf9e891f,CONTROL,5873376,85653.m4a
85655,5423d73f-88f1-4706-ad5e-76c0559cb0b8,PD,5879927,85655.m4a
85662,0c641dc4-6f3a-4a6b-9764-4c45f7d4481e,CONTROL,5869383,85662.m4a
85664,35ee2d50-7d27-4c51-9aab-d4deaf9e891f,CONTROL,5897510,85664.m4a
85665,0c641dc4-6f3a-4a6b-9764-4c45f7d4481e,CONTROL,5899283,85665.m4a
85667,90936325-2390-4c9f-9d82-3a4d11524969,PD,5898576,85667.m4a
85668,3a8768ba-c0e0-4130-a59e-ddaa73fd4d5d,CONTROL,5869442,85668.m4a
85670,90936325-2390-4c9f-9d82-3a4d11524969,PD,5882908,85670.m4a
85673,3a8768ba-c0e0-4130-a59e-ddaa73fd4d5d,CONTROL,5895415,85673.m4a
85675,298d2abe-bf52-4a06-aa17-b50ee92342c5,CONTROL,5892202,85675.m4a
85678,298d2abe-bf52-4a06-aa17-b50ee92342c5,CONTROL,5885883,85678.m4a
85680,8f90d6d0-f116-4023-a7b8-ee1fd0956836,CONTROL,5895991,85680.m4a
85682,3c6db1bb-7636-44b6-8890-dae70ddaacb5,CONTROL,5884549,85682.m4a
85690,bcc222c2-bf73-40a1-b8f6-2cc37b9b3c2a,CONTROL,5887004,85690.m4a
85691,c81214f3-7a19-479b-b92d-dc7e6ea6530e,CONTROL,5891289,85691.m4a
85697,ef4587be-fdf8-4198-bb20-0c67c58187a5,PD,5882842,85697.m4a
85702,040ea274-f30e-48a2-932d-c8278bc0a60f,PD,5889898,85702.m4a
85708,6c1344a5-ade0-4e83-bb16-431f0b5490e2,CONTROL,5872113,85708.m4a
85711,dc037cec-4e6b-4f71-8bf7-cd7fc322edd2,PD,5879092,85711.m4a
85712,040ea274-f30e-48a2-932d-c8278bc0a60f,PD,5882775,85712.m4a
85714,e518e247-5b7d-4a80-a143-2cb2570052af,CONTROL,5891676,85714.m4a
85726,8a60c7f1-cab1-41db-99b8-7dcbbe70370f,CONTROL,5888073,85726.m4a
85727,8a60c7f1-cab1-41db-99b8-7dcbbe70370f,CONTROL,5868338,85727.m4a
85729,3b592544-8bec-4999-9142-c35073e2d1da,CONTROL,5877833,85729.m4a
85741,0a623a36-ea3e-4557-9579-ae960c77f4d7,CONTROL,5877408,85741.m4a
85745,1ee6b7a9-30bd-49e4-bb46-9304f19531f9,CONTROL,5892939,85745.m4a
85747,d3dc7b34-4f48-4b06-bce5-78948cdeec4f,PD,5893195,85747.m4a
85753,b78c0046-9026-4f26-b88b-52ac26fb2d67,CONTROL,5887887,85753.m4a
85761,668766f9-7922-47f8-8f88-c40451851220,PD,5897906,85761.m4a
85762,9a969a82-d123-4406-9abc-0932d32b548b,CONTROL,5898480,85762.m4a
85764,9a969a82-d123-4406-9abc-0932d32b548b,CONTROL,5894611,85764.m4a
85767,ac58e1e0-6f2e-4318-bf0e-418f261ea8b1,CONTROL,5887698,85767.m4a
85774,21ff38ba-ee01-4ae0-b1a5-645f2f41e639,CONTROL,5874377,85774.m4a
85775,21ff38ba-ee01-4ae0-b1a5-645f2f41e639,CONTROL,5878172,85775.m4a
85779,1763614b-53fb-4d3d-a132-ad38d6a8cefa,PD,5876229,85779.m4a
85792,ef7b0f53-9f75-47a7-9314-c99f9027af0c,CONTROL,5895977,85792.m4a
85800,c52f272a-728f-4c68-ab52-7f86162ea8b8,PD,5895170,85800.m4a
85805,f23015b6-efd4-4d84-b28d-e4edb7ca7800,CONTROL,5884674,85805.m4a
85810,dce440d9-f415-4df5-80b5-088494c5dc52,CONTROL,5895414,85810.m4a
85812,2a5128d1-3ed7-49ee-a299-4025d6702faf,PD,5898891,85812.m4a
85822,e0123588-5389-4a5e-bf50-07e88daff115,CONTROL,5874824,85822.m4a
85823,859b32db-d5d2-42fc-a8fd-7c0f66965812,CONTROL,5890193,85823.m4a
85824,859b32db-d5d2-42fc-a8fd-7c0f66965812,CONTROL,5880846,85824.m4a
85828,3bc850b6-4bbc-4d12-9bca-84ff745c6e7f,CONTROL,5883713,85828.m4a
85837,986bc332-f3a4-4552-8b2a-c69a9d5e4989,PD,5870555,85837.m4a
85838,8745e5f5-648b-4d46-bc7d-045fa6e2d628,PD,5892393,85838.m4a
85841,442309ee-3148-4b0a-9df7-57a118c6ef82,PD,5885296,85841.m4a
85843,a724b198-2cdf-40b6-89ef-1cf230093e26,PD,5884250,85843.m4a
85844,22249fb7-2426-4ad2-9d3d-472ebd003a05,CONTROL,5877719,85844.m4a
85846,c7128115-7c46-41a4-a1d7-0dd62a67b2f3,CONTROL,5892580,85846.m4a
85852,c7128115-7c46-41a4-a1d7-0dd62a67b2f3,CONTROL,5889057,85852.m4a
85854,25f75a03-516d-4f1d-aa1e-c35d0183301f,CONTROL,5880577,85854.m4a
85859,44d185ac-8819-44f1-9fd7-b0b26034277f,CONTROL,5893940,85859.m4a
85861,44d185ac-8819-44f1-9fd7-b0b26034277f,CONTROL,5879908,85861.m4a
85866,10254517-055e-4a85-b07d-aadcaee16eda,PD,5869209,85866.m4a
85874,4d58a217-142b-4829-9b31-c75669e6b636,PD,5878035,85874.m4a
85883,31299d45-e284-4ceb-b5d1-d8905e4a7eac,CONTROL,5890484,85883.m4a
85886,31299d45-e284-4ceb-b5d1-d8905e4a7eac,CONTROL,5895663,85886.m4a
85895,e186c567-aade-4e76-b17e-5f6d580886bc,CONTROL,5894865,85895.m4a
85901,edfab0c7-6bd1-424e-b459-6417c5a726fe,PD,5894353,85901.m4a
85902,11fa2e95-094c-45b7-9e4c-b6fb8d935314,PD,5886580,85902.m4a
85908,325f3e23-408e-47bf-b8d1-6a9bcbfeec97,PD,5892840,85908.m4a
85909,6d1e9ce2-810d-406e-9269-80c8189f2446,CONTROL,5875108,85909.m4a
85911,6d1e9ce2-810d-406e-9269-80c8189f2446,CONTROL,5881820,85911.m4a
85914,b1a6fcb6-4cdd-4a00-aa7f-15aaf85751c4,CONTROL,5872453,85914.m4a
85915,72c95fc8-db97-4865-8bc3-a42e21d43e75,PD,5896058,85915.m4a
85921,3df2f992-67a1-4465-8f8c-67ece01da6d1,CONTROL,5885760,85921.m4a
85926,46d98f96-04fb-4361-a682-d81d643cc85e,CONTROL,5883642,85926.m4a
85928,46d98f96-04fb-4361-a682-d81d643cc85e,CONTROL,5890385,85928.m4a
85930,5b8870c1-bf9b-4ec2-a928-50eb550be9c9,CONTROL,5876496,85930.m4a
85935,b945c691-2950-4ecc-b723-fb713fa8a5e0,CONTROL,5895532,85935.m4a
85937,b945c691-2950-4ecc-b723-fb713fa8a5e0,CONTROL,5870077,85937.m4a
85940,cbe869f1-f6a1-43b3-a555-1a3c9aa4fd85,PD,5899495,85940.m4a
85941,98cebf27-8771-455b-a624-c2fafa48e249,PD,5878403,85941.m4a
85942,cbe869f1-f6a1-43b3-a555-1a3c9aa4fd85,PD,5895071,85942.m4a
85958,bdd9fa25-2499-44e6-b4c8-117deb70143d,PD,5875059,85958.m4a
85964,4a486118-b297-401f-8036-3fe9be46fbd2,CONTROL,5883000,85964.m4a
85972,b3bdadcc-daa7-4c13-a4dd-a626b9659502,CONTROL,5893265,85972.m4a
85975,c269d009-253f-45be-9beb-710210acef61,CONTROL,5896494,85975.m4a
85977,c269d009-253f-45be-9beb-710210acef61,CONTROL,5890790,85977.m4a
85982,685e3773-5fb4-4d66-aa43-406929c29864,PD,5876115,85982.m4a
85985,e547137e-4130-49b1-890d-f774b7489ddc,CONTROL,5898190,85985.m4a
85991,e547137e-4130-49b1-890d-f774b7489ddc,CONTROL,5891245,85991.m4a
85995,f9816a32-1ed5-4ea0-a838-4f5cacf04cbd,CONTROL,5874125,85995.m4a
85996,7f0d66a2-2c94-4646-9bd5-0a3f75407cfd,CONTROL,5896561,85996.m4a
85997,7f0d66a2-2c94-4646-9bd5-0a3f75407cfd,CONTROL,5885956,85997.m4a
86002,98a8b380-e596-4017-a00e-a938994b49ba,CONTROL,5874947,86002.m4a
86004,98a8b380-e596-4017-a00e-a938994b49ba,CONTROL,5895201,86004.m4a
86009,ac58e1e0-6f2e-4318-bf0e-418f261ea8b1,CONTROL,5876890,86009.m4a
86025,06f0004d-7853-4bef-9eb6-c55fa65ea701,CONTROL,5917772,86025.m4a
86026,d2e31812-23f5-4db4-8a4c-2c07a03d242a,CONTROL,5892976,86026.m4a
86030,d1944cb7-2f76-4c74-bc83-fb418ca92652,CONTROL,5897402,86030.m4a
86031,c5f34c50-f9c4-4247-8c94-c0e31e05d22b,PD,5920339,86031.m4a
86032,d20eb8d7-37cb-4224-9117-410733a433d5,PD,5898067,86032.m4a
86036,31b686b9-7995-4e88-b7d4-09217ff16803,CONTROL,5875450,86036.m4a
86037,d1944cb7-2f76-4c74-bc83-fb418ca92652,CONTROL,5883876,86037.m4a
86038,d20eb8d7-37cb-4224-9117-410733a433d5,PD,5880299,86038.m4a
86048,86a63efd-d8b8-4a73-91ed-904e1bf6e6de,CONTROL,5885450,86048.m4a
86051,a7024c23-c319-48e2-ba7f-e5ed8778a677,CONTROL,5875308,86051.m4a
86052,a7024c23-c319-48e2-ba7f-e5ed8778a677,CONTROL,5890746,86052.m4a
86055,fbd468eb-3615-4ae2-9dcc-daf41aa68a07,PD,5891256,86055.m4a
86058,9d6d5e13-02dc-4961-a577-ff33a9f8fe91,CONTROL,5890504,86058.m4a
86059,255d8f1d-b7f2-4fbe-a9d8-21a3d7a7e475,CONTROL,5892009,86059.m4a
86060,d7caa046-79f4-461c-b6ae-e9cf5654d5d4,PD,5882212,86060.m4a
86062,5d1d61c3-9942-4ccd-b65b-b27dc43887b1,PD,5885812,86062.m4a
86064,255d8f1d-b7f2-4fbe-a9d8-21a3d7a7e475,CONTROL,5899796,86064.m4a
86071,c64858a7-c69c-42b3-a851-9acb010b6979,PD,5870609,86071.m4a
86076,0eb60c3c-52ee-483a-b48d-4c6d0b412e0e,PD,5890542,86076.m4a
86079,694dae17-5d8c-405c-9d77-3e9668124b84,CONTROL,5876014,86079.m4a
86081,62e267ca-1a34-4ec8-bc0c-51a2a5f22175,PD,5879210,86081.m4a
86085,064ebfe9-1a59-4869-b316-cb0aa0a22ce4,PD,5878948,86085.m4a
86086,1da5c15a-033e-4d3f-ba30-c579663200a7,CONTROL,5879442,86086.m4a
86095,c1caeee0-2ec4-4ff7-aee4-2acf69b75054,PD,5888254,86095.m4a
86100,75b63b7c-7752-4097-89ae-f9e339b26835,PD,5880716,86100.m4a
86101,31372921-ad37-4983-b6dc-29d45f49ed7f,CONTROL,5887941,86101.m4a
86102,31372921-ad37-4983-b6dc-29d45f49ed7f,CONTROL,5874856,86102.m4a
86103,064ebfe9-1a59-4869-b316-cb0aa0a22ce4,PD,5896794,86103.m4a
86124,d3dc7b34-4f48-4b06-bce5-78948cdeec4f,PD,5874815,86124.m4a
86130,8ffbb69d-ee55-4da1-8c8b-eeaaab89516d,CONTROL,5873969,86130.m4a
86132,8ffbb69d-ee55-4da1-8c8b-eeaaab89516d,CONTROL,5886796,86132.m4a
86133,123dd036-7efc-4a47-a231-7a8cae6a960f,CONTROL,5885691,86133.m4a
86141,c91cb3ab-41ba-4b00-bb46-5b2770afddfd,CONTROL,5875568,86141.m4a
86144,c91cb3ab-41ba-4b00-bb46-5b2770afddfd,CONTROL,5894501,86144.m4a
86148,93b9641c-9493-4ca3-8095-de52d808d138,PD,5902585,86148.m4a
86156,e656c2f0-b880-4409-953c-bba44052944f,CONTROL,5897367,86156.m4a
86158,fc8012ce-578c-4051-ab89-d4adab95de50,CONTROL,5892206,86158.m4a
86161,483e75b7-596d-455a-855e-4103bb341c85,PD,5895229,86161.m4a
86165,90a69766-d574-4f80-a3e6-17ac5fd0ee52,CONTROL,5893322,86165.m4a
86169,3affcf0e-a02d-4396-b50d-f329303d5c43,CONTROL,5887634,86169.m4a
86172,90a69766-d574-4f80-a3e6-17ac5fd0ee52,CONTROL,5889032,86172.m4a
86190,54904954-b56e-4bca-aecf-48ebb0337a69,CONTROL,5884126,86190.m4a
86196,54904954-b56e-4bca-aecf-48ebb0337a69,CONTROL,5891196,86196.m4a
86199,28228c17-e90d-4b89-88ae-d8f4bfbbbb96,CONTROL,5976231,86199.m4a
86200,f3d5b217-ca48-4ed7-8418-b465c396c69c,PD,5882772,86200.m4a
86201,b66f90b1-f5f8-4c0a-9cf1-28627de6126d,PD,5879810,86201.m4a
86202,75088bad-12e0-438b-a224-2c53d70c4b0b,CONTROL,5874742,86202.m4a
86210,e518e247-5b7d-4a80-a143-2cb2570052af,CONTROL,5887952,86210.m4a
86217,31cdb823-759f-49bb-976f-fdc13715de28,CONTROL,5897561,86217.m4a
86219,a54bee46-ed79-4e61-97cb-538742cd7108,CONTROL,5883938,86219.m4a
86229,1436c1e3-9647-45bc-9daf-d74a9a798e2e,CONTROL,5890241,86229.m4a
86231,1ae51f0f-8e90-4c83-8eeb-43cb3acf4828,PD,5886538,86231.m4a
86233,1ae51f0f-8e90-4c83-8eeb-43cb3acf4828,PD,5883536,86233.m4a
86247,615e9dd7-ab41-4326-9301-5aff56aaddc4,CONTROL,5877691,86247.m4a
86255,88032453-06e4-465f-ab0c-23fe5f5436ba,PD,5884751,86255.m4a
86257,10254517-055e-4a85-b07d-aadcaee16eda,PD,5887805,86257.m4a
86258,cca0e761-68e4-4131-826c-9cc4883cc4de,PD,5871032,86258.m4a
86264,389a67d6-c324-456c-a922-8d54519b85d7,PD,5595091,86264.m4a
86265,389a67d6-c324-456c-a922-8d54519b85d7,PD,5597190,86265.m4a
86275,fe369e0e-2751-4d9c-8ab1-95d660aee3d0,CONTROL,5905761,86275.m4a
86281,5e8b23b2-e722-4dfe-9aa4-56a14d371065,PD,5870450,86281.m4a
86283,bedef114-546f-4f05-94fd-6ac3cda67929,CONTROL,5884912,86283.m4a
86288,6be50d33-ab15-491e-8414-67d0c767d5dd,CONTROL,5888858,86288.m4a
86291,6be50d33-ab15-491e-8414-67d0c767d5dd,CONTROL,5871388,86291.m4a
86297,75e16764-2272-4d4c-955b-2ecb34b15442,PD,5870823,86297.m4a
86298,570e3afe-b7ca-47f3-a6db-4eacdb3d0750,CONTROL,5896219,86298.m4a
86300,231df342-0e8e-44a5-bcf0-84160fe30d78,CONTROL,5874481,86300.m4a
86303,3f72e4c7-39cb-4d93-b20e-ab81a0c9c22a,CONTROL,5895214,86303.m4a
86308,f2c1b171-7418-47a0-a55f-b6d0632f7b44,CONTROL,5886465,86308.m4a
86309,c112e053-cf34-4aae-b483-bd0e1a93fbe2,CONTROL,5898754,86309.m4a
86311,9a1659b8-cab0-4f91-9226-960a21bcdf33,CONTROL,5882897,86311.m4a
86312,9a1659b8-cab0-4f91-9226-960a21bcdf33,CONTROL,5894134,86312.m4a
86326,8c1cecda-0d34-4602-95ad-ed1ee8de53cf,PD,5871353,86326.m4a
86334,60c67049-c4c9-4176-9993-73abf6f12888,PD,5888923,86334.m4a
86351,b5fbf552-bc4c-4e89-81c4-3227eb088e58,CONTROL,5875339,86351.m4a
86354,0de121c8-7003-4ceb-90d4-4c7815fd6cd4,CONTROL,5892525,86354.m4a
86363,442309ee-3148-4b0a-9df7-57a118c6ef82,PD,5882303,86363.m4a
86366,7eedab49-0fe6-4642-bd67-9bc439c47fba,CONTROL,5885948,86366.m4a
86369,fe49f657-5553-48ad-a7a3-c3b2521324d5,CONTROL,5883338,86369.m4a
86371,fe49f657-5553-48ad-a7a3-c3b2521324d5,CONTROL,5884841,86371.m4a
86372,4c3c1c45-7998-4c1c-a51b-5c87654aeec3,CONTROL,5897499,86372.m4a
86378,94c79a45-0524-4528-b050-0eafd8221a23,CONTROL,5894444,86378.m4a
86389,ccd594cf-920d-4f5f-8c70-23e3f9c0e957,PD,5875224,86389.m4a
86403,1c6c593d-ef6f-497a-964f-6899b8ff74b7,CONTROL,5872338,86403.m4a
86405,1c6c593d-ef6f-497a-964f-6899b8ff74b7,CONTROL,5897137,86405.m4a
86407,60c67049-c4c9-4176-9993-73abf6f12888,PD,5895993,86407.m4a
86408,de78e9a5-87f4-402f-901f-fb894b76b79d,CONTROL,5885952,86408.m4a
86409,de78e9a5-87f4-402f-901f-fb894b76b79d,CONTROL,5893095,86409.m4a
86413,705b5b9b-1f54-457f-a108-74c82804892c,CONTROL,5883098,86413.m4a
86416,6c3850a9-b6cc-4c2c-a609-a7feb945e090,PD,5961837,86416.m4a
86420,ad321355-0e48-4ccb-b55c-3b47331c2282,PD,5888085,86420.m4a
86423,ad321355-0e48-4ccb-b55c-3b47331c2282,PD,5895217,86423.m4a
86425,02f42f94-f1bd-4a90-8b98-8fea8680a7d7,PD,5887150,86425.m4a
86442,9b1234aa-685f-4bd7-b70c-1493d5b8ed37,CONTROL,5905499,86442.m4a
86445,47d967da-3086-43e2-a94c-850d5a62bf57,PD,5875600,86445.m4a
86446,47d967da-3086-43e2-a94c-850d5a62bf57,PD,5885441,86446.m4a
86447,47d967da-3086-43e2-a94c-850d5a62bf57,PD,5888134,86447.m4a
86448,f94b5ae6-e90c-4df2-902e-6b5a3aaf5e4c,CONTROL,5878350,86448.m4a
86461,ebab56ac-e477-4ac6-9e2e-9b69f3a0d35f,CONTROL,5890861,86461.m4a
86462,ebab56ac-e477-4ac6-9e2e-9b69f3a0d35f,CONTROL,5871482,86462.m4a
86463,71ba8422-0bbe-42ae-9185-0fca8a95ccb8,PD,5895502,86463.m4a
86464,0a76e74d-888a-4c9f-bc44-ddb1f73d64fa,CONTROL,5896215,86464.m4a
86465,0a76e74d-888a-4c9f-bc44-ddb1f73d64fa,CONTROL,5877422,86465.m4a
86468,6f7c85b1-e8e6-4262-b8c9-950c20d1b3b3,CONTROL,5884745,86468.m4a
86474,86461a34-4e95-46c9-825a-9235dbb1bf74,CONTROL,5876331,86474.m4a
86478,d4a2c32a-0e56-4e4c-86c6-ff79094a718f,CONTROL,5911230,86478.m4a
86479,d4a2c32a-0e56-4e4c-86c6-ff79094a718f,CONTROL,5906348,86479.m4a
86483,39610ea8-ff3f-4252-a43d-96d7301118a1,CONTROL,5917902,86483.m4a
86486,c61c0b78-7278-4651-8fa2-7c1429ea804c,PD,5922013,86486.m4a
86488,ed88c96e-e0f4-4ddf-b5f9-974a56d7262c,CONTROL,5914994,86488.m4a
86489,ed88c96e-e0f4-4ddf-b5f9-974a56d7262c,CONTROL,5917723,86489.m4a
86491,a37110ec-8a7b-4d4e-8218-89857c2fbe44,CONTROL,5917290,86491.m4a
86512,7534e915-1c53-4165-891b-b50a1a6ce764,PD,5912651,86512.m4a
86513,02c7f33f-0dd9-41e1-adee-1d6f107c87a2,PD,5914111,86513.m4a
86517,48f65ce7-091f-4179-b1a2-b36ec2fce6db,PD,5903405,86517.m4a
86519,be1821f6-7616-4440-8edc-1baca63e2856,CONTROL,5919453,86519.m4a
86534,969107e8-72ca-4566-9c28-a2bd14389f9c,PD,5908408,86534.m4a
86546,ce5cb455-f71f-4727-94d5-13f860bf4ce0,PD,5922072,86546.m4a
86554,6633c648-95ef-4ed4-89fe-55a51334f8e0,PD,5910195,86554.m4a
86555,5c7ab631-b144-4ff9-a825-f7a98f8b9428,CONTROL,5908076,86555.m4a
86566,a724b198-2cdf-40b6-89ef-1cf230093e26,PD,5917003,86566.m4a
86567,555dd97b-882b-4b02-9037-5b85dd6ef855,PD,5913555,86567.m4a
86568,555dd97b-882b-4b02-9037-5b85dd6ef855,PD,5910645,86568.m4a
86569,555dd97b-882b-4b02-9037-5b85dd6ef855,PD,5920871,86569.m4a
86574,04e900fd-c423-4b57-a53c-3418a1faec3d,CONTROL,5902803,86574.m4a
86582,51edaf10-c6d2-4acf-9239-eded311086a1,CONTROL,5924651,86582.m4a
86583,77b7c422-bd8d-4e8d-89e6-27fd515e246e,PD,5925100,86583.m4a
86588,264f4192-a22a-4c00-a2fe-fc22fa4f650d,CONTROL,5902915,86588.m4a
86604,27567fbc-75a7-4288-b6d8-cdeb85fed36a,PD,5915288,86604.m4a
86607,c0be9e75-5273-4e63-b47a-d6a3db58189a,CONTROL,5908501,86607.m4a
86609,c0be9e75-5273-4e63-b47a-d6a3db58189a,CONTROL,5921508,86609.m4a
86625,3ca6b81d-22d7-44e9-b4bd-4c833b4396ce,PD,5917659,86625.m4a
86627,570e3afe-b7ca-47f3-a6db-4eacdb3d0750,CONTROL,5912521,86627.m4a
86635,b4b0028f-bd8e-4e25-8da2-64252f48c827,PD,5915844,86635.m4a
86646,3436bf34-bf8e-48ac-ad39-f4789084bdd3,PD,5904705,86646.m4a
86647,a7df579a-8a92-43e6-b106-ee39c140eb96,PD,5908714,86647.m4a
86657,416a984c-4a94-452b-93be-499c1ac374d6,PD,5923223,86657.m4a
86661,8ac90d4b-fc41-4ca6-b31c-99b9bde3f50f,CONTROL,5906229,86661.m4a
86670,e125a046-a1a1-4ca1-ba1d-c764eec14d91,CONTROL,5906136,86670.m4a
86673,e125a046-a1a1-4ca1-ba1d-c764eec14d91,CONTROL,5912683,86673.m4a
86674,5230b120-f960-49fc-890c-c358d410b441,PD,5906204,86674.m4a
86678,f94aa52d-198a-471f-9d5a-a8d890cf92e0,PD,5921924,86678.m4a
86683,f94aa52d-198a-471f-9d5a-a8d890cf92e0,PD,5914490,86683.m4a
86684,945bb372-bfbe-4ef0-87d9-d268bc0b2d8e,PD,5923972,86684.m4a
86696,5f9f249a-e19a-46bf-985b-f074c88dd18b,CONTROL,5922673,86696.m4a
86699,39de341f-8b66-4984-9a9a-9c568b47e9f2,CONTROL,5921465,86699.m4a
86701,28228c17-e90d-4b89-88ae-d8f4bfbbbb96,CONTROL,5912819,86701.m4a
86703,39de341f-8b66-4984-9a9a-9c568b47e9f2,CONTROL,5903682,86703.m4a
86709,7457113a-34bd-4324-935c-f66bd33f1e4b,PD,5907207,86709.m4a
86710,68582509-2528-4401-ae80-fdddd00a8558,PD,5914976,86710.m4a
86716,5863cea7-ec16-44a1-80a7-785e652cea4d,PD,5922779,86716.m4a
86722,1436c1e3-9647-45bc-9daf-d74a9a798e2e,CONTROL,5918671,86722.m4a
86724,b0db7caa-f04e-4dd4-8f35-c7e41da09f01,CONTROL,5909652,86724.m4a
86733,b1e0cab9-8202-4dca-b2db-89b862180560,CONTROL,5912971,86733.m4a
86751,64675173-ad73-4a39-9a8e-a1b19aedaccf,CONTROL,5913024,86751.m4a
86752,685e3773-5fb4-4d66-aa43-406929c29864,PD,5912089,86752.m4a
86757,d7caa046-79f4-461c-b6ae-e9cf5654d5d4,PD,5915889,86757.m4a
86762,b7c4ae2d-3b88-46dd-9944-db73ef39a917,PD,5909667,86762.m4a
86764,8d67e82d-721b-4fd9-a941-c3760a28dd9f,PD,5925132,86764.m4a
86773,0f2e8a92-41a4-4ade-a575-5c65b84ca271,PD,5924803,86773.m4a
86792,1c10a5d2-ebff-4d88-b54d-5aef49de4b6e,PD,5916566,86792.m4a
86806,e44c93f1-62a2-485c-a7d1-d2fce45f55c8,CONTROL,5923434,86806.m4a
86808,6f8f1345-c6df-4818-ac86-0ace83994309,CONTROL,5902021,86808.m4a
86810,6f8f1345-c6df-4818-ac86-0ace83994309,CONTROL,5916045,86810.m4a
86811,fdc36058-a501-44a4-9844-28844be338f5,PD,5908657,86811.m4a
86812,4b163a5c-f4cd-4a1b-ab6c-f593fe1e90eb,PD,5908559,86812.m4a
86813,fdc36058-a501-44a4-9844-28844be338f5,PD,5916607,86813.m4a
86823,2a56117b-1b94-4ea1-ade7-e21533af0c4f,PD,5904757,86823.m4a
86828,e84b6c55-e71c-415b-a8e5-6f0cac06e726,CONTROL,5913658,86828.m4a
86838,46a40034-2ddb-4977-b07b-d75dadfa03ad,CONTROL,5916531,86838.m4a
86842,5b4115a0-8bd8-46ca-9835-db4517e762b6,PD,5906524,86842.m4a
86845,46a40034-2ddb-4977-b07b-d75dadfa03ad,CONTROL,5901972,86845.m4a
86849,e2e80162-36f4-42dc-85a7-efaa520eaf8f,PD,5914034,86849.m4a
86851,4f363b0a-ef39-45f8-b751-28bf168c2183,CONTROL,5913624,86851.m4a
86852,8beb41cd-e539-4537-90b1-6a82d85f6f67,CONTROL,5903314,86852.m4a
86854,8beb41cd-e539-4537-90b1-6a82d85f6f67,CONTROL,5914554,86854.m4a
86858,13244475-e4c5-444b-b7df-3e148c71a3c9,CONTROL,5919812,86858.m4a
86862,13244475-e4c5-444b-b7df-3e148c71a3c9,CONTROL,5904802,86862.m4a
86865,5230b120-f960-49fc-890c-c358d410b441,PD,5913347,86865.m4a
86866,e2e80162-36f4-42dc-85a7-efaa520eaf8f,PD,5905593,86866.m4a
86868,e2e80162-36f4-42dc-85a7-efaa520eaf8f,PD,5921620,86868.m4a
86880,e1be891c-7b9f-48ee-bbd3-647c4ed7ad0e,CONTROL,5914605,86880.m4a
86882,c6d662c2-5af8-4781-bb68-d99162d9d1fa,PD,5909502,86882.m4a
86884,3436bf34-bf8e-48ac-ad39-f4789084bdd3,PD,5924214,86884.m4a
86893,1bd6d54f-0381-4963-9564-163235f9a8a3,CONTROL,5924170,86893.m4a
86896,4b1755a9-fa14-4d28-b498-c50e0f4dd1e3,CONTROL,5905919,86896.m4a
86897,2b8c3659-90a8-4b28-ae5b-88eab39997e6,PD,5922624,86897.m4a
86903,f2a19126-3eeb-4588-8290-4c41b8f6582f,PD,5923844,86903.m4a
86905,44f02f2c-1ff9-4748-a714-9bac62b21853,CONTROL,5911263,86905.m4a
86920,c2f933a4-b0a6-4414-bf6b-e09df2a7709b,CONTROL,5913324,86920.m4a
86937,10254517-055e-4a85-b07d-aadcaee16eda,PD,5904924,86937.m4a
86947,82641112-ba07-45f8-bb67-7f10ff68e803,CONTROL,5923495,86947.m4a
86950,82641112-ba07-45f8-bb67-7f10ff68e803,CONTROL,5909933,86950.m4a
86952,393614bc-1883-4ed9-9d09-42543d5799c2,CONTROL,5924056,86952.m4a
86954,08c23348-8945-4e2f-a339-969b6699f0a2,PD,5907835,86954.m4a
86956,7a2f4b85-0b8c-46f5-bb2c-5fb0f414d0b2,PD,5917154,86956.m4a
86976,2cf9a442-f28a-4717-9d05-1c03ced2cca7,CONTROL,5916196,86976.m4a
86980,f1c73cc2-bd2b-45eb-a692-62e2bca6fe0e,CONTROL,5921690,86980.m4a
86985,0f2e8a92-41a4-4ade-a575-5c65b84ca271,PD,5922331,86985.m4a
86988,a18e3822-ae45-4788-a3e1-c8842e8f31eb,CONTROL,5918349,86988.m4a
86991,8ce923e3-a1c5-4f1e-be17-69b2cd9f0e50,PD,5904481,86991.m4a
86994,6899ba07-f868-49db-9651-3504b6d754d6,PD,5910650,86994.m4a
86998,f692fd72-7fbf-4fdf-9fcc-c9e2001e249d,PD,5908709,86998.m4a
87001,5a0f0f7e-8b49-4e1e-a8d5-9661625b5609,CONTROL,5918596,87001.m4a
87009,f692fd72-7fbf-4fdf-9fcc-c9e2001e249d,PD,5922180,87009.m4a
87012,74a0596d-a626-40d4-8dcd-f274f8d31dba,PD,5913570,87012.m4a
87013,f692fd72-7fbf-4fdf-9fcc-c9e2001e249d,PD,5921434,87013.m4a
87014,74a0596d-a626-40d4-8dcd-f274f8d31dba,PD,5912147,87014.m4a
87016,f892aaea-b677-4256-b0bd-74aa6b45bbfc,CONTROL,5909335,87016.m4a
87019,74a0596d-a626-40d4-8dcd-f274f8d31dba,PD,5903891,87019.m4a
87031,5e5e1d18-94ef-451f-98cb-10dd33dd1ce5,PD,5913355,87031.m4a
87040,a0bb85a1-3ebc-4a0a-a57f-5fd8afeb1019,CONTROL,5915370,87040.m4a
87045,6cba24ca-80c3-4fa4-bc66-e059b8a1a68c,CONTROL,5925124,87045.m4a
87046,6cba24ca-80c3-4fa4-bc66-e059b8a1a68c,CONTROL,5922006,87046.m4a
87050,e8bbbf39-3b34-4da9-96e2-d1a485c9f018,PD,5902155,87050.m4a
87059,3e7931b1-43fb-41cf-a64c-d360d3a7ce61,PD,5905631,87059.m4a
87063,1108280e-7cfa-4d36-b108-6fb9290bc4d7,CONTROL,5919559,87063.m4a
87064,e0c58ab7-5ba1-4e60-a3b7-9c28a4e74f69,PD,5923411,87064.m4a
87065,3e7931b1-43fb-41cf-a64c-d360d3a7ce61,PD,5906923,87065.m4a
87066,2073a54c-e5f8-484e-86d9-75bed4207a85,CONTROL,5908519,87066.m4a
87067,c6f0deae-c89f-4775-a245-bcea330cc78c,CONTROL,5909066,87067.m4a
87068,71fd8858-b254-4d7e-867e-08bfc86a164d,CONTROL,5914095,87068.m4a
87069,3e7931b1-43fb-41cf-a64c-d360d3a7ce61,PD,5416412,87069.m4a
87070,71fd8858-b254-4d7e-867e-08bfc86a164d,CONTROL,5917873,87070.m4a
87072,78010fed-1684-4cd1-871d-3ae32d30c636,CONTROL,5911898,87072.m4a
87073,27ff0841-8217-4371-9fff-0dbd5b2e1753,PD,5921017,87073.m4a
87074,27ff0841-8217-4371-9fff-0dbd5b2e1753,PD,5906088,87074.m4a
87075,27ff0841-8217-4371-9fff-0dbd5b2e1753,PD,5913535,87075.m4a
87076,ca1061c9-4bd4-4af7-9ba7-bbbc93fe9e68,PD,5921180,87076.m4a
87083,ffab2631-dfe1-4f5e-bd9e-f763e8aede19,PD,5907256,87083.m4a
87084,4a486118-b297-401f-8036-3fe9be46fbd2,CONTROL,5907496,87084.m4a
87108,0b493726-27d2-4d21-ad41-91e96772d511,PD,5923467,87108.m4a
87112,3436bf34-bf8e-48ac-ad39-f4789084bdd3,PD,5921520,87112.m4a
87114,0831ffbe-c832-4ea7-b800-10ef37978739,CONTROL,5904067,87114.m4a
87116,0fb2371f-2456-430e-a9a4-f0cfba39ae30,PD,5909455,87116.m4a
87118,0831ffbe-c832-4ea7-b800-10ef37978739,CONTROL,5918046,87118.m4a
87119,5dfe71c6-acc0-4fa0-9bbd-766ca413d2ef,CONTROL,5901805,87119.m4a
87120,1f878533-bea3-4f49-9579-0ef835d70653,CONTROL,5903355,87120.m4a
87121,1f878533-bea3-4f49-9579-0ef835d70653,CONTROL,5922283,87121.m4a
87124,0bba9926-9c3f-4a4a-bce4-f9b47805ae7a,CONTROL,5906709,87124.m4a
87126,0bba9926-9c3f-4a4a-bce4-f9b47805ae7a,CONTROL,5920704,87126.m4a
87137,7a72b071-df8c-4c46-a4bf-367cad04c7c8,PD,5909847,87137.m4a
87144,c1cc3a19-191a-4436-b3b0-505c23cb0bfa,CONTROL,5916124,87144.m4a
87170,71ca638e-6c37-48b4-a161-a0f3f8cf6581,CONTROL,5924273,87170.m4a
87179,47c710cb-7967-4582-afb6-1d44aa30f9c6,CONTROL,5922637,87179.m4a
87185,11fa2e95-094c-45b7-9e4c-b6fb8d935314,PD,5919909,87185.m4a
87199,442309ee-3148-4b0a-9df7-57a118c6ef82,PD,5910677,87199.m4a
87203,5406ea75-329b-42e0-95f1-1b23c40b2a3b,PD,5908600,87203.m4a
87204,5406ea75-329b-42e0-95f1-1b23c40b2a3b,PD,5907182,87204.m4a
87212,6053fa31-b3b9-49ec-8344-3e57692ab997,CONTROL,5918326,87212.m4a
87217,77e3b8c0-9b8b-486a-b92f-6bcc420b6ba4,PD,5908715,87217.m4a
87218,f7ca4569-d7e5-4e53-9cf1-0a447565bcd1,CONTROL,5912775,87218.m4a
87224,631849a5-d039-4173-9bea-a44c4416e1d6,PD,5922833,87224.m4a
87229,bcbb1e5d-1343-4e5d-862a-06c1c51860da,PD,5910854,87229.m4a
87236,d6322d71-983b-4a19-b1a7-882c27adbd8d,CONTROL,5916528,87236.m4a
87256,68898127-0c1c-4b5a-adc5-992bd9d66ec9,CONTROL,5916398,87256.m4a
87292,685e3773-5fb4-4d66-aa43-406929c29864,PD,5913342,87292.m4a
87295,b8a9d62f-cdec-4cee-9cfb-5572f8db2ff9,PD,5913520,87295.m4a
87300,48f65ce7-091f-4179-b1a2-b36ec2fce6db,PD,5918118,87300.m4a
87307,a6152ed8-13e2-4831-92f1-5ba8c0af2c9a,PD,5919498,87307.m4a
87311,b3404b35-b8f8-4f14-afc6-92f0d1bdf920,PD,5912863,87311.m4a
87319,39dd0aac-4b4e-43ec-99fb-8883adc86c4e,PD,5913314,87319.m4a
87322,2ab096cf-2941-406d-88cb-788b073c26ca,PD,5923051,87322.m4a
87323,39dd0aac-4b4e-43ec-99fb-8883adc86c4e,PD,5910131,87323.m4a
87324,ccadb5c3-3cd2-4113-942d-bba9ac6cd047,CONTROL,5908389,87324.m4a
87326,ccadb5c3-3cd2-4113-942d-bba9ac6cd047,CONTROL,5922131,87326.m4a
87329,10632ed3-5f75-4132-9810-33e6180628dc,PD,5911587,87329.m4a
87330,10632ed3-5f75-4132-9810-33e6180628dc,PD,5913131,87330.m4a
87333,10632ed3-5f75-4132-9810-33e6180628dc,PD,5904800,87333.m4a
87334,3d859196-243f-45de-b3b1-a0379b49d958,PD,5918816,87334.m4a
87338,d1645e68-b280-48c4-bd16-abfdb8c4ada5,CONTROL,5923431,87338.m4a
87339,d26c7415-134c-4a05-8e92-6e625854b6e1,CONTROL,5914800,87339.m4a
87341,1640672c-ea8b-41b1-99aa-1d3e820f53f1,CONTROL,5905267,87341.m4a
87346,d1645e68-b280-48c4-bd16-abfdb8c4ada5,CONTROL,5976325,87346.m4a
87347,c64858a7-c69c-42b3-a851-9acb010b6979,PD,5923253,87347.m4a
87349,c64858a7-c69c-42b3-a851-9acb010b6979,PD,5918397,87349.m4a
87351,6b304b5d-64a8-4c5b-8f51-56b22c6ac38c,CONTROL,5902539,87351.m4a
87352,2ab096cf-2941-406d-88cb-788b073c26ca,PD,5902718,87352.m4a
87353,c64858a7-c69c-42b3-a851-9acb010b6979,PD,5917703,87353.m4a
87354,fd101450-de2e-42b1-970a-f98a73462415,CONTROL,5902836,87354.m4a
87356,fd101450-de2e-42b1-970a-f98a73462415,CONTROL,5922627,87356.m4a
87358,9806d050-e6d3-46b8-a453-9d2292b8d2bb,CONTROL,5923705,87358.m4a
87362,1af5d5b8-2eee-4a7d-ba46-5710bb46e84f,CONTROL,5902517,87362.m4a
87366,bfc8744c-539e-473c-9f8d-b1d8948f4f51,CONTROL,5910994,87366.m4a
87368,bfc8744c-539e-473c-9f8d-b1d8948f4f51,CONTROL,5905300,87368.m4a
87372,dc22f6d0-4f10-41f5-8ffb-7bd9725805e2,PD,5903230,87372.m4a
87374,39875b61-a26c-4973-a631-bc58a4fa73d8,CONTROL,5911276,87374.m4a
87379,87cc844e-a3a2-47fb-b190-8be47b9ac6a5,PD,5919762,87379.m4a
87390,79471061-ffcf-4d43-a19e-2d91748b411f,CONTROL,5957044,87390.m4a
87398,1fad9015-04df-42d8-85b0-2e3522596f34,CONTROL,5906888,87398.m4a
87405,38dc9f32-d40f-4941-a0c1-829aeaecf8c7,CONTROL,5911226,87405.m4a
87416,5230b120-f960-49fc-890c-c358d410b441,PD,5916965,87416.m4a
87417,55cd714e-cf36-462d-b155-93f1af918bc2,PD,5792271,87417.m4a
87419,1137bf6f-92b4-426f-acd5-87fcaacee4c1,PD,5918378,87419.m4a
87427,71785e8e-1b41-47af-b88a-2e0733e14e2b,PD,5922307,87427.m4a
87428,b8b33fac-a8c3-45bd-848e-519f42f38de3,PD,5903809,87428.m4a
87431,b8b33fac-a8c3-45bd-848e-519f42f38de3,PD,5919956,87431.m4a
87433,b8b33fac-a8c3-45bd-848e-519f42f38de3,PD,5912277,87433.m4a
87434,3070acf0-23ab-40c5-8afc-ba869e122c00,PD,5917364,87434.m4a
87438,e445a789-1280-4d17-91cd-efa81e67c3f9,CONTROL,5902937,87438.m4a
87439,e445a789-1280-4d17-91cd-efa81e67c3f9,CONTROL,5913894,87439.m4a
87453,51cbcf73-23af-4e47-bef4-0ecfc04f02a0,PD,5914499,87453.m4a
87459,c5f34c50-f9c4-4247-8c94-c0e31e05d22b,PD,5924124,87459.m4a
87473,16e88ad7-d8ea-4bb4-ad8e-f3dcb9a258bd,PD,5909485,87473.m4a
87477,22fa2c34-0913-44ff-93ac-2a14da3a9c77,PD,5925304,87477.m4a
87479,f33433d4-1585-432e-959e-01593aa7b120,PD,5902368,87479.m4a
87486,a57dcd0f-0dc6-4e71-808b-26dffe02acb9,PD,5901891,87486.m4a
87495,c3d3282a-d053-47b2-b520-a0a0cb000af7,CONTROL,5907491,87495.m4a
87498,f33433d4-1585-432e-959e-01593aa7b120,PD,5903294,87498.m4a
87499,f33433d4-1585-432e-959e-01593aa7b120,PD,5908497,87499.m4a
87507,c7671a64-249a-40f0-af11-f8f404a4498a,CONTROL,5910784,87507.m4a
87508,a724b198-2cdf-40b6-89ef-1cf230093e26,PD,5913975,87508.m4a
87528,442309ee-3148-4b0a-9df7-57a118c6ef82,PD,5921728,87528.m4a
87531,d3dc7b34-4f48-4b06-bce5-78948cdeec4f,PD,5902864,87531.m4a
87545,94976ab1-1c1c-4c1f-9508-648cc84e4972,PD,5906623,87545.m4a
87568,7eedab49-0fe6-4642-bd67-9bc439c47fba,CONTROL,5914254,87568.m4a
87573,325f3e23-408e-47bf-b8d1-6a9bcbfeec97,PD,5920219,87573.m4a
87576,aac03e65-218f-4742-8a8e-049d22a47c8d,PD,5907920,87576.m4a
87578,aac03e65-218f-4742-8a8e-049d22a47c8d,PD,5918292,87578.m4a
87580,aac03e65-218f-4742-8a8e-049d22a47c8d,PD,5907431,87580.m4a
87583,bc11d792-ee81-4d6a-80fc-7a6def4a9d35,PD,5911384,87583.m4a
87586,3b592544-8bec-4999-9142-c35073e2d1da,CONTROL,5919837,87586.m4a
87587,11ab0bed-bfd8-4e16-aa90-106bf9d9972f,CONTROL,5922210,87587.m4a
87589,11ab0bed-bfd8-4e16-aa90-106bf9d9972f,CONTROL,5917032,87589.m4a
87591,fe1b7daa-104d-4e4b-8bd3-fa5e55be0f21,CONTROL,5907408,87591.m4a
87593,fe1b7daa-104d-4e4b-8bd3-fa5e55be0f21,CONTROL,5919653,87593.m4a
87596,6ed385e0-a1b0-4e86-bdc6-b8028f6ff2cc,PD,5905178,87596.m4a
87621,8489b53c-5eb3-4be9-8f8b-076fe8b53c18,CONTROL,5903804,87621.m4a
87623,8489b53c-5eb3-4be9-8f8b-076fe8b53c18,CONTROL,5922592,87623.m4a
87625,271527ea-a1d6-4acf-8bee-c7a54ddbb48e,CONTROL,5910115,87625.m4a
87626,271527ea-a1d6-4acf-8bee-c7a54ddbb48e,CONTROL,5916577,87626.m4a
87627,047712ad-df43-4900-989e-1cb624e84b34,CONTROL,5906319,87627.m4a
87630,eb7eede9-58ee-411e-92cc-3fdec74bc7b0,PD,5912450,87630.m4a
87631,0f2e8a92-41a4-4ade-a575-5c65b84ca271,PD,5913776,87631.m4a
87635,aa3f5115-402b-4efa-ac1d-1c009c61ff64,CONTROL,5909394,87635.m4a
87637,ab5ae384-44ee-44d8-95b3-21dad4bb04db,CONTROL,5917162,87637.m4a
87638,aa3f5115-402b-4efa-ac1d-1c009c61ff64,CONTROL,5906811,87638.m4a
87639,ab5ae384-44ee-44d8-95b3-21dad4bb04db,CONTROL,5919854,87639.m4a
87642,02f42f94-f1bd-4a90-8b98-8fea8680a7d7,PD,5916257,87642.m4a
87646,fed48c4f-5ffa-4e6a-bfbd-bb08e3d7cad4,PD,5919952,87646.m4a
87653,ad321355-0e48-4ccb-b55c-3b47331c2282,PD,5921239,87653.m4a
87662,ad321355-0e48-4ccb-b55c-3b47331c2282,PD,5925342,87662.m4a
87663,b9950d56-f8df-4a4a-9396-091f23c9971c,PD,5924066,87663.m4a
87666,d20eb8d7-37cb-4224-9117-410733a433d5,PD,5934569,87666.m4a
87669,f5bd40c6-2007-4c0c-8701-c4607595a396,CONTROL,5923087,87669.m4a
87674,dcbbde44-3b11-41fa-ae94-46b601152da9,CONTROL,5918618,87674.m4a
87675,44e504c7-413d-446d-b8bb-51ae48f39562,CONTROL,5903610,87675.m4a
87678,dcbbde44-3b11-41fa-ae94-46b601152da9,CONTROL,5914875,87678.m4a
87694,e520fc4c-fe75-44ea-9d20-dcc1082cde8f,CONTROL,5931645,87694.m4a
87696,e520fc4c-fe75-44ea-9d20-dcc1082cde8f,CONTROL,5938795,87696.m4a
87697,8ba90384-a907-4eca-806d-2feff31959e7,CONTROL,5962454,87697.m4a
87707,5dbc42cc-b8c7-4483-901f-e5b8c6b47258,CONTROL,5930822,87707.m4a
87708,5dbc42cc-b8c7-4483-901f-e5b8c6b47258,CONTROL,5929068,87708.m4a
87709,a186994a-7780-4257-8c3b-549176e6c7c1,CONTROL,5927036,87709.m4a
87710,a186994a-7780-4257-8c3b-549176e6c7c1,CONTROL,5933259,87710.m4a
87711,15923363-1151-4be8-916e-5af9476345b5,CONTROL,5927183,87711.m4a
87713,15923363-1151-4be8-916e-5af9476345b5,CONTROL,5927722,87713.m4a
87714,755c9cd8-9ed7-4acf-b077-e951ebdc4b2f,CONTROL,5932035,87714.m4a
87716,e87e1729-897f-4025-aab4-5e2e4ac9ba7c,PD,5942264,87716.m4a
87725,0ff78cd3-71c0-4586-a34c-d7b05e101de5,PD,5947866,87725.m4a
87728,f8294c22-9dcc-4280-beb2-5e4f818c7755,PD,5946205,87728.m4a
87742,72c95fc8-db97-4865-8bc3-a42e21d43e75,PD,5935656,87742.m4a
87745,ea7f3270-6d34-4ad6-90c0-f6422639f3b4,CONTROL,5947427,87745.m4a
87746,3ca6b81d-22d7-44e9-b4bd-4c833b4396ce,PD,5944938,87746.m4a
87756,8a328e43-2757-431b-b56c-b35c1ce685ef,CONTROL,5943448,87756.m4a
87757,8a328e43-2757-431b-b56c-b35c1ce685ef,CONTROL,5933145,87757.m4a
87760,badfdfe9-cbb5-4d1e-b84e-e0a409642863,PD,5930718,87760.m4a
87763,3505f51a-467c-4fae-9025-eda3e517f313,PD,5946809,87763.m4a
87766,eb1f9a1c-a068-483c-aeff-8815fe1b5389,CONTROL,5957537,87766.m4a
87767,f692fd72-7fbf-4fdf-9fcc-c9e2001e249d,PD,5934764,87767.m4a
87769,f692fd72-7fbf-4fdf-9fcc-c9e2001e249d,PD,5945444,87769.m4a
87770,f692fd72-7fbf-4fdf-9fcc-c9e2001e249d,PD,5934895,87770.m4a
87784,6244be74-6f9b-4b01-9558-b169192bae63,PD,5934049,87784.m4a
87796,b8a9d62f-cdec-4cee-9cfb-5572f8db2ff9,PD,5931250,87796.m4a
87805,61ebd486-3ce1-48f4-a31b-2993d7793832,PD,5938571,87805.m4a
87807,61ebd486-3ce1-48f4-a31b-2993d7793832,PD,5941861,87807.m4a
87814,d26c7415-134c-4a05-8e92-6e625854b6e1,CONTROL,5928832,87814.m4a
87829,9271b543-7017-4aca-b28e-7e6d8b07e845,PD,5926620,87829.m4a
87830,f83815eb-905b-4118-ad14-9288752d2de5,CONTROL,5928190,87830.m4a
87832,f83815eb-905b-4118-ad14-9288752d2de5,CONTROL,5946327,87832.m4a
87847,c1caeee0-2ec4-4ff7-aee4-2acf69b75054,PD,5935145,87847.m4a
87858,b36fac7d-0961-44e9-9cec-ffd9c80651e7,CONTROL,5929839,87858.m4a
87861,d15e38dd-4b3e-47f4-be4e-f3396bd5827b,PD,5945834,87861.m4a
87873,8d728c09-305e-4ed7-9b47-8638dd3d2a41,CONTROL,5941057,87873.m4a
87875,8d728c09-305e-4ed7-9b47-8638dd3d2a41,CONTROL,5944305,87875.m4a
87882,3436bf34-bf8e-48ac-ad39-f4789084bdd3,PD,5947955,87882.m4a
87898,f705bf99-2978-4bde-96b0-49675aa5ab73,CONTROL,5934607,87898.m4a
87908,afafb1f1-3d27-4b0c-9093-2fbed785175f,CONTROL,5934447,87908.m4a
87910,b362892f-a84d-45aa-baba-05955670dbf4,CONTROL,5933602,87910.m4a
87919,5230b120-f960-49fc-890c-c358d410b441,PD,5937809,87919.m4a
87926,51854c47-30d1-4021-b7db-56879662c6d1,CONTROL,5940373,87926.m4a
87928,90bb2215-3787-4e9c-8270-94b6445b06de,CONTROL,5928733,87928.m4a
87938,12417f24-2036-4889-b990-9b24097867fe,CONTROL,5938186,87938.m4a
87939,12417f24-2036-4889-b990-9b24097867fe,CONTROL,5936187,87939.m4a
87940,3a5e8217-042b-419c-a4c0-682c15de975a,PD,5933100,87940.m4a
87950,4d58a217-142b-4829-9b31-c75669e6b636,PD,5942647,87950.m4a
87952,d81ab8b8-fbcc-428f-ba38-a185fa8365ec,PD,5946450,87952.m4a
87961,2013ff23-5375-4de4-88f2-690986c2410f,CONTROL,5933482,87961.m4a
87980,70f178fd-6f07-4033-9176-fe48775bf9eb,CONTROL,5927011,87980.m4a
87981,6ec569a0-9ece-44fd-b24b-19fba6782b9d,CONTROL,5935449,87981.m4a
87989,478296ba-bfea-4982-beed-e4576e46ffba,CONTROL,5945794,87989.m4a
87993,3af487fe-7927-4e4d-b4bc-0aa0c3814f7c,CONTROL,5944596,87993.m4a
88003,1e0888df-7059-4fab-9dd7-b0b6616442e6,PD,5947882,88003.m4a
88006,adbc93a3-8214-4649-aa6c-15a34bb51509,PD,5938621,88006.m4a
88010,d6cb359a-3839-4879-99d7-6afe07926276,PD,5935151,88010.m4a
88016,7c6a5aba-9da7-4335-ab52-056e51f1c16d,CONTROL,5947317,88016.m4a
88017,7c6a5aba-9da7-4335-ab52-056e51f1c16d,CONTROL,5928798,88017.m4a
88024,c7cdf9f7-0c93-4e13-a8fe-d4ad66404e25,PD,5941351,88024.m4a
88025,1c10a5d2-ebff-4d88-b54d-5aef49de4b6e,PD,5935191,88025.m4a
88031,c5f34c50-f9c4-4247-8c94-c0e31e05d22b,PD,5944132,88031.m4a
88058,80b2e57e-8105-42ad-9cc3-5aee58c8be8c,CONTROL,5940009,88058.m4a
88064,b2c61d3d-ec4c-41e5-942d-d88cbc78a1d4,CONTROL,5938507,88064.m4a
88069,a9f65f14-b9f6-48ee-9aee-e693471e2cbc,CONTROL,5929280,88069.m4a
88087,20f030d3-ba7a-4fcc-9156-fde647171ca8,PD,5938514,88087.m4a
88088,c0295a6b-4591-4f3b-9d9e-c4331d4bfbbf,CONTROL,5944827,88088.m4a
88091,c0295a6b-4591-4f3b-9d9e-c4331d4bfbbf,CONTROL,5928039,88091.m4a
88095,c4ddc954-095c-4620-9eec-2dc8e11dfa76,CONTROL,5929292,88095.m4a
88096,c4ddc954-095c-4620-9eec-2dc8e11dfa76,CONTROL,5944494,88096.m4a
88098,269c5321-858c-4411-8b70-79fee695e814,PD,5937991,88098.m4a
88110,2257e233-5815-4211-b0f2-7f135d1604b0,PD,5937426,88110.m4a
88122,7d92ee31-c7ec-4c1c-891f-491e694817f3,CONTROL,5940349,88122.m4a
88123,3bee5ea7-9c8e-4b85-a58c-2c4094d790a2,CONTROL,5942684,88123.m4a
88130,a6152ed8-13e2-4831-92f1-5ba8c0af2c9a,PD,5944356,88130.m4a
88131,26b15140-2acf-4180-8283-f3acef5501b6,PD,5939123,88131.m4a
88132,26b15140-2acf-4180-8283-f3acef5501b6,PD,5946157,88132.m4a
88139,0085ab2b-7d74-4e88-8117-e9259adb6266,PD,5938156,88139.m4a
88140,d49fcd5c-3952-49ba-bc03-261b83a7ab6e,PD,5932423,88140.m4a
88143,d49fcd5c-3952-49ba-bc03-261b83a7ab6e,PD,5927666,88143.m4a
88145,d2bcd925-01fc-4c60-b9fe-89f6bef12180,CONTROL,5936582,88145.m4a
88148,d2bcd925-01fc-4c60-b9fe-89f6bef12180,CONTROL,5945536,88148.m4a
88156,2b9b86b0-9b88-4e8a-a60f-2b5e33051d41,CONTROL,5935465,88156.m4a
88165,10254517-055e-4a85-b07d-aadcaee16eda,PD,5933296,88165.m4a
88166,8745e5f5-648b-4d46-bc7d-045fa6e2d628,PD,5934619,88166.m4a
88167,7dc2a552-c786-46d4-8f29-8b22b399c246,CONTROL,5932182,88167.m4a
88171,d4b82747-1256-438d-8705-2ee63b33a438,CONTROL,5935950,88171.m4a
88179,b89306a0-4e17-49eb-be02-7ff43130ec3c,PD,5933360,88179.m4a
88181,b89306a0-4e17-49eb-be02-7ff43130ec3c,PD,5939968,88181.m4a
88182,893cd114-858e-4094-a3d0-e9bfb1d27277,CONTROL,5938289,88182.m4a
88192,685e3773-5fb4-4d66-aa43-406929c29864,PD,5934376,88192.m4a
88198,33b5cf9d-37eb-4707-8c57-1f9f2b43e63e,PD,5947896,88198.m4a
88199,33b5cf9d-37eb-4707-8c57-1f9f2b43e63e,PD,5936041,88199.m4a
88200,387bd1c4-90df-48fa-8b8b-da2df2cfddde,PD,5942527,88200.m4a
88209,b8b33fac-a8c3-45bd-848e-519f42f38de3,PD,5933930,88209.m4a
88210,8543e30c-4b51-4f64-881b-f400e4ea8f42,CONTROL,5968189,88210.m4a
88217,3339ab6f-0af6-4975-8225-67cb5753c1a6,PD,5933437,88217.m4a
88218,3339ab6f-0af6-4975-8225-67cb5753c1a6,PD,5934508,88218.m4a
88219,3339ab6f-0af6-4975-8225-67cb5753c1a6,PD,5948026,88219.m4a
88223,51edaf10-c6d2-4acf-9239-eded311086a1,CONTROL,5942111,88223.m4a
88236,12b56a1e-cba6-4d10-818d-0c7c0ca9a983,PD,5945827,88236.m4a
88240,232cdb63-b154-4db1-9119-2eb2e10daa57,CONTROL,5937445,88240.m4a
88250,1ae51f0f-8e90-4c83-8eeb-43cb3acf4828,PD,5934887,88250.m4a
88251,d1576239-c61e-4e69-a882-1300fc6d7eb8,CONTROL,5933542,88251.m4a
88257,4b8a975b-9520-479c-9306-d3e274443ce1,CONTROL,5506873,88257.m4a
88258,4b8a975b-9520-479c-9306-d3e274443ce1,CONTROL,5493091,88258.m4a
88261,1ee6b7a9-30bd-49e4-bb46-9304f19531f9,CONTROL,5936599,88261.m4a
88269,9f914e90-fed6-492f-883b-033282f893b2,CONTROL,5929029,88269.m4a
88272,9f914e90-fed6-492f-883b-033282f893b2,CONTROL,5943947,88272.m4a
88277,31ccfab9-8b8a-4382-ae16-15131e143b1b,CONTROL,5937560,88277.m4a
88278,93905fd2-2314-4913-aaf9-a27e0d65efa7,PD,5930575,88278.m4a
88288,862227ea-122b-462f-ac5f-af1a9c7626be,CONTROL,5927293,88288.m4a
88289,862227ea-122b-462f-ac5f-af1a9c7626be,CONTROL,5946777,88289.m4a
88293,6ec569a0-9ece-44fd-b24b-19fba6782b9d,CONTROL,5947518,88293.m4a
88295,615d882e-3a2d-4ee5-840b-dc60b40f386d,CONTROL,5927027,88295.m4a
88310,2b9b86b0-9b88-4e8a-a60f-2b5e33051d41,CONTROL,5937973,88310.m4a
88317,22669ba4-7a32-4307-8564-91d0252846f8,CONTROL,5934215,88317.m4a
88318,22669ba4-7a32-4307-8564-91d0252846f8,CONTROL,5932916,88318.m4a
88323,e87e1729-897f-4025-aab4-5e2e4ac9ba7c,PD,5940871,88323.m4a
88327,c5b3dd37-0b8f-44a6-88b3-ba2714c4b7cd,CONTROL,5939863,88327.m4a
88329,387bd1c4-90df-48fa-8b8b-da2df2cfddde,PD,5931861,88329.m4a
88335,21e21a2c-e02f-4e8b-a940-27b7946caa45,CONTROL,5946658,88335.m4a
88338,5b8870c1-bf9b-4ec2-a928-50eb550be9c9,CONTROL,5940496,88338.m4a
88346,94e59808-4330-450c-a8dd-69685c824e67,CONTROL,5941469,88346.m4a
88352,ac1dee32-398a-496e-9e31-053c46f78eeb,PD,5930682,88352.m4a
88355,66af2645-3e24-4db7-b17c-bbe01b04dd76,CONTROL,5944769,88355.m4a
88363,39dd0aac-4b4e-43ec-99fb-8883adc86c4e,PD,5933325,88363.m4a
88364,9d02c7c6-e7b1-4d9d-b31a-edc201d79ae0,CONTROL,5940544,88364.m4a
88375,9d02c7c6-e7b1-4d9d-b31a-edc201d79ae0,CONTROL,5935492,88375.m4a
88379,3ee6087b-7e4e-4f8b-97ec-78d3de73185a,CONTROL,5941184,88379.m4a
88380,3ee6087b-7e4e-4f8b-97ec-78d3de73185a,CONTROL,5946144,88380.m4a
88382,6c3850a9-b6cc-4c2c-a609-a7feb945e090,PD,5959775,88382.m4a
88383,efcf9116-6643-465b-8168-cbbb51fae35d,PD,5945178,88383.m4a
88391,67546a11-f625-4d03-bee1-4f55e8a831ac,PD,5943410,88391.m4a
88392,e2e80162-36f4-42dc-85a7-efaa520eaf8f,PD,5932774,88392.m4a
88394,755c9cd8-9ed7-4acf-b077-e951ebdc4b2f,CONTROL,5933690,88394.m4a
88395,e2e80162-36f4-42dc-85a7-efaa520eaf8f,PD,5943584,88395.m4a
88397,e2e80162-36f4-42dc-85a7-efaa520eaf8f,PD,5932198,88397.m4a
88417,2974bea0-3aa2-4a00-9f32-6d5856e62829,PD,5949335,88417.m4a
88421,2974bea0-3aa2-4a00-9f32-6d5856e62829,PD,5960039,88421.m4a
88430,bc11d792-ee81-4d6a-80fc-7a6def4a9d35,PD,5948193,88430.m4a
88436,d5e4a30b-4c83-4d26-a59d-25c1bb664fdf,PD,5941707,88436.m4a
88461,3436bf34-bf8e-48ac-ad39-f4789084bdd3,PD,5933648,88461.m4a
88468,3a73a8c6-1f60-4ebb-b2b0-5837e783b825,CONTROL,5933489,88468.m4a
88471,3a73a8c6-1f60-4ebb-b2b0-5837e783b825,CONTROL,5940423,88471.m4a
88476,49352ce6-8194-4476-aff7-ca68c61108bc,CONTROL,5934446,88476.m4a
88484,a348996c-2256-43b7-80b1-a2a9bd6fba5b,PD,5941894,88484.m4a
88491,4b163a5c-f4cd-4a1b-ab6c-f593fe1e90eb,PD,5943958,88491.m4a
88507,0c220dec-e5d0-4816-9b97-993c2fde3846,CONTROL,5929766,88507.m4a
88514,ba902ba3-770d-441d-a130-d15729bbee5b,CONTROL,5941990,88514.m4a
88516,34b7efd2-3db0-412e-993d-0816729df0a0,CONTROL,5930253,88516.m4a
88519,34b7efd2-3db0-412e-993d-0816729df0a0,CONTROL,5943616,88519.m4a
88522,b19c061f-3772-4799-bdd1-1c0327b68765,CONTROL,5946555,88522.m4a
88525,30844e30-6408-4ae5-aadd-a458ad398c9e,CONTROL,5929462,88525.m4a
88527,8ee016bd-0b13-4d5f-8f46-690c2620cd67,CONTROL,5946587,88527.m4a
88530,30844e30-6408-4ae5-aadd-a458ad398c9e,CONTROL,5930875,88530.m4a
88535,a9325c62-2e15-4ca2-b166-303292d1aa47,PD,5934600,88535.m4a
88539,51cbcf73-23af-4e47-bef4-0ecfc04f02a0,PD,5938967,88539.m4a
88544,ac7c3961-9268-42b7-aeb7-fc4c49c7a6bb,PD,5938934,88544.m4a
88548,f1f3459d-152d-4060-b315-5e4356e97263,CONTROL,5937422,88548.m4a
88551,faeab8f9-5e6b-48ef-8e87-3cc7e6da3e5f,PD,5943801,88551.m4a
88559,b4491f3d-1acb-47b6-a751-e176a373ea47,PD,5942441,88559.m4a
88563,77e3b8c0-9b8b-486a-b92f-6bcc420b6ba4,PD,5943076,88563.m4a
88569,efae3aa7-5489-4c5e-b477-7f25e1a30ab1,CONTROL,5952425,88569.m4a
88572,ce4e34e7-6a19-4deb-8b8f-b8f4d6391491,PD,5928864,88572.m4a
88573,5355d7d4-4ac4-46cd-9cb3-a4c5927268c7,CONTROL,5945629,88573.m4a
88575,ce4e34e7-6a19-4deb-8b8f-b8f4d6391491,PD,5940328,88575.m4a
88577,ce4e34e7-6a19-4deb-8b8f-b8f4d6391491,PD,5932181,88577.m4a
88579,33c6dcf4-bbc9-4915-b35c-54abc7da276e,PD,5927239,88579.m4a
88591,1447e829-cd53-4498-a9eb-833c2f791d13,PD,5938735,88591.m4a
88593,f7fa6783-c214-46fb-801c-45898da69f92,PD,5947236,88593.m4a
88594,60c67049-c4c9-4176-9993-73abf6f12888,PD,5943243,88594.m4a
88604,9794ec6d-7477-4bd3-8921-5e81ee2d9d71,CONTROL,5942211,88604.m4a
88613,f7fa6783-c214-46fb-801c-45898da69f92,PD,5934233,88613.m4a
88614,88af6f86-ade0-413c-9f9d-763866e45686,CONTROL,5940452,88614.m4a
88615,f7fa6783-c214-46fb-801c-45898da69f92,PD,5938828,88615.m4a
88630,9e82654e-68eb-457f-8607-d740c56d8829,CONTROL,5945962,88630.m4a
88644,631849a5-d039-4173-9bea-a44c4416e1d6,PD,5926780,88644.m4a
88648,43294479-32e0-4589-92ee-269b36a70e46,PD,5933254,88648.m4a
88663,df52ffb6-6a62-4ec7-af96-626f97c7d3d4,CONTROL,5942305,88663.m4a
88664,de3675af-6026-4d3d-b7fc-4423fcf2489d,PD,5939049,88664.m4a
88677,8d67e82d-721b-4fd9-a941-c3760a28dd9f,PD,5929644,88677.m4a
88692,d7b2697f-c530-4fd0-8328-6a7962576f9f,CONTROL,5958425,88692.m4a
88693,ca7fac57-18de-4dad-bb01-520ab8fbd648,CONTROL,5935026,88693.m4a
88695,d7b2697f-c530-4fd0-8328-6a7962576f9f,CONTROL,5958465,88695.m4a
88709,20b09fcb-eb66-4282-b53a-51aa24f1f9d2,CONTROL,5945383,88709.m4a
88717,264f4192-a22a-4c00-a2fe-fc22fa4f650d,CONTROL,5945993,88717.m4a
88721,ca7fac57-18de-4dad-bb01-520ab8fbd648,CONTROL,5940195,88721.m4a
88723,ed1b8bdc-5569-4bb6-ae79-c56ab8f4da68,PD,5940654,88723.m4a
88739,1137bf6f-92b4-426f-acd5-87fcaacee4c1,PD,5940395,88739.m4a
88740,f1d3db47-03f9-40cf-8cb4-ae340e892a46,CONTROL,5931363,88740.m4a
88743,1d46bacf-a194-4d50-aa15-05dbcb7e754b,CONTROL,5928925,88743.m4a
88746,1d46bacf-a194-4d50-aa15-05dbcb7e754b,CONTROL,5942421,88746.m4a
88754,02f42f94-f1bd-4a90-8b98-8fea8680a7d7,PD,5931270,88754.m4a
88756,65519e97-b4b3-45ba-a55f-ee0a4ad57bf4,CONTROL,5930952,88756.m4a
88758,65519e97-b4b3-45ba-a55f-ee0a4ad57bf4,CONTROL,5943308,88758.m4a
88762,8a151c72-e599-47eb-ad77-b8f0bf3f4ea9,PD,5945138,88762.m4a
88773,bfc55fc2-f448-4915-a5e6-62b66c706b0a,PD,5937920,88773.m4a
88779,c0688272-98b5-4672-96f5-2b45e8b3c857,CONTROL,5946266,88779.m4a
88780,c0688272-98b5-4672-96f5-2b45e8b3c857,CONTROL,5934046,88780.m4a
88787,644a60e6-4c4c-4c20-961a-c976715c3a0b,CONTROL,5930969,88787.m4a
88789,c5958440-fccf-44a4-9008-da0e7f991c2a,CONTROL,5956554,88789.m4a
88798,d0b9e9bb-d20b-4cb3-a2dd-6a944c39e81f,CONTROL,5942569,88798.m4a
88799,a6152ed8-13e2-4831-92f1-5ba8c0af2c9a,PD,5930494,88799.m4a
88800,d0b9e9bb-d20b-4cb3-a2dd-6a944c39e81f,CONTROL,5932540,88800.m4a
88806,f64118ec-b896-4b80-b00d-55209901c023,CONTROL,5947041,88806.m4a
88808,a40ca5f2-ce9e-4eb7-b80a-4db2b431caf5,CONTROL,5940573,88808.m4a
88825,9abb3fc4-a2c5-4895-8049-558ad0a332ad,CONTROL,5929064,88825.m4a
88827,d20eb8d7-37cb-4224-9117-410733a433d5,PD,5953119,88827.m4a
88834,cea9168b-0db2-4921-bb1c-ef2d00006445,CONTROL,5956271,88834.m4a
88842,5344f667-d87f-4d89-baa8-321ef9f2d991,CONTROL,5957359,88842.m4a
88844,5344f667-d87f-4d89-baa8-321ef9f2d991,CONTROL,5961691,88844.m4a
88858,265ece8b-9274-49d5-b9aa-f418161b29cc,CONTROL,5957101,88858.m4a
88859,321e32af-3966-4fb4-a9ce-f7ae4781bc5d,CONTROL,5956847,88859.m4a
88860,265ece8b-9274-49d5-b9aa-f418161b29cc,CONTROL,5950501,88860.m4a
88876,560b7d59-2678-4b0b-bd6a-d435c09edf2a,PD,5954446,88876.m4a
88877,560b7d59-2678-4b0b-bd6a-d435c09edf2a,PD,5961517,88877.m4a
88879,869322a1-06a8-46b0-b16c-a2347e495b76,CONTROL,5953112,88879.m4a
88884,869322a1-06a8-46b0-b16c-a2347e495b76,CONTROL,5953051,88884.m4a
88890,631849a5-d039-4173-9bea-a44c4416e1d6,PD,5962139,88890.m4a
88891,33c6dcf4-bbc9-4915-b35c-54abc7da276e,PD,5962325,88891.m4a
88893,a627b898-05bd-4b7b-8104-4ef537076170,PD,5949921,88893.m4a
88901,a57d7f01-0d62-437b-8c91-2ee14bb312cd,CONTROL,5961654,88901.m4a
88908,eb1f9a1c-a068-483c-aeff-8815fe1b5389,CONTROL,5960690,88908.m4a
88912,3df2f992-67a1-4465-8f8c-67ece01da6d1,CONTROL,5958860,88912.m4a
88935,1ad0a75d-2902-41cf-8150-4629c0ae210a,PD,5956092,88935.m4a
88938,1ad0a75d-2902-41cf-8150-4629c0ae210a,PD,5961233,88938.m4a
88940,6e6f346b-3ab2-4fc8-baf0-95f8ee7e5408,PD,5957926,88940.m4a
88946,555dd97b-882b-4b02-9037-5b85dd6ef855,PD,5955425,88946.m4a
88948,555dd97b-882b-4b02-9037-5b85dd6ef855,PD,5956787,88948.m4a
88955,cde001b7-c3f1-4b31-a2a1-049a1bc3f8f5,PD,5952885,88955.m4a
88956,75e16764-2272-4d4c-955b-2ecb34b15442,PD,5955605,88956.m4a
88968,3a7ca1ec-448a-4423-b585-100a6d8f4009,CONTROL,5956418,88968.m4a
88969,3a7ca1ec-448a-4423-b585-100a6d8f4009,CONTROL,5957622,88969.m4a
88971,71785e8e-1b41-47af-b88a-2e0733e14e2b,PD,5960168,88971.m4a
88972,71785e8e-1b41-47af-b88a-2e0733e14e2b,PD,5956875,88972.m4a
88974,f059b3a3-74af-417b-a95a-499ad1512863,PD,5951112,88974.m4a
88977,416a984c-4a94-452b-93be-499c1ac374d6,PD,5959995,88977.m4a
88978,416a984c-4a94-452b-93be-499c1ac374d6,PD,5961196,88978.m4a
88980,8baf61c8-1ad8-44e0-86c0-f29c6d564cb5,PD,5950460,88980.m4a
88984,7058ce3e-cc05-4d72-86e2-601b551ebd8f,CONTROL,5960962,88984.m4a
88992,7dc52ba5-9ce9-42c6-bf4b-c7ce52d1b266,PD,5959335,88992.m4a
89000,1b60aea6-7295-4a0b-a2b1-34542b73212e,CONTROL,5957865,89000.m4a
89002,ef4587be-fdf8-4198-bb20-0c67c58187a5,PD,5962889,89002.m4a
89003,ef4587be-fdf8-4198-bb20-0c67c58187a5,PD,5956756,89003.m4a
89008,d644ad57-f62d-4b6a-b387-2c5aabbb4ba7,PD,5956363,89008.m4a
89021,773d604b-c2c9-4cb9-8fc2-c3683c0266a6,CONTROL,5962279,89021.m4a
89031,dd6db990-ec2c-4c63-bb96-7d32029655ff,CONTROL,5961768,89031.m4a
89034,ee882bdd-8622-486f-a9bd-8e9820c3444d,CONTROL,5956288,89034.m4a
89036,ee882bdd-8622-486f-a9bd-8e9820c3444d,CONTROL,5961117,89036.m4a
89037,ce20aa57-4257-4e82-85df-2204573f2ba2,PD,5952333,89037.m4a
89038,2b8f0f06-b5e2-4da4-978b-0f17f6b246fd,PD,5952888,89038.m4a
89039,2b8f0f06-b5e2-4da4-978b-0f17f6b246fd,PD,5956487,89039.m4a
89044,2b8f0f06-b5e2-4da4-978b-0f17f6b246fd,PD,5959177,89044.m4a
89050,354ae435-e61c-49d6-92da-d9f657c6755d,CONTROL,5962196,89050.m4a
89057,e492c66c-b2ec-4a5c-8d0e-9468df117667,PD,5962459,89057.m4a
89065,7e109e40-b387-4546-98f2-56c04bb0eb01,CONTROL,5950355,89065.m4a
89072,5ce69643-aeec-44e5-a5cc-4c06d36f5979,PD,5962073,89072.m4a
89074,27ff0841-8217-4371-9fff-0dbd5b2e1753,PD,5959920,89074.m4a
89076,27ff0841-8217-4371-9fff-0dbd5b2e1753,PD,5960059,89076.m4a
89078,27ff0841-8217-4371-9fff-0dbd5b2e1753,PD,6010490,89078.m4a
89081,387bd1c4-90df-48fa-8b8b-da2df2cfddde,PD,5960648,89081.m4a
89084,800aad52-9ea8-4813-a206-acb3126e533f,CONTROL,5961167,89084.m4a
89087,52eabdc8-4dd6-4ea5-baad-3822ea01f803,PD,5954152,89087.m4a
89088,262e0c5f-2f3e-49b5-8669-99a85146c179,PD,5962730,89088.m4a
89095,8f66a722-43a3-46fa-9334-b3a54bb778bc,PD,5956954,89095.m4a
89100,0b6a6b98-5cd3-409e-a3b5-235e1bf9061f,CONTROL,5953715,89100.m4a
89103,f705bf99-2978-4bde-96b0-49675aa5ab73,CONTROL,5956221,89103.m4a
89109,2013ff23-5375-4de4-88f2-690986c2410f,CONTROL,5959203,89109.m4a
89127,3a5e8217-042b-419c-a4c0-682c15de975a,PD,5957110,89127.m4a
89131,037ef092-4191-422d-822a-b3ca5084da8a,CONTROL,5957430,89131.m4a
89140,3442c974-8cb7-4331-9276-4bf7db79489a,CONTROL,5956845,89140.m4a
89151,b567f243-d7c7-4a75-8dda-389de317a210,CONTROL,5955238,89151.m4a
89159,2afee014-dca5-4718-811f-732034248b12,CONTROL,5962300,89159.m4a
89160,2afee014-dca5-4718-811f-732034248b12,CONTROL,5951214,89160.m4a
89168,11fa2e95-094c-45b7-9e4c-b6fb8d935314,PD,5962077,89168.m4a
89173,133ea6ff-40f4-4476-907e-f0d4170266ce,PD,5957377,89173.m4a
89180,bfc55fc2-f448-4915-a5e6-62b66c706b0a,PD,5954064,89180.m4a
89185,2a56117b-1b94-4ea1-ade7-e21533af0c4f,PD,5955832,89185.m4a
89205,becff371-0ccb-47af-8358-8a1fdffc0d01,CONTROL,5962583,89205.m4a
89220,c7cdf9f7-0c93-4e13-a8fe-d4ad66404e25,PD,5962490,89220.m4a
89235,e87e1729-897f-4025-aab4-5e2e4ac9ba7c,PD,5959953,89235.m4a
89242,b6b04cba-5ae9-4da3-bcab-135df88e0f56,PD,5955796,89242.m4a
89245,b6b04cba-5ae9-4da3-bcab-135df88e0f56,PD,5953343,89245.m4a
89252,5a595884-10a9-4281-9f51-ccc71e2b0e67,CONTROL,5960934,89252.m4a
89255,a7e09a7f-d74b-4c06-8e5f-f011eabbcadb,CONTROL,5954030,89255.m4a
89262,986be64c-da1f-487e-98fc-f20437e530c6,PD,5962266,89262.m4a
89263,980043b8-67d8-40f9-9700-8e203cea1fca,CONTROL,5950419,89263.m4a
89272,30712a06-af02-484a-875b-5b4c268f1b62,PD,5951977,89272.m4a
89276,76d12b76-bb7c-422f-8bc0-c318bea6eafa,CONTROL,5958677,89276.m4a
89282,f95607e4-ba93-47b1-836f-fe784c68da47,CONTROL,5950105,89282.m4a
89284,9f6566fa-f6bc-4275-9b9e-709c00124803,CONTROL,5953502,89284.m4a
89294,f692df5d-9269-4dbf-b301-3809b9fbcc3e,CONTROL,5962612,89294.m4a
89297,91fff742-8817-4a04-b37c-46a96162cfca,PD,5961041,89297.m4a
89303,5a5cf85d-8a6b-4f24-b4d2-4d9e94a3b9c7,CONTROL,5961161,89303.m4a
89310,5a5cf85d-8a6b-4f24-b4d2-4d9e94a3b9c7,CONTROL,5962642,89310.m4a
89311,69be9a90-97da-4c89-a309-b13975d4cd83,CONTROL,5952415,89311.m4a
89312,33c6dcf4-bbc9-4915-b35c-54abc7da276e,PD,5951670,89312.m4a
89317,85816dbe-b244-453b-87cc-709d2c1c2107,PD,5956151,89317.m4a
89323,85816dbe-b244-453b-87cc-709d2c1c2107,PD,5957876,89323.m4a
89327,dd2295d5-ce0b-43e6-9617-b3708bd14a33,PD,5954854,89327.m4a
89330,dd2295d5-ce0b-43e6-9617-b3708bd14a33,PD,5949698,89330.m4a
89337,69be9a90-97da-4c89-a309-b13975d4cd83,CONTROL,5961082,89337.m4a
89340,4bd8b493-1398-4892-916a-9fccd94d477b,PD,5960135,89340.m4a
89351,3af487fe-7927-4e4d-b4bc-0aa0c3814f7c,CONTROL,5957287,89351.m4a
89355,41d411d7-4470-4453-90c4-067c4469f154,CONTROL,5960769,89355.m4a
89356,b1f4d4d6-5247-48c4-9990-28a13d34fc19,PD,5960467,89356.m4a
89369,65d8c6d5-64a4-4f5a-b69e-a0d30152b5de,PD,5957902,89369.m4a
89372,d1576239-c61e-4e69-a882-1300fc6d7eb8,CONTROL,5951740,89372.m4a
89379,2f1bb813-e160-447f-a994-59466b9fb7dc,CONTROL,5962426,89379.m4a
89396,72f75a4d-de63-4077-b77e-49d98f559e8c,PD,5960267,89396.m4a
89398,93905fd2-2314-4913-aaf9-a27e0d65efa7,PD,5957797,89398.m4a
89399,93905fd2-2314-4913-aaf9-a27e0d65efa7,PD,5950594,89399.m4a
89400,93905fd2-2314-4913-aaf9-a27e0d65efa7,PD,5957980,89400.m4a
89418,7bc86881-7075-467a-850e-53e021b60f9f,PD,5950781,89418.m4a
89421,262e0c5f-2f3e-49b5-8669-99a85146c179,PD,5955668,89421.m4a
89424,986bc332-f3a4-4552-8b2a-c69a9d5e4989,PD,5957175,89424.m4a
89425,eb226541-96e5-4944-91b7-523162d2b50c,CONTROL,5957851,89425.m4a
89431,d057463e-a0b9-4077-98a0-7e7cce67203c,PD,5950560,89431.m4a
89445,e87e1729-897f-4025-aab4-5e2e4ac9ba7c,PD,5955478,89445.m4a
89452,1f753b12-d413-4718-8f97-9198a8defd94,PD,5955620,89452.m4a
89457,1f753b12-d413-4718-8f97-9198a8defd94,PD,5956564,89457.m4a
89458,1f753b12-d413-4718-8f97-9198a8defd94,PD,5955468,89458.m4a
89459,22d222d7-2aac-4955-a18f-06f913d4d80f,CONTROL,5954584,89459.m4a
89460,9b0ecc01-f89c-4f0b-89e3-a7b233b2a2f2,PD,5962276,89460.m4a
89464,a724b198-2cdf-40b6-89ef-1cf230093e26,PD,5962307,89464.m4a
89466,4ec3bd20-1bfa-4768-a87e-46300347eeb5,CONTROL,5951500,89466.m4a
89484,8da79786-988c-441c-899a-5e83a1469120,CONTROL,5957323,89484.m4a
89485,5e5e1d18-94ef-451f-98cb-10dd33dd1ce5,PD,5954505,89485.m4a
89488,8005bcc4-cc1c-4162-817d-1806b9494fe0,CONTROL,5956852,89488.m4a
89496,e8bbbf39-3b34-4da9-96e2-d1a485c9f018,PD,5958082,89496.m4a
89498,082a0b2d-1eb0-4e47-8635-a992fc49b171,CONTROL,5960264,89498.m4a
89502,45829aa3-2e58-4979-a367-922bbccb58b4,PD,5953014,89502.m4a
89510,45829aa3-2e58-4979-a367-922bbccb58b4,PD,5960907,89510.m4a
89511,eb226541-96e5-4944-91b7-523162d2b50c,CONTROL,5954579,89511.m4a
89512,45829aa3-2e58-4979-a367-922bbccb58b4,PD,5959197,89512.m4a
89517,f8d44faa-f71a-43be-9fa8-8d381b9cc380,PD,5955399,89517.m4a
89518,76d12b76-bb7c-422f-8bc0-c318bea6eafa,CONTROL,5950429,89518.m4a
89521,1c10a5d2-ebff-4d88-b54d-5aef49de4b6e,PD,5961055,89521.m4a
89530,a4191928-b6a0-4170-9a44-baa447555fda,CONTROL,5949779,89530.m4a
89543,fe369e0e-2751-4d9c-8ab1-95d660aee3d0,CONTROL,5950359,89543.m4a
89546,87cc844e-a3a2-47fb-b190-8be47b9ac6a5,PD,5962799,89546.m4a
89548,87cc844e-a3a2-47fb-b190-8be47b9ac6a5,PD,5957593,89548.m4a
89551,751b016e-6292-438e-9914-73fb241f5ae0,CONTROL,5951716,89551.m4a
89556,b7a6260d-7c35-486b-b7e0-e54dfce2451f,CONTROL,5950815,89556.m4a
89566,b7a6260d-7c35-486b-b7e0-e54dfce2451f,CONTROL,5961534,89566.m4a
89570,71aa7602-8aae-40b0-a515-ec518c2c0cb5,CONTROL,5961589,89570.m4a
89572,71aa7602-8aae-40b0-a515-ec518c2c0cb5,CONTROL,5956405,89572.m4a
89580,b8a9d62f-cdec-4cee-9cfb-5572f8db2ff9,PD,5955553,89580.m4a
89583,05e6dbb3-8ff7-41d3-8cb6-eba23a9b9a73,CONTROL,5952043,89583.m4a
89588,20b7b674-39e1-4a73-b4a8-8d9da92cbb93,CONTROL,5950743,89588.m4a
89590,1df2b5ac-a6db-401c-92ab-e814a60e4081,CONTROL,5962734,89590.m4a
89591,1df2b5ac-a6db-401c-92ab-e814a60e4081,CONTROL,5962016,89591.m4a
89593,f7fa6783-c214-46fb-801c-45898da69f92,PD,5958045,89593.m4a
89599,f7fa6783-c214-46fb-801c-45898da69f92,PD,5961535,89599.m4a
89600,3f997724-f0e4-4a31-9ef7-57bbb8cf3188,PD,5962555,89600.m4a
89605,367db4f1-574f-4dd7-87b9-91b2ad103878,CONTROL,5950420,89605.m4a
89607,47d83366-db6c-46ca-b904-fcee302e72d8,PD,5961101,89607.m4a
89610,60011d59-db6d-41d7-aff1-0557f69ce81b,PD,5954359,89610.m4a
89613,60011d59-db6d-41d7-aff1-0557f69ce81b,PD,5962383,89613.m4a
89619,51cbcf73-23af-4e47-bef4-0ecfc04f02a0,PD,5958330,89619.m4a
89621,344b785d-d12a-47b6-95ba-fa05eecd7e8b,PD,5958801,89621.m4a
89622,0eb60c3c-52ee-483a-b48d-4c6d0b412e0e,PD,5952667,89622.m4a
89623,762e0eb9-d679-4a40-b686-f3e7986db56b,PD,5961030,89623.m4a
89625,762e0eb9-d679-4a40-b686-f3e7986db56b,PD,5959469,89625.m4a
89626,762e0eb9-d679-4a40-b686-f3e7986db56b,PD,5957124,89626.m4a
89642,eb842eaa-897a-4227-822b-ba14b22057c4,CONTROL,5961543,89642.m4a
89644,9b0ecc01-f89c-4f0b-89e3-a7b233b2a2f2,PD,5955369,89644.m4a
89646,9b0ecc01-f89c-4f0b-89e3-a7b233b2a2f2,PD,5955452,89646.m4a
89649,e80b3a75-be0d-4458-8499-9c85bad1d174,CONTROL,5951210,89649.m4a
89665,2974bea0-3aa2-4a00-9f32-6d5856e62829,PD,5966025,89665.m4a
89674,6633c648-95ef-4ed4-89fe-55a51334f8e0,PD,5960326,89674.m4a
89676,efae3aa7-5489-4c5e-b477-7f25e1a30ab1,CONTROL,5955778,89676.m4a
89684,3ef967c1-c3f1-4e94-b2ac-0db98100222e,CONTROL,5951087,89684.m4a
89692,bb91ec4b-ab77-483b-b35f-fa039bc8225d,PD,5964300,89692.m4a
89694,8c2c36d6-9cb2-4358-8085-5958e7f35a67,CONTROL,5962291,89694.m4a
89703,ea0252eb-1817-4335-9d07-346ecdc54a84,PD,5961048,89703.m4a
89707,b9ccd441-08fe-4e0c-9d84-cf8e5728d6d5,PD,5957254,89707.m4a
89718,2a5128d1-3ed7-49ee-a299-4025d6702faf,PD,5961037,89718.m4a
89724,75b63b7c-7752-4097-89ae-f9e339b26835,PD,5957489,89724.m4a
89730,3df7a517-10a3-47bb-a49a-1e91e255a088,CONTROL,5951515,89730.m4a
89737,d54d803f-e2aa-4024-a3d8-784ebbe968f9,PD,5960495,89737.m4a
89741,77e3b8c0-9b8b-486a-b92f-6bcc420b6ba4,PD,5956814,89741.m4a
89743,d9c718b9-8137-4b93-81b7-716dd55daa91,CONTROL,5960879,89743.m4a
89759,9ee69728-8125-4c20-b639-8bc749885280,CONTROL,5956168,89759.m4a
89761,9ee69728-8125-4c20-b639-8bc749885280,CONTROL,5954508,89761.m4a
89765,bab5ca20-f718-49df-8918-e824b6720bcf,PD,5950590,89765.m4a
89769,34c5a65e-d71d-444b-8eda-e5219df27420,CONTROL,5959226,89769.m4a
89772,c1caeee0-2ec4-4ff7-aee4-2acf69b75054,PD,5949552,89772.m4a
89780,63c2f1b1-5678-4c78-bfae-77998d27f761,CONTROL,5949406,89780.m4a
89782,63c2f1b1-5678-4c78-bfae-77998d27f761,CONTROL,5962727,89782.m4a
89785,2b5ce037-4c7b-465e-a583-329b650735d1,CONTROL,5957217,89785.m4a
89786,efa1c669-adaa-4763-bc1b-bc954fe3dc5a,CONTROL,5961069,89786.m4a
89788,2b5ce037-4c7b-465e-a583-329b650735d1,CONTROL,5950705,89788.m4a
89789,efa1c669-adaa-4763-bc1b-bc954fe3dc5a,CONTROL,5958996,89789.m4a
89794,2b938bfa-331b-4919-a820-97962281b409,CONTROL,6007513,89794.m4a
89795,776122cd-333b-400a-af9d-39771b26fa4d,PD,5960800,89795.m4a
89805,a348996c-2256-43b7-80b1-a2a9bd6fba5b,PD,5956747,89805.m4a
89808,51cbcf73-23af-4e47-bef4-0ecfc04f02a0,PD,5960363,89808.m4a
89812,c9b44acf-be6c-4840-844e-a50016af411f,CONTROL,5957872,89812.m4a
89813,564f8fc9-7dda-4f39-b7c4-89a8aa0a89fc,CONTROL,5960263,89813.m4a
89814,564f8fc9-7dda-4f39-b7c4-89a8aa0a89fc,CONTROL,5959858,89814.m4a
89817,29743127-98d5-4529-9fa7-ee029d4586b5,CONTROL,5968389,89817.m4a
89823,bd9da80c-93c4-4d15-a62a-c76ddbcd22e4,CONTROL,5953742,89823.m4a
89826,bd9da80c-93c4-4d15-a62a-c76ddbcd22e4,CONTROL,5959707,89826.m4a
89831,5230b120-f960-49fc-890c-c358d410b441,PD,5959743,89831.m4a
89833,5355d7d4-4ac4-46cd-9cb3-a4c5927268c7,CONTROL,5956176,89833.m4a
89849,df5728a5-1195-4034-95d0-febe18304160,CONTROL,5960991,89849.m4a
89852,3a5d1f45-6fc8-4fb2-bde9-5a593c08015d,CONTROL,5959409,89852.m4a
89854,3a5d1f45-6fc8-4fb2-bde9-5a593c08015d,CONTROL,5953705,89854.m4a
89862,0fa09de8-9c0d-4859-894f-d85f6e5e583e,CONTROL,5962172,89862.m4a
89865,cac55322-1af9-45f1-b77a-b37f4f8d26f9,PD,5953300,89865.m4a
89867,cac55322-1af9-45f1-b77a-b37f4f8d26f9,PD,5950204,89867.m4a
89870,997d9eb1-8d7b-4d26-8047-226951cdbc54,CONTROL,5958017,89870.m4a
89871,997d9eb1-8d7b-4d26-8047-226951cdbc54,CONTROL,5960834,89871.m4a
89872,e09690c1-069c-4403-a74c-91c815ae6fe3,PD,5951731,89872.m4a
89876,75190f02-7ccd-4193-8dc0-6c9f69810955,CONTROL,5950349,89876.m4a
89877,ef4d1e5f-eb30-4bf0-8a2b-9d2c857a35b6,CONTROL,5960462,89877.m4a
89879,2fa3ecab-d99e-4abd-8c68-fe41f89c38a0,CONTROL,5972081,89879.m4a
89881,1ebe644c-4f89-4bc8-a39e-e6582d7a7fa8,CONTROL,5965767,89881.m4a
89882,1ebe644c-4f89-4bc8-a39e-e6582d7a7fa8,CONTROL,5972268,89882.m4a
89886,6e35472c-441c-4062-b5c7-dd4a4ca13b88,CONTROL,5969226,89886.m4a
89887,6e35472c-441c-4062-b5c7-dd4a4ca13b88,CONTROL,5967754,89887.m4a
89895,5c0a01da-d196-4dc3-9dcf-f6097093d8de,CONTROL,5966804,89895.m4a
89926,12b56a1e-cba6-4d10-818d-0c7c0ca9a983,PD,5969885,89926.m4a
89927,12b56a1e-cba6-4d10-818d-0c7c0ca9a983,PD,5971576,89927.m4a
89933,69768027-9381-45b4-98e6-c3a84bbabd50,PD,5966427,89933.m4a
89938,6e6f346b-3ab2-4fc8-baf0-95f8ee7e5408,PD,5967463,89938.m4a
89952,c499a6b7-a5b4-4c92-ad5c-905ca29a14d8,PD,5963999,89952.m4a
89960,77b7c422-bd8d-4e8d-89e6-27fd515e246e,PD,5969806,89960.m4a
89964,c61c0b78-7278-4651-8fa2-7c1429ea804c,PD,5966144,89964.m4a
89974,90550db0-af30-495f-8d7c-5749577cdae2,PD,5972413,89974.m4a
89979,ca1061c9-4bd4-4af7-9ba7-bbbc93fe9e68,PD,5968502,89979.m4a
89991,f692df5d-9269-4dbf-b301-3809b9fbcc3e,CONTROL,5964516,89991.m4a
90000,0f5ab0b1-e9df-4d45-be1f-7e6b08aea85d,PD,5966426,90000.m4a
90001,0f5ab0b1-e9df-4d45-be1f-7e6b08aea85d,PD,5968280,90001.m4a
90002,0f5ab0b1-e9df-4d45-be1f-7e6b08aea85d,PD,5969708,90002.m4a
90004,3b20c871-e212-4781-a30c-a0b31923fda2,PD,5969977,90004.m4a
90008,d0ae0ee1-165b-4e5a-9caa-ad8a17688445,PD,5970915,90008.m4a
90013,52dc932b-4905-45a0-b067-8e8da1d6c954,CONTROL,5965548,90013.m4a
90014,52dc932b-4905-45a0-b067-8e8da1d6c954,CONTROL,5968262,90014.m4a
90015,161ed364-2891-4ace-83f4-d7da815205ed,PD,5968997,90015.m4a
90023,161ed364-2891-4ace-83f4-d7da815205ed,PD,5968533,90023.m4a
90035,e08be784-2d4b-41a0-8c0a-8fa383e0933b,CONTROL,5963566,90035.m4a
90036,e08be784-2d4b-41a0-8c0a-8fa383e0933b,CONTROL,5972543,90036.m4a
90041,555dd97b-882b-4b02-9037-5b85dd6ef855,PD,5968993,90041.m4a
90042,555dd97b-882b-4b02-9037-5b85dd6ef855,PD,5970541,90042.m4a
90049,549c5eb7-894e-471c-913e-c5fb628292af,PD,5970766,90049.m4a
90052,549c5eb7-894e-471c-913e-c5fb628292af,PD,5965664,90052.m4a
90053,549c5eb7-894e-471c-913e-c5fb628292af,PD,5967386,90053.m4a
90061,e09690c1-069c-4403-a74c-91c815ae6fe3,PD,5964431,90061.m4a
90063,8d092fe3-871d-4651-abb9-06bfcbaf27b8,PD,5964825,90063.m4a
90066,ad00f88f-9928-4327-beff-d8f18943254a,CONTROL,5966169,90066.m4a
90067,a96a56cd-3cb1-4fa7-a227-0edf6bcc7ccb,CONTROL,5970222,90067.m4a
90069,ad00f88f-9928-4327-beff-d8f18943254a,CONTROL,5965403,90069.m4a
90072,945bb372-bfbe-4ef0-87d9-d268bc0b2d8e,PD,5971456,90072.m4a
90074,8d092fe3-871d-4651-abb9-06bfcbaf27b8,PD,5965639,90074.m4a
90091,74de3c85-715c-4962-9cd7-28bdf4e96a73,PD,5971064,90091.m4a
90103,6d0c10f2-c149-4993-901d-270a275476a2,PD,5967146,90103.m4a
90107,eb7eede9-58ee-411e-92cc-3fdec74bc7b0,PD,5964111,90107.m4a
90110,e492c66c-b2ec-4a5c-8d0e-9468df117667,PD,5971642,90110.m4a
90112,f8a6020d-4e4c-4ac7-9efa-b45426d5e6e5,CONTROL,5967995,90112.m4a
90116,387bd1c4-90df-48fa-8b8b-da2df2cfddde,PD,5966468,90116.m4a
90117,27177eb3-1854-4fed-bf91-435dd971b991,CONTROL,5964722,90117.m4a
90121,27177eb3-1854-4fed-bf91-435dd971b991,CONTROL,5967502,90121.m4a
90122,f8a6020d-4e4c-4ac7-9efa-b45426d5e6e5,CONTROL,5967334,90122.m4a
90125,bdd9fa25-2499-44e6-b4c8-117deb70143d,PD,5964887,90125.m4a
90133,7058ce3e-cc05-4d72-86e2-601b551ebd8f,CONTROL,5970645,90133.m4a
90145,87cc844e-a3a2-47fb-b190-8be47b9ac6a5,PD,5966746,90145.m4a
90154,fb58df40-face-4aef-98eb-ca727dab3464,PD,5967160,90154.m4a
90158,8f66a722-43a3-46fa-9334-b3a54bb778bc,PD,5965631,90158.m4a
90159,8f66a722-43a3-46fa-9334-b3a54bb778bc,PD,5966769,90159.m4a
90160,8ab14817-d7df-4452-af87-23795ee85434,PD,5964380,90160.m4a
90161,8f66a722-43a3-46fa-9334-b3a54bb778bc,PD,5972458,90161.m4a
90170,3f692929-c7cf-43c6-b1e4-4df80aa82195,CONTROL,5969719,90170.m4a
90171,3f692929-c7cf-43c6-b1e4-4df80aa82195,CONTROL,5970607,90171.m4a
90177,f692fd72-7fbf-4fdf-9fcc-c9e2001e249d,PD,5969598,90177.m4a
90180,354ae435-e61c-49d6-92da-d9f657c6755d,CONTROL,5966733,90180.m4a
90182,3436bf34-bf8e-48ac-ad39-f4789084bdd3,PD,5967279,90182.m4a
90189,6d7022a2-4b6c-4be1-b61d-699bf2fb4ec9,CONTROL,5963544,90189.m4a
90196,93905fd2-2314-4913-aaf9-a27e0d65efa7,PD,5970881,90196.m4a
90197,93905fd2-2314-4913-aaf9-a27e0d65efa7,PD,5969722,90197.m4a
90198,93905fd2-2314-4913-aaf9-a27e0d65efa7,PD,5965417,90198.m4a
90204,3505f51a-467c-4fae-9025-eda3e517f313,PD,5964090,90204.m4a
90206,87cc844e-a3a2-47fb-b190-8be47b9ac6a5,PD,5967884,90206.m4a
90210,d54d803f-e2aa-4024-a3d8-784ebbe968f9,PD,5972811,90210.m4a
90211,f7fa6783-c214-46fb-801c-45898da69f92,PD,5965928,90211.m4a
90217,57824673-920b-4bc2-a974-2b558f226008,CONTROL,5969676,90217.m4a
90218,57824673-920b-4bc2-a974-2b558f226008,CONTROL,5964646,90218.m4a
90219,edd71281-43cd-429e-a355-bc9310ad53f9,CONTROL,5965039,90219.m4a
90221,17985b0b-1ab6-4e09-9838-bd4d3264250c,CONTROL,5965324,90221.m4a
90222,71785e8e-1b41-47af-b88a-2e0733e14e2b,PD,5971135,90222.m4a
90226,682ec23b-3a5e-420a-b34e-09842f7a0b37,PD,5966003,90226.m4a
90227,682ec23b-3a5e-420a-b34e-09842f7a0b37,PD,5964035,90227.m4a
90228,682ec23b-3a5e-420a-b34e-09842f7a0b37,PD,5964769,90228.m4a
90234,10254517-055e-4a85-b07d-aadcaee16eda,PD,5967936,90234.m4a
90235,47d4a710-6a42-4d89-9c1d-663894ca3414,CONTROL,5965337,90235.m4a
90236,47d4a710-6a42-4d89-9c1d-663894ca3414,CONTROL,5968478,90236.m4a
90241,94976ab1-1c1c-4c1f-9508-648cc84e4972,PD,5972663,90241.m4a
90256,b3404b35-b8f8-4f14-afc6-92f0d1bdf920,PD,5964403,90256.m4a
90261,c1caeee0-2ec4-4ff7-aee4-2acf69b75054,PD,5964005,90261.m4a
90264,2a5128d1-3ed7-49ee-a299-4025d6702faf,PD,5972005,90264.m4a
90265,8f7a6ec5-4a2b-4e44-96cc-776115cd6e50,PD,5965365,90265.m4a
90289,bab29b7e-9b17-420c-b17b-f9f957eaf374,PD,5970206,90289.m4a
90299,bcbb1e5d-1343-4e5d-862a-06c1c51860da,PD,5968535,90299.m4a
90316,6f2d3687-9947-4011-a05b-dc4c8a4cf3ba,PD,5964008,90316.m4a
90319,bbb1112c-3d76-46a3-be33-8f6da8318ca4,CONTROL,5969857,90319.m4a
90322,de61ada8-ff6b-4b0e-a11b-cd9f7a5d721b,PD,5967827,90322.m4a
90327,adbc93a3-8214-4649-aa6c-15a34bb51509,PD,5966063,90327.m4a
90328,adbc93a3-8214-4649-aa6c-15a34bb51509,PD,5966088,90328.m4a
90335,2e1510cb-a7b1-49df-8404-a8373efa4548,CONTROL,5969250,90335.m4a
90337,0b493726-27d2-4d21-ad41-91e96772d511,PD,5972405,90337.m4a
90342,72e743c1-84ba-4932-b869-5f9552350b7a,CONTROL,5968683,90342.m4a
90347,ed24dd8e-cb86-4ca2-98cc-a52d624286f2,CONTROL,5966494,90347.m4a
90348,ed24dd8e-cb86-4ca2-98cc-a52d624286f2,CONTROL,5969822,90348.m4a
90358,22c93952-f286-4d82-93b5-65167399091a,CONTROL,5966712,90358.m4a
90359,c025b0dd-aa12-4b3a-9f93-d4dd4fd865dd,CONTROL,5971448,90359.m4a
90365,22c93952-f286-4d82-93b5-65167399091a,CONTROL,5965516,90365.m4a
90375,7a72b071-df8c-4c46-a4bf-367cad04c7c8,PD,5968073,90375.m4a
90378,f5bd40c6-2007-4c0c-8701-c4607595a396,CONTROL,5971256,90378.m4a
90380,b4b0028f-bd8e-4e25-8da2-64252f48c827,PD,5966589,90380.m4a
90384,d08cc1ef-4a7c-48a8-b0ab-bff913a7c243,CONTROL,5966680,90384.m4a
90393,93558cd1-0fb6-4f34-9073-02bd5f7e1348,PD,5966844,90393.m4a
90398,9feb2176-5d59-49c7-a895-c14c8e0be17e,PD,5972693,90398.m4a
90411,43b38884-ddf9-4612-b304-29ff3c25c07f,CONTROL,5965958,90411.m4a
90418,19c1a749-8da8-4a32-b30e-89a844e14b79,CONTROL,5969305,90418.m4a
90432,26108325-be0b-4c88-b7c0-ef2e8248ff11,CONTROL,5969395,90432.m4a
90437,5e5e1d18-94ef-451f-98cb-10dd33dd1ce5,PD,5967490,90437.m4a
90451,0c8ec688-c888-4692-9fa1-100f2ab9f52c,PD,5964441,90451.m4a
90454,4f055a5f-e130-4da8-b1d6-0a3d2879dd99,PD,5964117,90454.m4a
90455,d4b82747-1256-438d-8705-2ee63b33a438,CONTROL,5971734,90455.m4a
90456,442309ee-3148-4b0a-9df7-57a118c6ef82,PD,5972746,90456.m4a
90457,77b7c422-bd8d-4e8d-89e6-27fd515e246e,PD,5969620,90457.m4a
90461,800aad52-9ea8-4813-a206-acb3126e533f,CONTROL,5972011,90461.m4a
90470,edd71281-43cd-429e-a355-bc9310ad53f9,CONTROL,5966271,90470.m4a
90474,26a60994-986a-42f4-9cfa-80337cafcc82,CONTROL,5971427,90474.m4a
90475,26a60994-986a-42f4-9cfa-80337cafcc82,CONTROL,5964177,90475.m4a
90477,3599ec25-58c9-4215-aac3-a1287f7a7601,PD,5966462,90477.m4a
90482,a4191928-b6a0-4170-9a44-baa447555fda,CONTROL,5963483,90482.m4a
90503,7b6a527b-fc2d-4dd1-bb6b-471e77cdcb58,CONTROL,5970503,90503.m4a
90504,4cdcceda-2afc-4572-9ba3-2ae4dfd9561c,CONTROL,5970912,90504.m4a
90506,4cdcceda-2afc-4572-9ba3-2ae4dfd9561c,CONTROL,5966291,90506.m4a
90508,ef4587be-fdf8-4198-bb20-0c67c58187a5,PD,5966944,90508.m4a
90512,fcfe1178-090f-4673-ac35-08e6b7e69ff7,CONTROL,5967003,90512.m4a
90513,d54d803f-e2aa-4024-a3d8-784ebbe968f9,PD,5966143,90513.m4a
90514,d54d803f-e2aa-4024-a3d8-784ebbe968f9,PD,5972414,90514.m4a
90517,ef4587be-fdf8-4198-bb20-0c67c58187a5,PD,5969112,90517.m4a
90519,fcfe1178-090f-4673-ac35-08e6b7e69ff7,CONTROL,5970848,90519.m4a
90527,70f178fd-6f07-4033-9176-fe48775bf9eb,CONTROL,5964993,90527.m4a
90529,600c1d03-2840-4818-a707-3e831ba6bf4a,PD,5972406,90529.m4a
90530,dcf275f3-662d-49e0-9488-dfdb72d6354c,CONTROL,5970397,90530.m4a
90533,dcf275f3-662d-49e0-9488-dfdb72d6354c,CONTROL,5966024,90533.m4a
90543,76ba4b72-6907-4efe-886f-fbe4fbf6e103,CONTROL,5995402,90543.m4a
90546,653d3977-9b33-4037-9aa5-2eb39284cabd,CONTROL,5965065,90546.m4a
90548,8a4780f3-efdb-42cc-8f8f-63cf3a92e5b4,CONTROL,5963884,90548.m4a
90552,b0db7caa-f04e-4dd4-8f35-c7e41da09f01,CONTROL,5970199,90552.m4a
90560,e89d35b9-9000-4432-8307-c518320d92f0,PD,5971680,90560.m4a
90562,3f997724-f0e4-4a31-9ef7-57bbb8cf3188,PD,5965188,90562.m4a
90565,916b304f-2392-4134-9f2d-0bad3fde3173,PD,5964640,90565.m4a
90572,60011d59-db6d-41d7-aff1-0557f69ce81b,PD,5970314,90572.m4a
90576,367c7b68-6706-4505-a3ac-c4a184fd3e7b,CONTROL,5965463,90576.m4a
90595,9ade8ab9-6c8b-48b2-8f63-ee68c864ce62,CONTROL,5966748,90595.m4a
90609,3bdde942-e7b9-498b-bde9-6fad671385af,PD,5968599,90609.m4a
90613,008b878d-8b12-428a-99bb-d39e1db26512,CONTROL,5972532,90613.m4a
90629,0dfc9f4c-8178-489f-bc11-bbcd83c0a3b2,CONTROL,5967454,90629.m4a
90630,c03f7785-d690-400f-b558-a27380341d53,PD,5966584,90630.m4a
90632,fdc36058-a501-44a4-9844-28844be338f5,PD,5968247,90632.m4a
90642,7878bda6-e135-403f-a281-d20e1707a8e2,PD,5965977,90642.m4a
90646,631849a5-d039-4173-9bea-a44c4416e1d6,PD,5971630,90646.m4a
90654,9ec8e984-ce94-4e9c-b095-5232df3c3cc3,CONTROL,5964361,90654.m4a
90660,afafb1f1-3d27-4b0c-9093-2fbed785175f,CONTROL,5964750,90660.m4a
90672,5f7a8e6c-afbe-4148-838d-8fba8f17c777,CONTROL,5963482,90672.m4a
90673,d87bd7e7-6c4b-4a94-9b30-6e1381c65dc7,PD,5972479,90673.m4a
90676,9e82654e-68eb-457f-8607-d740c56d8829,CONTROL,5970876,90676.m4a
90680,5f7a8e6c-afbe-4148-838d-8fba8f17c777,CONTROL,5969807,90680.m4a
90683,5d1d61c3-9942-4ccd-b65b-b27dc43887b1,PD,5968433,90683.m4a
90686,33c6dcf4-bbc9-4915-b35c-54abc7da276e,PD,5970828,90686.m4a
90696,62e267ca-1a34-4ec8-bc0c-51a2a5f22175,PD,5968459,90696.m4a
90700,13b0f9d1-8ed3-4e65-bdb3-b2db5d16f92a,CONTROL,5967527,90700.m4a
90707,d20eb8d7-37cb-4224-9117-410733a433d5,PD,5970494,90707.m4a
90709,6d7d3dc1-89ae-4f5a-893e-2ae77474e58c,CONTROL,5968432,90709.m4a
90721,cdba028b-d612-4e3c-a171-94cc8395acfa,CONTROL,5969321,90721.m4a
90731,cdba028b-d612-4e3c-a171-94cc8395acfa,CONTROL,5967247,90731.m4a
90733,4ba4985a-874d-4a0d-919e-6104e956b431,CONTROL,5963624,90733.m4a
90736,fdc36058-a501-44a4-9844-28844be338f5,PD,5964460,90736.m4a
90737,fdc36058-a501-44a4-9844-28844be338f5,PD,5972067,90737.m4a
90745,0ae68fc8-2edf-4a67-8d22-3e8efaa7db54,CONTROL,5967468,90745.m4a
90747,0ae68fc8-2edf-4a67-8d22-3e8efaa7db54,CONTROL,5970903,90747.m4a
90751,05a9438c-97da-4566-a771-ad55ebdf2ea6,CONTROL,5971392,90751.m4a
90778,3f057470-1b34-423e-abfe-bfc6ed411007,CONTROL,5970217,90778.m4a
90779,3f057470-1b34-423e-abfe-bfc6ed411007,CONTROL,5970515,90779.m4a
90781,04e4ef79-e5a5-42f5-a7ad-9e7c834fae2f,CONTROL,5967236,90781.m4a
90782,fed48c4f-5ffa-4e6a-bfbd-bb08e3d7cad4,PD,5977154,90782.m4a
90788,0fa09de8-9c0d-4859-894f-d85f6e5e583e,CONTROL,5971587,90788.m4a
90790,a03e8a79-c9cf-454e-ab2e-d998604e1289,CONTROL,5971742,90790.m4a
90801,04e4ef79-e5a5-42f5-a7ad-9e7c834fae2f,CONTROL,5971060,90801.m4a
90803,9b0ecc01-f89c-4f0b-89e3-a7b233b2a2f2,PD,5965480,90803.m4a
90804,9b0ecc01-f89c-4f0b-89e3-a7b233b2a2f2,PD,5971322,90804.m4a
90805,9b0ecc01-f89c-4f0b-89e3-a7b233b2a2f2,PD,5964819,90805.m4a
90807,23d0badb-95c2-4ec0-b85b-15c2929421a6,PD,5972816,90807.m4a
90808,23d0badb-95c2-4ec0-b85b-15c2929421a6,PD,5967511,90808.m4a
90809,23d0badb-95c2-4ec0-b85b-15c2929421a6,PD,5967736,90809.m4a
90810,c8a43c80-f726-4658-ad4d-b33c095a0765,CONTROL,5966006,90810.m4a
90829,e09690c1-069c-4403-a74c-91c815ae6fe3,PD,5971681,90829.m4a
90845,75190f02-7ccd-4193-8dc0-6c9f69810955,CONTROL,5966611,90845.m4a
90847,0ba1a93a-5432-4b98-a75d-955d2f4346ca,PD,5966486,90847.m4a
90852,8ba90384-a907-4eca-806d-2feff31959e7,CONTROL,5965831,90852.m4a
90862,2571db2b-2f00-4d44-836b-afd7ce888c14,CONTROL,5968705,90862.m4a
90874,2a5669e4-ab53-4f97-97f6-0aa5604434c5,CONTROL,5974947,90874.m4a
90882,50fef3c5-8844-4618-ac49-0386b72110a1,PD,5979306,90882.m4a
90883,bda58cbf-a773-487d-bbc4-2fe367e0fcc2,PD,5981744,90883.m4a
90899,06dbf79e-07e9-4f75-a5e6-a415c00ff32c,PD,5976228,90899.m4a
90952,93479e6b-3181-454d-9144-b1b844390c82,PD,5978792,90952.m4a
90953,93479e6b-3181-454d-9144-b1b844390c82,PD,5979644,90953.m4a
90955,87a468ce-50e9-4622-aac3-d4c90c2b1ebf,PD,5980392,90955.m4a
90957,a50dfd03-6211-47ff-9d94-8026c65eed93,PD,5978977,90957.m4a
90972,1739ced4-dfb8-477c-bc4d-3370c09d3368,CONTROL,5981839,90972.m4a
90983,6bf594c1-e842-4c8e-98d5-dc36813bbb36,CONTROL,5979981,90983.m4a
90985,6bf594c1-e842-4c8e-98d5-dc36813bbb36,CONTROL,5975382,90985.m4a
90994,ea66cb62-1e80-4a09-a98d-e589925c957c,PD,5978510,90994.m4a
90998,344b785d-d12a-47b6-95ba-fa05eecd7e8b,PD,5974012,90998.m4a
91008,cf86e1eb-d76e-4c02-aebe-a8a85693eb0f,PD,5976519,91008.m4a
91020,8f273343-f713-4b8a-8d00-7be20a87a21a,CONTROL,5976763,91020.m4a
91021,493aecf6-dab8-48e8-a705-90c285dd3344,PD,5979652,91021.m4a
91026,eb842eaa-897a-4227-822b-ba14b22057c4,CONTROL,5973448,91026.m4a
91027,50fef3c5-8844-4618-ac49-0386b72110a1,PD,5975970,91027.m4a
91029,6b648dee-0f5e-46b2-b5a4-7b8553b78a89,PD,5980691,91029.m4a
91066,f8c51356-3a71-4450-b5a8-8b7877356aca,CONTROL,5973985,91066.m4a
91068,77e38deb-054e-4f9b-b9c1-777afdb0b538,CONTROL,5979281,91068.m4a
91070,b66b7bd7-6dab-40f2-a887-eaa66b883d78,CONTROL,5979275,91070.m4a
91074,1e71ed0a-f2a4-479d-9fe2-0b450d7f1dda,CONTROL,5975565,91074.m4a
91081,3505f51a-467c-4fae-9025-eda3e517f313,PD,5973698,91081.m4a
91094,33c6dcf4-bbc9-4915-b35c-54abc7da276e,PD,5976929,91094.m4a
91095,955e43d6-edbe-442f-a6b2-305f92eb76f0,CONTROL,5975263,91095.m4a
91096,b43efb21-d489-4a36-a1e0-38b94f15d14a,CONTROL,5973384,91096.m4a
91101,a2784678-d3ef-4d96-94e6-021c25569059,CONTROL,5975562,91101.m4a
91102,d81ab8b8-fbcc-428f-ba38-a185fa8365ec,PD,5978935,91102.m4a
91115,96b6f59c-8fc9-4567-a8a5-461643da3331,CONTROL,5979162,91115.m4a
91117,37fb5ab6-9f13-4203-8dbe-b55e76a5f5c5,PD,5979180,91117.m4a
91119,23109ca4-f21b-4fc6-a351-128165933793,CONTROL,5981622,91119.m4a
91120,23109ca4-f21b-4fc6-a351-128165933793,CONTROL,5974299,91120.m4a
91125,208e0cb4-6254-4c7c-bc12-ac2a60c3163d,PD,5974041,91125.m4a
91129,3a5e8217-042b-419c-a4c0-682c15de975a,PD,5975324,91129.m4a
91147,4f055a5f-e130-4da8-b1d6-0a3d2879dd99,PD,5973809,91147.m4a
91151,d87d03d2-51c6-448d-a74c-45d2f8022779,PD,5980271,91151.m4a
91153,904e0047-848d-4716-8e9f-08ed11658ad0,CONTROL,5979426,91153.m4a
91156,8d092fe3-871d-4651-abb9-06bfcbaf27b8,PD,5980746,91156.m4a
91166,520917c2-1a2f-46d4-beed-5a104e630bd5,CONTROL,5973633,91166.m4a
91169,137af08a-64a2-4771-bd35-562fe83fb147,CONTROL,5977685,91169.m4a
91171,137af08a-64a2-4771-bd35-562fe83fb147,CONTROL,5980735,91171.m4a
91189,4ac6b4b8-6f4f-4971-b4cb-b249a60d0a99,CONTROL,5975258,91189.m4a
91192,ac3ed763-a235-40f4-b3d1-6a80cdcd5fb5,CONTROL,5974268,91192.m4a
91195,ac3ed763-a235-40f4-b3d1-6a80cdcd5fb5,CONTROL,5978234,91195.m4a
91200,4b52f3cc-09b7-4ad1-98c4-7a8eb1e9ec74,PD,5973212,91200.m4a
91204,51cbcf73-23af-4e47-bef4-0ecfc04f02a0,PD,5974232,91204.m4a
91205,c7dc4c75-b140-4a2c-88a9-069fa4e9cb7e,CONTROL,5974028,91205.m4a
91213,8ed61ccc-ad86-489c-85bc-64a7934c6d22,CONTROL,5981549,91213.m4a
91216,1f2644c9-0117-4783-baad-974042878869,PD,5975902,91216.m4a
91221,e09690c1-069c-4403-a74c-91c815ae6fe3,PD,5977793,91221.m4a
91226,adbc93a3-8214-4649-aa6c-15a34bb51509,PD,5980331,91226.m4a
91236,16e88ad7-d8ea-4bb4-ad8e-f3dcb9a258bd,PD,5977240,91236.m4a
91241,fafd87a3-9851-48b4-be35-b1b00cedd729,CONTROL,5980442,91241.m4a
91257,3b94adc8-bea0-49b5-b0da-6b494c72e626,CONTROL,5979250,91257.m4a
91259,43294479-32e0-4589-92ee-269b36a70e46,PD,5977993,91259.m4a
91263,3c6db1bb-7636-44b6-8890-dae70ddaacb5,CONTROL,5978663,91263.m4a
91266,325f3e23-408e-47bf-b8d1-6a9bcbfeec97,PD,5973215,91266.m4a
91272,d6f27307-3d67-4260-8198-d60e77c029d2,CONTROL,5973545,91272.m4a
91273,d6f27307-3d67-4260-8198-d60e77c029d2,CONTROL,5975626,91273.m4a
91276,479bc0ea-ecc6-4bf9-afbe-1fce37c31b9b,CONTROL,5979775,91276.m4a
91280,666d2ad0-489f-44ed-bb23-8e018ea770ef,CONTROL,5975571,91280.m4a
91296,d906aea7-a532-4507-8efe-50335057a52f,CONTROL,5978912,91296.m4a
91299,e81bacd9-9df1-4441-8116-811003ea5346,CONTROL,5973245,91299.m4a
91302,063e06a4-e49c-4d31-9cbb-fa374f8dc298,PD,5975842,91302.m4a
91305,b562b352-4ce7-4754-a2c3-1d799bc5fb33,CONTROL,5973912,91305.m4a
91313,26b15140-2acf-4180-8283-f3acef5501b6,PD,5975461,91313.m4a
91322,dfe2079e-d916-4fd7-a76f-b2c1d51607df,PD,5976896,91322.m4a
91323,549e0f48-4f8c-41be-9912-d85c709bdbdf,PD,5980998,91323.m4a
91329,dc037cec-4e6b-4f71-8bf7-cd7fc322edd2,PD,5978859,91329.m4a
91334,13b0f9d1-8ed3-4e65-bdb3-b2db5d16f92a,CONTROL,5981934,91334.m4a
91336,8745e5f5-648b-4d46-bc7d-045fa6e2d628,PD,5973624,91336.m4a
91339,62e267ca-1a34-4ec8-bc0c-51a2a5f22175,PD,5979031,91339.m4a
91360,93558cd1-0fb6-4f34-9073-02bd5f7e1348,PD,5981530,91360.m4a
91366,72e743c1-84ba-4932-b869-5f9552350b7a,CONTROL,5978026,91366.m4a
91374,6e6f346b-3ab2-4fc8-baf0-95f8ee7e5408,PD,5979414,91374.m4a
91391,6633c648-95ef-4ed4-89fe-55a51334f8e0,PD,5976187,91391.m4a
91392,1d342238-c509-451d-ba8a-381b3e10f8ef,PD,5973580,91392.m4a
91396,cf86e1eb-d76e-4c02-aebe-a8a85693eb0f,PD,5981807,91396.m4a
91425,5423d73f-88f1-4706-ad5e-76c0559cb0b8,PD,5973787,91425.m4a
91447,22fa2c34-0913-44ff-93ac-2a14da3a9c77,PD,5975963,91447.m4a
91453,ceb0688b-e821-4ea3-a4c4-bbaa16a5712e,PD,5978170,91453.m4a
91458,d32c5cc4-962f-41f9-8dd5-d31ff305140b,CONTROL,5976884,91458.m4a
91460,b3404b35-b8f8-4f14-afc6-92f0d1bdf920,PD,5978054,91460.m4a
91463,b3404b35-b8f8-4f14-afc6-92f0d1bdf920,PD,5979191,91463.m4a
91469,af11ff58-dffe-4930-bf52-584e0f1cbc5d,PD,5978758,91469.m4a
91471,af11ff58-dffe-4930-bf52-584e0f1cbc5d,PD,5976906,91471.m4a
91473,af11ff58-dffe-4930-bf52-584e0f1cbc5d,PD,5978307,91473.m4a
91474,87cc844e-a3a2-47fb-b190-8be47b9ac6a5,PD,5980180,91474.m4a
91478,ceb0688b-e821-4ea3-a4c4-bbaa16a5712e,PD,5977848,91478.m4a
91479,ceb0688b-e821-4ea3-a4c4-bbaa16a5712e,PD,5976352,91479.m4a
91490,51cbcf73-23af-4e47-bef4-0ecfc04f02a0,PD,5979550,91490.m4a
91495,710f2d79-1468-40b1-9ab5-beb8721f43a5,PD,5973781,91495.m4a
91499,0eb60c3c-52ee-483a-b48d-4c6d0b412e0e,PD,5981725,91499.m4a
91504,547102ed-ce06-464c-b850-77b2ec03be5d,CONTROL,5976949,91504.m4a
91544,6c1087bc-e8d3-421c-895c-8482803a3a38,CONTROL,5981381,91544.m4a
91546,d781e0ab-24dc-4a56-aeee-2eb488f70d43,CONTROL,5975204,91546.m4a
91566,192b02e2-114b-4b2e-9a81-19e1ce260783,CONTROL,5977712,91566.m4a
91568,192b02e2-114b-4b2e-9a81-19e1ce260783,CONTROL,5976219,91568.m4a
91585,79bb7920-910d-4027-a188-ebdae9cf1e08,CONTROL,5980743,91585.m4a
91586,5c8b7a99-da07-4d4c-88c0-dc60f2dbb3d2,CONTROL,5978724,91586.m4a
91588,1d7e6ef7-775e-4e68-a974-cc143c204335,CONTROL,5976413,91588.m4a
91589,090b6752-abe4-43a7-af04-ae32484971a6,CONTROL,5979735,91589.m4a
91591,a0c8abc9-4c62-470d-96c1-14c436896b5d,PD,5975061,91591.m4a
91595,d2c4d943-05d9-4aa6-9126-6e98398e599c,CONTROL,5977920,91595.m4a
91598,1359f220-9db5-4777-91cd-cf1e8abfc42d,PD,5974484,91598.m4a
91601,f31210a9-1332-4c2d-bf01-8ea2572978cf,CONTROL,5980094,91601.m4a
91603,1d7e6ef7-775e-4e68-a974-cc143c204335,CONTROL,6017954,91603.m4a
91605,f31210a9-1332-4c2d-bf01-8ea2572978cf,CONTROL,5977335,91605.m4a
91607,986bc332-f3a4-4552-8b2a-c69a9d5e4989,PD,5974619,91607.m4a
91612,fa735991-ec53-4763-9fa1-2fb499e3efcb,PD,5978683,91612.m4a
91615,9bdbed62-2996-452a-ad05-9ed180fb7691,CONTROL,5979053,91615.m4a
91623,dc22f6d0-4f10-41f5-8ffb-7bd9725805e2,PD,5973929,91623.m4a
91629,33c6dcf4-bbc9-4915-b35c-54abc7da276e,PD,5981712,91629.m4a
91646,93d29c14-50b7-45ba-86bd-5781f05f18f2,PD,5979140,91646.m4a
91648,3ca6b81d-22d7-44e9-b4bd-4c833b4396ce,PD,5980039,91648.m4a
91649,87a468ce-50e9-4622-aac3-d4c90c2b1ebf,PD,5981013,91649.m4a
91651,3e3dab8f-87e1-42c8-a091-9202fb089a03,PD,5979220,91651.m4a
91674,72c95fc8-db97-4865-8bc3-a42e21d43e75,PD,5973607,91674.m4a
91684,c77e3f11-7195-4e8a-9146-063bef90a03b,PD,5979228,91684.m4a
91698,bb995d58-226f-4ca8-9980-de75908755a8,CONTROL,5979621,91698.m4a
91720,5c0a01da-d196-4dc3-9dcf-f6097093d8de,CONTROL,5979272,91720.m4a
91732,8b5ffc9b-466f-486f-8235-afb5e4e08128,CONTROL,5973701,91732.m4a
91733,916b304f-2392-4134-9f2d-0bad3fde3173,PD,5978542,91733.m4a
91734,8b5ffc9b-466f-486f-8235-afb5e4e08128,CONTROL,5980179,91734.m4a
91752,6ce854ba-9407-441e-88f8-93985377af98,CONTROL,5988750,91752.m4a
91753,4f055a5f-e130-4da8-b1d6-0a3d2879dd99,PD,5986841,91753.m4a
91755,fed48c4f-5ffa-4e6a-bfbd-bb08e3d7cad4,PD,5985134,91755.m4a
91761,99b07ba9-c1e0-4af3-abd2-f29b8a0acb30,CONTROL,5989604,91761.m4a
91777,ae034992-0aec-4f8b-bef0-21a06e335615,PD,5988283,91777.m4a
91782,a627b898-05bd-4b7b-8104-4ef537076170,PD,5982807,91782.m4a
91793,969107e8-72ca-4566-9c28-a2bd14389f9c,PD,5987093,91793.m4a
91799,36d2fd51-1b90-43fc-9076-19b1c5262b0f,PD,5989079,91799.m4a
91814,64675173-ad73-4a39-9a8e-a1b19aedaccf,CONTROL,5987993,91814.m4a
91816,116072b2-8c6f-4d85-9ee2-b94d02b9e754,CONTROL,5987011,91816.m4a
91831,8d67e82d-721b-4fd9-a941-c3760a28dd9f,PD,5986969,91831.m4a
91849,72c95fc8-db97-4865-8bc3-a42e21d43e75,PD,5983065,91849.m4a
91859,6f6fdaca-9f7f-46de-bf9f-32ea43725e29,PD,5988336,91859.m4a
91867,72c95fc8-db97-4865-8bc3-a42e21d43e75,PD,5988186,91867.m4a
91875,ac1dee32-398a-496e-9e31-053c46f78eeb,PD,5988625,91875.m4a
91877,73d67610-d66b-4a4b-b606-d98a8ada5f03,PD,5985043,91877.m4a
91888,fde429ed-1f7c-42a5-9b08-e556626cfffb,CONTROL,5989031,91888.m4a
91890,ab769f0d-f50b-4cdd-9d5e-14a937d0d217,CONTROL,5990252,91890.m4a
91891,ab769f0d-f50b-4cdd-9d5e-14a937d0d217,CONTROL,5989738,91891.m4a
91907,fd2ed83d-c25d-4494-b50e-13471481d998,PD,5983000,91907.m4a
91910,955e43d6-edbe-442f-a6b2-305f92eb76f0,CONTROL,5990098,91910.m4a
91912,b6b04cba-5ae9-4da3-bcab-135df88e0f56,PD,5990343,91912.m4a
91917,b6b04cba-5ae9-4da3-bcab-135df88e0f56,PD,5984175,91917.m4a
91918,b6b04cba-5ae9-4da3-bcab-135df88e0f56,PD,5985201,91918.m4a
91919,6e1278f6-dbe3-4740-8054-708dc569fcf1,CONTROL,5983849,91919.m4a
91921,6e1278f6-dbe3-4740-8054-708dc569fcf1,CONTROL,5989276,91921.m4a
91924,f059b3a3-74af-417b-a95a-499ad1512863,PD,5986735,91924.m4a
91932,11ad8efa-d27c-44bf-b7a8-f7e3e014f274,CONTROL,5986182,91932.m4a
91944,29c8abac-d7e7-468a-852b-1199c4b8117d,PD,5987600,91944.m4a
91946,269c5321-858c-4411-8b70-79fee695e814,PD,5984242,91946.m4a
91969,65d8c6d5-64a4-4f5a-b69e-a0d30152b5de,PD,5984067,91969.m4a
91986,1267e84e-3119-4d0d-b9b5-c7445b165d91,PD,5984774,91986.m4a
91987,f2859935-821f-4894-9170-d34e675d2f43,CONTROL,5982475,91987.m4a
91989,1267e84e-3119-4d0d-b9b5-c7445b165d91,PD,5990370,91989.m4a
91991,1267e84e-3119-4d0d-b9b5-c7445b165d91,PD,5985743,91991.m4a
91996,3a5e8217-042b-419c-a4c0-682c15de975a,PD,5982599,91996.m4a
91997,d08cd7d6-8b73-4c31-9096-f4623ab4b195,CONTROL,5982692,91997.m4a
91998,36d2fd51-1b90-43fc-9076-19b1c5262b0f,PD,5984034,91998.m4a
91999,13b715e3-bbb5-47ae-afd0-8653536836b9,PD,5984160,91999.m4a
92000,090b6752-abe4-43a7-af04-ae32484971a6,CONTROL,5986759,92000.m4a
92011,b3404b35-b8f8-4f14-afc6-92f0d1bdf920,PD,5983715,92011.m4a
92013,b3404b35-b8f8-4f14-afc6-92f0d1bdf920,PD,5985231,92013.m4a
92017,6dee211a-f79f-42c0-96bd-ae68056ea9d4,PD,5986927,92017.m4a
92023,3f997724-f0e4-4a31-9ef7-57bbb8cf3188,PD,5990078,92023.m4a
92024,fef60a3b-a38c-4ac1-8018-efdeb0fe3222,CONTROL,5988437,92024.m4a
92033,0b95e050-a6d1-433c-80d6-1573a9457da0,PD,5983762,92033.m4a
92043,1d8284ca-e867-4585-911a-79e81ca25b51,CONTROL,5983741,92043.m4a
92044,1d8284ca-e867-4585-911a-79e81ca25b51,CONTROL,5989271,92044.m4a
92056,c18174a9-5136-4d2c-816b-79fc3f95c578,CONTROL,5984939,92056.m4a
92058,c7cdf9f7-0c93-4e13-a8fe-d4ad66404e25,PD,5985252,92058.m4a
92060,a46ceca2-40c1-4b03-8420-5d78fd6cbd9b,CONTROL,5989898,92060.m4a
92066,cebe86ab-3cc3-46ed-a75c-ab6f645606e1,CONTROL,5989365,92066.m4a
92067,cebe86ab-3cc3-46ed-a75c-ab6f645606e1,CONTROL,5984369,92067.m4a
92073,5483b087-7e38-4649-b1de-9ac194b585b5,CONTROL,5988902,92073.m4a
92074,3a3ff7cf-e23d-41d2-a950-9b1fcbbaed47,CONTROL,5989827,92074.m4a
92075,3a3ff7cf-e23d-41d2-a950-9b1fcbbaed47,CONTROL,5984882,92075.m4a
92077,77e3b8c0-9b8b-486a-b92f-6bcc420b6ba4,PD,5987895,92077.m4a
92086,ad37b630-b92a-4087-b1eb-7bcbc361e0dc,CONTROL,5989728,92086.m4a
92087,b64e0163-7619-43b9-ac32-fa80a6611876,PD,5988294,92087.m4a
92100,3b20c871-e212-4781-a30c-a0b31923fda2,PD,5989065,92100.m4a
92112,4b3b425e-5bba-406e-8ed9-7f3963411368,PD,5984703,92112.m4a
92113,4b3b425e-5bba-406e-8ed9-7f3963411368,PD,5983536,92113.m4a
92114,4b3b425e-5bba-406e-8ed9-7f3963411368,PD,5988716,92114.m4a
92117,88032453-06e4-465f-ab0c-23fe5f5436ba,PD,5989968,92117.m4a
92118,8355ff33-b52f-4667-a2f9-09737395e37d,PD,5988768,92118.m4a
92122,84f1290d-4cba-4028-84ad-f20ce3ba6ec8,CONTROL,5983344,92122.m4a
92124,29c8abac-d7e7-468a-852b-1199c4b8117d,PD,5986045,92124.m4a
92127,751b016e-6292-438e-9914-73fb241f5ae0,CONTROL,5989444,92127.m4a
92142,6dee211a-f79f-42c0-96bd-ae68056ea9d4,PD,5989673,92142.m4a
92166,0d544b01-572d-479e-bb02-d105d7df62b9,PD,5988787,92166.m4a
92167,0d544b01-572d-479e-bb02-d105d7df62b9,PD,5985906,92167.m4a
92168,0d544b01-572d-479e-bb02-d105d7df62b9,PD,5983006,92168.m4a
92171,bf05f39f-dfb4-47dc-8450-5457a08f9529,CONTROL,5986067,92171.m4a
92175,08409cbc-a454-42f3-9013-14d235db3c55,PD,5989976,92175.m4a
92176,08409cbc-a454-42f3-9013-14d235db3c55,PD,5985965,92176.m4a
92178,08409cbc-a454-42f3-9013-14d235db3c55,PD,5989120,92178.m4a
92193,81621469-87da-492f-bafd-103b246ad200,CONTROL,5982885,92193.m4a
92196,eb7eede9-58ee-411e-92cc-3fdec74bc7b0,PD,5987759,92196.m4a
92199,560b7d59-2678-4b0b-bd6a-d435c09edf2a,PD,5984293,92199.m4a
92219,97ae66fb-c7ab-4629-853f-caa56d1b49a2,CONTROL,5982931,92219.m4a
92241,0b95e050-a6d1-433c-80d6-1573a9457da0,PD,5982865,92241.m4a
92243,97ae66fb-c7ab-4629-853f-caa56d1b49a2,CONTROL,5989471,92243.m4a
92244,93558cd1-0fb6-4f34-9073-02bd5f7e1348,PD,5982350,92244.m4a
92247,063e06a4-e49c-4d31-9cbb-fa374f8dc298,PD,5989948,92247.m4a
92251,c1caeee0-2ec4-4ff7-aee4-2acf69b75054,PD,5986670,92251.m4a
92253,93558cd1-0fb6-4f34-9073-02bd5f7e1348,PD,5985873,92253.m4a
92254,c1caeee0-2ec4-4ff7-aee4-2acf69b75054,PD,5987487,92254.m4a
92264,dfe2079e-d916-4fd7-a76f-b2c1d51607df,PD,5987555,92264.m4a
92265,72923ebb-0218-4747-a8ea-cee677fe9b27,CONTROL,5989546,92265.m4a
92266,ac1dee32-398a-496e-9e31-053c46f78eeb,PD,5989140,92266.m4a
92269,36b5ca3f-9e72-4fb3-9761-1d49d9c723f2,PD,5988739,92269.m4a
92273,b6cc5694-bf7c-4c2d-8624-8ecdcac208f2,PD,5986157,92273.m4a
92274,3f997724-f0e4-4a31-9ef7-57bbb8cf3188,PD,5983148,92274.m4a
92275,29ae201b-896f-42ad-b4e9-c146aafb33f6,PD,5989703,92275.m4a
92276,c03f7785-d690-400f-b558-a27380341d53,PD,5983362,92276.m4a
92277,d1fcb593-d39e-479e-8b15-e3416092e37f,PD,5987892,92277.m4a
92283,1e71ed0a-f2a4-479d-9fe2-0b450d7f1dda,CONTROL,5984884,92283.m4a
92286,dc602b86-d63b-45d0-9ab0-962a457daccf,CONTROL,5983774,92286.m4a
92287,dc602b86-d63b-45d0-9ab0-962a457daccf,CONTROL,5984236,92287.m4a
92311,98b8edc2-248b-4bda-b47a-42a966c064b0,PD,5982992,92311.m4a
92314,98b8edc2-248b-4bda-b47a-42a966c064b0,PD,5988585,92314.m4a
92317,98b8edc2-248b-4bda-b47a-42a966c064b0,PD,5983912,92317.m4a
92321,a8cb9f6e-4354-4a7f-8bc1-c1e8478a1678,CONTROL,5988809,92321.m4a
92326,d6ef0b96-cdfe-4319-bf20-925b2cfc2f62,CONTROL,5989597,92326.m4a
92328,986be64c-da1f-487e-98fc-f20437e530c6,PD,5983749,92328.m4a
92342,967e2d09-efe4-4418-be5b-57c2af433e09,CONTROL,5985806,92342.m4a
92347,65981245-0d78-486c-8466-d705c022920f,PD,5990151,92347.m4a
92365,37fb5ab6-9f13-4203-8dbe-b55e76a5f5c5,PD,5986316,92365.m4a
92368,adecc3e7-b401-4c30-8340-a9c6ec24163d,PD,5990356,92368.m4a
92372,adecc3e7-b401-4c30-8340-a9c6ec24163d,PD,5983230,92372.m4a
92376,9ce638c5-90bc-40fe-aa00-6f13e0bdefa2,PD,5988007,92376.m4a
92380,1a72f332-6dca-4465-bad3-dddb7e42fc1b,PD,5986268,92380.m4a
92381,5b80df1b-f5b8-4215-bfb5-e78036f50409,CONTROL,5995567,92381.m4a
92383,1a72f332-6dca-4465-bad3-dddb7e42fc1b,PD,5986626,92383.m4a
92387,1a72f332-6dca-4465-bad3-dddb7e42fc1b,PD,5989483,92387.m4a
92388,0ba1a93a-5432-4b98-a75d-955d2f4346ca,PD,5985321,92388.m4a
92403,969107e8-72ca-4566-9c28-a2bd14389f9c,PD,5985117,92403.m4a
92425,e44b1f10-dd22-4bec-974b-f1cd489d1e28,PD,5989177,92425.m4a
92426,c5f34c50-f9c4-4247-8c94-c0e31e05d22b,PD,5993465,92426.m4a
92429,7d01a4be-26b1-49da-9e85-e559f49928de,CONTROL,5987965,92429.m4a
92438,c572fd93-61de-46dc-9a7f-f41a20a1c475,PD,5984706,92438.m4a
92439,c572fd93-61de-46dc-9a7f-f41a20a1c475,PD,5984950,92439.m4a
92454,9bc3f736-99eb-42ec-aa08-08e5227103b4,CONTROL,5989569,92454.m4a
92460,36d2fd51-1b90-43fc-9076-19b1c5262b0f,PD,5988560,92460.m4a
92461,9bc3f736-99eb-42ec-aa08-08e5227103b4,CONTROL,5985076,92461.m4a
92463,57ab7b33-a2ef-4204-9103-9c4f56e42c7e,CONTROL,5983039,92463.m4a
92468,0f2c2037-dd16-4b6d-97ef-5a08f313487a,CONTROL,5985408,92468.m4a
92474,ed208453-f996-447b-8589-0649f41e96db,CONTROL,5996437,92474.m4a
92477,c17abeb7-bfdb-4ddd-859e-2d336f96c7ca,PD,5988602,92477.m4a
92479,62b9115f-9447-42a5-a888-1c79bb1c7939,CONTROL,5985289,92479.m4a
92480,62b9115f-9447-42a5-a888-1c79bb1c7939,CONTROL,5990038,92480.m4a
92482,0bb0b3e8-9839-40a9-93d0-460dea0ceb76,CONTROL,5989159,92482.m4a
92489,a631a4d3-6b21-46ea-864a-2212f9aaf6a0,PD,5983153,92489.m4a
92493,a631a4d3-6b21-46ea-864a-2212f9aaf6a0,PD,5982668,92493.m4a
92499,4254ec6b-3a08-4baa-a909-e7737189bb06,PD,5984758,92499.m4a
92513,2ba1aae7-5cb7-4236-9a39-6c185629a849,CONTROL,5989972,92513.m4a
92514,2ba1aae7-5cb7-4236-9a39-6c185629a849,CONTROL,5986220,92514.m4a
92523,5e2d6cdc-bf81-4a8f-ae3a-fd2bdb46b13e,PD,5983396,92523.m4a
92524,4a318f75-f290-44cf-9bb3-5080e546b13f,PD,5983260,92524.m4a
92528,33c6dcf4-bbc9-4915-b35c-54abc7da276e,PD,5984291,92528.m4a
92532,967e9de5-e998-4ac8-9e60-253efb40e522,CONTROL,5984024,92532.m4a
92534,3a2182ca-a09f-4eab-9ab4-6fb9e4e7fd54,CONTROL,5987727,92534.m4a
92535,3a2182ca-a09f-4eab-9ab4-6fb9e4e7fd54,CONTROL,5989574,92535.m4a
92542,29ae201b-896f-42ad-b4e9-c146aafb33f6,PD,5987595,92542.m4a
92543,29ae201b-896f-42ad-b4e9-c146aafb33f6,PD,5982799,92543.m4a
92554,45f0a92c-0ec9-4eff-b5bf-a3d076a483db,CONTROL,5982648,92554.m4a
92557,beabd209-b20e-4b97-9aae-f809d6ebcd84,CONTROL,5984790,92557.m4a
92559,beabd209-b20e-4b97-9aae-f809d6ebcd84,CONTROL,5985143,92559.m4a
92561,9a345754-32b3-4199-a485-219fa32bc123,CONTROL,5990118,92561.m4a
92562,9a345754-32b3-4199-a485-219fa32bc123,CONTROL,5983494,92562.m4a
92570,49658444-918f-4d0e-afc7-139684fad4e0,CONTROL,5987648,92570.m4a
92571,49658444-918f-4d0e-afc7-139684fad4e0,CONTROL,5984323,92571.m4a
92572,04869afa-ffc0-48af-b84e-af166329b92f,CONTROL,5990730,92572.m4a
92574,04869afa-ffc0-48af-b84e-af166329b92f,CONTROL,5997894,92574.m4a
92577,c80a4b6e-e9a5-456d-9934-9ef4108fe35e,CONTROL,5984211,92577.m4a
92579,6b648dee-0f5e-46b2-b5a4-7b8553b78a89,PD,5983372,92579.m4a
92581,6b648dee-0f5e-46b2-b5a4-7b8553b78a89,PD,5987208,92581.m4a
92582,6ce854ba-9407-441e-88f8-93985377af98,CONTROL,5986163,92582.m4a
92583,b9ccd441-08fe-4e0c-9d84-cf8e5728d6d5,PD,5983551,92583.m4a
92585,b9ccd441-08fe-4e0c-9d84-cf8e5728d6d5,PD,5982750,92585.m4a
92587,b9ccd441-08fe-4e0c-9d84-cf8e5728d6d5,PD,5985311,92587.m4a
92589,e09690c1-069c-4403-a74c-91c815ae6fe3,PD,5988386,92589.m4a
92590,11b0961c-3d85-43e3-bc1b-a2c3e7f885b2,PD,5987722,92590.m4a
92595,1577b030-24d7-4bd1-a788-d868d32a0b80,CONTROL,5998352,92595.m4a
92596,1577b030-24d7-4bd1-a788-d868d32a0b80,CONTROL,5994124,92596.m4a
92601,5f369378-6389-4198-b97f-d1c19603a20a,CONTROL,5994882,92601.m4a
92608,e5ffff86-8e9f-4961-9b2c-741803e9d56e,PD,5997771,92608.m4a
92609,e5ffff86-8e9f-4961-9b2c-741803e9d56e,PD,5998555,92609.m4a
92610,e5ffff86-8e9f-4961-9b2c-741803e9d56e,PD,5991210,92610.m4a
92612,c34d5867-0893-4ee7-ba89-38eb7907d6c6,CONTROL,5996903,92612.m4a
92614,c34d5867-0893-4ee7-ba89-38eb7907d6c6,CONTROL,5996373,92614.m4a
92620,cea0f53c-0ae1-486e-99f6-52744e759af7,CONTROL,5991709,92620.m4a
92638,0b95e050-a6d1-433c-80d6-1573a9457da0,PD,5994849,92638.m4a
92641,9664b5fb-c090-48e1-b81e-710b3b2c84bd,PD,5997291,92641.m4a
92642,493aecf6-dab8-48e8-a705-90c285dd3344,PD,5999088,92642.m4a
92645,d781e0ab-24dc-4a56-aeee-2eb488f70d43,CONTROL,5993909,92645.m4a
92668,6633c648-95ef-4ed4-89fe-55a51334f8e0,PD,5993606,92668.m4a
92671,57ab7b33-a2ef-4204-9103-9c4f56e42c7e,CONTROL,6034286,92671.m4a
92679,13b715e3-bbb5-47ae-afd0-8653536836b9,PD,5994228,92679.m4a
92690,d33cf538-25a6-4294-bcfb-0b23cc169ff9,CONTROL,5992902,92690.m4a
92691,d33cf538-25a6-4294-bcfb-0b23cc169ff9,CONTROL,5993199,92691.m4a
92703,27567fbc-75a7-4288-b6d8-cdeb85fed36a,PD,5993283,92703.m4a
92720,2ea84074-5ae2-4175-916d-29f32283ff7b,CONTROL,5993666,92720.m4a
92725,2ea84074-5ae2-4175-916d-29f32283ff7b,CONTROL,5994976,92725.m4a
92733,3436bf34-bf8e-48ac-ad39-f4789084bdd3,PD,5992566,92733.m4a
92740,01aea090-d2cd-409e-8ce8-22887ada7af8,PD,5991168,92740.m4a
92741,e44b1f10-dd22-4bec-974b-f1cd489d1e28,PD,5998806,92741.m4a
92745,0d544b01-572d-479e-bb02-d105d7df62b9,PD,5732240,92745.m4a
92746,0d544b01-572d-479e-bb02-d105d7df62b9,PD,6005616,92746.m4a
92747,0d544b01-572d-479e-bb02-d105d7df62b9,PD,5613329,92747.m4a
92751,961a4ac3-d753-474a-957a-f9137527effa,PD,5997182,92751.m4a
92759,7d01a4be-26b1-49da-9e85-e559f49928de,CONTROL,5991988,92759.m4a
92768,e620a5fc-bd2e-4ce2-bf52-08303b8a1e88,CONTROL,5992495,92768.m4a
92769,ac1dee32-398a-496e-9e31-053c46f78eeb,PD,5990736,92769.m4a
92785,b2a0f94f-9d00-43a6-8c5a-e46f3666a38c,PD,5995814,92785.m4a
92786,858e6b9a-ed84-4a18-8dcf-bb4b8a26c660,CONTROL,5996639,92786.m4a
92794,53fc50e0-d63f-4767-8c80-b07a2d938d4c,CONTROL,5996503,92794.m4a
92809,e98cb857-cf53-4f01-9658-d984d52badf8,CONTROL,5995367,92809.m4a
92810,e98cb857-cf53-4f01-9658-d984d52badf8,CONTROL,5999226,92810.m4a
92847,6c3850a9-b6cc-4c2c-a609-a7feb945e090,PD,6012936,92847.m4a
92849,bedb1d7c-f3a7-4901-a9e4-4db1b26387c5,PD,5993404,92849.m4a
92853,eb7eede9-58ee-411e-92cc-3fdec74bc7b0,PD,5997670,92853.m4a
92854,67440fc1-d449-4f9a-8f0d-8d8a77a492dc,PD,5994622,92854.m4a
92862,ce940f44-858b-4b52-a83f-58703732874b,PD,5995130,92862.m4a
92867,93479e6b-3181-454d-9144-b1b844390c82,PD,5996439,92867.m4a
92881,30c85f2b-6e5c-43e5-a692-d2085f2e6839,CONTROL,5991687,92881.m4a
92884,30c85f2b-6e5c-43e5-a692-d2085f2e6839,CONTROL,5998582,92884.m4a
92893,c7cdf9f7-0c93-4e13-a8fe-d4ad66404e25,PD,5993357,92893.m4a
92897,8a4790b3-3bf5-4273-b695-fe703347d399,PD,5997154,92897.m4a
92916,badfdfe9-cbb5-4d1e-b84e-e0a409642863,PD,5998627,92916.m4a
92919,5423d73f-88f1-4706-ad5e-76c0559cb0b8,PD,5996520,92919.m4a
92925,362c7fd2-2a0f-4a0c-bb20-1c1184160170,CONTROL,5996788,92925.m4a
92935,e44b1f10-dd22-4bec-974b-f1cd489d1e28,PD,5998794,92935.m4a
92937,fe0a1b87-77e8-41b2-9b71-3bd0955b7623,CONTROL,5996502,92937.m4a
92950,ca1061c9-4bd4-4af7-9ba7-bbbc93fe9e68,PD,5991516,92950.m4a
92951,b4f3fee2-f6ba-409b-8b68-d58ff24685bd,CONTROL,5993313,92951.m4a
92953,b4f3fee2-f6ba-409b-8b68-d58ff24685bd,CONTROL,5994480,92953.m4a
92959,9f1cbba8-5665-42df-a05c-d866cb3cfe46,PD,5995131,92959.m4a
92966,442309ee-3148-4b0a-9df7-57a118c6ef82,PD,5998809,92966.m4a
92973,686edd60-1f3a-45fc-a44e-ac2f4988a1df,CONTROL,5992788,92973.m4a
92995,fd8938df-cccd-4cbe-b7cf-fa7102147481,CONTROL,5995564,92995.m4a
93002,5855abea-960d-4476-aa18-1b66fc381709,PD,5996057,93002.m4a
93003,c77e3f11-7195-4e8a-9146-063bef90a03b,PD,5998032,93003.m4a
93021,9e5a5aee-7cd6-4ad4-b179-379d404cb60e,CONTROL,5995255,93021.m4a
93023,b4a25411-d2e3-42b0-920f-a543f3bb0227,PD,5992216,93023.m4a
93027,416514a8-752b-4122-b396-b1f4b8498153,CONTROL,5991207,93027.m4a
93032,a0c8abc9-4c62-470d-96c1-14c436896b5d,PD,5991863,93032.m4a
93044,e697c56e-1b27-4d60-a346-8d8407c1601c,PD,5995665,93044.m4a
93045,93558cd1-0fb6-4f34-9073-02bd5f7e1348,PD,5995540,93045.m4a
93054,fe41a6e1-f873-479d-8659-51b88b6c655e,CONTROL,5998423,93054.m4a
93056,11d2db10-7ee9-43e9-8d44-b49f45937cb7,PD,5996184,93056.m4a
93060,dc037cec-4e6b-4f71-8bf7-cd7fc322edd2,PD,5999209,93060.m4a
93066,6e6f346b-3ab2-4fc8-baf0-95f8ee7e5408,PD,5998319,93066.m4a
93067,6e6f346b-3ab2-4fc8-baf0-95f8ee7e5408,PD,5991594,93067.m4a
93083,44f02f2c-1ff9-4748-a714-9bac62b21853,CONTROL,5993142,93083.m4a
93104,858e6b9a-ed84-4a18-8dcf-bb4b8a26c660,CONTROL,5998989,93104.m4a
93110,7e109e40-b387-4546-98f2-56c04bb0eb01,CONTROL,5994975,93110.m4a
93114,29b4f3d2-55e4-4e56-903f-fc26e0946d3d,CONTROL,6007406,93114.m4a
93120,65981245-0d78-486c-8466-d705c022920f,PD,5991268,93120.m4a
93122,a0c8abc9-4c62-470d-96c1-14c436896b5d,PD,5995479,93122.m4a
93135,d6322d71-983b-4a19-b1a7-882c27adbd8d,CONTROL,5993484,93135.m4a
93145,b6cc5694-bf7c-4c2d-8624-8ecdcac208f2,PD,5994954,93145.m4a
93147,8baf61c8-1ad8-44e0-86c0-f29c6d564cb5,PD,5995240,93147.m4a
93153,67440fc1-d449-4f9a-8f0d-8d8a77a492dc,PD,5990869,93153.m4a
93154,67440fc1-d449-4f9a-8f0d-8d8a77a492dc,PD,5993546,93154.m4a
93159,a0c8abc9-4c62-470d-96c1-14c436896b5d,PD,5998565,93159.m4a
93167,4fc88a58-1111-45b4-8ca1-c0981b86c5a0,CONTROL,5998209,93167.m4a
93172,4b3b425e-5bba-406e-8ed9-7f3963411368,PD,5992273,93172.m4a
93173,aaa4a1d9-5f01-40f2-bfd2-44a7ddab5981,CONTROL,5998395,93173.m4a
93177,63b48233-d2c8-4f4c-966f-05be5dce7d1c,CONTROL,5991746,93177.m4a
93185,98b7968c-68ef-4500-998d-878ad79eb1bf,CONTROL,5990909,93185.m4a
93206,65981245-0d78-486c-8466-d705c022920f,PD,5993036,93206.m4a
93209,faa157d8-f37e-49aa-8d49-a431a67b2496,PD,5991139,93209.m4a
93211,5679538a-8bb6-4e37-be37-8c32d835bc13,PD,5997497,93211.m4a
93213,02350706-c0eb-4604-8643-91ca6c778ebb,PD,5996492,93213.m4a
93216,5679538a-8bb6-4e37-be37-8c32d835bc13,PD,5993164,93216.m4a
93217,bf05f39f-dfb4-47dc-8450-5457a08f9529,CONTROL,5995710,93217.m4a
93218,fde429ed-1f7c-42a5-9b08-e556626cfffb,CONTROL,5994067,93218.m4a
93222,cc3f7939-2b0a-41ea-a726-74b2585ca104,CONTROL,5995586,93222.m4a
93226,77e3b8c0-9b8b-486a-b92f-6bcc420b6ba4,PD,5994872,93226.m4a
93229,483e75b7-596d-455a-855e-4103bb341c85,PD,5997796,93229.m4a
93230,5930ff36-3951-4bb0-8e6e-893169e1a353,CONTROL,5996366,93230.m4a
93232,29ae201b-896f-42ad-b4e9-c146aafb33f6,PD,5996441,93232.m4a
93238,63ffe552-8143-4380-815a-b42668d44ef2,PD,5994713,93238.m4a
93243,8de4b3aa-4126-4649-bc41-ea0384c21bc0,CONTROL,5990949,93243.m4a
93248,16b396cc-ad2f-4c5f-8405-c855b07c8396,CONTROL,5996471,93248.m4a
93250,1a4b6c93-2f9c-412f-8770-4e3f9d29df91,CONTROL,5991892,93250.m4a
93265,6f6fdaca-9f7f-46de-bf9f-32ea43725e29,PD,5992307,93265.m4a
93266,6f6fdaca-9f7f-46de-bf9f-32ea43725e29,PD,5991454,93266.m4a
93267,b4491f3d-1acb-47b6-a751-e176a373ea47,PD,5995590,93267.m4a
93268,6f6fdaca-9f7f-46de-bf9f-32ea43725e29,PD,5995926,93268.m4a
93269,710f2d79-1468-40b1-9ab5-beb8721f43a5,PD,5992123,93269.m4a
93270,ad37b630-b92a-4087-b1eb-7bcbc361e0dc,CONTROL,5996764,93270.m4a
93280,3dac38f6-abbb-465d-9114-7b4cfae5ed25,CONTROL,5996949,93280.m4a
93284,38b85468-181a-43c3-8e3e-d1207eabc85e,CONTROL,5997746,93284.m4a
93289,c572fd93-61de-46dc-9a7f-f41a20a1c475,PD,5998400,93289.m4a
93290,c572fd93-61de-46dc-9a7f-f41a20a1c475,PD,5990764,93290.m4a
93291,8c1cecda-0d34-4602-95ad-ed1ee8de53cf,PD,5997734,93291.m4a
93292,38b85468-181a-43c3-8e3e-d1207eabc85e,CONTROL,5998650,93292.m4a
93293,c572fd93-61de-46dc-9a7f-f41a20a1c475,PD,5995871,93293.m4a
93305,08409cbc-a454-42f3-9013-14d235db3c55,PD,5991317,93305.m4a
93306,08409cbc-a454-42f3-9013-14d235db3c55,PD,5999233,93306.m4a
93308,08409cbc-a454-42f3-9013-14d235db3c55,PD,5995515,93308.m4a
93313,90550db0-af30-495f-8d7c-5749577cdae2,PD,6002176,93313.m4a
93315,93b9641c-9493-4ca3-8095-de52d808d138,PD,5994220,93315.m4a
93321,86de6f43-f927-4c0b-842f-3cad01eed185,CONTROL,5991742,93321.m4a
93322,86de6f43-f927-4c0b-842f-3cad01eed185,CONTROL,5998845,93322.m4a
93328,d57b53b1-c34d-42e2-8756-40e0cdf5d87d,PD,5999282,93328.m4a
93343,fef60a3b-a38c-4ac1-8018-efdeb0fe3222,CONTROL,5991209,93343.m4a
93351,ed1b8bdc-5569-4bb6-ae79-c56ab8f4da68,PD,5992300,93351.m4a
93366,3e799759-fc47-4eac-9dce-0ec3c6a964b1,CONTROL,5999132,93366.m4a
93368,5f552d6b-6010-4edf-8db1-5b10c4efa2e8,CONTROL,5994556,93368.m4a
93371,22cb67d8-ebe7-49cb-9fc9-179c6b95b440,CONTROL,5998534,93371.m4a
93372,22cb67d8-ebe7-49cb-9fc9-179c6b95b440,CONTROL,5998837,93372.m4a
93398,c80a4b6e-e9a5-456d-9934-9ef4108fe35e,CONTROL,5999254,93398.m4a
93400,e8db5be7-11eb-4ae5-a072-bf8329fc493c,CONTROL,5990898,93400.m4a
93401,e8db5be7-11eb-4ae5-a072-bf8329fc493c,CONTROL,5998133,93401.m4a
93409,de3675af-6026-4d3d-b7fc-4423fcf2489d,PD,5992136,93409.m4a
93419,5483b087-7e38-4649-b1de-9ac194b585b5,CONTROL,5997277,93419.m4a
93421,3b01711a-575a-4261-adff-d50f5f79deaa,CONTROL,5997975,93421.m4a
93428,5d1d61c3-9942-4ccd-b65b-b27dc43887b1,PD,5993517,93428.m4a
93432,e4d162e3-aa21-4922-916f-013a537f36e5,CONTROL,5996570,93432.m4a
93434,52449db2-91ff-4ae6-a523-0c356c49e341,CONTROL,5993597,93434.m4a
93441,ce8f4f4d-65d3-4edb-a602-3d11a391ea60,PD,5999223,93441.m4a
93442,ce8f4f4d-65d3-4edb-a602-3d11a391ea60,PD,5993176,93442.m4a
93454,f41cd5ec-af94-4cb9-aa29-ae16b0b56376,CONTROL,5996912,93454.m4a
93455,f41cd5ec-af94-4cb9-aa29-ae16b0b56376,CONTROL,5998274,93455.m4a
93460,a57dcd0f-0dc6-4e71-808b-26dffe02acb9,PD,5998861,93460.m4a
93476,890c4347-9ce5-4960-836e-b6c8774acf12,CONTROL,5996104,93476.m4a
93478,890c4347-9ce5-4960-836e-b6c8774acf12,CONTROL,5994024,93478.m4a
93482,9ade8ab9-6c8b-48b2-8f63-ee68c864ce62,CONTROL,5991518,93482.m4a
93486,85ca2391-8679-4b7b-90d8-9097cc4481e9,CONTROL,5991947,93486.m4a
93488,0fa1bb69-cf3a-4842-898d-8d73a1241e94,CONTROL,5994656,93488.m4a
93490,0fa1bb69-cf3a-4842-898d-8d73a1241e94,CONTROL,5995536,93490.m4a
93493,11b0961c-3d85-43e3-bc1b-a2c3e7f885b2,PD,5992627,93493.m4a
93494,10d98460-1eb7-48ba-88c7-4bea5830ebb0,CONTROL,5993960,93494.m4a
93495,10d98460-1eb7-48ba-88c7-4bea5830ebb0,CONTROL,5995293,93495.m4a
93499,d0072c83-8e2c-4131-9cc8-a38d0af0b7f3,PD,5992719,93499.m4a
93502,ed208453-f996-447b-8589-0649f41e96db,CONTROL,6005495,93502.m4a
93503,e09690c1-069c-4403-a74c-91c815ae6fe3,PD,6006089,93503.m4a
93518,c84db6e4-4691-421e-a654-a6ebc51fdbbb,PD,6001236,93518.m4a
93523,01aea090-d2cd-409e-8ce8-22887ada7af8,PD,6001003,93523.m4a
93526,5d4dafaf-7161-43d7-b7da-59dfd905c51e,PD,6006170,93526.m4a
93542,8d67e82d-721b-4fd9-a941-c3760a28dd9f,PD,6007524,93542.m4a
93543,a9edc22c-18d5-471c-b34c-0defdd6f7c3f,CONTROL,6001274,93543.m4a
93545,72c95fc8-db97-4865-8bc3-a42e21d43e75,PD,6005362,93545.m4a
93555,dd910c54-b316-42d8-8e61-10785dd005b7,PD,6008207,93555.m4a
93558,dd910c54-b316-42d8-8e61-10785dd005b7,PD,6004613,93558.m4a
93559,dd910c54-b316-42d8-8e61-10785dd005b7,PD,6002113,93559.m4a
93563,e44b1f10-dd22-4bec-974b-f1cd489d1e28,PD,6002606,93563.m4a
93590,75e16764-2272-4d4c-955b-2ecb34b15442,PD,6004282,93590.m4a
93595,d276dc55-700a-4915-8795-3d4943cb7e17,CONTROL,6000220,93595.m4a
93598,d276dc55-700a-4915-8795-3d4943cb7e17,CONTROL,6003559,93598.m4a
93609,b8456da9-9095-43ea-9f83-ee7378d3c45c,CONTROL,5999978,93609.m4a
93610,27567fbc-75a7-4288-b6d8-cdeb85fed36a,PD,6003504,93610.m4a
93615,d76a9c97-f3e3-4da6-aa2b-e04b01878f10,PD,6004546,93615.m4a
93630,358cd6f2-2d7e-4c12-8740-95db4778af09,CONTROL,6004863,93630.m4a
93634,358cd6f2-2d7e-4c12-8740-95db4778af09,CONTROL,6000910,93634.m4a
93636,945bb372-bfbe-4ef0-87d9-d268bc0b2d8e,PD,6001755,93636.m4a
93638,0c220dec-e5d0-4816-9b97-993c2fde3846,CONTROL,6002616,93638.m4a
93639,d7caa046-79f4-461c-b6ae-e9cf5654d5d4,PD,6002468,93639.m4a
93641,5f2ddd28-2506-43fb-8863-d9b521cb163e,PD,6002636,93641.m4a
93675,add935aa-6172-4db1-bad5-56eb3c20fb76,PD,6006139,93675.m4a
93676,913b66f5-0666-4ccc-bf95-c9f6e0d60066,PD,6001749,93676.m4a
93681,02350706-c0eb-4604-8643-91ca6c778ebb,PD,6007303,93681.m4a
93701,6d7022a2-4b6c-4be1-b61d-699bf2fb4ec9,CONTROL,6007135,93701.m4a
93707,863ddb69-fb81-4e17-8273-845c5aaa2fb6,PD,6005356,93707.m4a
93720,fb6da245-a2a1-4b09-8629-76b0b0a098d6,CONTROL,6004292,93720.m4a
93726,98753b69-11dd-43f4-8eff-a54e052da982,PD,6006267,93726.m4a
93729,70f6f0b5-23e9-4c24-a29d-b25e7fc35e39,CONTROL,5999718,93729.m4a
93732,d4995b7a-a59e-4f7f-a8ff-a15888175051,CONTROL,6004605,93732.m4a
93733,70f6f0b5-23e9-4c24-a29d-b25e7fc35e39,CONTROL,6006369,93733.m4a
93735,d4995b7a-a59e-4f7f-a8ff-a15888175051,CONTROL,6000147,93735.m4a
93738,67440fc1-d449-4f9a-8f0d-8d8a77a492dc,PD,6001656,93738.m4a
93739,27567fbc-75a7-4288-b6d8-cdeb85fed36a,PD,6002953,93739.m4a
93740,9d6d5e13-02dc-4961-a577-ff33a9f8fe91,CONTROL,6006016,93740.m4a
93759,ce940f44-858b-4b52-a83f-58703732874b,PD,6003092,93759.m4a
93773,e89a4e33-48b3-451d-bd85-ba0d67e4d6f5,CONTROL,6001413,93773.m4a
93776,d57b53b1-c34d-42e2-8756-40e0cdf5d87d,PD,6004775,93776.m4a
93777,4b52f3cc-09b7-4ad1-98c4-7a8eb1e9ec74,PD,6000234,93777.m4a
93779,f369c8cf-3be9-493e-a62d-2b6fc2fa9616,PD,6006522,93779.m4a
93799,b43efb21-d489-4a36-a1e0-38b94f15d14a,CONTROL,6001651,93799.m4a
93806,0fb2371f-2456-430e-a9a4-f0cfba39ae30,PD,6004706,93806.m4a
93808,f9efd7c7-b8fb-4d37-9076-45c5b017cf17,PD,6005249,93808.m4a
93809,f9efd7c7-b8fb-4d37-9076-45c5b017cf17,PD,6001257,93809.m4a
93810,f9efd7c7-b8fb-4d37-9076-45c5b017cf17,PD,6002367,93810.m4a
93814,47d83366-db6c-46ca-b904-fcee302e72d8,PD,6006057,93814.m4a
93818,c572fd93-61de-46dc-9a7f-f41a20a1c475,PD,6004147,93818.m4a
93824,53eafe37-544d-4c1a-ba3f-1ce2fefe4a8f,CONTROL,6005415,93824.m4a
93834,3a5e8217-042b-419c-a4c0-682c15de975a,PD,6006984,93834.m4a
93848,93558cd1-0fb6-4f34-9073-02bd5f7e1348,PD,6001172,93848.m4a
93851,93558cd1-0fb6-4f34-9073-02bd5f7e1348,PD,6004776,93851.m4a
93859,2175fd86-01e6-4222-952c-716160d58693,CONTROL,6002673,93859.m4a
93861,2f1bb813-e160-447f-a994-59466b9fb7dc,CONTROL,6000229,93861.m4a
93863,76ba4b72-6907-4efe-886f-fbe4fbf6e103,CONTROL,6007518,93863.m4a
93865,01aea090-d2cd-409e-8ce8-22887ada7af8,PD,6008160,93865.m4a
93866,dba1ad73-7afe-4449-9318-bd028412b796,CONTROL,6005311,93866.m4a
93868,e2bb24dd-9a10-4891-9fa4-4de959b8a983,CONTROL,6000438,93868.m4a
93876,f9687dbb-7bf1-444d-afb3-9cf6e632fcf2,PD,6003204,93876.m4a
93882,8ce923e3-a1c5-4f1e-be17-69b2cd9f0e50,PD,6001245,93882.m4a
93886,11b0961c-3d85-43e3-bc1b-a2c3e7f885b2,PD,6001997,93886.m4a
93899,ce8f4f4d-65d3-4edb-a602-3d11a391ea60,PD,6002334,93899.m4a
93901,da5f034c-2bba-44f6-8a13-d91945bb5de5,CONTROL,6005700,93901.m4a
93902,ce8f4f4d-65d3-4edb-a602-3d11a391ea60,PD,6004370,93902.m4a
93903,ce8f4f4d-65d3-4edb-a602-3d11a391ea60,PD,6007189,93903.m4a
93911,bedb1d7c-f3a7-4901-a9e4-4db1b26387c5,PD,6007484,93911.m4a
93912,bedb1d7c-f3a7-4901-a9e4-4db1b26387c5,PD,6000435,93912.m4a
93924,6ab8c333-e607-475d-93d8-1949c14bd2a2,CONTROL,6007839,93924.m4a
93925,724fcf9a-bc00-440f-b2ba-0a9f6ea7a719,PD,6007834,93925.m4a
93927,724fcf9a-bc00-440f-b2ba-0a9f6ea7a719,PD,6003380,93927.m4a
93937,b562b352-4ce7-4754-a2c3-1d799bc5fb33,CONTROL,6005342,93937.m4a
93951,b9950d56-f8df-4a4a-9396-091f23c9971c,PD,6002131,93951.m4a
93954,5769ceb6-6c63-4c8a-a987-d2c9f186a166,CONTROL,6004080,93954.m4a
93956,0c8ec688-c888-4692-9fa1-100f2ab9f52c,PD,5999782,93956.m4a
93960,ec3eee5a-27bb-493e-a282-8e81570076f5,PD,5999788,93960.m4a
93962,ec3eee5a-27bb-493e-a282-8e81570076f5,PD,6005873,93962.m4a
93967,25f75a03-516d-4f1d-aa1e-c35d0183301f,CONTROL,6001116,93967.m4a
93968,d095270c-06b4-4d27-91c1-7e0ebe27c202,PD,6008208,93968.m4a
93975,57e7b157-6715-464b-881f-3aadc225d62b,PD,6002447,93975.m4a
94001,ee8b1690-4c96-4f09-9a7b-946911bdcf67,PD,6003647,94001.m4a
94003,12b56a1e-cba6-4d10-818d-0c7c0ca9a983,PD,6002700,94003.m4a
94004,b4a25411-d2e3-42b0-920f-a543f3bb0227,PD,6004614,94004.m4a
94009,a0c8abc9-4c62-470d-96c1-14c436896b5d,PD,6007610,94009.m4a
94012,a0c8abc9-4c62-470d-96c1-14c436896b5d,PD,6002443,94012.m4a
94014,b9950d56-f8df-4a4a-9396-091f23c9971c,PD,6007674,94014.m4a
94015,a0c8abc9-4c62-470d-96c1-14c436896b5d,PD,6005835,94015.m4a
94021,9ecdaf33-523f-42e8-8e41-e2231f1c1d69,CONTROL,6005387,94021.m4a
94023,2a5669e4-ab53-4f97-97f6-0aa5604434c5,CONTROL,5999816,94023.m4a
94038,adecc3e7-b401-4c30-8340-a9c6ec24163d,PD,6001010,94038.m4a
94041,9ecdaf33-523f-42e8-8e41-e2231f1c1d69,CONTROL,6002485,94041.m4a
94043,12f76b2f-d925-4981-bbb1-58a55474b817,PD,6000448,94043.m4a
94044,12f76b2f-d925-4981-bbb1-58a55474b817,PD,6004596,94044.m4a
94046,13853bcd-b253-4c01-8e95-881aa574aeb9,CONTROL,6000065,94046.m4a
94048,f059b3a3-74af-417b-a95a-499ad1512863,PD,6000529,94048.m4a
94051,fb58df40-face-4aef-98eb-ca727dab3464,PD,6000050,94051.m4a
94053,ec4b1d9c-4093-4a8d-84a2-672ac9bc511d,CONTROL,6000760,94053.m4a
94060,875edbd8-8a84-411c-9254-809c2f41d093,CONTROL,6005536,94060.m4a
94062,53eafe37-544d-4c1a-ba3f-1ce2fefe4a8f,CONTROL,6005701,94062.m4a
94066,875edbd8-8a84-411c-9254-809c2f41d093,CONTROL,6001083,94066.m4a
94079,b6cc5694-bf7c-4c2d-8624-8ecdcac208f2,PD,6007334,94079.m4a
94080,453c6983-b442-4a6a-8fa2-5317c562ae35,CONTROL,6004445,94080.m4a
94081,02350706-c0eb-4604-8643-91ca6c778ebb,PD,6004153,94081.m4a
94085,add935aa-6172-4db1-bad5-56eb3c20fb76,PD,6000441,94085.m4a
94086,ad666d67-9624-4ffa-933b-90efe096562e,CONTROL,6002411,94086.m4a
94087,add935aa-6172-4db1-bad5-56eb3c20fb76,PD,6003159,94087.m4a
94088,c5f34c50-f9c4-4247-8c94-c0e31e05d22b,PD,6004349,94088.m4a
94092,e697c56e-1b27-4d60-a346-8d8407c1601c,PD,6000336,94092.m4a
94100,234ea552-6086-42b3-9746-f3a32569ed65,CONTROL,5999810,94100.m4a
94102,d57b53b1-c34d-42e2-8756-40e0cdf5d87d,PD,6007311,94102.m4a
94115,2532be00-424e-44dd-9c04-f0b903db91a1,CONTROL,6003825,94115.m4a
94117,2532be00-424e-44dd-9c04-f0b903db91a1,CONTROL,6001105,94117.m4a
94122,263130db-1daf-4035-840b-3c1fa98e33ea,CONTROL,6003126,94122.m4a
94127,263130db-1daf-4035-840b-3c1fa98e33ea,CONTROL,6002409,94127.m4a
94131,4b3b425e-5bba-406e-8ed9-7f3963411368,PD,6005133,94131.m4a
94138,85816dbe-b244-453b-87cc-709d2c1c2107,PD,6001076,94138.m4a
94139,85816dbe-b244-453b-87cc-709d2c1c2107,PD,6001753,94139.m4a
94143,269c5321-858c-4411-8b70-79fee695e814,PD,6002477,94143.m4a
94161,777dc3ee-5fad-470c-8c53-ce4982467f25,CONTROL,6004222,94161.m4a
94172,777dc3ee-5fad-470c-8c53-ce4982467f25,CONTROL,6002248,94172.m4a
94190,89978245-81d6-4468-ba54-d86316dddc60,CONTROL,6004798,94190.m4a
94196,9ce638c5-90bc-40fe-aa00-6f13e0bdefa2,PD,6002597,94196.m4a
94211,1c10a5d2-ebff-4d88-b54d-5aef49de4b6e,PD,6005241,94211.m4a
94214,77b7c422-bd8d-4e8d-89e6-27fd515e246e,PD,6003202,94214.m4a
94221,fa735991-ec53-4763-9fa1-2fb499e3efcb,PD,6003598,94221.m4a
94222,c2a8d888-3ef2-44f7-98f4-f140e8934eca,CONTROL,6005691,94222.m4a
94228,f340e5bc-f871-4dfa-b0b7-f91f84bdf36a,CONTROL,6003592,94228.m4a
94229,f340e5bc-f871-4dfa-b0b7-f91f84bdf36a,CONTROL,6007272,94229.m4a
94247,4b163a5c-f4cd-4a1b-ab6c-f593fe1e90eb,PD,5999791,94247.m4a
94257,2b8c3659-90a8-4b28-ae5b-88eab39997e6,PD,6001563,94257.m4a
94275,3c39f3d6-fd3f-469d-8594-9e30ec0b658b,PD,6003219,94275.m4a
94285,77e3b8c0-9b8b-486a-b92f-6bcc420b6ba4,PD,6008105,94285.m4a
94295,84882217-875b-41bc-a936-2f6a9c4dacdc,PD,6004788,94295.m4a
94296,84882217-875b-41bc-a936-2f6a9c4dacdc,PD,6001890,94296.m4a
94297,84882217-875b-41bc-a936-2f6a9c4dacdc,PD,6003137,94297.m4a
94303,d5de1afc-f9fe-4b04-8d67-06574c6c05e9,CONTROL,6003382,94303.m4a
94307,b77e7480-a319-40b3-91ce-38ab7c1cd152,PD,6003224,94307.m4a
94317,63859eb9-8c49-4f41-8925-30ce22275314,CONTROL,6002384,94317.m4a
94318,63859eb9-8c49-4f41-8925-30ce22275314,CONTROL,6005483,94318.m4a
94325,02350706-c0eb-4604-8643-91ca6c778ebb,PD,6006164,94325.m4a
94329,e174830e-6140-4bc8-b226-169de69fea34,CONTROL,6001143,94329.m4a
94330,a43d57cf-90a0-4275-8583-b1c3d7a95cc1,CONTROL,6003776,94330.m4a
94332,a43d57cf-90a0-4275-8583-b1c3d7a95cc1,CONTROL,6004218,94332.m4a
94334,203d71b5-c9c0-4e1e-8c2d-01a42ed41e18,PD,6002980,94334.m4a
94370,6b960458-51a1-43d6-a44d-203206f3236b,CONTROL,6010895,94370.m4a
94392,c84db6e4-4691-421e-a654-a6ebc51fdbbb,PD,6009257,94392.m4a
94395,d570e542-019a-4896-a51d-b9aaeb04cd23,CONTROL,6015158,94395.m4a
94396,9884c3bf-86bb-4370-acbf-19db34cf297c,PD,6012232,94396.m4a
94401,0c8ec688-c888-4692-9fa1-100f2ab9f52c,PD,6014874,94401.m4a
94411,13b715e3-bbb5-47ae-afd0-8653536836b9,PD,6010178,94411.m4a
94422,a8b54536-104a-4f7b-9645-09f08d32cbed,PD,6016281,94422.m4a
94423,a8b54536-104a-4f7b-9645-09f08d32cbed,PD,6013057,94423.m4a
94424,2a56117b-1b94-4ea1-ade7-e21533af0c4f,PD,6015374,94424.m4a
94435,60d3b2bf-0e46-466e-9cdc-d0a1e8b2abc5,CONTROL,6015664,94435.m4a
94436,60d3b2bf-0e46-466e-9cdc-d0a1e8b2abc5,CONTROL,6015756,94436.m4a
94448,277160db-93be-4254-8fb7-9a187160f8da,PD,6016193,94448.m4a
94474,c1caeee0-2ec4-4ff7-aee4-2acf69b75054,PD,6011277,94474.m4a
94477,428f6734-d4be-4c84-b250-7e273056f654,CONTROL,6012276,94477.m4a
94484,ec3eee5a-27bb-493e-a282-8e81570076f5,PD,6016527,94484.m4a
94485,4d041542-a94d-4e53-bbb3-bde56af6f1f2,CONTROL,6013547,94485.m4a
94486,ec3eee5a-27bb-493e-a282-8e81570076f5,PD,6015679,94486.m4a
94493,4d041542-a94d-4e53-bbb3-bde56af6f1f2,CONTROL,6013240,94493.m4a
94515,c120e110-9851-4ea5-a4f8-549484489ad1,CONTROL,6016701,94515.m4a
94518,bcbb1e5d-1343-4e5d-862a-06c1c51860da,PD,6008817,94518.m4a
94520,65d8c6d5-64a4-4f5a-b69e-a0d30152b5de,PD,6015575,94520.m4a
94523,4afdc9f7-c744-48ad-be29-096e6ab6f3a7,CONTROL,6014153,94523.m4a
94524,65d8c6d5-64a4-4f5a-b69e-a0d30152b5de,PD,6014097,94524.m4a
94525,4afdc9f7-c744-48ad-be29-096e6ab6f3a7,CONTROL,6010046,94525.m4a
94526,5f2ddd28-2506-43fb-8863-d9b521cb163e,PD,6009186,94526.m4a
94527,09670b1f-23a3-46a5-8daf-f78f577b7697,CONTROL,6010136,94527.m4a
94529,09670b1f-23a3-46a5-8daf-f78f577b7697,CONTROL,6016186,94529.m4a
94530,d6cb359a-3839-4879-99d7-6afe07926276,PD,6010495,94530.m4a
94534,99fa0801-e2fd-4cd2-99d1-b04b0506ecc8,PD,6011108,94534.m4a
94540,33af3952-6836-49d7-85a2-87a349e2bf72,CONTROL,6013175,94540.m4a
94542,99fa0801-e2fd-4cd2-99d1-b04b0506ecc8,PD,6013841,94542.m4a
94544,99fa0801-e2fd-4cd2-99d1-b04b0506ecc8,PD,6014509,94544.m4a
94562,b77e7480-a319-40b3-91ce-38ab7c1cd152,PD,6010185,94562.m4a
94575,8caba3e4-2a38-449a-83d3-b3eb2daee061,CONTROL,6012494,94575.m4a
94576,f9687dbb-7bf1-444d-afb3-9cf6e632fcf2,PD,6013793,94576.m4a
94577,8caba3e4-2a38-449a-83d3-b3eb2daee061,CONTROL,6008671,94577.m4a
94578,2947bc95-102e-4255-8d70-53a0d10f9b9f,PD,6015475,94578.m4a
94592,dcd441be-3c3e-4977-bdd5-79c06ef8a299,CONTROL,6009750,94592.m4a
94593,dcd441be-3c3e-4977-bdd5-79c06ef8a299,CONTROL,6014230,94593.m4a
94603,aa3a9acc-263d-4f6e-83bd-f0e0d27dee73,CONTROL,6009428,94603.m4a
94604,aa3a9acc-263d-4f6e-83bd-f0e0d27dee73,CONTROL,6015027,94604.m4a
94608,e4530d2a-138a-4037-9e4e-32f715175556,PD,6014787,94608.m4a
94613,8d092fe3-871d-4651-abb9-06bfcbaf27b8,PD,6009813,94613.m4a
94618,71fc016e-285c-4aba-8a3e-c46a153688f8,CONTROL,6012306,94618.m4a
94622,71fc016e-285c-4aba-8a3e-c46a153688f8,CONTROL,6010459,94622.m4a
94626,4b163a5c-f4cd-4a1b-ab6c-f593fe1e90eb,PD,6026333,94626.m4a
94630,cac55322-1af9-45f1-b77a-b37f4f8d26f9,PD,6016225,94630.m4a
94631,cac55322-1af9-45f1-b77a-b37f4f8d26f9,PD,6014901,94631.m4a
94634,1663b399-8412-42fd-9c61-77d52563db3a,CONTROL,6016349,94634.m4a
94649,523283b6-acc9-4375-ab7a-d7240cd690c3,PD,6016384,94649.m4a
94656,c572fd93-61de-46dc-9a7f-f41a20a1c475,PD,6009561,94656.m4a
94667,8c1ac6f7-1fe5-4d89-b2ba-2613639d2f33,PD,6012035,94667.m4a
94668,fdd42ab8-1733-4af4-a840-b39af25a4dca,PD,6015415,94668.m4a
94672,5c3f2eb7-21f2-4a11-b2c1-2441784185ee,CONTROL,6011459,94672.m4a
94674,1e5a92b9-37fa-4351-b5c5-28964fb42f7c,PD,6013957,94674.m4a
94677,d0072c83-8e2c-4131-9cc8-a38d0af0b7f3,PD,6012624,94677.m4a
94683,93479e6b-3181-454d-9144-b1b844390c82,PD,6012429,94683.m4a
94694,8c1ac6f7-1fe5-4d89-b2ba-2613639d2f33,PD,6015009,94694.m4a
94695,b45c6456-396a-47bc-b178-918bb0261927,PD,6014757,94695.m4a
94696,370c0c1b-166d-44e8-b1a8-e57993c019a1,CONTROL,6014562,94696.m4a
94737,85ca2391-8679-4b7b-90d8-9097cc4481e9,CONTROL,6009266,94737.m4a
94740,961a4ac3-d753-474a-957a-f9137527effa,PD,6010580,94740.m4a
94756,1c10a5d2-ebff-4d88-b54d-5aef49de4b6e,PD,6009723,94756.m4a
94759,a7df579a-8a92-43e6-b106-ee39c140eb96,PD,6016309,94759.m4a
94773,c77e3f11-7195-4e8a-9146-063bef90a03b,PD,6011410,94773.m4a
94780,428ed7ea-448e-4ad2-8ca6-e68178ca6248,PD,6015390,94780.m4a
94788,428ed7ea-448e-4ad2-8ca6-e68178ca6248,PD,6014799,94788.m4a
94792,7db19edf-e870-4a7a-b6d9-77b58e50defc,PD,6012312,94792.m4a
94796,4b52f3cc-09b7-4ad1-98c4-7a8eb1e9ec74,PD,6014394,94796.m4a
94798,428ed7ea-448e-4ad2-8ca6-e68178ca6248,PD,6008922,94798.m4a
94801,3a5e8217-042b-419c-a4c0-682c15de975a,PD,6011519,94801.m4a
94810,8d67e82d-721b-4fd9-a941-c3760a28dd9f,PD,6013182,94810.m4a
94816,a03008b8-28c0-45f3-9c96-bf36b7f5b6c0,CONTROL,6014667,94816.m4a
94817,a03008b8-28c0-45f3-9c96-bf36b7f5b6c0,CONTROL,6011947,94817.m4a
94821,dc22f6d0-4f10-41f5-8ffb-7bd9725805e2,PD,6011037,94821.m4a
94827,841b5b7b-d7f0-4489-b371-1edb59fbbfc8,PD,6013921,94827.m4a
94829,39dd0aac-4b4e-43ec-99fb-8883adc86c4e,PD,6009783,94829.m4a
94833,39dd0aac-4b4e-43ec-99fb-8883adc86c4e,PD,6011899,94833.m4a
94842,7a72b071-df8c-4c46-a4bf-367cad04c7c8,PD,6016129,94842.m4a
94845,6d2afdd2-ca80-45c2-b396-a55eb28c9144,CONTROL,6011878,94845.m4a
94848,f125e7fa-7a33-4959-abb5-655ceed01d72,PD,6010195,94848.m4a
94856,9bade537-29bc-4c70-a4bc-1dd3ff79e69a,CONTROL,6013335,94856.m4a
94887,b5fbf552-bc4c-4e89-81c4-3227eb088e58,CONTROL,6010110,94887.m4a
94894,4fc88a58-1111-45b4-8ca1-c0981b86c5a0,CONTROL,6020244,94894.m4a
94899,a0f24851-74d1-4c84-9f70-6cca63a65d68,CONTROL,6009161,94899.m4a
94900,ca1061c9-4bd4-4af7-9ba7-bbbc93fe9e68,PD,6012241,94900.m4a
94901,23d0badb-95c2-4ec0-b85b-15c2929421a6,PD,6008717,94901.m4a
94910,5a595884-10a9-4281-9f51-ccc71e2b0e67,CONTROL,6012323,94910.m4a
94912,d57b53b1-c34d-42e2-8756-40e0cdf5d87d,PD,6011526,94912.m4a
94914,d57b53b1-c34d-42e2-8756-40e0cdf5d87d,PD,6013125,94914.m4a
94915,d57b53b1-c34d-42e2-8756-40e0cdf5d87d,PD,6013548,94915.m4a
94916,02350706-c0eb-4604-8643-91ca6c778ebb,PD,6012449,94916.m4a
94922,48d481c1-0fe0-47c4-bf63-e60f8399edf8,CONTROL,6016730,94922.m4a
94923,48383cb5-cb57-41c5-a8ed-d651b2bccbe2,CONTROL,6022728,94923.m4a
94936,c61451a4-39ec-4ec7-a63f-dbe9e236ac22,PD,6012026,94936.m4a
94939,84cdec84-5148-47d3-822d-b829ef24d11f,PD,6009262,94939.m4a
94953,730b2fdd-85fe-4e66-be8e-78bb6d0606a7,CONTROL,6010064,94953.m4a
94981,7c7283c6-8bd1-4112-bab2-7d3e05bef338,PD,6010484,94981.m4a
94989,d5de1afc-f9fe-4b04-8d67-06574c6c05e9,CONTROL,6015593,94989.m4a
94991,13627002-073b-4366-8889-9561789c51be,CONTROL,6009446,94991.m4a
95000,63b48233-d2c8-4f4c-966f-05be5dce7d1c,CONTROL,6008762,95000.m4a
95015,e0c58ab7-5ba1-4e60-a3b7-9c28a4e74f69,PD,6012554,95015.m4a
95055,c006b927-ab49-433e-ba54-3f735f5df26b,CONTROL,6009085,95055.m4a
95057,8543d9a7-4259-49ec-9146-f2f513e35e5b,PD,6009593,95057.m4a
95063,87a468ce-50e9-4622-aac3-d4c90c2b1ebf,PD,6010060,95063.m4a
95065,f9b19633-38cd-40d9-b301-63635ff262b7,CONTROL,6016329,95065.m4a
95073,1359f220-9db5-4777-91cd-cf1e8abfc42d,PD,6014065,95073.m4a
95075,79ac3ecb-e647-4c8a-b919-7d9200deccf5,PD,6011951,95075.m4a
95078,bf185a66-01a2-4081-9798-45ec41a36deb,CONTROL,6014289,95078.m4a
95079,bf185a66-01a2-4081-9798-45ec41a36deb,CONTROL,6013208,95079.m4a
95081,01aea090-d2cd-409e-8ce8-22887ada7af8,PD,6013084,95081.m4a
95091,05d4e71a-c792-4549-8ec7-6a7dc355a1bd,PD,6014128,95091.m4a
95097,9f1cbba8-5665-42df-a05c-d866cb3cfe46,PD,6014259,95097.m4a
95101,207a524b-9965-4366-bc4d-40009d081872,CONTROL,6015527,95101.m4a
95121,3c39f3d6-fd3f-469d-8594-9e30ec0b658b,PD,6011369,95121.m4a
95123,3c39f3d6-fd3f-469d-8594-9e30ec0b658b,PD,6015319,95123.m4a
95126,afebcbd7-411b-4f0f-8db1-ea542af2c94f,PD,6015537,95126.m4a
95127,65981245-0d78-486c-8466-d705c022920f,PD,6016217,95127.m4a
95135,90538159-1477-4e09-a4d3-ae9650dfb83c,CONTROL,6019799,95135.m4a
95140,8c1cecda-0d34-4602-95ad-ed1ee8de53cf,PD,6014469,95140.m4a
95151,a57dcd0f-0dc6-4e71-808b-26dffe02acb9,PD,6011812,95151.m4a
95160,77e3b8c0-9b8b-486a-b92f-6bcc420b6ba4,PD,6014441,95160.m4a
95163,20b09fcb-eb66-4282-b53a-51aa24f1f9d2,CONTROL,6016257,95163.m4a
95171,566845ef-2119-4ee5-b465-c29f5de91b6a,CONTROL,6014172,95171.m4a
95172,566845ef-2119-4ee5-b465-c29f5de91b6a,CONTROL,6012061,95172.m4a
95176,d6cb359a-3839-4879-99d7-6afe07926276,PD,6009595,95176.m4a
95178,203d71b5-c9c0-4e1e-8c2d-01a42ed41e18,PD,6011504,95178.m4a
95180,1a72f332-6dca-4465-bad3-dddb7e42fc1b,PD,6015031,95180.m4a
95181,1a72f332-6dca-4465-bad3-dddb7e42fc1b,PD,6009336,95181.m4a
95195,26108325-be0b-4c88-b7c0-ef2e8248ff11,CONTROL,6009871,95195.m4a
95204,3e799759-fc47-4eac-9dce-0ec3c6a964b1,CONTROL,6018289,95204.m4a
95206,255c5b98-ca4d-4254-963a-3d3ac34c66a4,CONTROL,6016107,95206.m4a
95208,eeef78ac-c335-462c-851d-252214510887,CONTROL,6015414,95208.m4a
95209,eeef78ac-c335-462c-851d-252214510887,CONTROL,6010453,95209.m4a
95213,04367dfc-a472-423f-a553-98c902a752ae,CONTROL,6008818,95213.m4a
95214,04367dfc-a472-423f-a553-98c902a752ae,CONTROL,6010250,95214.m4a
95233,39610ea8-ff3f-4252-a43d-96d7301118a1,CONTROL,6019791,95233.m4a
95237,3c39f3d6-fd3f-469d-8594-9e30ec0b658b,PD,6017497,95237.m4a
95238,6b960458-51a1-43d6-a44d-203206f3236b,CONTROL,6021781,95238.m4a
95249,b2a760b7-bd2d-4918-a7b7-6fa385423e11,PD,6020624,95249.m4a
95250,b45c6456-396a-47bc-b178-918bb0261927,PD,6021452,95250.m4a
95262,9feb2176-5d59-49c7-a895-c14c8e0be17e,PD,6019606,95262.m4a
95264,b4a25411-d2e3-42b0-920f-a543f3bb0227,PD,6021801,95264.m4a
95268,d0072c83-8e2c-4131-9cc8-a38d0af0b7f3,PD,6019467,95268.m4a
95271,2eaa0a8e-2e89-46bc-92c8-1d3bff6eef94,CONTROL,5930121,95271.m4a
95278,72c95fc8-db97-4865-8bc3-a42e21d43e75,PD,6022353,95278.m4a
95302,b36fac7d-0961-44e9-9cec-ffd9c80651e7,CONTROL,6024192,95302.m4a
95320,5f2ddd28-2506-43fb-8863-d9b521cb163e,PD,6019004,95320.m4a
95331,b45c6456-396a-47bc-b178-918bb0261927,PD,6022079,95331.m4a
95341,016d2897-5c3e-4a55-ad06-0677668946fa,CONTROL,6017141,95341.m4a
95358,e14e65f3-6a40-4ad6-b868-f8e4339c9de9,PD,6021197,95358.m4a
95359,fed48c4f-5ffa-4e6a-bfbd-bb08e3d7cad4,PD,5690798,95359.m4a
95361,27567fbc-75a7-4288-b6d8-cdeb85fed36a,PD,6021420,95361.m4a
95366,945bb372-bfbe-4ef0-87d9-d268bc0b2d8e,PD,6021524,95366.m4a
95368,bcd61c73-932f-4e2e-8c49-c7d163e3fbaf,PD,6022928,95368.m4a
95370,71785e8e-1b41-47af-b88a-2e0733e14e2b,PD,6022514,95370.m4a
95371,71785e8e-1b41-47af-b88a-2e0733e14e2b,PD,6023759,95371.m4a
95376,69768027-9381-45b4-98e6-c3a84bbabd50,PD,6021106,95376.m4a
95395,ac1dee32-398a-496e-9e31-053c46f78eeb,PD,6019456,95395.m4a
95415,42f0256d-c297-4f84-9be6-dd2efdb02c67,CONTROL,6020401,95415.m4a
95416,42f0256d-c297-4f84-9be6-dd2efdb02c67,CONTROL,6023582,95416.m4a
95427,b8456da9-9095-43ea-9f83-ee7378d3c45c,CONTROL,6022189,95427.m4a
95464,d7208508-2a79-4d66-9848-0df8420238bf,CONTROL,6018685,95464.m4a
95466,d7208508-2a79-4d66-9848-0df8420238bf,CONTROL,6021391,95466.m4a
95468,ff3a7d69-be93-4de3-8ffd-93a9d9dd6f72,PD,6020453,95468.m4a
95471,937682c3-93f8-4c5f-bf6d-2563389b9145,PD,6018814,95471.m4a
95482,b2c61d3d-ec4c-41e5-942d-d88cbc78a1d4,CONTROL,6021708,95482.m4a
95484,520917c2-1a2f-46d4-beed-5a104e630bd5,CONTROL,6018108,95484.m4a
95495,0e25eb20-d440-451c-8b92-9ece30630998,CONTROL,6024587,95495.m4a
95498,5423d73f-88f1-4706-ad5e-76c0559cb0b8,PD,6023173,95498.m4a
95503,51cbcf73-23af-4e47-bef4-0ecfc04f02a0,PD,6017738,95503.m4a
95506,ec4b1d9c-4093-4a8d-84a2-672ac9bc511d,CONTROL,6017705,95506.m4a
95516,945bb372-bfbe-4ef0-87d9-d268bc0b2d8e,PD,6022305,95516.m4a
95528,022c800e-f8e7-4a9e-ba35-d6eb27ffa549,CONTROL,6020434,95528.m4a
95529,022c800e-f8e7-4a9e-ba35-d6eb27ffa549,CONTROL,6017393,95529.m4a
95535,e44b1f10-dd22-4bec-974b-f1cd489d1e28,PD,6021349,95535.m4a
95537,e4530d2a-138a-4037-9e4e-32f715175556,PD,6020092,95537.m4a
95551,bdd9fa25-2499-44e6-b4c8-117deb70143d,PD,6017530,95551.m4a
95559,5423d73f-88f1-4706-ad5e-76c0559cb0b8,PD,6023978,95559.m4a
95562,73dd6b98-c1a3-46dd-a387-9b41fb61dec4,CONTROL,6022475,95562.m4a
95565,c03f7785-d690-400f-b558-a27380341d53,PD,6023441,95565.m4a
95586,adecc3e7-b401-4c30-8340-a9c6ec24163d,PD,6021294,95586.m4a
95605,841b5b7b-d7f0-4489-b371-1edb59fbbfc8,PD,6022764,95605.m4a
95610,77484d6c-2ac1-4adb-8dae-3f0cf1387a0f,CONTROL,6022558,95610.m4a
95611,08c23348-8945-4e2f-a339-969b6699f0a2,PD,6023349,95611.m4a
95617,1d342238-c509-451d-ba8a-381b3e10f8ef,PD,6022443,95617.m4a
95622,69768027-9381-45b4-98e6-c3a84bbabd50,PD,6021668,95622.m4a
95630,e5465719-b5fb-4d6f-87f9-90c9b91cc1f0,CONTROL,6019553,95630.m4a
95632,d73795f0-1414-4473-8bd7-d20e4197e0e6,PD,6021879,95632.m4a
95636,9ce638c5-90bc-40fe-aa00-6f13e0bdefa2,PD,6024380,95636.m4a
95644,571e747b-c2e1-401e-afb3-43a6b614f77a,CONTROL,6021856,95644.m4a
95649,571e747b-c2e1-401e-afb3-43a6b614f77a,CONTROL,6022252,95649.m4a
95650,f369c8cf-3be9-493e-a62d-2b6fc2fa9616,PD,6019961,95650.m4a
95652,370c0c1b-166d-44e8-b1a8-e57993c019a1,CONTROL,6020020,95652.m4a
95662,3bee5ea7-9c8e-4b85-a58c-2c4094d790a2,CONTROL,6018073,95662.m4a
95665,c39a22b7-f3f6-402e-810a-44b055389167,CONTROL,6018035,95665.m4a
95671,65d8c6d5-64a4-4f5a-b69e-a0d30152b5de,PD,6017668,95671.m4a
95672,65d8c6d5-64a4-4f5a-b69e-a0d30152b5de,PD,6018827,95672.m4a
95673,65d8c6d5-64a4-4f5a-b69e-a0d30152b5de,PD,6018960,95673.m4a
95679,13627002-073b-4366-8889-9561789c51be,CONTROL,6017811,95679.m4a
95686,67258105-115d-42aa-af10-fabaf10b462c,PD,6021764,95686.m4a
95695,ee8b1690-4c96-4f09-9a7b-946911bdcf67,PD,6020389,95695.m4a
95701,e7045566-3b35-4466-9328-d98e6798d6c2,PD,6019395,95701.m4a
95710,0c6aeb72-84e0-4a82-8848-a5d27e50730f,CONTROL,6020559,95710.m4a
95711,0c6aeb72-84e0-4a82-8848-a5d27e50730f,CONTROL,6024203,95711.m4a
95718,a045a035-a947-43c7-b9d4-5ec029d10f87,CONTROL,6018683,95718.m4a
95723,a045a035-a947-43c7-b9d4-5ec029d10f87,CONTROL,6023919,95723.m4a
95728,06e3bccb-ce2f-433a-9d40-7b2c56a907eb,CONTROL,6023830,95728.m4a
95731,06e3bccb-ce2f-433a-9d40-7b2c56a907eb,CONTROL,6019617,95731.m4a
95735,c410d743-555f-4c21-a1f9-884ddaa9e4ca,CONTROL,6024025,95735.m4a
95736,c410d743-555f-4c21-a1f9-884ddaa9e4ca,CONTROL,6017373,95736.m4a
95744,717feb4e-f6e1-471d-bb5f-a0975ee1d862,PD,6018104,95744.m4a
95745,02350706-c0eb-4604-8643-91ca6c778ebb,PD,6019609,95745.m4a
95764,05d4e71a-c792-4549-8ec7-6a7dc355a1bd,PD,6017117,95764.m4a
95765,717feb4e-f6e1-471d-bb5f-a0975ee1d862,PD,6020723,95765.m4a
95768,717feb4e-f6e1-471d-bb5f-a0975ee1d862,PD,6022284,95768.m4a
95773,05d4e71a-c792-4549-8ec7-6a7dc355a1bd,PD,6017081,95773.m4a
95774,05d4e71a-c792-4549-8ec7-6a7dc355a1bd,PD,6017595,95774.m4a
95793,913b66f5-0666-4ccc-bf95-c9f6e0d60066,PD,6023159,95793.m4a
95794,2adbd577-f251-4c2d-a959-a621f4ad494e,CONTROL,6018203,95794.m4a
95795,2adbd577-f251-4c2d-a959-a621f4ad494e,CONTROL,6018013,95795.m4a
95807,c4a2904e-2e5f-4fb4-9890-7e5c66d2fa7d,PD,6017599,95807.m4a
95813,9bade537-29bc-4c70-a4bc-1dd3ff79e69a,CONTROL,6019331,95813.m4a
95818,c22f5fd4-ac1c-4547-be21-a2aeb21d1254,CONTROL,6018569,95818.m4a
95825,be37a952-4e90-4eeb-ad82-aa326e491e76,CONTROL,6018567,95825.m4a
95844,8355ff33-b52f-4667-a2f9-09737395e37d,PD,6017041,95844.m4a
95847,ce43871c-65cd-4d85-b27f-66b4b3151495,CONTROL,6034835,95847.m4a
95855,45373776-ea31-488b-87f3-5765b9cc6410,CONTROL,6017814,95855.m4a
95858,e697c56e-1b27-4d60-a346-8d8407c1601c,PD,6021401,95858.m4a
95861,0fad3c82-2108-4298-8245-ba233680517a,CONTROL,6017813,95861.m4a
95864,2a5128d1-3ed7-49ee-a299-4025d6702faf,PD,6021217,95864.m4a
95869,0ba1a93a-5432-4b98-a75d-955d2f4346ca,PD,6022445,95869.m4a
95873,5d1d61c3-9942-4ccd-b65b-b27dc43887b1,PD,6022424,95873.m4a
95877,6bd56ca2-a9dd-4487-8ea7-b525d7c839f2,PD,6018466,95877.m4a
95880,16e88ad7-d8ea-4bb4-ad8e-f3dcb9a258bd,PD,6019654,95880.m4a
95882,84f1290d-4cba-4028-84ad-f20ce3ba6ec8,CONTROL,6018967,95882.m4a
95886,fbcf2c76-fd00-40fb-bb10-4d25f0142f1e,CONTROL,6024518,95886.m4a
95892,ec3eee5a-27bb-493e-a282-8e81570076f5,PD,6023156,95892.m4a
95893,ec3eee5a-27bb-493e-a282-8e81570076f5,PD,6023597,95893.m4a
95894,ec3eee5a-27bb-493e-a282-8e81570076f5,PD,6022483,95894.m4a
95896,16ec2548-7800-4292-9c8d-d295e3f3ebdb,CONTROL,6017113,95896.m4a
95904,b350e11d-386e-4a0b-9b5c-87a02d3c64d4,CONTROL,6023610,95904.m4a
95908,b350e11d-386e-4a0b-9b5c-87a02d3c64d4,CONTROL,6017239,95908.m4a
95926,653d3977-9b33-4037-9aa5-2eb39284cabd,CONTROL,6020322,95926.m4a
95934,300e5d1f-5a38-4e78-8f42-1d580b74569a,PD,6024558,95934.m4a
95939,ce0433d3-cc03-4491-8fd4-58a39dd6ff35,CONTROL,6018724,95939.m4a
95940,70420a7e-97ee-449d-9b78-f7365d5c820b,CONTROL,6050259,95940.m4a
95941,70420a7e-97ee-449d-9b78-f7365d5c820b,CONTROL,6045573,95941.m4a
95961,2b6f2122-b917-4fb6-aa7a-89f718923284,CONTROL,6018854,95961.m4a
95968,2951c494-015e-48df-af05-a8a06707204c,CONTROL,6022773,95968.m4a
95970,cc3f7939-2b0a-41ea-a726-74b2585ca104,CONTROL,6022588,95970.m4a
95974,b9950d56-f8df-4a4a-9396-091f23c9971c,PD,6020102,95974.m4a
95977,65981245-0d78-486c-8466-d705c022920f,PD,6023160,95977.m4a
95988,c4fa3b2c-1fd0-4ccb-92af-3309ca9fb99d,CONTROL,6028735,95988.m4a
95991,9d0f5683-b050-4910-b797-c0fa5883c7b4,CONTROL,6026571,95991.m4a
96003,2c520048-8735-4e56-9e0d-99f23dbc7e57,CONTROL,6028389,96003.m4a
96004,2c520048-8735-4e56-9e0d-99f23dbc7e57,CONTROL,6025541,96004.m4a
96009,48383cb5-cb57-41c5-a8ed-d651b2bccbe2,CONTROL,6031414,96009.m4a
96013,1ee9c522-d68a-4d32-8113-4c5246986978,PD,6025363,96013.m4a
96029,ec5dd8db-c41e-4879-8bfb-c26eacc64f42,PD,6025311,96029.m4a
96032,36db4e88-0c6d-464a-9c5c-f6b128db78d9,CONTROL,6028989,96032.m4a
96036,53497c69-654e-409d-bfe2-2fe643c32616,PD,6031554,96036.m4a
96044,ea0252eb-1817-4335-9d07-346ecdc54a84,PD,6025761,96044.m4a
96057,b2b8ca71-7dda-43ee-b740-efaf40f2bce6,CONTROL,6028775,96057.m4a
96058,b2b8ca71-7dda-43ee-b740-efaf40f2bce6,CONTROL,6029872,96058.m4a
96065,bcd61c73-932f-4e2e-8c49-c7d163e3fbaf,PD,6027827,96065.m4a
96069,8fdfea83-8cc8-4c1b-b581-0f125faab209,CONTROL,6030051,96069.m4a
96094,e14e65f3-6a40-4ad6-b868-f8e4339c9de9,PD,6026970,96094.m4a
96115,90538159-1477-4e09-a4d3-ae9650dfb83c,CONTROL,6027852,96115.m4a
96116,a348996c-2256-43b7-80b1-a2a9bd6fba5b,PD,6025998,96116.m4a
96118,bcbb1e5d-1343-4e5d-862a-06c1c51860da,PD,6029143,96118.m4a
96128,27567fbc-75a7-4288-b6d8-cdeb85fed36a,PD,6027767,96128.m4a
96142,5f2ddd28-2506-43fb-8863-d9b521cb163e,PD,6024942,96142.m4a
96147,b4a25411-d2e3-42b0-920f-a543f3bb0227,PD,6028557,96147.m4a
96171,fb58df40-face-4aef-98eb-ca727dab3464,PD,6028014,96171.m4a
96175,edf93c00-9d57-4c58-ab0d-360bf0036dd4,CONTROL,6027738,96175.m4a
96177,776122cd-333b-400a-af9d-39771b26fa4d,PD,6026683,96177.m4a
96187,be1271f0-5069-4c68-ad4e-5da62b689338,CONTROL,6030277,96187.m4a
96193,945bb372-bfbe-4ef0-87d9-d268bc0b2d8e,PD,6028468,96193.m4a
96196,bab5ca20-f718-49df-8918-e824b6720bcf,PD,6029158,96196.m4a
96201,05d4e71a-c792-4549-8ec7-6a7dc355a1bd,PD,6029277,96201.m4a
96202,ea0252eb-1817-4335-9d07-346ecdc54a84,PD,6025429,96202.m4a
96206,b8adb62d-1cad-4dc5-bc6d-99a333f12f8c,CONTROL,6029077,96206.m4a
96208,1f4a9930-e31a-43a6-9cfe-7cf5f0b95716,CONTROL,6026356,96208.m4a
96209,1f4a9930-e31a-43a6-9cfe-7cf5f0b95716,CONTROL,6026748,96209.m4a
96225,5855abea-960d-4476-aa18-1b66fc381709,PD,6042851,96225.m4a
96230,9f1cbba8-5665-42df-a05c-d866cb3cfe46,PD,6029443,96230.m4a
96246,a9325c62-2e15-4ca2-b166-303292d1aa47,PD,6029726,96246.m4a
96250,26b15140-2acf-4180-8283-f3acef5501b6,PD,6025671,96250.m4a
96261,d0ae0ee1-165b-4e5a-9caa-ad8a17688445,PD,6031004,96261.m4a
96287,819ecc77-5d83-4b44-8191-f7faf99d18b8,CONTROL,6029895,96287.m4a
96288,d54d803f-e2aa-4024-a3d8-784ebbe968f9,PD,6030337,96288.m4a
96289,d54d803f-e2aa-4024-a3d8-784ebbe968f9,PD,6026684,96289.m4a
96291,819ecc77-5d83-4b44-8191-f7faf99d18b8,CONTROL,6031320,96291.m4a
96313,98753b69-11dd-43f4-8eff-a54e052da982,PD,6031721,96313.m4a
96323,00dc061b-8151-44cc-8eae-4d10f11a5ab6,PD,6026717,96323.m4a
96330,50662381-3936-4a06-a1d8-b1d486159325,PD,6025342,96330.m4a
96331,50662381-3936-4a06-a1d8-b1d486159325,PD,5786366,96331.m4a
96332,d4002249-0e71-4f9c-9ee4-221f932e4824,CONTROL,6025273,96332.m4a
96334,50662381-3936-4a06-a1d8-b1d486159325,PD,6026310,96334.m4a
96338,bcd61c73-932f-4e2e-8c49-c7d163e3fbaf,PD,6029974,96338.m4a
96362,a9c2e65b-de14-470e-bccf-3a542b219444,CONTROL,6031137,96362.m4a
96369,ca1061c9-4bd4-4af7-9ba7-bbbc93fe9e68,PD,6025507,96369.m4a
96403,e8c9152d-c1a2-4bbc-9fb0-8d327220ed45,CONTROL,6026446,96403.m4a
96406,4b163a5c-f4cd-4a1b-ab6c-f593fe1e90eb,PD,6026586,96406.m4a
96407,4b163a5c-f4cd-4a1b-ab6c-f593fe1e90eb,PD,6025398,96407.m4a
96408,5751a256-35f0-4950-994e-cd7ce66572b9,CONTROL,6031314,96408.m4a
96436,2a5128d1-3ed7-49ee-a299-4025d6702faf,PD,6029180,96436.m4a
96451,a9f65f14-b9f6-48ee-9aee-e693471e2cbc,CONTROL,6029652,96451.m4a
96452,f26e1ed8-fe2e-4b3d-b58e-f9154c4ec4cd,PD,6029858,96452.m4a
96461,2b8c3659-90a8-4b28-ae5b-88eab39997e6,PD,6029677,96461.m4a
96466,2b8c3659-90a8-4b28-ae5b-88eab39997e6,PD,6030501,96466.m4a
96468,2b8c3659-90a8-4b28-ae5b-88eab39997e6,PD,6030453,96468.m4a
96472,3495ac97-a8d0-4828-82e8-863e4eaa6fb9,PD,6025652,96472.m4a
96482,43294479-32e0-4589-92ee-269b36a70e46,PD,6027838,96482.m4a
96490,b6cc5694-bf7c-4c2d-8624-8ecdcac208f2,PD,6028629,96490.m4a
96500,c6548713-d5a1-4704-b2b9-200ce72603b4,CONTROL,6031445,96500.m4a
96516,841b5b7b-d7f0-4489-b371-1edb59fbbfc8,PD,6026228,96516.m4a
96517,6bd56ca2-a9dd-4487-8ea7-b525d7c839f2,PD,6030339,96517.m4a
96528,0eb60c3c-52ee-483a-b48d-4c6d0b412e0e,PD,6030900,96528.m4a
96549,b2a0f94f-9d00-43a6-8c5a-e46f3666a38c,PD,6025317,96549.m4a
96560,b2a0f94f-9d00-43a6-8c5a-e46f3666a38c,PD,6030243,96560.m4a
96563,efcf9116-6643-465b-8168-cbbb51fae35d,PD,6030270,96563.m4a
96567,287cbee1-c39b-4139-93a3-857b1d4def2a,CONTROL,6028602,96567.m4a
96587,94c79a45-0524-4528-b050-0eafd8221a23,CONTROL,6027065,96587.m4a
96600,b2c6a6ec-e867-4dbb-bf42-8dd7fb2a088d,PD,6026998,96600.m4a
96612,b1b3538e-bf2c-49a1-ba35-0bbc33259117,CONTROL,6026046,96612.m4a
96614,b1b3538e-bf2c-49a1-ba35-0bbc33259117,CONTROL,6027152,96614.m4a
96622,255c5b98-ca4d-4254-963a-3d3ac34c66a4,CONTROL,6026053,96622.m4a
96624,353d56ac-ac18-4550-88b3-dd35e5fb8575,CONTROL,6030414,96624.m4a
96625,353d56ac-ac18-4550-88b3-dd35e5fb8575,CONTROL,6030255,96625.m4a
96634,6bd56ca2-a9dd-4487-8ea7-b525d7c839f2,PD,6026381,96634.m4a
96637,9af869f8-7cda-4f0b-83ea-b77b9c12838a,PD,6026596,96637.m4a
96639,d9290c72-7037-4723-bdc8-ecefa9cad862,CONTROL,6027224,96639.m4a
96640,d9290c72-7037-4723-bdc8-ecefa9cad862,CONTROL,6027515,96640.m4a
96653,faa157d8-f37e-49aa-8d49-a431a67b2496,PD,6025151,96653.m4a
96656,faa157d8-f37e-49aa-8d49-a431a67b2496,PD,6029033,96656.m4a
96657,faa157d8-f37e-49aa-8d49-a431a67b2496,PD,6029461,96657.m4a
96669,568cb98f-e68a-45d7-adef-8e4f37e39c01,PD,6031372,96669.m4a
96689,b1b8a4d6-bb61-4fd0-bdb7-a11cda6f7548,CONTROL,6024966,96689.m4a
96690,9af869f8-7cda-4f0b-83ea-b77b9c12838a,PD,6031097,96690.m4a
96699,ac01f080-96a4-4faf-bc80-291a996f6edd,PD,6027183,96699.m4a
96700,262e0c5f-2f3e-49b5-8669-99a85146c179,PD,6027981,96700.m4a
96706,6134a5c5-2912-4cb0-87aa-10dee483b686,PD,6029854,96706.m4a
96714,aeaddf6d-0d86-4b41-afbd-78e65fa31635,PD,6028959,96714.m4a
96715,aeaddf6d-0d86-4b41-afbd-78e65fa31635,PD,6025531,96715.m4a
96717,40cd9a6b-8309-4c08-8a71-c5ef4bbeda70,CONTROL,6031570,96717.m4a
96719,4ec3bd20-1bfa-4768-a87e-46300347eeb5,CONTROL,6034932,96719.m4a
96737,277160db-93be-4254-8fb7-9a187160f8da,PD,6035744,96737.m4a
96763,83c7de09-2ed3-409b-abdb-fc75750d10fe,PD,6037898,96763.m4a
96788,ea0252eb-1817-4335-9d07-346ecdc54a84,PD,6037829,96788.m4a
96789,11d2db10-7ee9-43e9-8d44-b49f45937cb7,PD,6034366,96789.m4a
96790,b5d300e5-4397-4f24-ab97-6ae76a3c956b,PD,6035892,96790.m4a
96791,11d2db10-7ee9-43e9-8d44-b49f45937cb7,PD,6037495,96791.m4a
96798,0caf9f7e-f3a1-4fcd-891d-ae6ffcdf61fd,PD,6032155,96798.m4a
96802,7b75a41d-6ff3-48a5-b540-264d45d2533c,PD,6033845,96802.m4a
96809,4ad61e24-16f0-4409-82a1-b37cb72a92c8,PD,6032363,96809.m4a
96827,9d0f5683-b050-4910-b797-c0fa5883c7b4,CONTROL,6035853,96827.m4a
96829,cd91f880-b4c8-4562-b5f7-c8ea45ba212c,CONTROL,6037022,96829.m4a
96830,cd91f880-b4c8-4562-b5f7-c8ea45ba212c,CONTROL,6036100,96830.m4a
96854,f9687dbb-7bf1-444d-afb3-9cf6e632fcf2,PD,6036875,96854.m4a
96857,1e5a92b9-37fa-4351-b5c5-28964fb42f7c,PD,6035482,96857.m4a
96871,cf86e1eb-d76e-4c02-aebe-a8a85693eb0f,PD,6048704,96871.m4a
96879,804ab780-e74f-447e-abec-b7e640433ed3,CONTROL,6033946,96879.m4a
96908,863ddb69-fb81-4e17-8273-845c5aaa2fb6,PD,6037721,96908.m4a
96909,863ddb69-fb81-4e17-8273-845c5aaa2fb6,PD,6034716,96909.m4a
96912,a627b898-05bd-4b7b-8104-4ef537076170,PD,6035940,96912.m4a
96928,63ffe552-8143-4380-815a-b42668d44ef2,PD,6033688,96928.m4a
96933,eb7eede9-58ee-411e-92cc-3fdec74bc7b0,PD,6040883,96933.m4a
96942,4254ec6b-3a08-4baa-a909-e7737189bb06,PD,6036291,96942.m4a
96945,faa157d8-f37e-49aa-8d49-a431a67b2496,PD,6032601,96945.m4a
96954,5f11fe75-711a-4857-b770-25a3504579f1,CONTROL,6032995,96954.m4a
96956,5f11fe75-711a-4857-b770-25a3504579f1,CONTROL,6036929,96956.m4a
96959,4ac6b4b8-6f4f-4971-b4cb-b249a60d0a99,CONTROL,6032866,96959.m4a
96980,f8294c22-9dcc-4280-beb2-5e4f818c7755,PD,6032764,96980.m4a
97013,417e3de3-37c0-4696-aa7a-72464d3b7b7b,CONTROL,6035424,97013.m4a
97020,63ffe552-8143-4380-815a-b42668d44ef2,PD,6037928,97020.m4a
97036,dc22f6d0-4f10-41f5-8ffb-7bd9725805e2,PD,6033844,97036.m4a
97042,bcd61c73-932f-4e2e-8c49-c7d163e3fbaf,PD,6032699,97042.m4a
97052,7089670a-ebd8-4733-9c7d-8e442181d80f,CONTROL,6032454,97052.m4a
97054,00dc061b-8151-44cc-8eae-4d10f11a5ab6,PD,6032960,97054.m4a
97074,5252c381-5a51-4441-b78a-40ee93c638f2,CONTROL,6037648,97074.m4a
97083,f4910fb6-da07-47b1-9e80-f2af028f8e9e,PD,6037612,97083.m4a
97090,cb2ef48b-de1d-48d6-98fb-b81f36a82a65,CONTROL,6034926,97090.m4a
97092,cb2ef48b-de1d-48d6-98fb-b81f36a82a65,CONTROL,6036400,97092.m4a
97093,8b238303-9260-4590-adf0-82a76e3590f9,CONTROL,6053997,97093.m4a
97108,4254ec6b-3a08-4baa-a909-e7737189bb06,PD,6037244,97108.m4a
97109,6bd56ca2-a9dd-4487-8ea7-b525d7c839f2,PD,6035314,97109.m4a
97111,e4530d2a-138a-4037-9e4e-32f715175556,PD,6033700,97111.m4a
97116,c4fa3b2c-1fd0-4ccb-92af-3309ca9fb99d,CONTROL,6032434,97116.m4a
97142,e7045566-3b35-4466-9328-d98e6798d6c2,PD,6032895,97142.m4a
97145,6f615077-303b-49b2-8a44-daa947527b25,CONTROL,6035366,97145.m4a
97146,6f615077-303b-49b2-8a44-daa947527b25,CONTROL,6035410,97146.m4a
97147,53e69a28-ff70-4c9f-8d49-d66ffe4bf9e3,CONTROL,6032142,97147.m4a
97153,bedb1d7c-f3a7-4901-a9e4-4db1b26387c5,PD,6032819,97153.m4a
97163,d7d6f17b-3fb3-43c0-af64-65203eac196f,CONTROL,6035016,97163.m4a
97176,8fdfea83-8cc8-4c1b-b581-0f125faab209,CONTROL,6036806,97176.m4a
97183,ef4587be-fdf8-4198-bb20-0c67c58187a5,PD,6035870,97183.m4a
97197,8baf61c8-1ad8-44e0-86c0-f29c6d564cb5,PD,6039090,97197.m4a
97198,0eb60c3c-52ee-483a-b48d-4c6d0b412e0e,PD,6037411,97198.m4a
97200,4d58a217-142b-4829-9b31-c75669e6b636,PD,6037552,97200.m4a
97202,4d58a217-142b-4829-9b31-c75669e6b636,PD,6036522,97202.m4a
97214,40133d6e-3029-4f2d-8cc0-e1685677a56a,PD,6035752,97214.m4a
97215,40133d6e-3029-4f2d-8cc0-e1685677a56a,PD,6034480,97215.m4a
97217,40133d6e-3029-4f2d-8cc0-e1685677a56a,PD,6035720,97217.m4a
97219,c4a2904e-2e5f-4fb4-9890-7e5c66d2fa7d,PD,6033855,97219.m4a
97231,c61451a4-39ec-4ec7-a63f-dbe9e236ac22,PD,6036667,97231.m4a
97233,916b304f-2392-4134-9f2d-0bad3fde3173,PD,6037140,97233.m4a
97273,05d4e71a-c792-4549-8ec7-6a7dc355a1bd,PD,6035693,97273.m4a
97282,e8bbbf39-3b34-4da9-96e2-d1a485c9f018,PD,6033420,97282.m4a
97294,faa157d8-f37e-49aa-8d49-a431a67b2496,PD,6033379,97294.m4a
97304,f10cf59f-dd0e-44a1-b4d1-c3d017d37c9a,CONTROL,6033743,97304.m4a
97311,325f3e23-408e-47bf-b8d1-6a9bcbfeec97,PD,6035568,97311.m4a
97327,7c7283c6-8bd1-4112-bab2-7d3e05bef338,PD,6034384,97327.m4a
97330,4d0cea00-2998-4602-a863-20d6a2bacc76,CONTROL,6034291,97330.m4a
97338,f9459a12-7fef-455e-adc8-00b91e8d08ee,CONTROL,6036560,97338.m4a
97350,203d71b5-c9c0-4e1e-8c2d-01a42ed41e18,PD,6036347,97350.m4a
97354,66da555a-c871-491f-a70a-737e30497f2a,CONTROL,6036096,97354.m4a
97361,7808370a-fa5a-4383-919c-f5d9ae45165a,CONTROL,6034153,97361.m4a
97403,4a650fe2-15f0-416d-8493-c7dc50fe265c,PD,6042350,97403.m4a
97411,3c39f3d6-fd3f-469d-8594-9e30ec0b658b,PD,6039448,97411.m4a
97412,3c39f3d6-fd3f-469d-8594-9e30ec0b658b,PD,6041969,97412.m4a
97414,6d0c10f2-c149-4993-901d-270a275476a2,PD,6041737,97414.m4a
97417,0b95e050-a6d1-433c-80d6-1573a9457da0,PD,6040151,97417.m4a
97421,372ac229-b3a9-44e2-adef-e4300439c266,CONTROL,6039651,97421.m4a
97424,50d10d50-d0af-4e1d-a85d-92cbf6f6fe96,PD,6041111,97424.m4a
97435,6b648dee-0f5e-46b2-b5a4-7b8553b78a89,PD,6044278,97435.m4a
97437,6b648dee-0f5e-46b2-b5a4-7b8553b78a89,PD,6038810,97437.m4a
97439,42f0005a-eeca-4d2f-ab23-abbcbe527835,PD,6044224,97439.m4a
97459,8baf61c8-1ad8-44e0-86c0-f29c6d564cb5,PD,6038289,97459.m4a
97460,edf93c00-9d57-4c58-ab0d-360bf0036dd4,CONTROL,6038809,97460.m4a
97463,568cb98f-e68a-45d7-adef-8e4f37e39c01,PD,6041831,97463.m4a
97469,877f8fcf-4491-42f0-883b-f2e4e0a32854,PD,6042991,97469.m4a
97471,877f8fcf-4491-42f0-883b-f2e4e0a32854,PD,6042957,97471.m4a
97489,06c5fa7d-f00b-48a6-9997-1e7b2072eee8,CONTROL,6040456,97489.m4a
97499,bda58cbf-a773-487d-bbc4-2fe367e0fcc2,PD,6040619,97499.m4a
97503,5855abea-960d-4476-aa18-1b66fc381709,PD,6039167,97503.m4a
97516,cca0e761-68e4-4131-826c-9cc4883cc4de,PD,6040186,97516.m4a
97554,29c8abac-d7e7-468a-852b-1199c4b8117d,PD,6043902,97554.m4a
97558,bae1bf32-94bf-42a7-96d0-ee23fd98245e,CONTROL,6040823,97558.m4a
97561,36ad38f2-eeb7-4913-9f4d-adb20e53bede,PD,6040403,97561.m4a
97582,986be64c-da1f-487e-98fc-f20437e530c6,PD,6039451,97582.m4a
97585,9fea83b8-b0b9-46c4-87ff-ec326d7f5448,CONTROL,6039079,97585.m4a
97586,add935aa-6172-4db1-bad5-56eb3c20fb76,PD,6041484,97586.m4a
97587,9fea83b8-b0b9-46c4-87ff-ec326d7f5448,CONTROL,6041086,97587.m4a
97589,e697c56e-1b27-4d60-a346-8d8407c1601c,PD,6042741,97589.m4a
97590,226b2665-85a8-451f-8dc4-f0eb1bf58808,CONTROL,6039373,97590.m4a
97605,5751a256-35f0-4950-994e-cd7ce66572b9,CONTROL,6042651,97605.m4a
97630,232cdb63-b154-4db1-9119-2eb2e10daa57,CONTROL,6043920,97630.m4a
97640,ee8b1690-4c96-4f09-9a7b-946911bdcf67,PD,6039414,97640.m4a
97645,d76a9c97-f3e3-4da6-aa2b-e04b01878f10,PD,6038432,97645.m4a
97664,8c1cecda-0d34-4602-95ad-ed1ee8de53cf,PD,6038301,97664.m4a
97665,8c1cecda-0d34-4602-95ad-ed1ee8de53cf,PD,6041986,97665.m4a
97668,62f144e0-1c71-4e9b-9962-35d761820e0f,CONTROL,6042686,97668.m4a
97675,4bd8b493-1398-4892-916a-9fccd94d477b,PD,6039610,97675.m4a
97680,6c130d05-41af-49e9-9212-aaae738d3ec1,PD,6044239,97680.m4a
97683,62f144e0-1c71-4e9b-9962-35d761820e0f,CONTROL,6044208,97683.m4a
97688,8ce923e3-a1c5-4f1e-be17-69b2cd9f0e50,PD,6038319,97688.m4a
97690,e94c31de-7885-492c-9156-293ae15a5841,CONTROL,6038288,97690.m4a
97691,c39a22b7-f3f6-402e-810a-44b055389167,CONTROL,6043810,97691.m4a
97694,f369c8cf-3be9-493e-a62d-2b6fc2fa9616,PD,6038791,97694.m4a
97702,528f76d0-9196-4b09-b61e-f7af2164ca35,PD,6041410,97702.m4a
97706,568cb98f-e68a-45d7-adef-8e4f37e39c01,PD,6039194,97706.m4a
97744,483e75b7-596d-455a-855e-4103bb341c85,PD,6042627,97744.m4a
97745,8c1ac6f7-1fe5-4d89-b2ba-2613639d2f33,PD,6038328,97745.m4a
97746,8c1ac6f7-1fe5-4d89-b2ba-2613639d2f33,PD,6042020,97746.m4a
97747,8c1ac6f7-1fe5-4d89-b2ba-2613639d2f33,PD,6040309,97747.m4a
97749,0e9d4a21-2d8a-4d83-85f9-5c5167576396,CONTROL,5544054,97749.m4a
97755,adb6be8a-b564-4361-8864-a80a54d99757,CONTROL,6042235,97755.m4a
97770,3ca6b81d-22d7-44e9-b4bd-4c833b4396ce,PD,6040328,97770.m4a
97783,41768622-94fa-4f50-adff-240e336dc819,CONTROL,6040392,97783.m4a
97787,f059b3a3-74af-417b-a95a-499ad1512863,PD,5471346,97787.m4a
97806,22a5aeef-47d9-41e0-a90a-45d807bbc02d,PD,6040760,97806.m4a
97813,dc22f6d0-4f10-41f5-8ffb-7bd9725805e2,PD,6043045,97813.m4a
97827,f4e2737f-3cde-4c47-9394-69de89fadc84,CONTROL,6039328,97827.m4a
97841,b2c6a6ec-e867-4dbb-bf42-8dd7fb2a088d,PD,6038679,97841.m4a
97850,42f0005a-eeca-4d2f-ab23-abbcbe527835,PD,6044409,97850.m4a
97859,287cbee1-c39b-4139-93a3-857b1d4def2a,CONTROL,6043872,97859.m4a
97885,6d7d3dc1-89ae-4f5a-893e-2ae77474e58c,CONTROL,6040551,97885.m4a
97888,34e2480b-3454-458b-86b0-47e176741b60,CONTROL,6041118,97888.m4a
97899,aeaddf6d-0d86-4b41-afbd-78e65fa31635,PD,6038935,97899.m4a
97901,67258105-115d-42aa-af10-fabaf10b462c,PD,6040242,97901.m4a
97913,528f76d0-9196-4b09-b61e-f7af2164ca35,PD,6040576,97913.m4a
97914,47d83366-db6c-46ca-b904-fcee302e72d8,PD,6039246,97914.m4a
97915,47d83366-db6c-46ca-b904-fcee302e72d8,PD,6038321,97915.m4a
97918,9aa82c7c-cda6-4ffa-aa78-614bc534239b,CONTROL,6044108,97918.m4a
97920,9aa82c7c-cda6-4ffa-aa78-614bc534239b,CONTROL,6042181,97920.m4a
97922,bab5ca20-f718-49df-8918-e824b6720bcf,PD,6039939,97922.m4a
97925,ac7c3961-9268-42b7-aeb7-fc4c49c7a6bb,PD,6040594,97925.m4a
97930,dc600bb6-ad90-42ee-99ee-d665ab1a62ba,PD,6040471,97930.m4a
97947,d2e325c5-19df-49a7-82cf-2bb65c790ee6,CONTROL,6040078,97947.m4a
97948,d2e325c5-19df-49a7-82cf-2bb65c790ee6,CONTROL,5892913,97948.m4a
97950,cbcbdf73-e3ee-48b1-a2e8-80ee5d37b722,CONTROL,6040362,97950.m4a
97962,c9fe2198-6dd6-4f22-9b03-4be3f4343864,PD,6040671,97962.m4a
97967,eb7eede9-58ee-411e-92cc-3fdec74bc7b0,PD,6041239,97967.m4a
97968,eb7eede9-58ee-411e-92cc-3fdec74bc7b0,PD,6043629,97968.m4a
97979,203d71b5-c9c0-4e1e-8c2d-01a42ed41e18,PD,6041666,97979.m4a
98002,13b715e3-bbb5-47ae-afd0-8653536836b9,PD,6049264,98002.m4a
98007,48f65ce7-091f-4179-b1a2-b36ec2fce6db,PD,6050199,98007.m4a
98009,6bd56ca2-a9dd-4487-8ea7-b525d7c839f2,PD,6046834,98009.m4a
98010,ec5dd8db-c41e-4879-8bfb-c26eacc64f42,PD,6045094,98010.m4a
98027,bda58cbf-a773-487d-bbc4-2fe367e0fcc2,PD,6047354,98027.m4a
98028,dc22f6d0-4f10-41f5-8ffb-7bd9725805e2,PD,6047812,98028.m4a
98030,f8294c22-9dcc-4280-beb2-5e4f818c7755,PD,6049525,98030.m4a
98063,19968a5c-89e8-426f-95f0-7e5c7fcdb27a,CONTROL,6049688,98063.m4a
98071,c466b93e-623c-48ba-9906-8dd2a71b1d8a,PD,6046216,98071.m4a
98079,61e223ac-4657-48b8-89b0-d37df5c85d39,PD,6047890,98079.m4a
98082,4af88fc9-aa5f-400b-a8b3-e2989bfc70cc,PD,6047075,98082.m4a
98090,d81ab8b8-fbcc-428f-ba38-a185fa8365ec,PD,6045577,98090.m4a
98117,e09690c1-069c-4403-a74c-91c815ae6fe3,PD,6045278,98117.m4a
98120,98b8edc2-248b-4bda-b47a-42a966c064b0,PD,6045025,98120.m4a
98122,98b8edc2-248b-4bda-b47a-42a966c064b0,PD,6048176,98122.m4a
98127,3a5e8217-042b-419c-a4c0-682c15de975a,PD,6046081,98127.m4a
98147,5d4dafaf-7161-43d7-b7da-59dfd905c51e,PD,6049526,98147.m4a
98172,8999fd18-69d6-4228-8856-d3f5cbea3140,CONTROL,6046199,98172.m4a
98173,8999fd18-69d6-4228-8856-d3f5cbea3140,CONTROL,6047532,98173.m4a
98174,b4a25411-d2e3-42b0-920f-a543f3bb0227,PD,6046583,98174.m4a
98183,dc037cec-4e6b-4f71-8bf7-cd7fc322edd2,PD,6045649,98183.m4a
98190,c9fe2198-6dd6-4f22-9b03-4be3f4343864,PD,6049149,98190.m4a
98193,5f2ddd28-2506-43fb-8863-d9b521cb163e,PD,6047567,98193.m4a
98220,3070acf0-23ab-40c5-8afc-ba869e122c00,PD,5830948,98220.m4a
98221,ee34d304-fd0a-4516-8547-347d44ce6fb4,CONTROL,6048786,98221.m4a
98249,bf5e4f56-33b1-4f68-a52a-3ad1d583c01d,PD,6045911,98249.m4a
98250,adb6be8a-b564-4361-8864-a80a54d99757,CONTROL,6045164,98250.m4a
98266,43294479-32e0-4589-92ee-269b36a70e46,PD,6047517,98266.m4a
98273,cf86e1eb-d76e-4c02-aebe-a8a85693eb0f,PD,6050047,98273.m4a
98274,cd769996-6281-44b2-b36b-f0eeb94fa0a5,PD,6050548,98274.m4a
98282,f6970910-b7b9-4152-a366-36d72c98fe2c,CONTROL,6044784,98282.m4a
98289,e89d35b9-9000-4432-8307-c518320d92f0,PD,6045844,98289.m4a
98293,42f0005a-eeca-4d2f-ab23-abbcbe527835,PD,6046662,98293.m4a
98294,ff215aa0-548c-4055-9022-6cdcaaca4efa,CONTROL,6048654,98294.m4a
98295,c03f7785-d690-400f-b558-a27380341d53,PD,6050778,98295.m4a
98299,ff215aa0-548c-4055-9022-6cdcaaca4efa,CONTROL,6044839,98299.m4a
98303,3a6808d4-75dc-4214-b8ef-da2c4c96d9fb,CONTROL,6048178,98303.m4a
98305,f86ae25b-7d8e-44f9-9713-cd00331fb6da,CONTROL,6049739,98305.m4a
98307,bcd61c73-932f-4e2e-8c49-c7d163e3fbaf,PD,6049175,98307.m4a
98314,8210648a-6785-4894-ac94-91b665424200,CONTROL,6048053,98314.m4a
98317,5d1d61c3-9942-4ccd-b65b-b27dc43887b1,PD,6048903,98317.m4a
98321,25524235-269f-4138-8340-38bb08c95a43,CONTROL,6048431,98321.m4a
98340,4c2add47-c85d-4b61-bdba-a9d0fc7cb314,PD,6046270,98340.m4a
98343,1137bf6f-92b4-426f-acd5-87fcaacee4c1,PD,6046942,98343.m4a
98354,d73795f0-1414-4473-8bd7-d20e4197e0e6,PD,6048624,98354.m4a
98394,9ee94d29-09f8-4488-a556-3d70ce04a72d,PD,6046421,98394.m4a
98406,341a5dcf-b67a-4008-9026-aae1398418b5,CONTROL,6050600,98406.m4a
98414,5e5e1d18-94ef-451f-98cb-10dd33dd1ce5,PD,6045307,98414.m4a
98430,fe0a1b87-77e8-41b2-9b71-3bd0955b7623,CONTROL,6047773,98430.m4a
98431,03041167-d8fe-4c6b-a4ab-9e8b5fad96c7,PD,6050594,98431.m4a
98432,4c474e45-353b-4685-9d62-9b3f505f5e7c,PD,6046079,98432.m4a
98435,937682c3-93f8-4c5f-bf6d-2563389b9145,PD,6047764,98435.m4a
98443,d30caa3b-06d9-4d36-8412-f99124083b60,PD,6047586,98443.m4a
98445,d81ab8b8-fbcc-428f-ba38-a185fa8365ec,PD,6047505,98445.m4a
98449,4f694e5b-e4f9-4b70-98e2-2ac426d09b4a,CONTROL,6044806,98449.m4a
98452,1c10a5d2-ebff-4d88-b54d-5aef49de4b6e,PD,6045746,98452.m4a
98467,53fc50e0-d63f-4767-8c80-b07a2d938d4c,CONTROL,6046496,98467.m4a
98476,bedb1d7c-f3a7-4901-a9e4-4db1b26387c5,PD,6047047,98476.m4a
98483,8a710464-1d51-40a3-a435-588ee971509b,CONTROL,6050243,98483.m4a
98486,8a710464-1d51-40a3-a435-588ee971509b,CONTROL,6046898,98486.m4a
98488,edfab0c7-6bd1-424e-b459-6417c5a726fe,PD,6047199,98488.m4a
98493,2b938bfa-331b-4919-a820-97962281b409,CONTROL,6048545,98493.m4a
98502,23d0badb-95c2-4ec0-b85b-15c2929421a6,PD,6046516,98502.m4a
98518,5a9256ec-68a6-4d3d-9814-544f3e49e15a,CONTROL,6050925,98518.m4a
98529,aeaddf6d-0d86-4b41-afbd-78e65fa31635,PD,6047045,98529.m4a
98534,d3f261e7-20b4-4f55-9216-dfa9a40032f8,CONTROL,6049521,98534.m4a
98535,d3f261e7-20b4-4f55-9216-dfa9a40032f8,CONTROL,6049990,98535.m4a
98549,8543d9a7-4259-49ec-9146-f2f513e35e5b,PD,6049856,98549.m4a
98550,8543d9a7-4259-49ec-9146-f2f513e35e5b,PD,6050078,98550.m4a
98554,528f76d0-9196-4b09-b61e-f7af2164ca35,PD,6048562,98554.m4a
98557,c4a83e44-8d35-44ac-a84b-a9c2bdd2df47,CONTROL,6049591,98557.m4a
98558,8ab14817-d7df-4452-af87-23795ee85434,PD,6048509,98558.m4a
98576,22a5aeef-47d9-41e0-a90a-45d807bbc02d,PD,6045484,98576.m4a
98577,22a5aeef-47d9-41e0-a90a-45d807bbc02d,PD,6048948,98577.m4a
98581,ea0252eb-1817-4335-9d07-346ecdc54a84,PD,6047471,98581.m4a
98613,913b66f5-0666-4ccc-bf95-c9f6e0d60066,PD,6046722,98613.m4a
98617,aaec8c0f-4ef7-4f52-98e1-c9cde58ab5e5,PD,6046788,98617.m4a
98620,b45c6456-396a-47bc-b178-918bb0261927,PD,6049237,98620.m4a
98625,241670d1-1dff-4ff4-bbe2-d3c8b7024ddf,PD,6047898,98625.m4a
98629,1447e829-cd53-4498-a9eb-833c2f791d13,PD,6045352,98629.m4a
98636,203d71b5-c9c0-4e1e-8c2d-01a42ed41e18,PD,6047963,98636.m4a
98646,8ab14817-d7df-4452-af87-23795ee85434,PD,6048079,98646.m4a
98651,5a070414-5a89-4dc1-9c18-6e328c3324c4,CONTROL,6046295,98651.m4a
98652,5a070414-5a89-4dc1-9c18-6e328c3324c4,CONTROL,6050804,98652.m4a
98659,528f76d0-9196-4b09-b61e-f7af2164ca35,PD,6052510,98659.m4a
98670,48f65ce7-091f-4179-b1a2-b36ec2fce6db,PD,6052799,98670.m4a
98689,5863cea7-ec16-44a1-80a7-785e652cea4d,PD,6053252,98689.m4a
98696,3bbd7889-bb88-4615-b707-3e5363f16edf,PD,6054582,98696.m4a
98699,9feb2176-5d59-49c7-a895-c14c8e0be17e,PD,6056416,98699.m4a
98703,c928b1c8-3e0a-4338-9f3a-78e9e34a6a20,CONTROL,6053145,98703.m4a
98705,c928b1c8-3e0a-4338-9f3a-78e9e34a6a20,CONTROL,6054225,98705.m4a
98711,c03f7785-d690-400f-b558-a27380341d53,PD,6056539,98711.m4a
98719,be1c514d-40e8-44f8-ac33-5cb2a647f02d,PD,6053004,98719.m4a
98723,bca66a7c-4277-45ed-aa81-15ac73bfb554,PD,6054822,98723.m4a
98724,bca66a7c-4277-45ed-aa81-15ac73bfb554,PD,6055273,98724.m4a
98733,d644ad57-f62d-4b6a-b387-2c5aabbb4ba7,PD,6054875,98733.m4a
98770,3070acf0-23ab-40c5-8afc-ba869e122c00,PD,5835622,98770.m4a
98781,48d5372b-379c-495b-b082-0ac208f22bf0,CONTROL,6055083,98781.m4a
98782,48d5372b-379c-495b-b082-0ac208f22bf0,CONTROL,6052608,98782.m4a
98797,d059696f-0355-47ff-95c0-08c106cd9a72,CONTROL,6052585,98797.m4a
98801,863ddb69-fb81-4e17-8273-845c5aaa2fb6,PD,6055836,98801.m4a
98824,4c474e45-353b-4685-9d62-9b3f505f5e7c,PD,6055093,98824.m4a
98832,d1858312-aeba-416d-b4c4-4ae13449b6a0,CONTROL,6052342,98832.m4a
98863,d0072c83-8e2c-4131-9cc8-a38d0af0b7f3,PD,6056573,98863.m4a
98872,a38c48a0-0ab7-46fe-80c8-6cc55d9b8bbf,PD,6055469,98872.m4a
98881,33ea54fc-e754-4dda-a54c-234cab5cf08e,CONTROL,6051168,98881.m4a
98893,0fb2371f-2456-430e-a9a4-f0cfba39ae30,PD,6051612,98893.m4a
98895,8c1ac6f7-1fe5-4d89-b2ba-2613639d2f33,PD,6051873,98895.m4a
98896,8c1ac6f7-1fe5-4d89-b2ba-2613639d2f33,PD,6052697,98896.m4a
98900,7fb7afc9-b006-4a44-99dc-409ba90d3fe8,CONTROL,6054205,98900.m4a
98906,317afd78-4ce7-42bc-99e9-0011b3b3e5b2,PD,6057210,98906.m4a
98919,8ce923e3-a1c5-4f1e-be17-69b2cd9f0e50,PD,6056963,98919.m4a
98922,20b7b674-39e1-4a73-b4a8-8d9da92cbb93,CONTROL,6052798,98922.m4a
98942,42f0005a-eeca-4d2f-ab23-abbcbe527835,PD,6052069,98942.m4a
98944,78b70755-13ef-45fc-9f1f-e5f546a2d7ab,CONTROL,6051916,98944.m4a
98946,dc037cec-4e6b-4f71-8bf7-cd7fc322edd2,PD,6062879,98946.m4a
98964,df931327-93d2-4fa0-99a5-9eab3cfa9eeb,PD,6056719,98964.m4a
98966,f26e1ed8-fe2e-4b3d-b58e-f9154c4ec4cd,PD,6056192,98966.m4a
98969,00dc061b-8151-44cc-8eae-4d10f11a5ab6,PD,6051271,98969.m4a
98972,ac7c3961-9268-42b7-aeb7-fc4c49c7a6bb,PD,6054180,98972.m4a
98977,e174830e-6140-4bc8-b226-169de69fea34,CONTROL,6056237,98977.m4a
98978,42f0005a-eeca-4d2f-ab23-abbcbe527835,PD,6053074,98978.m4a
98990,d73795f0-1414-4473-8bd7-d20e4197e0e6,PD,6054536,98990.m4a
98993,8355ff33-b52f-4667-a2f9-09737395e37d,PD,6053836,98993.m4a
98995,d81ab8b8-fbcc-428f-ba38-a185fa8365ec,PD,6055237,98995.m4a
98998,c22f5fd4-ac1c-4547-be21-a2aeb21d1254,CONTROL,6055973,98998.m4a
99000,e697c56e-1b27-4d60-a346-8d8407c1601c,PD,6052325,99000.m4a
99002,bcd61c73-932f-4e2e-8c49-c7d163e3fbaf,PD,6051861,99002.m4a
99013,ea55dfee-2f5e-4e35-a857-750d35feb494,CONTROL,6051722,99013.m4a
99025,42f0005a-eeca-4d2f-ab23-abbcbe527835,PD,6052197,99025.m4a
99048,04310c3e-7085-4ee8-91d8-fa2d28e4998b,CONTROL,6055777,99048.m4a
99064,843794e6-8c09-4afe-b833-7f8cc30ab90e,CONTROL,6056698,99064.m4a
99073,31fdf980-2e42-4351-a2fe-673ba4a147a8,CONTROL,6057012,99073.m4a
99074,2a4266f3-9425-4283-8a1d-d90b4731abfb,CONTROL,6051561,99074.m4a
99075,31fdf980-2e42-4351-a2fe-673ba4a147a8,CONTROL,6054091,99075.m4a
99076,2a4266f3-9425-4283-8a1d-d90b4731abfb,CONTROL,6052173,99076.m4a
99080,c4a2904e-2e5f-4fb4-9890-7e5c66d2fa7d,PD,6054483,99080.m4a
99095,192b7d20-a887-449b-9c5a-ff6a8b105154,CONTROL,6051712,99095.m4a
99097,cd690974-a441-45ea-8728-f873eda18840,CONTROL,6053206,99097.m4a
99099,cd690974-a441-45ea-8728-f873eda18840,CONTROL,6054644,99099.m4a
99102,cf86e1eb-d76e-4c02-aebe-a8a85693eb0f,PD,5441517,99102.m4a
99105,fa735991-ec53-4763-9fa1-2fb499e3efcb,PD,6051147,99105.m4a
99108,fa735991-ec53-4763-9fa1-2fb499e3efcb,PD,6051143,99108.m4a
99116,d3dc7b34-4f48-4b06-bce5-78948cdeec4f,PD,6054882,99116.m4a
99118,203d71b5-c9c0-4e1e-8c2d-01a42ed41e18,PD,6057154,99118.m4a
99120,4995b205-2c38-429f-aa29-348007e61c4e,CONTROL,6052103,99120.m4a
99142,3f997724-f0e4-4a31-9ef7-57bbb8cf3188,PD,6053873,99142.m4a
99144,3c7c03cf-39d5-41ee-978d-e01c60375834,PD,6055460,99144.m4a
99147,67258105-115d-42aa-af10-fabaf10b462c,PD,6055568,99147.m4a
99154,3c7c03cf-39d5-41ee-978d-e01c60375834,PD,6056861,99154.m4a
99160,2947bc95-102e-4255-8d70-53a0d10f9b9f,PD,6062493,99160.m4a
99165,530bc9ed-d545-4252-9660-2ce2f916a9bd,PD,6055753,99165.m4a
99166,9e9bae83-ec77-473f-94a7-1a8dd8b9669b,CONTROL,6056214,99166.m4a
99191,75451368-44de-44e0-9a24-f1c765ce2bf6,CONTROL,6055539,99191.m4a
99193,1e5a92b9-37fa-4351-b5c5-28964fb42f7c,PD,6051399,99193.m4a
99196,48507a7c-dff7-4db0-9558-a27b30e11aa9,PD,6054187,99196.m4a
99199,48507a7c-dff7-4db0-9558-a27b30e11aa9,PD,6055785,99199.m4a
99200,75451368-44de-44e0-9a24-f1c765ce2bf6,CONTROL,6055625,99200.m4a
99211,bab5ca20-f718-49df-8918-e824b6720bcf,PD,6057611,99211.m4a
99214,1e5a92b9-37fa-4351-b5c5-28964fb42f7c,PD,6056269,99214.m4a
99220,207eeadb-fb42-4a6c-9c2f-b0189d72b74b,CONTROL,6054601,99220.m4a
99221,207eeadb-fb42-4a6c-9c2f-b0189d72b74b,CONTROL,6053774,99221.m4a
99223,9af869f8-7cda-4f0b-83ea-b77b9c12838a,PD,6057458,99223.m4a
99229,568cb98f-e68a-45d7-adef-8e4f37e39c01,PD,6052108,99229.m4a
99248,22e9a983-109c-49b9-892c-23f489852a57,PD,6051782,99248.m4a
99249,843fe794-8024-40bb-b2e0-3b8aad39b45a,CONTROL,6054080,99249.m4a
99251,2f59d408-6513-4d04-b8d3-3a3d68d31880,CONTROL,6055875,99251.m4a
99257,32659e69-6649-4290-95d4-b263576982fc,CONTROL,6056388,99257.m4a
99258,32659e69-6649-4290-95d4-b263576982fc,CONTROL,6056387,99258.m4a
99296,9f1cbba8-5665-42df-a05c-d866cb3cfe46,PD,6056392,99296.m4a
99297,afebcbd7-411b-4f0f-8db1-ea542af2c94f,PD,6053286,99297.m4a
99298,afebcbd7-411b-4f0f-8db1-ea542af2c94f,PD,6052267,99298.m4a
99299,afebcbd7-411b-4f0f-8db1-ea542af2c94f,PD,6055618,99299.m4a
99302,84cdec84-5148-47d3-822d-b829ef24d11f,PD,6054156,99302.m4a
99303,84cdec84-5148-47d3-822d-b829ef24d11f,PD,6054556,99303.m4a
99312,d7caa046-79f4-461c-b6ae-e9cf5654d5d4,PD,6056080,99312.m4a
99319,36ad38f2-eeb7-4913-9f4d-adb20e53bede,PD,6053906,99319.m4a
99321,724fcf9a-bc00-440f-b2ba-0a9f6ea7a719,PD,6051670,99321.m4a
99326,528f76d0-9196-4b09-b61e-f7af2164ca35,PD,6056667,99326.m4a
99328,528f76d0-9196-4b09-b61e-f7af2164ca35,PD,6051408,99328.m4a
99341,133ea6ff-40f4-4476-907e-f0d4170266ce,PD,6060587,99341.m4a
99350,83c7de09-2ed3-409b-abdb-fc75750d10fe,PD,6058913,99350.m4a
99386,6bd56ca2-a9dd-4487-8ea7-b525d7c839f2,PD,6058835,99386.m4a
99401,568cb98f-e68a-45d7-adef-8e4f37e39c01,PD,6060972,99401.m4a
99419,3bbd7889-bb88-4615-b707-3e5363f16edf,PD,6058311,99419.m4a
99424,93479e6b-3181-454d-9144-b1b844390c82,PD,6061520,99424.m4a
99439,d0072c83-8e2c-4131-9cc8-a38d0af0b7f3,PD,6062167,99439.m4a
99448,8745e5f5-648b-4d46-bc7d-045fa6e2d628,PD,6058023,99448.m4a
99449,6244be74-6f9b-4b01-9558-b169192bae63,PD,6062052,99449.m4a
99453,ae034992-0aec-4f8b-bef0-21a06e335615,PD,6058683,99453.m4a
99468,33ea54fc-e754-4dda-a54c-234cab5cf08e,CONTROL,6058660,99468.m4a
99470,a07c589a-e016-4c98-970c-53dd52d696d2,PD,6061616,99470.m4a
99474,edfab0c7-6bd1-424e-b459-6417c5a726fe,PD,6061664,99474.m4a
99476,bd28bef2-15a9-4d7c-b517-208bac714e3b,CONTROL,6059594,99476.m4a
99480,493aecf6-dab8-48e8-a705-90c285dd3344,PD,6060625,99480.m4a
99500,51faeedb-bc76-4fe8-9d6e-5bf43b484a94,PD,6062742,99500.m4a
99510,4c474e45-353b-4685-9d62-9b3f505f5e7c,PD,6058629,99510.m4a
99525,bcd61c73-932f-4e2e-8c49-c7d163e3fbaf,PD,6062496,99525.m4a
99529,0d4168eb-bac3-4f10-b8cb-785fd3349a47,CONTROL,6063223,99529.m4a
99538,417e3de3-37c0-4696-aa7a-72464d3b7b7b,CONTROL,6058507,99538.m4a
99546,1e5a92b9-37fa-4351-b5c5-28964fb42f7c,PD,6059404,99546.m4a
99550,d644ad57-f62d-4b6a-b387-2c5aabbb4ba7,PD,6058108,99550.m4a
99559,d5c5e4de-36b4-45d6-9e41-c8e835d78b04,CONTROL,6059350,99559.m4a
99571,00dc061b-8151-44cc-8eae-4d10f11a5ab6,PD,6061823,99571.m4a
99580,22679905-a6cd-40b6-875c-941681580f88,CONTROL,6058993,99580.m4a
99582,22679905-a6cd-40b6-875c-941681580f88,CONTROL,6062457,99582.m4a
99586,8c053b0c-8e06-4f23-a138-56df32752289,PD,6058742,99586.m4a
99591,8c053b0c-8e06-4f23-a138-56df32752289,PD,6062903,99591.m4a
99592,8c053b0c-8e06-4f23-a138-56df32752289,PD,6060048,99592.m4a
99596,c4a2904e-2e5f-4fb4-9890-7e5c66d2fa7d,PD,6062213,99596.m4a
99606,647b619b-64bd-4336-890e-0a9b43476b7c,PD,6059774,99606.m4a
99633,4bd8b493-1398-4892-916a-9fccd94d477b,PD,6061452,99633.m4a
99636,bd28bef2-15a9-4d7c-b517-208bac714e3b,CONTROL,6060385,99636.m4a
99637,1e5a92b9-37fa-4351-b5c5-28964fb42f7c,PD,6058254,99637.m4a
99640,9890f772-3284-4aee-8528-ea3ce982d3ac,CONTROL,6063937,99640.m4a
99644,917259c8-a3a5-41dd-bb64-f3b0579095ad,CONTROL,6059914,99644.m4a
99646,917259c8-a3a5-41dd-bb64-f3b0579095ad,CONTROL,6062915,99646.m4a
99652,6628a85e-6cb3-4c7e-b266-4da1c85e2bf8,CONTROL,6059830,99652.m4a
99653,6628a85e-6cb3-4c7e-b266-4da1c85e2bf8,CONTROL,6060713,99653.m4a
99674,549e0f48-4f8c-41be-9912-d85c709bdbdf,PD,6062689,99674.m4a
99686,de61ada8-ff6b-4b0e-a11b-cd9f7a5d721b,PD,6058402,99686.m4a
99688,df931327-93d2-4fa0-99a5-9eab3cfa9eeb,PD,6064289,99688.m4a
99689,b2c6a6ec-e867-4dbb-bf42-8dd7fb2a088d,PD,6059590,99689.m4a
99699,29b4f3d2-55e4-4e56-903f-fc26e0946d3d,CONTROL,5417873,99699.m4a
99731,341a5dcf-b67a-4008-9026-aae1398418b5,CONTROL,6063199,99731.m4a
99737,05540bc2-1349-48e4-a147-cd30593015fc,CONTROL,6062739,99737.m4a
99738,a9c9dd7a-dd2d-47c5-9641-4d33e7ca59f0,CONTROL,6060903,99738.m4a
99739,efcf9116-6643-465b-8168-cbbb51fae35d,PD,6062627,99739.m4a
99744,c9b44acf-be6c-4840-844e-a50016af411f,CONTROL,6060375,99744.m4a
99750,dad8731f-fd89-47e4-9111-989b8781386c,PD,6061617,99750.m4a
99757,f195a3f1-9cbb-4296-9233-388b194b527b,PD,6059683,99757.m4a
99769,42b19e40-684f-4b68-9210-605a6378ae80,CONTROL,6061130,99769.m4a
99795,93f833d4-8df5-4c28-9308-f407abeffd07,PD,6060109,99795.m4a
99816,5c8b7a99-da07-4d4c-88c0-dc60f2dbb3d2,CONTROL,6062882,99816.m4a
99820,3bbd7889-bb88-4615-b707-3e5363f16edf,PD,6060497,99820.m4a
99821,3bbd7889-bb88-4615-b707-3e5363f16edf,PD,6061349,99821.m4a
99830,f9687dbb-7bf1-444d-afb3-9cf6e632fcf2,PD,6059987,99830.m4a
99861,185830d3-8cca-4206-afb2-a881492541c5,CONTROL,6060313,99861.m4a
99862,185830d3-8cca-4206-afb2-a881492541c5,CONTROL,6063975,99862.m4a
99885,edfab0c7-6bd1-424e-b459-6417c5a726fe,PD,6059283,99885.m4a
99892,1aefc316-5d62-4169-9a6a-1220ef406cc8,CONTROL,6059423,99892.m4a
99908,4a318f75-f290-44cf-9bb3-5080e546b13f,PD,6058190,99908.m4a
99915,1d1aa2f1-5272-4e30-9732-eb9862025a52,CONTROL,6062829,99915.m4a
99919,5f503bd6-2caa-427b-bcbd-31ab14ac8d62,CONTROL,6061035,99919.m4a
99925,325f3e23-408e-47bf-b8d1-6a9bcbfeec97,PD,6059995,99925.m4a
99927,e5465719-b5fb-4d6f-87f9-90c9b91cc1f0,CONTROL,6059105,99927.m4a
99933,66da555a-c871-491f-a70a-737e30497f2a,CONTROL,6059905,99933.m4a
99935,8d9c00f8-a62b-49d5-ac95-bb50371bfd70,CONTROL,6062905,99935.m4a
99937,8d9c00f8-a62b-49d5-ac95-bb50371bfd70,CONTROL,6059715,99937.m4a
99954,372ac229-b3a9-44e2-adef-e4300439c266,CONTROL,5442577,99954.m4a
99956,83c7de09-2ed3-409b-abdb-fc75750d10fe,PD,5427322,99956.m4a
99974,6bd56ca2-a9dd-4487-8ea7-b525d7c839f2,PD,5424971,99974.m4a
99980,277160db-93be-4254-8fb7-9a187160f8da,PD,5437949,99980.m4a
99982,0c8ec688-c888-4692-9fa1-100f2ab9f52c,PD,5423388,99982.m4a
99983,d7caa046-79f4-461c-b6ae-e9cf5654d5d4,PD,5431254,99983.m4a
99986,f26e1ed8-fe2e-4b3d-b58e-f9154c4ec4cd,PD,5434161,99986.m4a
99991,8355ff33-b52f-4667-a2f9-09737395e37d,PD,5419243,99991.m4a
99996,0ba1a93a-5432-4b98-a75d-955d2f4346ca,PD,5446681,99996.m4a
