ROW_ID,healthCode,audio_audio.m4a,label
96175,edf93c00-9d57-4c58-ab0d-360bf0036dd4,6027738,CONTROL
108365,c17abeb7-bfdb-4ddd-859e-2d336f96c7ca,5803351,PD
90125,bdd9fa25-2499-44e6-b4c8-117deb70143d,5964887,PD
136065,2ca837c8-6e74-4e1c-a14e-209edca3ad9e,5612375,PD
130069,31267c25-bffe-4f04-984a-acd95a3f4fe8,5487050,PD
129499,d0db0f05-d036-4fce-aab6-2f3ebfd68db1,5446460,CONTROL
120915,a50dfd03-6211-47ff-9d94-8026c65eed93,5564084,PD
73411,14fcb220-318d-4be1-86c4-692a9efae6ab,5403786,CONTROL
73506,a258fe21-8443-4352-8e00-ec98be6be68f,5569753,CONTROL
88972,71785e8e-1b41-47af-b88a-2e0733e14e2b,5956875,PD
118322,f165226a-61dc-4f78-9903-d42f08b24a7a,5625056,PD
117121,b8fcb66e-eec0-4034-9f2b-8e35a26a89fb,5563695,CONTROL
100229,75537f2c-b504-4f66-8b38-ed64993d92a6,5427383,CONTROL
83129,1d4cd28d-4bd5-4f4d-a540-4828796a93f2,5772258,CONTROL
82244,ad321355-0e48-4ccb-b55c-3b47331c2282,5773040,PD
128011,6b715306-8833-42b6-bc8d-407b9dbfb094,5856365,CONTROL
83302,0474a7ea-d0e4-4737-a276-4670a0f2dfc1,6082546,PD
87121,1f878533-bea3-4f49-9579-0ef835d70653,5922283,CONTROL
116702,b802e1b5-7cc0-48c3-9dfe-3d0f209cef85,5550750,CONTROL
82010,ae86f593-84a9-4aa2-a97a-60548c4e2457,5788935,CONTROL
128194,12accef6-2688-47b9-8005-c91aaec96f6f,5862958,CONTROL
74299,925e8166-6d62-42f6-abb7-dfa7f0459786,5409137,PD
78577,c61c0b78-7278-4651-8fa2-7c1429ea804c,5635844,PD
81943,fd7ff1ea-c949-4b1a-898a-cffc15174e17,5784728,CONTROL
136385,d0ae0ee1-165b-4e5a-9caa-ad8a17688445,5630216,PD
75638,1bb4fa98-e1cc-453e-9aa7-13fc1c0bfd52,5569287,CONTROL
109520,10833207-29da-4e20-82a2-8edffa4ce588,5858307,PD
75061,cda668bd-c866-4408-b3f8-3ec495eff200,5416045,CONTROL
83557,cb8b9306-5b23-44a5-b6b6-cb4d1febc678,5848620,CONTROL
87635,aa3f5115-402b-4efa-ac1d-1c009c61ff64,5909394,CONTROL
88563,77e3b8c0-9b8b-486a-b92f-6bcc420b6ba4,5943076,PD
121890,a38c48a0-0ab7-46fe-80c8-6cc55d9b8bbf,5666292,PD
98090,d81ab8b8-fbcc-428f-ba38-a185fa8365ec,6045577,PD
94694,8c1ac6f7-1fe5-4d89-b2ba-2613639d2f33,6015009,PD
106644,a8129ccb-2880-4445-9bb0-4ad1a61573ce,5766818,CONTROL
100897,cb3fafc6-b4d3-479b-8a2d-f5f037b96420,5456503,PD
72710,e4c04f6b-8260-42e1-b5af-8a45535c135c,5408509,CONTROL
89805,a348996c-2256-43b7-80b1-a2a9bd6fba5b,5956747,PD
81098,b9ccd441-08fe-4e0c-9d84-cf8e5728d6d5,5743061,PD
106466,f074b3b0-5821-4a2b-b090-8afbcf02fa91,5753816,CONTROL
88525,30844e30-6408-4ae5-aadd-a458ad398c9e,5929462,CONTROL
114246,c526b666-a64c-44b9-8b58-6769213ff9f9,5952641,PD
75956,9dd03448-3e5a-4e0f-8bdc-60c25926bab3,5427939,CONTROL
104315,5e18a646-1884-4f05-994d-50d7b890271b,5667494,PD
111992,873c1263-d757-4dbf-9b48-facf75ab003e,5907886,CONTROL
76843,e4307a27-1341-4bf2-b6ab-a3a1052396af,5413955,PD
89795,776122cd-333b-400a-af9d-39771b26fa4d,5960800,PD
113954,668766f9-7922-47f8-8f88-c40451851220,5945537,PD
75799,c52568e5-916e-472a-9606-41ca7c0648e0,5527908,PD
106011,30420b73-44e0-4c3b-a6a4-afff7f008aa8,5742144,PD
90398,9feb2176-5d59-49c7-a895-c14c8e0be17e,5972693,PD
81912,c578d637-05f5-4b5b-9fc4-3b1d662a989e,5811810,CONTROL
113359,aae2ab26-754f-49fa-bcf0-bd403bc9d548,5934558,PD
113101,918e2896-c619-4daa-b904-89876ad77d06,5932509,CONTROL
120726,8beab5c6-6067-4c47-b655-1901f5a534a8,5576362,PD
80433,5e936ca1-9865-4b3a-a9f3-6de4591eb474,5816013,CONTROL
108346,54e7560b-8dde-4dfe-b8ae-06f82a5555e2,5805474,PD
92127,751b016e-6292-438e-9914-73fb241f5ae0,5989444,CONTROL
120402,4a737487-88d4-4c11-8bfe-d9fc79197f9b,5727699,PD
88615,f7fa6783-c214-46fb-801c-45898da69f92,5938828,PD
133102,075e065a-ee03-49ca-9ce1-f68749809e2d,5429272,PD
80947,b6559a9f-bbb8-43c1-89f7-0aff2f194372,5707109,CONTROL
90013,52dc932b-4905-45a0-b067-8e8da1d6c954,5965548,CONTROL
74952,bc53f23e-bf00-402d-93ed-3030cc15b582,5477040,PD
90646,631849a5-d039-4173-9bea-a44c4416e1d6,5971630,PD
72453,9d0d5da7-c307-47b6-9e33-8020c832213c,5405686,CONTROL
100034,5855abea-960d-4476-aa18-1b66fc381709,5482266,PD
92953,b4f3fee2-f6ba-409b-8b68-d58ff24685bd,5994480,CONTROL
75323,573bcf1f-b2fc-4d6a-8bc0-300f744d3150,5533353,CONTROL
94285,77e3b8c0-9b8b-486a-b92f-6bcc420b6ba4,6008105,PD
122195,fe13293e-2105-40ba-9d3c-e0f7853a9608,5687439,CONTROL
112122,4d58a217-142b-4829-9b31-c75669e6b636,5910225,PD
78898,93b9492c-13bf-40be-93bb-e88778cedeec,5638299,PD
88977,416a984c-4a94-452b-93be-499c1ac374d6,5959995,PD
134474,d800bd93-6cf0-419e-81c9-494d1ac63243,5514416,PD
91074,1e71ed0a-f2a4-479d-9fe2-0b450d7f1dda,5975565,CONTROL
109521,cb3fafc6-b4d3-479b-8a2d-f5f037b96420,5861054,PD
123144,7b19c426-83ac-4c1c-8baa-f1ff8c39f87c,5765912,CONTROL
86808,6f8f1345-c6df-4818-ac86-0ace83994309,5902021,CONTROL
99821,3bbd7889-bb88-4615-b707-3e5363f16edf,6061349,PD
77445,35b68a25-0ed9-44f1-aeae-65298252ac74,5531452,CONTROL
96854,f9687dbb-7bf1-444d-afb3-9cf6e632fcf2,6036875,PD
74542,e94026fc-7a92-4937-b9aa-1570bc515103,5397302,CONTROL
94012,a0c8abc9-4c62-470d-96c1-14c436896b5d,6002443,PD
92614,c34d5867-0893-4ee7-ba89-38eb7907d6c6,5996373,CONTROL
79279,3b85d532-0056-498f-88ba-c0701329a0ad,5653311,PD
91302,063e06a4-e49c-4d31-9cbb-fa374f8dc298,5975842,PD
113224,3e49de20-87df-4588-a7a9-200d31529fa9,5927544,PD
84223,f165ae5f-42b6-4d74-8c31-4691c183c483,5847711,CONTROL
72618,a4dff14f-d73b-4fc1-9603-bbba45544224,5397571,CONTROL
76195,5c64e983-eb9b-4ff8-b80f-4b908d9152ff,5553095,CONTROL
72859,d1ba64cd-5157-4aa7-8be8-1ae082e21ba4,5390166,CONTROL
98299,ff215aa0-548c-4055-9022-6cdcaaca4efa,6044839,CONTROL
80207,12f76b2f-d925-4981-bbb1-58a55474b817,5749184,PD
83700,74de3c85-715c-4962-9cd7-28bdf4e96a73,5825352,PD
75892,3b85d532-0056-498f-88ba-c0701329a0ad,5552563,PD
85726,8a60c7f1-cab1-41db-99b8-7dcbbe70370f,5888073,CONTROL
91241,fafd87a3-9851-48b4-be35-b1b00cedd729,5980442,CONTROL
97361,7808370a-fa5a-4383-919c-f5d9ae45165a,6034153,CONTROL
75734,d57788e5-c85a-467d-8d29-cb385834cefc,5563584,CONTROL
131502,e00fc19a-ed8c-412a-bedf-539c3742baea,5579715,PD
77514,0d8552ee-30c2-471e-bcc0-3384a4bd4154,5428324,CONTROL
83731,b5d300e5-4397-4f24-ab97-6ae76a3c956b,5848702,PD
122562,790a3eb9-d5e9-4caa-bd5a-aaae98ea82c1,5658989,CONTROL
78754,231df342-0e8e-44a5-bcf0-84160fe30d78,5675860,CONTROL
110322,c6941036-9686-4d35-9314-8ab72dcb8c68,5871711,PD
97403,4a650fe2-15f0-416d-8493-c7dc50fe265c,6042350,PD
80938,1a347526-7fd8-4ff1-91ad-081e2888b6de,5713942,CONTROL
72189,4ab47d9e-4d8f-4095-bcec-d55d61eb0b1a,5398697,CONTROL
88992,7dc52ba5-9ce9-42c6-bf4b-c7ce52d1b266,5959335,PD
86026,d2e31812-23f5-4db4-8a4c-2c07a03d242a,5892976,CONTROL
76328,db343f89-37c9-49b3-b4c9-14cb2ae8f3cf,5501910,CONTROL
122772,b80b54cc-7323-4a1e-88cf-112051223fc5,5717058,PD
78904,2ab096cf-2941-406d-88cb-788b073c26ca,5639998,PD
136553,b0ffce32-d364-486d-bd1d-8d346f2a3f87,6079694,CONTROL
125197,b5efca70-5e19-49d7-8806-43f5575135fd,5737238,PD
94527,09670b1f-23a3-46a5-8daf-f78f577b7697,6010136,CONTROL
93759,ce940f44-858b-4b52-a83f-58703732874b,6003092,PD
75625,b8a9d62f-cdec-4cee-9cfb-5572f8db2ff9,5492339,PD
101428,4ad61e24-16f0-4409-82a1-b37cb72a92c8,5505571,PD
82895,0eb1fb3d-cffd-4fcd-bdf7-24b411fd2def,5808308,CONTROL
81820,71ba8422-0bbe-42ae-9185-0fca8a95ccb8,5740785,PD
88379,3ee6087b-7e4e-4f8b-97ec-78d3de73185a,5941184,CONTROL
84824,3a46fb20-52de-4558-8808-ae990b9b7abb,5827091,CONTROL
92117,88032453-06e4-465f-ab0c-23fe5f5436ba,5989968,PD
96338,bcd61c73-932f-4e2e-8c49-c7d163e3fbaf,6029974,PD
124136,677d036f-97a4-412c-a18d-1f4bfa6bce53,5488737,PD
119010,ea0c7ba0-b78c-4f38-9bf2-685d5ec434eb,5664370,PD
99861,185830d3-8cca-4206-afb2-a881492541c5,6060313,CONTROL
110642,71d55126-3d51-4092-9af6-5b8b88c96914,5889379,PD
120598,30a7a2e8-12a2-4680-b14e-c61de5fbde57,5746962,CONTROL
127445,7bc86881-7075-467a-850e-53e021b60f9f,5832154,PD
104486,5d8e6c5b-94a0-4911-af54-7623b2de1105,5692135,PD
91070,b66b7bd7-6dab-40f2-a887-eaa66b883d78,5979275,CONTROL
72201,3385108e-fd55-4652-abe1-0f453fcadb61,5405512,CONTROL
80654,dd1a6829-c4d8-4c71-83fd-03161411fadf,5741275,CONTROL
75311,085d3a29-27eb-4aea-916f-723989b56763,5562090,PD
81781,cec2d8cc-2753-4b4b-b015-86e7a9cfc20d,5773043,CONTROL
117888,36f78c32-2c4d-4dc5-bd15-75f9a0e405c2,5616683,PD
74180,f2c94055-607b-43d1-b92f-fb2287457418,5393161,CONTROL
103774,f2a19126-3eeb-4588-8290-4c41b8f6582f,5644352,PD
88058,80b2e57e-8105-42ad-9cc3-5aee58c8be8c,5940009,CONTROL
81161,9fe92d50-1259-4837-8c79-92d2baef81c5,5750778,CONTROL
87073,27ff0841-8217-4371-9fff-0dbd5b2e1753,5921017,PD
80555,d0f03615-bef0-4349-95c1-19aea0af1ced,5752217,CONTROL
77772,27fe6352-b3cc-415e-9e11-40d984cf5447,5651171,CONTROL
75958,ff438399-38cf-4cc9-9216-db24bb325412,5526247,CONTROL
95358,e14e65f3-6a40-4ad6-b868-f8e4339c9de9,6021197,PD
113059,38255249-3be3-4e44-a87a-027ec337293a,5931797,PD
92460,36d2fd51-1b90-43fc-9076-19b1c5262b0f,5988560,PD
78178,6ee4c210-3962-4665-ba57-4800d365bdc0,5672529,CONTROL
108965,dfc1f329-9018-4d50-a6cf-b50987928f71,5827845,CONTROL
119680,f7e546d8-9831-4cc1-b3ac-176de8da6698,5511666,PD
76873,64e0f074-56f0-493d-9bb1-3d769c05bfa7,5508274,CONTROL
72469,73f7cdbc-e390-46ab-a40a-04cf02765bc4,5398680,CONTROL
114550,1c5aba23-36be-4ee0-8396-75f22a64ba0a,5421155,CONTROL
85506,ff9de717-a91b-4cc6-a5bb-cb430a986778,5870552,CONTROL
81119,a57dcd0f-0dc6-4e71-808b-26dffe02acb9,5696710,PD
72144,114fe75a-dc53-4b40-a987-0cddc76aff92,5394273,CONTROL
75295,17290204-8d8b-417b-959d-919c69ff3a01,5517735,PD
136244,95e124bb-e9bf-4f06-916c-4a679be5c623,6079173,PD
105378,9af869f8-7cda-4f0b-83ea-b77b9c12838a,5712203,PD
81746,bdd95b1b-0ff0-46f4-a245-2c19b8de191b,5728041,CONTROL
133179,0bb4994f-9520-434a-8d4d-78b018210b53,5427786,PD
123683,2010d9ae-4e47-4efb-8dfc-84189917534c,5769849,PD
85779,1763614b-53fb-4d3d-a132-ad38d6a8cefa,5876229,PD
73469,d1451049-047d-4bad-a28d-b913df7f6181,5403405,CONTROL
83015,1ec04128-f06a-483e-bd25-9f77d223556f,5794142,CONTROL
73943,a08b2045-49e1-440d-98a6-265b331853a9,5405905,CONTROL
93441,ce8f4f4d-65d3-4edb-a602-3d11a391ea60,5999223,PD
117782,3b9ae067-73ab-4b87-bb0a-2f6dc8384c30,5596684,PD
83517,cea9168b-0db2-4921-bb1c-ef2d00006445,5773332,CONTROL
73003,c663c6fe-ca66-4b8b-be3f-e4978846a0ef,5409983,CONTROL
75314,ef66575a-9df3-4d53-adcf-76704494b987,5558700,CONTROL
110052,6390367f-0035-4cf2-b22f-2ffb74b475d2,5876344,PD
126085,7b465f25-dcd7-4b35-91c6-64518adbd581,6100193,PD
95127,65981245-0d78-486c-8466-d705c022920f,6016217,PD
79291,55afa0e5-5c29-42eb-b414-78541f913f5c,5660333,CONTROL
95264,b4a25411-d2e3-42b0-920f-a543f3bb0227,6021801,PD
98705,c928b1c8-3e0a-4338-9f3a-78e9e34a6a20,6054225,CONTROL
83464,70c5820c-683b-4ff5-a08d-edf3468449fa,5807059,CONTROL
93848,93558cd1-0fb6-4f34-9073-02bd5f7e1348,6001172,PD
78219,87260798-1ed2-4554-94c0-732aa0de3978,5671668,CONTROL
94914,d57b53b1-c34d-42e2-8756-40e0cdf5d87d,6013125,PD
83405,be79f24c-e591-4894-9a12-ac0ce0043c8c,5795213,CONTROL
93280,3dac38f6-abbb-465d-9114-7b4cfae5ed25,5996949,CONTROL
102404,7c7d7ac4-e94e-4310-8339-286a1963e8dd,5578739,PD
133470,d8c85d87-db32-47ab-9f53-bf1af8c3a6ba,5448747,CONTROL
82542,b22fa353-7083-4a8b-9bcc-ebb6d708f090,6072688,PD
97020,63ffe552-8143-4380-815a-b42668d44ef2,6037928,PD
81181,621a9865-f339-4596-9b2c-6da1f5ba0ae6,5729895,CONTROL
132410,53552194-9d5b-4aad-a934-e3c2d1683be3,5639688,PD
129263,e6c81976-f7a5-4d28-b09b-1e5e19de6771,5444283,PD
111208,5553e5a1-32bf-40df-a387-7da8600f82f4,5894189,PD
76703,77fb8998-ba35-4010-9118-a4897d61521d,5490023,CONTROL
102868,5863cea7-ec16-44a1-80a7-785e652cea4d,5577213,PD
93499,d0072c83-8e2c-4131-9cc8-a38d0af0b7f3,5992719,PD
82341,90550db0-af30-495f-8d7c-5749577cdae2,5813559,PD
99154,3c7c03cf-39d5-41ee-978d-e01c60375834,6056861,PD
82470,804548c3-deab-4614-b8de-e807edbecc80,5775216,PD
93595,d276dc55-700a-4915-8795-3d4943cb7e17,6000220,CONTROL
75448,ca7b6b6a-2ca1-4663-9743-67b4704bf085,5562574,CONTROL
105356,c17abeb7-bfdb-4ddd-859e-2d336f96c7ca,5709868,PD
76098,387bd1c4-90df-48fa-8b8b-da2df2cfddde,5536173,PD
74543,de7647cc-9928-4cb3-8c0c-d076ba581415,5406257,CONTROL
136659,5e7fba64-bc6f-4987-b3d4-97328d805f4f,6081410,PD
84871,622e07e1-6d45-4b35-aae4-9e5a3c6bb17b,5824761,CONTROL
122016,8e171009-f2cd-4043-bcd6-7283cc373301,5717882,PD
133743,32aee85a-ad9f-43fd-abb4-7ff54032764d,5460302,CONTROL
73460,aaec8c0f-4ef7-4f52-98e1-c9cde58ab5e5,5408847,PD
92668,6633c648-95ef-4ed4-89fe-55a51334f8e0,5993606,PD
77623,176cdbeb-19a2-4479-a7b7-68d613f714c1,5427036,CONTROL
83305,31cdb823-759f-49bb-976f-fdc13715de28,5778230,CONTROL
83414,6ae4b89f-6ce4-4d5a-8a58-3fb773ae9d5e,6073418,CONTROL
79002,11e3a69b-80b6-49be-8089-ce19071443a1,5652965,CONTROL
82541,becf5d33-f3d0-43c2-b93d-d3b0bb8fa483,5810967,CONTROL
73268,b3f0da4f-b97e-4d47-b7b3-ff59dc7605e7,5399673,CONTROL
88289,862227ea-122b-462f-ac5f-af1a9c7626be,5946777,CONTROL
85607,3587184e-8d54-4bfe-ac0f-f2bf30dc48ef,5876724,CONTROL
105299,913b66f5-0666-4ccc-bf95-c9f6e0d60066,5699854,PD
104763,096bb163-674f-4dea-87b3-a643721a1102,5695491,CONTROL
74276,5d85e740-2ce2-477e-a03c-9fd5df74758b,5403468,CONTROL
76724,bb49ced1-ff48-4900-bfcd-4b6c6f2e9ffa,5550267,CONTROL
109119,e5bb566a-9f26-496f-89be-f940162a536c,5831572,PD
115139,fd955abe-b6ae-4de2-bd09-cee736a10b96,5439565,CONTROL
89044,2b8f0f06-b5e2-4da4-978b-0f17f6b246fd,5959177,PD
88064,b2c61d3d-ec4c-41e5-942d-d88cbc78a1d4,5938507,CONTROL
104452,e1683a0a-a86b-406f-8bed-3060f86cb0de,5689520,CONTROL
135040,28cfdb28-d36e-434e-bb97-f36d62008856,5544228,PD
77381,19ab3fcb-0cc1-4116-aa2d-75df4a89669c,5540709,CONTROL
131232,6a6a768b-94ff-41c8-b42f-c2db47efa2e4,5564338,PD
109759,1a033954-954f-4459-b3a4-33ff26192e05,5852009,PD
75927,d67f4daf-402c-4650-b0eb-762cd70cb1e9,5569267,CONTROL
78032,f5667bfd-20ec-448a-8006-4c5254effdbb,5672724,CONTROL
97665,8c1cecda-0d34-4602-95ad-ed1ee8de53cf,6041986,PD
131293,67eaff7f-bf28-4a42-89e3-e72a36681d1b,5561995,CONTROL
135817,28cfdb28-d36e-434e-bb97-f36d62008856,5596039,PD
90154,fb58df40-face-4aef-98eb-ca727dab3464,5967160,PD
80914,40ecbd6c-efae-4202-924b-de6ce62daf4f,5739412,CONTROL
73227,9d9dea04-566a-4adf-8b50-859371914d12,5393316,CONTROL
108485,d7133eee-56c1-44c1-9b20-ddddf06c931b,5813151,CONTROL
82632,f8922040-f2bf-4a31-ac26-d78bef4e7cab,5782422,PD
111599,7438656c-ce53-4bbc-9901-b4b907b7271d,5904518,PD
91674,72c95fc8-db97-4865-8bc3-a42e21d43e75,5973607,PD
122852,300e5d1f-5a38-4e78-8f42-1d580b74569a,5479082,PD
84376,dad8731f-fd89-47e4-9111-989b8781386c,5829394,PD
75310,63c50583-8b64-482d-960d-93a8ec34883f,5517680,CONTROL
114844,fbf09241-5c47-467b-8a60-4e7913acb100,5483564,PD
120090,7b75a41d-6ff3-48a5-b540-264d45d2533c,5741720,PD
125770,7b75a41d-6ff3-48a5-b540-264d45d2533c,6095936,PD
113687,87f076c1-953a-4646-82ef-f7ff7560db7e,5935171,CONTROL
114957,b1ff51ac-3f82-42b9-9964-bcc13ef789b6,5442755,PD
76593,086c8afe-3bd7-4f50-9431-31a57ea63de7,5421982,CONTROL
107287,8de4b3aa-4126-4649-bc41-ea0384c21bc0,5791025,CONTROL
79843,c03f7785-d690-400f-b558-a27380341d53,5712210,PD
80609,cf4df7ca-0644-479c-96a4-e2a1b520f09b,5752339,CONTROL
97901,67258105-115d-42aa-af10-fabaf10b462c,6040242,PD
97948,d2e325c5-19df-49a7-82cf-2bb65c790ee6,5892913,CONTROL
116202,36f78c32-2c4d-4dc5-bd15-75f9a0e405c2,5498309,PD
102772,530bc9ed-d545-4252-9660-2ce2f916a9bd,5583314,PD
78562,fa03cf5f-c793-4e4c-b87f-6a7b0c9c30ab,5673983,PD
78404,c20dc2a9-e546-492c-98d1-30fab3db857d,5634890,CONTROL
75804,5d5cb233-4949-4500-855e-9030437ff856,5452180,CONTROL
81361,06651da4-0fd7-48c1-be70-c19f39101d1f,5758101,PD
74978,88e34406-7ca2-4490-8b54-b975850eedfc,5423619,PD
87068,71fd8858-b254-4d7e-867e-08bfc86a164d,5914095,CONTROL
88844,5344f667-d87f-4d89-baa8-321ef9f2d991,5961691,CONTROL
103196,4b3b425e-5bba-406e-8ed9-7f3963411368,5598155,PD
93308,08409cbc-a454-42f3-9013-14d235db3c55,5995515,PD
106054,6134a5c5-2912-4cb0-87aa-10dee483b686,5735729,PD
108676,bce9fbbb-5634-4924-9eed-4312ca868857,5820867,PD
94845,6d2afdd2-ca80-45c2-b396-a55eb28c9144,6011878,CONTROL
73449,5cc03f2e-6fbf-45d4-a8ba-d241345e7938,5390644,CONTROL
131968,7b9b9932-4d19-49dd-8893-0441eba9ad46,5606567,CONTROL
97217,40133d6e-3029-4f2d-8cc0-e1685677a56a,6035720,PD
137157,1c9d0333-b4ac-474d-ac87-f7941fb02443,6092458,CONTROL
82134,77e38deb-054e-4f9b-b9c1-777afdb0b538,5814508,CONTROL
115412,091b0186-0d08-4b3d-816d-2fd7a7a222d9,5455704,PD
80651,00547584-0c04-4228-a5d5-c68f7d59f176,5745783,CONTROL
74001,85fe7668-04b6-4240-8198-84bb99ef23cc,5404636,CONTROL
78533,7b3ee707-e003-422a-a938-b8cdb79daa4b,5679721,CONTROL
106625,3d859196-243f-45de-b3b1-a0379b49d958,5749616,PD
74694,1c993b5b-60d9-4f43-a313-d5e6e9d8f638,5394720,CONTROL
100986,7dbd2137-6a17-478d-955e-90af29711f93,5522703,CONTROL
77379,4d0c5bf4-80d3-462b-b8b8-bc97917d28be,5561747,CONTROL
91546,d781e0ab-24dc-4a56-aeee-2eb488f70d43,5975204,CONTROL
75482,2257e233-5815-4211-b0f2-7f135d1604b0,5562009,PD
91598,1359f220-9db5-4777-91cd-cf1e8abfc42d,5974484,PD
118623,7c7283c6-8bd1-4112-bab2-7d3e05bef338,5646185,PD
87663,b9950d56-f8df-4a4a-9396-091f23c9971c,5924066,PD
79642,1b85e6ba-51a6-41f4-b546-009f34a0f6ba,5663127,CONTROL
79188,0bb921f5-1fb8-4917-89e7-1f964b9b7689,5677837,CONTROL
122280,892e03ef-850b-40fe-b6ed-6473cedbdfef,5746948,CONTROL
74948,36d2fd51-1b90-43fc-9076-19b1c5262b0f,5522265,PD
96332,d4002249-0e71-4f9c-9ee4-221f932e4824,6025273,CONTROL
89877,ef4d1e5f-eb30-4bf0-8a2b-9d2c857a35b6,5960462,CONTROL
75884,27733ef4-c57b-4332-a398-f2a18d6501bd,5440779,CONTROL
102538,8eddc4b5-2f37-4a51-b659-25d1577150d3,5574859,CONTROL
113733,863ddb69-fb81-4e17-8273-845c5aaa2fb6,5935762,PD
106315,8fbde3ac-0b23-45af-a83c-9a3594383dd3,5736711,CONTROL
87046,6cba24ca-80c3-4fa4-bc66-e059b8a1a68c,5922006,CONTROL
73242,5412743d-986b-4574-aecd-54d2775c0a0d,5388902,PD
75601,2d80b39e-b29e-4ddf-bd36-d5c4196fb063,5520069,CONTROL
85033,935773e2-04ab-42ea-9163-ce49268fec4d,5899180,PD
96094,e14e65f3-6a40-4ad6-b868-f8e4339c9de9,6026970,PD
92572,04869afa-ffc0-48af-b84e-af166329b92f,5990730,CONTROL
102627,bc2b986a-820a-4425-abf7-76b9b8942ebc,5583967,CONTROL
92595,1577b030-24d7-4bd1-a788-d868d32a0b80,5998352,CONTROL
108842,10632ed3-5f75-4132-9810-33e6180628dc,5821548,PD
106305,bc6f6de8-3ae1-4cc6-b6b4-80ce8145ddcf,5736083,CONTROL
88756,65519e97-b4b3-45ba-a55f-ee0a4ad57bf4,5930952,CONTROL
78755,a5951aaf-e67c-4835-81fb-5c41c90b9db2,5687029,CONTROL
75102,a171e018-48d2-4d6e-b65e-ce263a5b992f,5482332,CONTROL
74681,d5b5713f-c82e-43f4-8a4a-5feb4f5a019c,5395287,CONTROL
109446,588bce40-e483-431d-8068-2ff4d6fcfd17,5839157,PD
116086,1decd53d-fe4b-45fe-ae73-f7e8beb83f9a,5501571,CONTROL
129969,07c2702c-c2f8-4d90-917a-8dbbb4bf2899,5482988,PD
73095,78a12d05-5513-404b-bc25-e43f0552ad47,5399438,CONTROL
80952,1ec6fa27-2f43-4e35-8874-4d25cb41fe3f,5722718,CONTROL
76139,02614b17-5f16-4326-8575-d599b7a8467d,5556309,CONTROL
74423,f18e84f0-fd4b-4c26-b34b-9238378ded22,5397564,CONTROL
121881,c6d662c2-5af8-4781-bb68-d99162d9d1fa,5743963,PD
72616,e5ce7237-d669-452c-b779-9f4855b201aa,5408118,CONTROL
102243,730b2fdd-85fe-4e66-be8e-78bb6d0606a7,5552339,CONTROL
79296,190a0cc1-4a11-405d-8d84-1001340dbefd,5611156,CONTROL
96719,4ec3bd20-1bfa-4768-a87e-46300347eeb5,6034932,CONTROL
120963,b9ecb0c6-44be-47d7-856c-5a6722a321e6,5708384,PD
73662,db3d202e-88aa-42cf-9636-914ea10e65b6,5407687,CONTROL
84363,79e375ab-4309-4db2-93b2-730d32286157,5819640,CONTROL
114690,1ff805eb-4e96-4d64-b7a4-cc54aaddf2d6,5426425,PD
80751,179eda15-daea-426f-bf5f-a909688bcdde,5701826,PD
109063,e5bb566a-9f26-496f-89be-f940162a536c,5837127,PD
83668,33b5cf9d-37eb-4707-8c57-1f9f2b43e63e,5828719,PD
84553,5423d73f-88f1-4706-ad5e-76c0559cb0b8,5848334,PD
76149,02614b17-5f16-4326-8575-d599b7a8467d,5531172,CONTROL
84764,0f2e8a92-41a4-4ade-a575-5c65b84ca271,5830237,PD
76122,0f2e8a92-41a4-4ade-a575-5c65b84ca271,5488836,PD
82885,5dfe71c6-acc0-4fa0-9bbd-766ca413d2ef,5791696,CONTROL
76273,940a5e58-8269-4f2e-a4ac-3080f33f7c7e,5558051,CONTROL
96798,0caf9f7e-f3a1-4fcd-891d-ae6ffcdf61fd,6032155,PD
76266,974df5d8-121c-4287-89f6-c51ae822ebfa,5450718,CONTROL
72990,303b4d71-6d26-491b-92da-2f64594e3b0c,5409482,CONTROL
79146,5406ea75-329b-42e0-95f1-1b23c40b2a3b,5592314,PD
84984,02bb6e94-69c8-41c7-a85f-618624d7b5d5,5854209,CONTROL
107222,ab769b4b-4562-4f7f-96f2-509e2672c1e5,5776532,CONTROL
93238,63ffe552-8143-4380-815a-b42668d44ef2,5994713,PD
91753,4f055a5f-e130-4da8-b1d6-0a3d2879dd99,5986841,PD
85996,7f0d66a2-2c94-4646-9bd5-0a3f75407cfd,5896561,CONTROL
95926,653d3977-9b33-4037-9aa5-2eb39284cabd,6020322,CONTROL
104954,ce498de9-011a-4800-8837-55a8f1337597,5700528,CONTROL
85535,71ca638e-6c37-48b4-a161-a0f3f8cf6581,5874058,CONTROL
132429,11b74e3c-b973-4f74-b8db-47934ad0a55c,5635323,PD
135649,37b967c4-0dc2-4aab-8d20-c35e855944bf,5589385,PD
93067,6e6f346b-3ab2-4fc8-baf0-95f8ee7e5408,5991594,PD
127663,de288811-ecf6-476e-8220-0c9c971b7edd,5837403,CONTROL
96406,4b163a5c-f4cd-4a1b-ab6c-f593fe1e90eb,6026586,PD
89205,becff371-0ccb-47af-8358-8a1fdffc0d01,5962583,CONTROL
111770,aae2ab26-754f-49fa-bcf0-bd403bc9d548,5903752,PD
87354,fd101450-de2e-42b1-970a-f98a73462415,5902836,CONTROL
101022,02350706-c0eb-4604-8643-91ca6c778ebb,5452228,PD
117037,6c03b508-d521-46ea-8e69-4143e8dbfdfd,5556220,PD
81568,db99e050-6cb8-4cb6-abd5-c1f90092f258,5764697,CONTROL
90952,93479e6b-3181-454d-9144-b1b844390c82,5978792,PD
73282,4fcea293-a403-4cf8-8ba3-ee07028b9542,5388423,CONTROL
116219,d2a8cd5a-da74-4c31-a7e8-c2627feebdf7,5502352,CONTROL
79326,345d5693-ce72-486d-9f66-0374e5a10ff5,5647770,CONTROL
115585,ea6cfe5c-d81f-41e3-bfbe-d5a502795e66,5471099,CONTROL
91566,192b02e2-114b-4b2e-9a81-19e1ce260783,5977712,CONTROL
92013,b3404b35-b8f8-4f14-afc6-92f0d1bdf920,5985231,PD
106937,f195a3f1-9cbb-4296-9233-388b194b527b,5768295,PD
112004,1ee9c522-d68a-4d32-8113-4c5246986978,5913678,PD
76647,981b4095-081d-4d5a-91e0-28ec784444c2,5496132,CONTROL
115012,ea23d6c9-b231-405a-b4ae-79e42a0c749e,5431311,PD
100636,291b2c16-eb62-46e0-a99b-6fc3bc31cd38,5444912,PD
124617,58ecd2e3-66be-4596-bc48-dfb2d009528a,5454397,PD
78194,dc2a9c97-96e5-4461-98a6-8c5aa888a14c,5616404,CONTROL
79506,414f78de-0ae6-4698-bef4-e43ee1ab9fee,5675122,CONTROL
117597,cdb18d7b-6793-48c0-8085-63c2a71ce5a9,5596044,PD
77086,e0e4785a-dfe5-47b8-a9c5-5e0617939840,5519279,PD
89398,93905fd2-2314-4913-aaf9-a27e0d65efa7,5957797,PD
86806,e44c93f1-62a2-485c-a7d1-d2fce45f55c8,5923434,CONTROL
90235,47d4a710-6a42-4d89-9c1d-663894ca3414,5965337,CONTROL
112447,d0ae0ee1-165b-4e5a-9caa-ad8a17688445,5916885,PD
100671,cec69080-0311-410b-9d00-8088d21ccc08,5486769,PD
133065,4070311b-610a-4d7c-af3b-464ff229adcb,5422737,PD
89570,71aa7602-8aae-40b0-a515-ec518c2c0cb5,5961589,CONTROL
105797,9d65c852-037d-4138-8667-71a72c8c39ab,5723327,CONTROL
74073,3bdde942-e7b9-498b-bde9-6fad671385af,5395361,PD
121690,3505f51a-467c-4fae-9025-eda3e517f313,5754868,PD
135106,da3c3ff5-2ddd-41f7-ace9-4d231880c9cc,5567291,PD
109917,4bd9cbef-34f0-4457-916a-05114d091c8b,5848002,CONTROL
80212,ba57aa62-a034-4ffb-ab2b-2d2c3173ff08,5731881,CONTROL
82034,416a984c-4a94-452b-93be-499c1ac374d6,5780035,PD
118563,32f542ec-25d9-4807-b473-7334ae0d9391,5641639,PD
129412,50adb272-a1df-475c-811e-d324381b8196,5449448,CONTROL
84659,6b304b5d-64a8-4c5b-8f51-56b22c6ac38c,5841172,CONTROL
86703,39de341f-8b66-4984-9a9a-9c568b47e9f2,5903682,CONTROL
110425,284ec98c-a194-4265-8525-75e4297deaea,5867232,PD
126698,211d860e-3362-4bf9-b7ba-94cac5c30ae1,5812963,PD
90241,94976ab1-1c1c-4c1f-9508-648cc84e4972,5972663,PD
134454,4a650fe2-15f0-416d-8493-c7dc50fe265c,5508988,PD
79486,2e1510cb-a7b1-49df-8404-a8373efa4548,5606988,CONTROL
93954,5769ceb6-6c63-4c8a-a987-d2c9f186a166,6004080,CONTROL
81543,c912e848-1412-49d3-8cae-5b0eafee09ff,5703280,CONTROL
105097,fd929fac-694a-4920-a833-58ddb2b12bbe,5701139,PD
124975,47d967da-3086-43e2-a94c-850d5a62bf57,5473280,PD
110231,523283b6-acc9-4375-ab7a-d7240cd690c3,5875019,PD
85664,35ee2d50-7d27-4c51-9aab-d4deaf9e891f,5897510,CONTROL
76457,1f2644c9-0117-4783-baad-974042878869,5549491,PD
77408,1f2644c9-0117-4783-baad-974042878869,5417010,PD
82594,2951c494-015e-48df-af05-a8a06707204c,5783978,CONTROL
90196,93905fd2-2314-4913-aaf9-a27e0d65efa7,5970881,PD
115679,36f78c32-2c4d-4dc5-bd15-75f9a0e405c2,5476377,PD
75849,9c0103df-38e2-4739-aed1-e4c179868035,5554346,CONTROL
85495,eb35dbfe-6b12-40c0-bc58-b641210ad8d0,5896539,CONTROL
76390,abc4ada8-3882-4089-9e03-0a5d28e8445b,5425620,CONTROL
102094,92d36c79-560c-480d-820b-70651a31a1dc,5553422,PD
99211,bab5ca20-f718-49df-8918-e824b6720bcf,6057611,PD
88692,d7b2697f-c530-4fd0-8328-6a7962576f9f,5958425,CONTROL
91816,116072b2-8c6f-4d85-9ee2-b94d02b9e754,5987011,CONTROL
76662,c1171718-5593-4d94-a6f0-b2035e8a5073,5457190,CONTROL
89607,47d83366-db6c-46ca-b904-fcee302e72d8,5961101,PD
115011,ea23d6c9-b231-405a-b4ae-79e42a0c749e,5431929,PD
74249,2110f128-f46a-4a92-9713-4a4ffb07ccf7,5394903,CONTROL
102301,d724bf9c-1a7a-4c07-8627-bcd253541ac1,5540373,CONTROL
72602,3119bf0d-6380-47b7-8420-c7b3336af427,5395771,CONTROL
84125,08175aad-1d96-479f-b8ba-4342a6f77bd6,5845396,CONTROL
111088,9ce638c5-90bc-40fe-aa00-6f13e0bdefa2,5898520,PD
74969,42c79f78-eb0c-4fef-9bbf-e4755158d2d0,5484855,CONTROL
81213,ba902ba3-770d-441d-a130-d15729bbee5b,5747293,CONTROL
121209,06651da4-0fd7-48c1-be70-c19f39101d1f,5640607,PD
100926,6d0c10f2-c149-4993-901d-270a275476a2,5485093,PD
117841,55bcb727-1f1e-4359-8b48-91a972758042,5606407,PD
99571,00dc061b-8151-44cc-8eae-4d10f11a5ab6,6061823,PD
83371,8922be0b-d3a5-415b-a38f-79a0009b5d42,5780455,CONTROL
125262,b5efca70-5e19-49d7-8806-43f5575135fd,5755919,PD
75732,e5bd5c71-bc5f-46f5-9f9f-a390f70c50c0,5421172,CONTROL
107894,c84ffcb8-5533-411d-b74c-1e03e6073d74,5784997,PD
73515,0f2e8a92-41a4-4ade-a575-5c65b84ca271,5400279,PD
84882,9fbef623-49b4-46b8-a0eb-afe8d7e8510d,5860981,CONTROL
80432,5e936ca1-9865-4b3a-a9f3-6de4591eb474,5785433,CONTROL
127747,9571438b-8497-4a07-8a0d-ef6c6e31b14d,5846453,CONTROL
75214,965d3dc1-f773-4e5e-ad7d-9c351144f217,5423502,CONTROL
127545,ec822b07-4b4b-4117-9f7d-7e92e0fee1d3,5840474,PD
89933,69768027-9381-45b4-98e6-c3a84bbabd50,5966427,PD
133744,32aee85a-ad9f-43fd-abb4-7ff54032764d,5464462,CONTROL
112858,f4c659a9-3f0b-4a7f-bf82-5eb354eb6079,5925803,CONTROL
87390,79471061-ffcf-4d43-a19e-2d91748b411f,5957044,CONTROL
80024,6f2d3687-9947-4011-a05b-dc4c8a4cf3ba,5731588,PD
123088,7b465f25-dcd7-4b35-91c6-64518adbd581,5638914,PD
131134,ab6244b9-1f60-452d-9c06-df0209e9e5e9,5555302,PD
75467,7b003b3d-3a49-4bc1-a612-311a5c9a72be,5510320,CONTROL
100840,724fcf9a-bc00-440f-b2ba-0a9f6ea7a719,5457187,PD
79751,6ef270a3-dc1c-421b-91e2-43c3ae225e4e,5763987,CONTROL
91782,a627b898-05bd-4b7b-8104-4ef537076170,5982807,PD
123666,677d036f-97a4-412c-a18d-1f4bfa6bce53,5676732,PD
108251,ce5c8357-dcc8-475d-a52b-1d048224fcfa,5805160,PD
90676,9e82654e-68eb-457f-8607-d740c56d8829,5970876,CONTROL
75530,db93ae75-b4fe-4210-b766-e1e7edf1518d,5571938,PD
123997,b80b54cc-7323-4a1e-88cf-112051223fc5,5624579,PD
86609,c0be9e75-5273-4e63-b47a-d6a3db58189a,5921508,CONTROL
86699,39de341f-8b66-4984-9a9a-9c568b47e9f2,5921465,CONTROL
136626,a64e5451-3f82-4c01-8c43-f419bc82e9dc,6082006,PD
74967,6f2cbd5a-f152-40ff-ae74-382b23aa561f,5454806,CONTROL
103120,1d1aa2f1-5272-4e30-9732-eb9862025a52,5626391,CONTROL
112368,d9ba2480-3573-4be9-b516-db242ea19472,5918708,CONTROL
77459,6895bd33-6d55-4ba9-a6c5-475f35cc8365,5515340,CONTROL
121658,df0838f4-c644-4be7-a2f2-5e3b2af78883,5623893,PD
98289,e89d35b9-9000-4432-8307-c518320d92f0,6045844,PD
83170,1359f220-9db5-4777-91cd-cf1e8abfc42d,5770061,PD
121291,3e7e6085-a641-4b0f-bcda-c4fb3c0d3fe4,5580004,PD
83502,ad66480d-8929-46ee-9eee-183103facc9b,5780927,PD
74852,97249d05-6576-46ae-8ecd-0aeb32f18b49,5460018,CONTROL
122363,58df81c2-5777-4d88-a158-10b93dafc03f,5691170,CONTROL
80992,f1ff148e-2fc6-44f9-8877-5c7c06fe7a9d,5731482,PD
79522,5731e0fc-4c1e-411b-aab7-b1b24e6a6835,5639283,CONTROL
88604,9794ec6d-7477-4bd3-8921-5e81ee2d9d71,5942211,CONTROL
97585,9fea83b8-b0b9-46c4-87ff-ec326d7f5448,6039079,CONTROL
105244,63ffe552-8143-4380-815a-b42668d44ef2,5705307,PD
84675,86a63efd-d8b8-4a73-91ed-904e1bf6e6de,5858982,CONTROL
100613,063e06a4-e49c-4d31-9cbb-fa374f8dc298,5478860,PD
91733,916b304f-2392-4134-9f2d-0bad3fde3173,5978542,PD
119285,d45d88b2-c933-4422-ba68-20a78d862371,5749040,PD
134357,1886a202-b9e9-4429-9c44-92d7c1654d66,5502970,PD
116668,dbfdaf53-55b4-4347-8a35-988f05a7965d,5535388,PD
76540,a85c3d2b-b6e7-4165-b4c7-3d8d9b32dc3f,5540523,CONTROL
82455,5b68ee80-508b-47c3-9e83-c05bc891be7f,5808523,CONTROL
115577,06c1e1a9-d0a6-4e8f-ba7c-138a89e23368,5487757,PD
126727,9a201650-4a5b-4637-ab5c-828d8f3823c5,5812340,PD
109457,ea66cb62-1e80-4a09-a98d-e589925c957c,5833999,PD
101007,b5d300e5-4397-4f24-ab97-6ae76a3c956b,5478343,PD
79790,76ff3cac-029f-49e5-b4eb-8c7cf57a0997,5737810,CONTROL
102596,9018f929-9874-4289-afb6-ddeff89c598f,5571570,CONTROL
81113,d97e295b-d978-4f87-b2a2-8039d4e3a4fd,5738485,CONTROL
119678,f7e546d8-9831-4cc1-b3ac-176de8da6698,5749653,PD
74256,13a6ac42-e218-46d9-8b73-f2823036b879,5406478,CONTROL
81402,2505ac56-6737-48b2-8372-f1103ea2e33d,5751306,CONTROL
104426,262e0c5f-2f3e-49b5-8669-99a85146c179,5675706,PD
119617,0bc051fe-d863-4e20-8fb9-cc899bf3b072,5733197,PD
94330,a43d57cf-90a0-4275-8583-b1c3d7a95cc1,6003776,CONTROL
93454,f41cd5ec-af94-4cb9-aa29-ae16b0b56376,5996912,CONTROL
91890,ab769f0d-f50b-4cdd-9d5e-14a937d0d217,5990252,CONTROL
85714,e518e247-5b7d-4a80-a143-2cb2570052af,5891676,CONTROL
73683,ba264048-bac6-4a21-9b84-c99f71600466,5391185,CONTROL
106924,f165226a-61dc-4f78-9903-d42f08b24a7a,5772505,PD
86882,c6d662c2-5af8-4781-bb68-d99162d9d1fa,5909502,PD
88695,d7b2697f-c530-4fd0-8328-6a7962576f9f,5958465,CONTROL
117930,a0fb7792-8c3e-411f-b4a3-7338773b5321,5610244,CONTROL
91849,72c95fc8-db97-4865-8bc3-a42e21d43e75,5983065,PD
133041,016cd339-2d22-4fed-92bb-2341c9a46be0,5419730,PD
110259,42f0005a-eeca-4d2f-ab23-abbcbe527835,5873254,PD
106418,fc1b0a15-721b-4df2-bb32-d0f21a6a3937,5754208,PD
73111,01f3f273-fb31-4d25-a9ed-32fb8c9bae9a,5391758,CONTROL
77520,53a43f70-77f5-49da-94e8-de4e32880592,5556116,CONTROL
73559,c00c0775-1247-4ccc-b490-a70c35307de7,5392816,CONTROL
88593,f7fa6783-c214-46fb-801c-45898da69f92,5947236,PD
82648,13198a18-e764-4a99-9cfd-62b0799a143d,5899027,CONTROL
76995,295807a1-e1c3-4430-9b60-d510b2653609,5529275,CONTROL
105648,710f2d79-1468-40b1-9ab5-beb8721f43a5,5717879,PD
74182,9d5ba2ec-54e7-4567-9fb3-cd11f1b8babb,5400902,CONTROL
73149,e468c313-364e-4c69-bf4a-8d360328736d,5402871,CONTROL
79142,95ab6dda-192a-41f7-81ce-aa37ea6f25f6,5591857,CONTROL
90529,600c1d03-2840-4818-a707-3e831ba6bf4a,5972406,PD
124941,f690974e-8179-4564-ab89-1302590861c4,5471047,PD
135336,647b619b-64bd-4336-890e-0a9b43476b7c,5568219,PD
106349,ea66cb62-1e80-4a09-a98d-e589925c957c,5735892,PD
136733,7fb561a3-8f90-49d2-a39b-55ea3f78a17b,6084252,PD
115852,61ff874f-406a-4367-abba-5d3d79289cac,5471821,CONTROL
85218,acee0474-e868-457c-8021-3c98cc0152ea,5873321,PD
102122,269c5321-858c-4411-8b70-79fee695e814,5551758,PD
90514,d54d803f-e2aa-4024-a3d8-784ebbe968f9,5972414,PD
72652,a015511b-11c2-4215-9d00-3279c38f2eb4,5400307,CONTROL
85712,040ea274-f30e-48a2-932d-c8278bc0a60f,5882775,PD
78563,ed54c38c-3688-4ea3-a9d9-db0d1c5e0e35,5645054,CONTROL
103789,6c130d05-41af-49e9-9212-aaae738d3ec1,5659122,PD
73892,85ca15ce-ab8c-4672-874c-f47636e0dcaf,5407584,CONTROL
128785,50140b3f-0ac4-4455-b1e1-ef8b3597b71c,5877089,CONTROL
100892,863ddb69-fb81-4e17-8273-845c5aaa2fb6,5481174,PD
98340,4c2add47-c85d-4b61-bdba-a9d0fc7cb314,6046270,PD
110921,e83f947d-309d-4f71-b55a-db35a1e35705,5896676,CONTROL
117947,65dddc8a-713c-44e0-ab3f-116834deb894,5612060,CONTROL
82080,030fe814-de84-4fb5-8df6-84dd6e7cc7dc,6958624,PD
124341,31b33301-087a-49e1-9fc1-270c3d195754,5429971,CONTROL
75442,e117ea9c-0ec1-4c12-8649-deb985fc3748,5544021,CONTROL
91544,6c1087bc-e8d3-421c-895c-8482803a3a38,5981381,CONTROL
95813,9bade537-29bc-4c70-a4bc-1dd3ff79e69a,6019331,CONTROL
84288,9ee94d29-09f8-4488-a556-3d70ce04a72d,5864939,PD
91891,ab769f0d-f50b-4cdd-9d5e-14a937d0d217,5989738,CONTROL
85462,5f06c10c-ba32-48cb-ad4c-7bbc0b4fcd37,5892328,CONTROL
83191,5863cea7-ec16-44a1-80a7-785e652cea4d,5772573,PD
74998,767a067f-10ae-49db-9efe-d2db66074e37,5545202,PD
72713,e4c04f6b-8260-42e1-b5af-8a45535c135c,5401188,CONTROL
112506,ac518c03-c88f-4433-915e-8d34249e96c1,5915937,PD
112969,3f68da18-e3d6-426b-801f-9d8ccd46e6cb,5920577,PD
115869,6f727f03-013f-4467-92d1-a93fe32112a8,5468983,CONTROL
96614,b1b3538e-bf2c-49a1-ba35-0bbc33259117,6027152,CONTROL
102284,4ee4c6a0-88c1-417b-b190-d099de66cf12,5546671,CONTROL
72449,f1634e3c-1061-4c39-a2fb-f44791171383,5402928,CONTROL
75031,eba7ab61-4a14-4de3-b3cd-1833fdaa8d3b,5502334,CONTROL
99223,9af869f8-7cda-4f0b-83ea-b77b9c12838a,6057458,PD
77437,ac018bf2-9fe1-4de3-ad91-43ffd72cfb07,5545612,CONTROL
103661,3ab3323f-1d5d-42ab-a901-7d1f066f0d9f,5657474,CONTROL
111977,36ad38f2-eeb7-4913-9f4d-adb20e53bede,5907759,PD
103125,fc1e78e6-4856-4ba5-a2b1-4b0a0d9b7a4c,5620464,CONTROL
72735,0f2f073f-4f5d-4181-880d-07c833ada08e,5409941,CONTROL
93818,c572fd93-61de-46dc-9a7f-f41a20a1c475,6004147,PD
112101,ac518c03-c88f-4433-915e-8d34249e96c1,5910197,PD
73011,9abc29a6-984a-4557-a9a8-3813e8539b97,5397665,CONTROL
106677,7457113a-34bd-4324-935c-f66bd33f1e4b,5764320,PD
125921,94baf578-6d7e-4f15-8707-9f7fdca223e3,5788648,PD
119510,aa91e6ba-523d-4926-8318-c2f689ac9400,5519262,PD
106321,f9ee04be-d169-4616-b152-8356b8065607,5738507,CONTROL
80259,67f1c9a8-cc73-4fb1-8950-714d56a7c2cb,5717725,CONTROL
88971,71785e8e-1b41-47af-b88a-2e0733e14e2b,5960168,PD
73830,cc9c147a-a34c-4f4e-a209-f49e31a8cf6f,5397070,CONTROL
80367,de5d2b6a-28bf-4df1-835c-c42836d8397d,5709250,CONTROL
94991,13627002-073b-4366-8889-9561789c51be,6009446,CONTROL
84494,918cfb0e-3be8-4016-a033-c508a75f08c4,5839481,CONTROL
72860,f1d5be4c-98c7-40cc-a0bc-abf6f7da3aa6,5392931,CONTROL
80996,870dd223-ff49-42bd-9d2f-2136036d8e68,5754487,CONTROL
73773,08d516dc-6416-487d-9cfc-65c41da4d7b1,5395530,CONTROL
115903,0ff78cd3-71c0-4586-a34c-d7b05e101de5,5508357,PD
80463,f6624af0-eda2-4d34-8c62-ae2c3495fe31,5754640,CONTROL
90182,3436bf34-bf8e-48ac-ad39-f4789084bdd3,5967279,PD
116355,17df4507-13ad-4bc6-825f-326fe7255548,5515981,PD
103306,d19cb2d6-71dd-4b9f-97a7-f2dc355958f2,5605067,PD
73228,c61ca287-c3db-4927-8191-6b75d811d1d9,5394047,CONTROL
74485,0266a3e0-fad5-4b36-bfc5-2272a94d1ce8,5388154,CONTROL
134438,bc4e6720-cc06-4d3f-a3db-d9ee8d3efd31,5505676,PD
120786,4a737487-88d4-4c11-8bfe-d9fc79197f9b,5759710,PD
106064,1487de4b-b874-4ab3-8acc-e3416bb7c74e,5745143,PD
88182,893cd114-858e-4094-a3d0-e9bfb1d27277,5938289,CONTROL
106844,2445d34b-4aa3-4ff0-82d7-a84ab15cef7c,5764627,CONTROL
81274,5803b4c7-f778-4dc2-92ef-9acf5e7f2884,5750632,CONTROL
98617,aaec8c0f-4ef7-4f52-98e1-c9cde58ab5e5,6046788,PD
85182,88fdb61b-fbff-4aa7-8cc6-ed25ec4d156e,5899048,CONTROL
77659,536f050b-2b18-4a5a-91b8-832cb8413378,5524031,CONTROL
99144,3c7c03cf-39d5-41ee-978d-e01c60375834,6055460,PD
134804,7c902767-b9b7-44dc-978f-7f246ef3c09b,5523509,PD
73843,01fa5bda-f11e-47ef-94c6-37697ad26a86,5395289,PD
97675,4bd8b493-1398-4892-916a-9fccd94d477b,6039610,PD
93400,e8db5be7-11eb-4ae5-a072-bf8329fc493c,5990898,CONTROL
76855,6a70c7d5-05f3-42f0-8027-23399570f3a6,5519817,CONTROL
118453,95158838-e8c4-4dcd-834c-6ebd319d5f11,5625648,PD
116369,73d67610-d66b-4a4b-b606-d98a8ada5f03,5526230,PD
75318,0c4c65a7-1076-478f-b07b-e88dc4d8a880,5414896,PD
112545,f690974e-8179-4564-ab89-1302590861c4,5916320,PD
72216,a6614df6-77d8-42e4-b134-7c1a8449b2b0,5392161,CONTROL
77277,98225a14-77ad-4872-8afb-f5c29677edb4,5572121,CONTROL
99013,ea55dfee-2f5e-4e35-a857-750d35feb494,6051722,CONTROL
76976,249fcd0c-6529-4f97-b594-559247a7ccca,5564434,CONTROL
134303,2631db79-2bb0-461f-b592-bf764d933696,5500347,PD
84095,a9325c62-2e15-4ca2-b166-303292d1aa47,5831860,PD
123637,a50dfd03-6211-47ff-9d94-8026c65eed93,5592674,PD
114335,15f3fcdc-93e4-402f-8526-72e06ace8419,5949123,PD
72467,dcaf48fc-20b7-4afd-aeea-2d19a1afed49,5398590,CONTROL
105474,a8b54536-104a-4f7b-9645-09f08d32cbed,5720691,PD
92383,1a72f332-6dca-4465-bad3-dddb7e42fc1b,5986626,PD
80839,05bfda81-971e-42ba-b22f-3d9db92e1fcb,5710458,CONTROL
99312,d7caa046-79f4-461c-b6ae-e9cf5654d5d4,6056080,PD
108327,c108b15c-3da6-4fca-8861-200795111980,5796103,PD
78632,4b4834ae-88d3-493f-ac12-e9577dd1c135,5595405,PD
75730,addd6d64-4cd8-4d09-af13-1aeed34a6619,5528583,CONTROL
106567,bb3c35cd-7aa9-4b67-9827-f8c4d9c7e90b,5757203,PD
130503,6e2f881b-f2a2-4493-8593-e7a50d96874c,5513871,PD
84348,9e1ad445-265f-4471-928a-c72399ae7223,5820882,CONTROL
109078,bf2f05a4-3757-4b58-b8b5-9098385597f0,5834863,PD
130413,ab6244b9-1f60-452d-9c06-df0209e9e5e9,5512097,PD
121927,72a68a80-a22b-4eff-b835-5b7bbec6c85c,5508361,PD
93248,16b396cc-ad2f-4c5f-8405-c855b07c8396,5996471,CONTROL
114829,9af869f8-7cda-4f0b-83ea-b77b9c12838a,5418352,PD
99326,528f76d0-9196-4b09-b61e-f7af2164ca35,6056667,PD
89303,5a5cf85d-8a6b-4f24-b4d2-4d9e94a3b9c7,5961161,CONTROL
96933,eb7eede9-58ee-411e-92cc-3fdec74bc7b0,6040883,PD
106633,84be9560-e508-4a00-8a82-a51392ead141,5750355,CONTROL
93218,fde429ed-1f7c-42a5-9b08-e556626cfffb,5994067,CONTROL
98969,00dc061b-8151-44cc-8eae-4d10f11a5ab6,6051271,PD
120469,33ca6db6-ba23-4f6f-9797-a32b0d8971b3,5665559,CONTROL
82707,d73a07c0-3042-498e-bfbd-8d4d74905498,5810855,CONTROL
110803,6e7e8b67-1b8e-4bfb-a1f5-c0069c4980a8,5883024,PD
75474,c8e74e3d-9e98-474d-9916-49adb9ad9033,5549212,PD
117948,65dddc8a-713c-44e0-ab3f-116834deb894,5604026,CONTROL
135138,bd8536ec-5a7f-4213-945e-1c2a6c59cf15,5552797,CONTROL
87528,442309ee-3148-4b0a-9df7-57a118c6ef82,5921728,PD
80635,2a4245bf-7fbf-4c4d-939e-c0cde4861291,5710691,PD
80128,2468ecc9-1078-43ed-ba7c-21fd2ff2b899,5763587,CONTROL
80020,eb1a79a3-8153-403e-b4d8-52e596a3815c,5751284,CONTROL
99689,b2c6a6ec-e867-4dbb-bf42-8dd7fb2a088d,6059590,PD
117667,34094d7c-ed2b-4fc1-9146-635e608329d5,5591201,PD
103698,dc037cec-4e6b-4f71-8bf7-cd7fc322edd2,5639886,PD
133685,edda1cd2-809e-4e46-8fed-afab768abca9,5461480,PD
80078,444a6838-c541-45c5-856b-94dc5cccec5c,5722092,CONTROL
93675,add935aa-6172-4db1-bad5-56eb3c20fb76,6006139,PD
81166,3bdde942-e7b9-498b-bde9-6fad671385af,5734625,PD
79905,8fe66a0f-f6c8-40e2-9b11-c30fd832e4d8,5725314,CONTROL
79409,ebbe869c-e556-4584-b82a-0503a9974bc8,5676427,CONTROL
88539,51cbcf73-23af-4e47-bef4-0ecfc04f02a0,5938967,PD
116260,8fbc64b0-d22e-49a7-b954-f21477b489fb,5491964,CONTROL
82273,b19baebf-f77c-4feb-977f-5f5a64fe87d0,5784655,CONTROL
137060,ce8c87c5-d2c4-4aae-9a33-1543bb63e265,6090287,PD
127818,75ec5eb0-2a8b-496f-bb15-fde9c3e31e92,5843901,PD
72312,64c11fd5-c9bc-4f96-b38b-c55bb434348f,5390496,CONTROL
85176,aac03e65-218f-4742-8a8e-049d22a47c8d,5892412,PD
91946,269c5321-858c-4411-8b70-79fee695e814,5984242,PD
134561,48f3de97-1678-475b-8fcd-e44ab193cd08,5515042,CONTROL
101958,4ad61e24-16f0-4409-82a1-b37cb72a92c8,5532828,PD
72376,a8d32a58-9a70-42a4-b105-9b2517e2f06a,5391626,CONTROL
91329,dc037cec-4e6b-4f71-8bf7-cd7fc322edd2,5978859,PD
112650,ac01f080-96a4-4faf-bc80-291a996f6edd,5924086,PD
75781,7f66ea04-8273-489d-b32e-5764714bcc1b,5443806,CONTROL
79390,399570ab-1cd6-4765-9bc3-e034761c7fc2,5683114,CONTROL
77144,942f0e3a-f060-4b94-9cef-d12c569b71eb,5449321,CONTROL
77599,dc0d87f9-d9aa-4181-8142-5e4451f95490,5426885,CONTROL
73056,0b061538-a84a-4c8e-80c2-2a200f1237b8,5407842,CONTROL
83500,5f39e70d-c9ff-4a76-ab5e-247d35f2b63e,5777073,CONTROL
72267,d15367d2-ef16-4789-ae5d-fe36e74bd7b6,5390250,CONTROL
81252,0b897bc9-4449-4fe8-8b91-58337ee1cb37,5734370,PD
109379,5216c72c-33d5-4e01-b050-791cac56d61d,5830350,PD
80645,74a0596d-a626-40d4-8dcd-f274f8d31dba,5710548,PD
90632,fdc36058-a501-44a4-9844-28844be338f5,5968247,PD
108899,4d58a217-142b-4829-9b31-c75669e6b636,5817129,PD
126216,0ec305ec-c207-404b-9c94-1207819c7d1d,5792899,PD
79338,a7eb04ff-dd62-4033-88a1-90ceec6a934b,5686430,CONTROL
77352,1035c950-361f-4410-be15-25c5283c0ee8,5477120,CONTROL
87064,e0c58ab7-5ba1-4e60-a3b7-9c28a4e74f69,5923411,PD
72398,ced400f8-3906-4899-b0ac-0f4fd39dfd14,5402730,CONTROL
95847,ce43871c-65cd-4d85-b27f-66b4b3151495,6034835,CONTROL
95701,e7045566-3b35-4466-9328-d98e6798d6c2,6019395,PD
95484,520917c2-1a2f-46d4-beed-5a104e630bd5,6018108,CONTROL
118656,1ee9c522-d68a-4d32-8113-4c5246986978,5533848,PD
74708,adced0c9-3870-4de4-ad90-008854ebe813,5404394,CONTROL
85442,1ddac747-dec2-446d-b1a4-f0070bbc743b,5887899,PD
100190,81434ce9-c1db-4717-81e4-f49b0942e321,5423881,PD
127845,d1b02d6b-c4e7-400f-a99a-e21c48796dd7,5851652,CONTROL
74427,572fe5bf-5dee-4130-80a0-500923d8b30d,5397863,CONTROL
102346,e24901df-03a6-4c94-9b32-41e815d2a6df,5540855,PD
74193,8c975cf9-78f4-420e-8a49-26588e5dae90,5395356,CONTROL
103411,1447e829-cd53-4498-a9eb-833c2f791d13,5635742,PD
73078,6ee4c210-3962-4665-ba57-4800d365bdc0,5430528,CONTROL
107113,359ce696-30b2-4694-9904-17448ca6ad75,5770280,PD
121186,8b7badff-6955-47ce-9867-c170f7d79dbd,5544442,CONTROL
114502,d753252a-9d1a-46dd-84ef-c15afaef3c11,5949398,CONTROL
72460,8899a3c4-ecad-4fa4-b149-c23e38bf774f,5404459,CONTROL
75866,5a1ff75e-87f6-4617-886d-12c49dc11c8d,5545261,CONTROL
85329,61dd170c-f681-4c2a-86cd-c8c60d9780d4,5883598,PD
92596,1577b030-24d7-4bd1-a788-d868d32a0b80,5994124,CONTROL
85985,e547137e-4130-49b1-890d-f774b7489ddc,5898190,CONTROL
74099,23acb9f0-0afd-45b8-8a5c-bff9f0268678,5408969,CONTROL
119396,e742d73b-37d9-42a1-82ad-a0b20cf8ee70,5513910,PD
77066,e1d3a116-2234-46aa-bf63-d59c705e00e8,5535965,CONTROL
90358,22c93952-f286-4d82-93b5-65167399091a,5966712,CONTROL
133126,219a59a3-c8ae-48b8-b6e6-42c8161506f2,5426058,PD
80009,76ad80ce-504c-4241-916c-3e939b54393f,5724342,CONTROL
105025,a38c48a0-0ab7-46fe-80c8-6cc55d9b8bbf,5701666,PD
89642,eb842eaa-897a-4227-822b-ba14b22057c4,5961543,CONTROL
75636,1bb4fa98-e1cc-453e-9aa7-13fc1c0bfd52,5534810,CONTROL
108915,0a4662b0-9ee3-4029-af85-7e342cb87810,5818950,PD
81311,7e45a2e3-81d5-4b3b-836a-41f226baec5e,5716421,CONTROL
80672,7b0e74d0-4d2c-4407-b313-835ed615227f,5727792,CONTROL
128023,909ff077-9ee3-467a-9e71-454394b0eb8a,5857810,CONTROL
78113,db10e575-9622-4563-aab4-247e8e39b6ac,5677121,CONTROL
78133,c17589b0-3d47-427c-b1cd-1399cfd21182,5620400,CONTROL
89814,564f8fc9-7dda-4f39-b7c4-89a8aa0a89fc,5959858,CONTROL
119689,e9f14c5b-4647-4370-ae94-b0040c4e5a58,5675317,PD
91305,b562b352-4ce7-4754-a2c3-1d799bc5fb33,5973912,CONTROL
113554,a348996c-2256-43b7-80b1-a2a9bd6fba5b,5935769,PD
110649,0d294ac6-1caf-4d6c-9a0c-ae53e5724499,5888751,CONTROL
115356,1ff805eb-4e96-4d64-b7a4-cc54aaddf2d6,5459681,PD
90197,93905fd2-2314-4913-aaf9-a27e0d65efa7,5969722,PD
92196,eb7eede9-58ee-411e-92cc-3fdec74bc7b0,5987759,PD
87766,eb1f9a1c-a068-483c-aeff-8815fe1b5389,5957537,CONTROL
79122,133cfe9b-8ce6-46d7-8b0f-bd724f718fbf,5635932,CONTROL
109151,8a379b11-55dc-41bf-87b3-af8331f62587,5840113,PD
88355,66af2645-3e24-4db7-b17c-bbe01b04dd76,5944769,CONTROL
114670,344b785d-d12a-47b6-95ba-fa05eecd7e8b,5420095,PD
120988,f91ad75b-4362-4e52-9f60-66edc4504114,5617136,PD
77774,112647be-a82d-4a91-aac0-7e0009c89f31,5654537,PD
89964,c61c0b78-7278-4651-8fa2-7c1429ea804c,5966144,PD
107155,8ce923e3-a1c5-4f1e-be17-69b2cd9f0e50,5779905,PD
96209,1f4a9930-e31a-43a6-9cfe-7cf5f0b95716,6026748,CONTROL
80885,5f552d6b-6010-4edf-8db1-5b10c4efa2e8,5742821,CONTROL
93851,93558cd1-0fb6-4f34-9073-02bd5f7e1348,6004776,PD
81330,e276b537-f7ab-4a5e-9d50-7d7780663b85,5700381,PD
83987,fd2ed83d-c25d-4494-b50e-13471481d998,5820273,PD
134717,28cfdb28-d36e-434e-bb97-f36d62008856,5536685,PD
75013,32953066-8cd4-4b87-a8f0-86f6edc4f9d8,5415827,PD
113572,4ca4066e-ca2e-4597-9d24-636301baa3be,5935514,CONTROL
107072,8a379b11-55dc-41bf-87b3-af8331f62587,5773305,PD
93563,e44b1f10-dd22-4bec-974b-f1cd489d1e28,6002606,PD
74069,e8e0a346-03c0-4e8b-8da7-9d77c90325ed,5398199,CONTROL
73737,aff0c31d-4f16-491e-8ffc-0b9d26a62862,5391827,CONTROL
84292,9ee94d29-09f8-4488-a556-3d70ce04a72d,5831500,PD
73846,e3c84562-b560-40ba-b02f-5981f0a0d789,5410508,CONTROL
80895,6c00ec12-c3cd-4c8c-8796-5febfa9f72f6,5705215,CONTROL
103979,bdd9fa25-2499-44e6-b4c8-117deb70143d,5667777,PD
103675,e6ae8a2a-76d4-498a-a01c-9001f76107f7,5641310,CONTROL
85174,aac03e65-218f-4742-8a8e-049d22a47c8d,5886571,PD
85463,5f06c10c-ba32-48cb-ad4c-7bbc0b4fcd37,5882916,CONTROL
107139,43294479-32e0-4589-92ee-269b36a70e46,5778145,PD
105783,8eddc4b5-2f37-4a51-b659-25d1577150d3,5723857,CONTROL
107482,acd91366-cd8c-4f1e-a314-2cd68f03299c,6089552,PD
80524,5b4115a0-8bd8-46ca-9835-db4517e762b6,5699185,PD
121269,cd07f135-bfc7-4bf5-86f9-d4eacd78aa56,5681866,PD
81409,224f2475-db87-4719-829a-2c8c1f67f290,5731123,CONTROL
109150,8a379b11-55dc-41bf-87b3-af8331f62587,5835460,PD
95415,42f0256d-c297-4f84-9be6-dd2efdb02c67,6020401,CONTROL
94131,4b3b425e-5bba-406e-8ed9-7f3963411368,6005133,PD
80583,42cd3bde-f553-4672-ad0a-5c9a5c597149,5742742,CONTROL
79392,11aae9b1-d683-4704-9e4a-2da604e60060,5638363,PD
114482,9f02a39c-2d0a-468f-b22a-2354731b5e28,5950994,PD
85823,859b32db-d5d2-42fc-a8fd-7c0f66965812,5890193,CONTROL
134677,6e84dd03-8f13-4144-a366-cb531ffb07b9,5521603,PD
73163,f5cf5d0d-404e-4359-99fc-cada714ea1d0,5401197,CONTROL
123188,2010d9ae-4e47-4efb-8dfc-84189917534c,5569640,PD
82402,208e0cb4-6254-4c7c-bc12-ac2a60c3163d,5771952,PD
72148,340260f8-644a-4670-8a39-bc0729310343,5394262,CONTROL
116368,31267c25-bffe-4f04-984a-acd95a3f4fe8,5529137,PD
90227,682ec23b-3a5e-420a-b34e-09842f7a0b37,5964035,PD
125336,bebef4a0-a282-4eca-a2a9-24300795a74d,5746842,CONTROL
73664,5baa156b-8dfb-4375-af6e-f266e8b322f0,5406119,CONTROL
105613,5d1d61c3-9942-4ccd-b65b-b27dc43887b1,5723531,PD
92561,9a345754-32b3-4199-a485-219fa32bc123,5990118,CONTROL
79302,d488f5f0-220d-4740-b0f3-1fb31f87a8a8,5650872,CONTROL
74344,0c0181a9-04b7-4228-a32d-774efb2b2dba,5392750,CONTROL
95794,2adbd577-f251-4c2d-a959-a621f4ad494e,6018203,CONTROL
86409,de78e9a5-87f4-402f-901f-fb894b76b79d,5893095,CONTROL
88338,5b8870c1-bf9b-4ec2-a928-50eb550be9c9,5940496,CONTROL
87495,c3d3282a-d053-47b2-b520-a0a0cb000af7,5907491,CONTROL
103830,29c8abac-d7e7-468a-852b-1199c4b8117d,5658086,PD
107240,c73e02ff-e709-4949-b303-61a03b8b9fb1,5779416,CONTROL
81553,92541524-4530-4a76-ad52-ac684df4623f,5764499,CONTROL
76375,e2d5bbbb-e1a8-47b2-8789-e12b23b6b244,5537784,CONTROL
85560,ac3b6afb-9d67-491f-b49f-c973166f0089,5873882,CONTROL
102507,bf2f05a4-3757-4b58-b8b5-9098385597f0,5575258,PD
82023,a8b54536-104a-4f7b-9645-09f08d32cbed,5810731,PD
110603,bca66a7c-4277-45ed-aa81-15ac73bfb554,5884657,PD
76245,3c734d6d-f3ad-45fa-9d7b-b7d71c885858,5501480,CONTROL
82481,057c4b83-90ae-4f12-93d9-7a073b07300c,5806939,CONTROL
75643,b80cc3ea-0d6c-403a-b9e3-98f1c8a4824f,5464691,PD
109306,b1f4d4d6-5247-48c4-9990-28a13d34fc19,5840721,PD
74843,f34f4257-cbad-4adc-aa57-cbb0fcdf2c13,5485951,CONTROL
85883,31299d45-e284-4ceb-b5d1-d8905e4a7eac,5890484,CONTROL
76478,bbf5ab05-2228-49b0-9ea9-0a79bce18da7,5560924,CONTROL
79608,aaec8c0f-4ef7-4f52-98e1-c9cde58ab5e5,5600235,PD
89580,b8a9d62f-cdec-4cee-9cfb-5572f8db2ff9,5955553,PD
81592,969107e8-72ca-4566-9c28-a2bd14389f9c,5728164,PD
125550,ffab2631-dfe1-4f5e-bd9e-f763e8aede19,6095820,PD
128070,3d4dce3d-2f63-4c61-84b3-505c3198937a,5857774,CONTROL
72403,d1cf49a7-d07c-4ecf-ae0b-59992147d0cc,5406202,CONTROL
120153,979ead89-70cd-48bb-941c-9c87cc6e4679,5598961,PD
73847,01fa5bda-f11e-47ef-94c6-37697ad26a86,5408682,PD
105652,b2a760b7-bd2d-4918-a7b7-6fa385423e11,5723348,PD
96029,ec5dd8db-c41e-4879-8bfb-c26eacc64f42,6025311,PD
78396,6ec4af03-1c9d-4af7-ab7d-69f76aa0cd96,5678967,CONTROL
73868,1c483aa8-f37c-4a6c-aab6-f85a55337756,5407052,CONTROL
136451,3cf8698b-0e0d-44db-8d6c-d6486c684418,6076453,PD
73245,06dd40d6-1f10-471c-b336-6b7d580e79b2,5393582,CONTROL
75504,dd9b1e17-2b68-49ec-8708-3954e3ef2ee2,5475433,CONTROL
99073,31fdf980-2e42-4351-a2fe-673ba4a147a8,6057012,CONTROL
133535,d96eb0d4-4dbe-4f2b-a977-55cca40e4035,5448626,PD
97111,e4530d2a-138a-4037-9e4e-32f715175556,6033700,PD
79785,92fadb9c-2ff9-45d8-beb9-b651984cd1da,5754505,CONTROL
107390,23087d08-1c63-480d-955a-03ce2a26db21,5776371,CONTROL
130416,290831b8-dbbf-45ae-90ba-798851ddd276,5513691,PD
80293,559d58b6-ab77-48d9-b1b4-ff8db58ef3ef,5737709,CONTROL
83025,b8630166-2466-4e56-b898-2a7fec8d3a46,5815180,CONTROL
74008,e66547c5-0eb2-4382-a244-54e19d63c87e,5388235,CONTROL
75417,25bb658a-bf9d-4a47-9cc0-0d013d70e279,5428408,CONTROL
107665,711200dc-c6d6-42bf-804a-a96667b6e46b,5785668,PD
91752,6ce854ba-9407-441e-88f8-93985377af98,5988750,CONTROL
78864,595d2447-66e4-42de-aeef-fefb7381213b,5621572,CONTROL
79269,61ebd486-3ce1-48f4-a31b-2993d7793832,5651985,PD
80845,6d2282c8-d7b7-4f6f-a138-99863fb111d9,5764464,CONTROL
77143,e1561cd0-3533-4985-9d71-108996893a13,5538171,CONTROL
136644,c3dd82e6-4527-458a-9ef3-3e9389b203cf,6081151,PD
99525,bcd61c73-932f-4e2e-8c49-c7d163e3fbaf,6062496,PD
72808,9ec8e984-ce94-4e9c-b095-5232df3c3cc3,5398500,CONTROL
106138,30de7f78-516d-4073-a97c-0c67ea524bcb,5733778,CONTROL
76071,d618285b-f99c-4a15-8add-95582b58a9ba,5484573,CONTROL
100983,d8256363-9185-497c-a271-ad600c6843fd,5465955,CONTROL
86311,9a1659b8-cab0-4f91-9226-960a21bcdf33,5882897,CONTROL
75687,e0e5b57b-5ea4-4d57-ac51-acef6d838ec2,5520392,CONTROL
82878,ce2b2605-57e8-4c20-9194-af768781454d,5794724,CONTROL
134741,6e84dd03-8f13-4144-a366-cb531ffb07b9,5528562,PD
118159,94eae1a4-a21e-4cec-a710-b2db73d9b304,5626810,CONTROL
80111,cec326d8-383b-49ca-bf53-cb0c990df1f0,5747605,CONTROL
120173,075e065a-ee03-49ca-9ce1-f68749809e2d,5769481,PD
75602,00e38142-198d-49bc-b902-fd39761cac93,5417285,CONTROL
72574,1bc4e225-7dd2-439a-8546-e66ebd98a4f0,5406226,CONTROL
83343,998a7da0-a59a-480c-b87d-6a7277a7fb4b,5785669,CONTROL
88484,a348996c-2256-43b7-80b1-a2a9bd6fba5b,5941894,PD
79466,f407fe4b-33b5-4538-ac27-85f23046e3dd,5656449,CONTROL
111125,ce5c8357-dcc8-475d-a52b-1d048224fcfa,5891253,PD
109262,edc7ac07-0c33-4954-9d2d-6862c52398ec,5831616,PD
86101,31372921-ad37-4983-b6dc-29d45f49ed7f,5887941,CONTROL
116307,a1913b93-ccbb-42d0-8386-1b11ce13980b,5513069,PD
102724,cec69080-0311-410b-9d00-8088d21ccc08,5571284,PD
115867,6f727f03-013f-4467-92d1-a93fe32112a8,5485158,CONTROL
87784,6244be74-6f9b-4b01-9558-b169192bae63,5934049,PD
114147,e48444ae-5d43-45af-9b18-85c791e33003,5947008,CONTROL
72480,b1be8eab-1a83-4e3a-ad74-43a2e682dbc9,5410565,CONTROL
127101,4c623832-42d1-436e-a022-773222312425,5825061,PD
77391,23d877c3-cffc-4c88-95ec-bb01a9f97319,5512011,CONTROL
86405,1c6c593d-ef6f-497a-964f-6899b8ff74b7,5897137,CONTROL
93044,e697c56e-1b27-4d60-a346-8d8407c1601c,5995665,PD
111631,1ee9c522-d68a-4d32-8113-4c5246986978,5900143,PD
88123,3bee5ea7-9c8e-4b85-a58c-2c4094d790a2,5942684,CONTROL
92847,6c3850a9-b6cc-4c2c-a609-a7feb945e090,6012936,PD
110319,0eb60c3c-52ee-483a-b48d-4c6d0b412e0e,5869544,PD
77819,1db1ed03-b5ea-48ba-a5a6-54936d19639e,5662313,PD
82258,bc1dab86-f8d0-457a-9031-731b1f1e7f7f,5771852,CONTROL
110995,71d55126-3d51-4092-9af6-5b8b88c96914,5897428,PD
109524,68ad3d0b-f67a-4418-a389-e049ce71125a,5847853,PD
108566,3885e79f-f0bc-4931-a3ca-ec4840a24768,5825966,CONTROL
114640,81f362ca-e99d-48c1-b820-bbb5485bd6fc,5417853,CONTROL
74512,a2160f5a-fda0-4b71-983a-550a7e1bcbd1,5392232,CONTROL
103999,fd929fac-694a-4920-a833-58ddb2b12bbe,5669974,PD
72161,ae49bf2a-8e08-4839-8df0-f2ccdcdbeafb,5394312,CONTROL
76572,f4a126d5-bb6b-4097-9876-aacc6d1b03b3,5450257,CONTROL
93428,5d1d61c3-9942-4ccd-b65b-b27dc43887b1,5993517,PD
95644,571e747b-c2e1-401e-afb3-43a6b614f77a,6021856,CONTROL
74197,92c0dfc2-5004-4af2-aad3-f697f90a3ea4,5408673,CONTROL
97311,325f3e23-408e-47bf-b8d1-6a9bcbfeec97,6035568,PD
87347,c64858a7-c69c-42b3-a851-9acb010b6979,5923253,PD
89180,bfc55fc2-f448-4915-a5e6-62b66c706b0a,5954064,PD
77092,138daca4-144c-48c0-8022-16726bc37fc9,5434672,CONTROL
82977,fcfb4b0d-50d4-4de2-b086-7bce4d33ef5d,5786057,CONTROL
108521,99d9e436-1177-497c-9dcb-7f2b82fb2bfb,5824199,PD
109655,c108b15c-3da6-4fca-8861-200795111980,5854015,PD
97054,00dc061b-8151-44cc-8eae-4d10f11a5ab6,6032960,PD
72286,af074a2d-5487-4b1e-9b91-8c733f2ce4bf,5409875,CONTROL
97109,6bd56ca2-a9dd-4487-8ea7-b525d7c839f2,6035314,PD
78853,32145922-132a-4ac6-a774-8569a422acc6,5663515,CONTROL
125560,0d1d5798-ef1e-496a-8980-fe3531eb6c3a,5780710,PD
93967,25f75a03-516d-4f1d-aa1e-c35d0183301f,6001116,CONTROL
78797,a2d96fb5-7d9b-4594-a22d-0d769958a678,5632622,CONTROL
137105,631566d6-f082-4d57-ac91-c895ff4d6de0,6092462,PD
83262,b66f90b1-f5f8-4c0a-9cf1-28627de6126d,5786921,PD
89521,1c10a5d2-ebff-4d88-b54d-5aef49de4b6e,5961055,PD
103121,5855abea-960d-4476-aa18-1b66fc381709,5738552,PD
134928,217dc372-85f6-4eed-92d0-c80baae6af6d,5542473,PD
76100,32f542ec-25d9-4807-b473-7334ae0d9391,5473014,PD
80490,e95cc9c2-6576-49ae-bb3d-9215b149ccfe,5761672,PD
99586,8c053b0c-8e06-4f23-a138-56df32752289,6058742,PD
74842,6324a8ee-87de-44d9-8d04-d311fed070bc,5489882,CONTROL
79041,2974bea0-3aa2-4a00-9f32-6d5856e62829,5615078,PD
124469,973bb81b-7908-4b96-bea5-97b1f020bda2,5434119,CONTROL
115161,fbf09241-5c47-467b-8a60-4e7913acb100,5488941,PD
87473,16e88ad7-d8ea-4bb4-ad8e-f3dcb9a258bd,5909485,PD
88236,12b56a1e-cba6-4d10-818d-0c7c0ca9a983,5945827,PD
73270,b7600ee0-3b9f-432d-8cb6-21145e7b0012,5391615,CONTROL
81201,de9fd40d-1c8b-4f5d-8cbb-07eed0807f91,5712334,CONTROL
101857,116072b2-8c6f-4d85-9ee2-b94d02b9e754,5532853,CONTROL
73871,b9505173-160b-4698-9d21-7f20dbe7e852,5391328,CONTROL
133462,edda1cd2-809e-4e46-8fed-afab768abca9,5450686,PD
128783,50140b3f-0ac4-4455-b1e1-ef8b3597b71c,5878826,CONTROL
119500,075e065a-ee03-49ca-9ce1-f68749809e2d,5684197,PD
75378,edf2e8c7-b7e2-4fc1-b4e4-d2f28f4922bc,5421502,CONTROL
112059,6c130d05-41af-49e9-9212-aaae738d3ec1,5908062,PD
85478,c9999c9c-ac07-4852-9fd8-3a90b41ef925,5887082,CONTROL
79856,8d67e82d-721b-4fd9-a941-c3760a28dd9f,5712435,PD
75055,030fe814-de84-4fb5-8df6-84dd6e7cc7dc,5480004,PD
122212,161ed364-2891-4ace-83f4-d7da815205ed,5702958,PD
95506,ec4b1d9c-4093-4a8d-84a2-672ac9bc511d,6017705,CONTROL
72466,586303d3-c2ea-4cdb-b09d-a51f59f3f62e,5394154,CONTROL
135334,5bf2dfe5-548c-49d5-b0a0-30568ab1afe5,5568536,PD
94247,4b163a5c-f4cd-4a1b-ab6c-f593fe1e90eb,5999791,PD
101367,325f3e23-408e-47bf-b8d1-6a9bcbfeec97,5494581,PD
96208,1f4a9930-e31a-43a6-9cfe-7cf5f0b95716,6026356,CONTROL
87311,b3404b35-b8f8-4f14-afc6-92f0d1bdf920,5912863,PD
74622,d598702d-a72e-4533-961b-f1c29ed6013c,5409826,CONTROL
86465,0a76e74d-888a-4c9f-bc44-ddb1f73d64fa,5877422,CONTROL
83497,132f1a7f-a572-4a0f-be0f-e61adf94667b,5784893,CONTROL
134360,2f9c4950-2a3a-49e4-b343-ab6277119ea9,5506879,PD
91698,bb995d58-226f-4ca8-9980-de75908755a8,5979621,CONTROL
116920,63f638fd-60cf-476f-a32d-14ae1428fbbf,5537620,CONTROL
76172,8af46bf1-2594-4757-93c8-0d4cb21eef1e,5461999,CONTROL
110525,acd91366-cd8c-4f1e-a314-2cd68f03299c,5884327,PD
95208,eeef78ac-c335-462c-851d-252214510887,6015414,CONTROL
81523,db93ae75-b4fe-4210-b766-e1e7edf1518d,5760255,PD
84150,adbc93a3-8214-4649-aa6c-15a34bb51509,5833809,PD
126632,5fe0830d-9fc2-493f-a9e7-2e900b9e37a8,5810973,PD
73743,9d478389-f02d-47a0-bb1e-c226bac23030,5410253,PD
135111,433dbed3-3ed2-4b5a-bfb2-759ccf7c3476,5551197,PD
78810,26b15140-2acf-4180-8283-f3acef5501b6,5618364,PD
96600,b2c6a6ec-e867-4dbb-bf42-8dd7fb2a088d,6026998,PD
119616,0bc051fe-d863-4e20-8fb9-cc899bf3b072,5685114,PD
84625,fcfe6689-e2a0-41ec-93e4-dcc2fe11c9ee,5862900,CONTROL
73066,d69730fe-6f10-4207-a0a0-1170c24eb4a4,5409221,CONTROL
127034,3331546d-4372-4700-b1b7-45758a7c9f77,5826769,PD
75280,68adbfcd-380e-4433-a444-47205d4fd6c0,5453231,CONTROL
106683,341a3fde-86c0-464e-a442-d9fb294a53fc,5761667,PD
115189,61e223ac-4657-48b8-89b0-d37df5c85d39,5449208,PD
90745,0ae68fc8-2edf-4a67-8d22-3e8efaa7db54,5967468,CONTROL
88572,ce4e34e7-6a19-4deb-8b8f-b8f4d6391491,5928864,PD
81184,adc27312-d1c8-4784-90e6-6ff508e4dae7,5711490,CONTROL
82756,3b20c871-e212-4781-a30c-a0b31923fda2,6074336,PD
73774,2414427a-a867-4dfc-8ba9-35b0f078150c,5409008,CONTROL
121238,58ecd2e3-66be-4596-bc48-dfb2d009528a,5634362,PD
117772,d16452a8-b678-487b-a42f-0e8bea8a8479,5595297,PD
95974,b9950d56-f8df-4a4a-9396-091f23c9971c,6020102,PD
86998,f692fd72-7fbf-4fdf-9fcc-c9e2001e249d,5908709,PD
128235,9b3adfa3-30cc-4ef2-9ad6-fbc964f19982,5863951,PD
73567,86209589-9440-40eb-8900-dda369bceaf8,5390590,CONTROL
87697,8ba90384-a907-4eca-806d-2feff31959e7,5962454,CONTROL
77300,24acfdc2-99d6-43cb-8703-d8bc035b4a53,5550122,CONTROL
76848,7596aaab-47e5-4468-9edc-b85914247063,5482764,CONTROL
79258,2bfd6546-ea0d-43aa-b316-f77e9c7882ae,5684858,CONTROL
122463,2e5b0e02-a940-447a-8b7e-a70b25ca174f,5766838,CONTROL
72210,06fa8645-cfe2-482c-8515-258697c16483,5403307,CONTROL
95495,0e25eb20-d440-451c-8b92-9ece30630998,6024587,CONTROL
81599,952a8bb9-63de-4f84-be00-71edcbc816b6,5749213,CONTROL
118906,98cebf27-8771-455b-a624-c2fafa48e249,5659559,PD
84773,0fb2371f-2456-430e-a9a4-f0cfba39ae30,5826281,PD
93177,63b48233-d2c8-4f4c-966f-05be5dce7d1c,5991746,CONTROL
74265,1a38dca5-145a-413b-86cd-86fa9f6802ff,5394179,PD
89626,762e0eb9-d679-4a40-b686-f3e7986db56b,5957124,PD
79451,8c0559c1-b186-4db4-bd1d-b0ddc02d5dc0,5668223,CONTROL
132356,4d394840-210d-42c7-b8d3-cef242f1ee4c,5632949,PD
101664,986bc332-f3a4-4552-8b2a-c69a9d5e4989,5584889,PD
74564,924dafc8-6817-45b1-a287-c13cdce07725,5408059,CONTROL
97746,8c1ac6f7-1fe5-4d89-b2ba-2613639d2f33,6042020,PD
86196,54904954-b56e-4bca-aecf-48ebb0337a69,5891196,CONTROL
76315,7d0172c4-8b25-432c-927d-3c992552f687,5543319,CONTROL
136629,7b6285c1-1b41-44c0-988b-24e6303bd254,6081336,CONTROL
79273,3b85d532-0056-498f-88ba-c0701329a0ad,5594669,PD
81251,1d5bdea2-8da1-435d-af38-2d2116f51a5b,5697922,CONTROL
83074,ab0b71a9-ad46-47fd-b3ef-8b1b83412599,5804528,PD
102640,7bc86881-7075-467a-850e-53e021b60f9f,5574024,PD
72797,1c5fd7cf-5c84-4691-8af1-2b4b103b1c18,5389683,CONTROL
114795,2564a9ff-29b3-4d53-a0f9-fcdaf810141f,5428672,CONTROL
95941,70420a7e-97ee-449d-9b78-f7365d5c820b,6045573,CONTROL
80472,70c25daf-8b72-4d4e-b510-0f040d7c1e6b,5714742,CONTROL
118284,cbc65362-9f6a-40a7-8b7f-96f8a9e7c44d,5631796,PD
92854,67440fc1-d449-4f9a-8f0d-8d8a77a492dc,5994622,PD
97273,05d4e71a-c792-4549-8ec7-6a7dc355a1bd,6035693,PD
129718,d7782ed2-3b4b-4751-9415-8acc9fab8a04,5471264,CONTROL
95605,841b5b7b-d7f0-4489-b371-1edb59fbbfc8,6022764,PD
123585,ac01f080-96a4-4faf-bc80-291a996f6edd,5530871,PD
134068,a9446838-42f5-4ad0-9e65-6e4b9f4b8691,5485986,CONTROL
110972,bda58cbf-a773-487d-bbc4-2fe367e0fcc2,5895038,PD
110574,c6d662c2-5af8-4781-bb68-d99162d9d1fa,5886443,PD
130016,6e2f881b-f2a2-4493-8593-e7a50d96874c,5487253,PD
96461,2b8c3659-90a8-4b28-ae5b-88eab39997e6,6029677,PD
82394,5a0f0f7e-8b49-4e1e-a8d5-9661625b5609,5788046,CONTROL
76146,762a1495-714b-42c8-9218-69ab22a5806f,5512944,CONTROL
111406,2949f2e3-0753-4444-89fa-4b3273fc3f1e,5901146,CONTROL
95649,571e747b-c2e1-401e-afb3-43a6b614f77a,6022252,CONTROL
93865,01aea090-d2cd-409e-8ce8-22887ada7af8,6008160,PD
73143,9d6f40a4-f46b-46f0-9ed6-6057fb6da918,5392805,CONTROL
107088,a1edb74b-c10d-4466-8a28-0ccea95a37e0,5781428,PD
102126,1ee9c522-d68a-4d32-8113-4c5246986978,5550137,PD
132479,92da6dbb-ddd2-4a0f-90e4-46de8b1566ac,5636557,PD
98502,23d0badb-95c2-4ec0-b85b-15c2929421a6,6046516,PD
99476,bd28bef2-15a9-4d7c-b517-208bac714e3b,6059594,CONTROL
81097,7db8d93d-ec5b-4a21-930f-ffeaceac4eb1,5743738,CONTROL
101789,5863cea7-ec16-44a1-80a7-785e652cea4d,5579588,PD
93147,8baf61c8-1ad8-44e0-86c0-f29c6d564cb5,5995240,PD
83005,ffd42c31-63ae-49aa-93fc-04e276b6d945,5794470,CONTROL
102414,f2a19126-3eeb-4588-8290-4c41b8f6582f,5567571,PD
78908,b88cd5df-1cf0-4012-9156-818639c32dfc,5649116,CONTROL
76542,a85c3d2b-b6e7-4165-b4c7-3d8d9b32dc3f,5440823,CONTROL
108627,23c1a565-1761-4fe4-90a6-dcc9b9a4ee47,5824469,PD
117465,edd71f00-1144-42f5-8f7a-9d6b861cace1,5579920,PD
100075,3c52176b-a6cc-40f2-b249-b5336162d4ee,5443837,CONTROL
78762,1208fde4-dec9-4e1f-9a2b-354fd599aa2d,5612912,CONTROL
85247,9f96e312-1e20-4b96-9877-6cb74e029bd4,5889267,CONTROL
75436,3d8f986d-676f-4ed8-aaef-b52a609cb429,5511910,CONTROL
72776,9fdcd59d-bd1d-4e9b-9258-1c2e192f20f2,5400355,PD
122464,f07fc398-c07d-4ef0-9d10-987ba6d6f979,5485024,CONTROL
123815,3331546d-4372-4700-b1b7-45758a7c9f77,5496029,PD
96250,26b15140-2acf-4180-8283-f3acef5501b6,6025671,PD
74181,3dbc521d-97e8-4a22-91e6-14f75c97272a,5408882,CONTROL
104814,55adff90-d14c-4d96-8339-c9d930c461f7,5697069,CONTROL
73687,08d516dc-6416-487d-9cfc-65c41da4d7b1,5394759,CONTROL
86258,cca0e761-68e4-4131-826c-9cc4883cc4de,5871032,PD
134385,6e84dd03-8f13-4144-a366-cb531ffb07b9,5502901,PD
132145,5f2b561d-ef7f-452d-8f62-4c4c37fc8458,5614085,PD
82801,b9fc5905-a423-41be-b526-a5dcf02ade42,5777251,PD
87346,d1645e68-b280-48c4-bd16-abfdb8c4ada5,5976325,CONTROL
83020,71ba8422-0bbe-42ae-9185-0fca8a95ccb8,5792004,PD
89694,8c2c36d6-9cb2-4358-8085-5958e7f35a67,5962291,CONTROL
97146,6f615077-303b-49b2-8a44-daa947527b25,6035410,CONTROL
111481,381d4f95-fefb-4c1b-89f2-958fefee595a,5905421,CONTROL
111604,7438656c-ce53-4bbc-9901-b4b907b7271d,5903082,PD
117887,36f78c32-2c4d-4dc5-bd15-75f9a0e405c2,5602611,PD
82280,aaec8c0f-4ef7-4f52-98e1-c9cde58ab5e5,5785458,PD
76507,1bffc8f9-7e5b-4256-a54c-149bc68e3981,5426379,CONTROL
105560,d19cb2d6-71dd-4b9f-97a7-f2dc355958f2,5726629,PD
132919,4070311b-610a-4d7c-af3b-464ff229adcb,5415891,PD
74728,bc1be0db-4daf-4dab-9a3f-1ad3d7beb691,5405177,CONTROL
80599,b28c3179-65e8-4f71-b32c-8a2f0d989771,5704962,CONTROL
133398,256946ce-e118-4f9e-88dd-45984b83c227,5439672,PD
101529,988b4e7a-9928-480a-8f9f-36d7eebce81c,5515041,PD
75669,fb58df40-face-4aef-98eb-ca727dab3464,5573229,PD
87769,f692fd72-7fbf-4fdf-9fcc-c9e2001e249d,5945444,PD
79153,721d67a8-4d85-4782-b474-c2654a7a10c6,5671164,PD
75121,01b21550-2c5d-4b37-8a95-8d949beaf22e,5550980,CONTROL
72497,67aa1b0c-2402-4391-b0ca-f0fd92a13bd1,5397896,CONTROL
79782,1d5b88ea-2f4a-4a6e-b4b0-c8958b7b969e,5713544,CONTROL
119890,e06e1420-a969-4311-abcb-cf2cd4203e53,5724610,PD
112341,8ea3e6f9-d7bb-4fba-a69d-3e34c179249f,5915966,CONTROL
96044,ea0252eb-1817-4335-9d07-346ecdc54a84,6025761,PD
84333,b481701f-848c-4769-93be-833c8e30e79f,5849136,CONTROL
93814,47d83366-db6c-46ca-b904-fcee302e72d8,6006057,PD
75729,addd6d64-4cd8-4d09-af13-1aeed34a6619,5517569,CONTROL
79983,9ee94d29-09f8-4488-a556-3d70ce04a72d,5729616,PD
83124,bf2143b9-a43b-4a47-84a4-c8f3cafbe808,5772709,CONTROL
85655,5423d73f-88f1-4706-ad5e-76c0559cb0b8,5879927,PD
83473,5b41a94a-80e8-4dfc-8b89-3e756ef87b38,5775096,CONTROL
115324,e08bb091-4706-4782-8ab2-4bd9d5ed571b,5456654,PD
128583,b83013bc-d524-4db0-afd1-be3b6e30ff0a,5873153,PD
86051,a7024c23-c319-48e2-ba7f-e5ed8778a677,5875308,CONTROL
77999,0474a7ea-d0e4-4737-a276-4670a0f2dfc1,5672379,PD
115183,15cd9496-900a-44bb-948b-12a24b101615,5448572,PD
107239,530bc9ed-d545-4252-9660-2ce2f916a9bd,5772204,PD
82652,2951f8b7-24c5-4d72-8e79-b00fc126d76a,5813553,CONTROL
97108,4254ec6b-3a08-4baa-a909-e7737189bb06,6037244,PD
75256,f2b786b8-1c61-444c-ac9c-8cd29f5ac50b,5473360,CONTROL
117830,7dc52ba5-9ce9-42c6-bf4b-c7ce52d1b266,5593327,PD
81959,ab0b71a9-ad46-47fd-b3ef-8b1b83412599,5795384,PD
103213,9feb2176-5d59-49c7-a895-c14c8e0be17e,5623403,PD
85538,bca66a7c-4277-45ed-aa81-15ac73bfb554,5893270,PD
128279,330eab90-94cd-4847-afa5-d677bcf3fb9d,5865166,CONTROL
75219,965d3dc1-f773-4e5e-ad7d-9c351144f217,5543233,CONTROL
77914,d618285b-f99c-4a15-8add-95582b58a9ba,5632849,CONTROL
110729,b1f4d4d6-5247-48c4-9990-28a13d34fc19,5889146,PD
82451,3971c58e-16cc-47b4-90bb-5f9f34cb6ae6,5796274,CONTROL
82610,ed0e6c58-00cf-4b06-8d81-be5b4240b6af,5791654,PD
89485,5e5e1d18-94ef-451f-98cb-10dd33dd1ce5,5954505,PD
74298,51a6cf39-7551-4ed2-95e6-9712fd750c5a,5396335,CONTROL
112669,cc8ede16-7016-413f-bd7c-88378e007cd9,5922758,PD
72410,281a1338-d416-445c-a32f-8805033f44bd,5400240,PD
82513,eeaa71a5-2726-4fd2-9e3e-facba9e0d648,5809115,CONTROL
82490,dc3c74be-84d7-4597-b1fa-0e8e0b8a0c2e,5802337,CONTROL
77530,e276b537-f7ab-4a5e-9d50-7d7780663b85,5455731,PD
77131,207a524b-9965-4366-bc4d-40009d081872,5556565,CONTROL
98079,61e223ac-4657-48b8-89b0-d37df5c85d39,6047890,PD
105947,6a6a768b-94ff-41c8-b42f-c2db47efa2e4,5740746,PD
136319,6e19dc65-c5a0-4fac-9465-ce75e004696f,5633325,PD
118812,523283b6-acc9-4375-ab7a-d7240cd690c3,5659371,PD
108369,f53eb68e-1c17-424f-a486-ddda29e8827d,5807667,PD
89583,05e6dbb3-8ff7-41d3-8cb6-eba23a9b9a73,5952043,CONTROL
74621,2cabe647-4210-47ea-9107-f10187e7652a,5399264,CONTROL
116538,1d342238-c509-451d-ba8a-381b3e10f8ef,5513572,PD
108673,d41844ca-2d15-45e9-a161-c6bf17ed0d27,5820001,PD
103895,18459133-823f-45ba-81d1-1d382eaae88f,5659155,PD
111102,1ff805eb-4e96-4d64-b7a4-cc54aaddf2d6,5892115,PD
94303,d5de1afc-f9fe-4b04-8d67-06574c6c05e9,6003382,CONTROL
76392,abc4ada8-3882-4089-9e03-0a5d28e8445b,5468428,CONTROL
111706,67546a11-f625-4d03-bee1-4f55e8a831ac,5902952,PD
74123,b1f7e790-be9f-4a20-8ed3-6def13c6c944,5405850,CONTROL
81983,146bbe75-ff8f-4b31-a887-710db7ad4883,5794273,CONTROL
128045,3ad7ac04-9f0b-4da6-9760-a57ce16fcba9,5861061,PD
99633,4bd8b493-1398-4892-916a-9fccd94d477b,6061452,PD
96407,4b163a5c-f4cd-4a1b-ab6c-f593fe1e90eb,6025398,PD
78260,2c228219-1b9e-4f1a-9425-a178ea26fc33,5688020,CONTROL
86265,389a67d6-c324-456c-a922-8d54519b85d7,5597190,PD
122231,c4e4c40f-fbe2-4a64-86c2-27e67f9bd865,5598203,CONTROL
108549,334be7a8-26b2-402c-969b-35835693c80c,5827381,PD
77460,e345d318-a55e-42df-a1df-59b1dd90d92c,5508687,CONTROL
134870,28cfdb28-d36e-434e-bb97-f36d62008856,5538849,PD
76712,59798eb0-9c97-4b7b-aeed-acf4c6fe1a34,5495791,CONTROL
131836,3e7e6085-a641-4b0f-bcda-c4fb3c0d3fe4,5599771,PD
113743,4bcd662c-afe8-41ee-8a13-6dec733422e7,5939953,CONTROL
91096,b43efb21-d489-4a36-a1e0-38b94f15d14a,5973384,CONTROL
112706,9e47580e-cf58-4ba7-af88-077ce55c7973,5920966,CONTROL
85702,040ea274-f30e-48a2-932d-c8278bc0a60f,5889898,PD
133922,3cf8698b-0e0d-44db-8d6c-d6486c684418,5479720,PD
76087,203b55c5-5569-49fa-8fdf-fc47d2dde1fc,5531413,CONTROL
94649,523283b6-acc9-4375-ab7a-d7240cd690c3,6016384,PD
108735,fd929fac-694a-4920-a833-58ddb2b12bbe,5814893,PD
74233,047aa0ad-2079-481b-95ce-e6dac0dbacb5,5399097,CONTROL
77063,0fea9288-0568-4c3b-9030-c1cc75e917f1,5471681,CONTROL
129318,8beab5c6-6067-4c47-b655-1901f5a534a8,5439433,PD
94196,9ce638c5-90bc-40fe-aa00-6f13e0bdefa2,6002597,PD
94081,02350706-c0eb-4604-8643-91ca6c778ebb,6004153,PD
103866,241670d1-1dff-4ff4-bbe2-d3c8b7024ddf,5637480,PD
79481,66ff2edf-f8a2-4ab9-a331-6521f6f05db6,5595912,CONTROL
81662,267bf83c-5ff9-4ec3-8991-66e59eca0d04,5700058,CONTROL
78987,812fe6da-4802-46dd-a531-accfed1a9683,5610288,CONTROL
77587,8830a099-4ea1-4dd1-9ebb-6d0f31a60b71,5522901,CONTROL
78859,894ba5b8-f335-45e1-afc1-1367747e31cf,5647562,CONTROL
72393,6afbd06d-5d9e-4b61-9541-5ef84ded1993,5402695,CONTROL
106146,d644ad57-f62d-4b6a-b387-2c5aabbb4ba7,5745597,PD
77090,a627b898-05bd-4b7b-8104-4ef537076170,5436664,PD
111678,3f68da18-e3d6-426b-801f-9d8ccd46e6cb,5899914,PD
73342,1772d27b-c289-4ade-b557-75e817f84782,5398280,CONTROL
90595,9ade8ab9-6c8b-48b2-8f63-ee68c864ce62,5966748,CONTROL
74349,f29730cc-3015-4b61-9fa0-e589871977b0,5393067,CONTROL
80370,b0117d92-0b04-43fb-81fd-7e9baa68e6a9,5713047,PD
80765,6ae4b89f-6ce4-4d5a-8a58-3fb773ae9d5e,5730961,CONTROL
99299,afebcbd7-411b-4f0f-8db1-ea542af2c94f,6055618,PD
95368,bcd61c73-932f-4e2e-8c49-c7d163e3fbaf,6022928,PD
73009,8d14f2e1-4ad2-4c41-812e-917ea0093e09,5388153,CONTROL
93925,724fcf9a-bc00-440f-b2ba-0a9f6ea7a719,6007834,PD
108683,4fac524a-4cd2-442c-bd85-3d8e63f03e5a,5817183,PD
86210,e518e247-5b7d-4a80-a143-2cb2570052af,5887952,CONTROL
134090,5b71621b-1b34-4bc5-8be0-649428156c07,5481763,CONTROL
85972,b3bdadcc-daa7-4c13-a4dd-a626b9659502,5893265,CONTROL
76485,32e23bb4-c2ca-489e-a580-d432d05e015e,5550928,PD
99147,67258105-115d-42aa-af10-fabaf10b462c,6055568,PD
90552,b0db7caa-f04e-4dd4-8f35-c7e41da09f01,5970199,CONTROL
87118,0831ffbe-c832-4ea7-b800-10ef37978739,5918046,CONTROL
82462,c499a6b7-a5b4-4c92-ad5c-905ca29a14d8,5770803,PD
94046,13853bcd-b253-4c01-8e95-881aa574aeb9,6000065,CONTROL
89057,e492c66c-b2ec-4a5c-8d0e-9468df117667,5962459,PD
83971,8c1cecda-0d34-4602-95ad-ed1ee8de53cf,5830339,PD
74720,ed769405-41a3-435e-8e55-b1b832dee532,5405381,CONTROL
136766,43319463-a0f0-478c-93a6-98c20d1bc770,6084811,PD
76011,e398ff7f-d674-4e7e-97da-5c2234543973,5466955,CONTROL
72729,d29a7302-5d02-4841-bdad-71ef80bc3cd6,5392768,CONTROL
75753,48215aa3-9a5e-40c6-88f8-9396d7e5825e,5553811,CONTROL
115184,0160664a-f4af-4071-a4aa-2967f3ea0503,5453395,PD
119776,31267c25-bffe-4f04-984a-acd95a3f4fe8,5692115,PD
133333,3516da76-a3e1-47ac-9255-ee100797ba9b,5445119,PD
129681,15cd9496-900a-44bb-948b-12a24b101615,5470331,PD
74164,4220329a-2d66-4962-a0d3-9694d14f3955,5402800,CONTROL
72241,b073d0b1-193f-43ed-bbba-ee771cd5916f,5408179,CONTROL
104535,00dc061b-8151-44cc-8eae-4d10f11a5ab6,5691859,PD
78454,5e8b23b2-e722-4dfe-9aa4-56a14d371065,5649323,PD
126613,9ab8c276-8a5e-4ad7-8b05-1b1171f3a890,5805527,PD
100981,d8256363-9185-497c-a271-ad600c6843fd,5484254,CONTROL
90862,2571db2b-2f00-4d44-836b-afd7ce888c14,5968705,CONTROL
86420,ad321355-0e48-4ccb-b55c-3b47331c2282,5888085,PD
90316,6f2d3687-9947-4011-a05b-dc4c8a4cf3ba,5964008,PD
94087,add935aa-6172-4db1-bad5-56eb3c20fb76,6003159,PD
85608,ac1dee32-398a-496e-9e31-053c46f78eeb,5887894,PD
77419,8d14f2e1-4ad2-4c41-812e-917ea0093e09,5538914,CONTROL
88375,9d02c7c6-e7b1-4d9d-b31a-edc201d79ae0,5935492,CONTROL
136391,d0dac661-b3b2-4713-a431-0df6b215efdd,5636816,CONTROL
104441,1447e829-cd53-4498-a9eb-833c2f791d13,5661368,PD
76091,5d25ca97-828e-4e58-87bf-9fd40c709923,5541203,CONTROL
91591,a0c8abc9-4c62-470d-96c1-14c436896b5d,5975061,PD
79816,66a8ce8b-074e-44fd-9a1c-8b19ba294b43,5703025,CONTROL
100691,e44b1f10-dd22-4bec-974b-f1cd489d1e28,5481010,PD
79535,bc53f23e-bf00-402d-93ed-3030cc15b582,5664133,PD
84800,f7dfe721-193c-43eb-9b02-900099ca2cb5,5839816,PD
102621,e2c6b535-3efb-4659-8352-9768196e2391,5579471,CONTROL
124450,f0091fa5-524c-46e5-9fce-33cb7fd79d1e,5443293,CONTROL
134410,433dbed3-3ed2-4b5a-bfb2-759ccf7c3476,5502172,PD
103387,8543d9a7-4259-49ec-9146-f2f513e35e5b,5620503,PD
104831,62e267ca-1a34-4ec8-bc0c-51a2a5f22175,5688997,PD
82778,3df7a517-10a3-47bb-a49a-1e91e255a088,5804479,CONTROL
107519,b2a760b7-bd2d-4918-a7b7-6fa385423e11,5794404,PD
100569,f44a9eb0-04e4-408d-b96d-11934ac33ef8,5483884,CONTROL
87040,a0bb85a1-3ebc-4a0a-a57f-5fd8afeb1019,5915370,CONTROL
108677,bce9fbbb-5634-4924-9eed-4312ca868857,5821962,PD
130628,b83013bc-d524-4db0-afd1-be3b6e30ff0a,5527225,PD
92609,e5ffff86-8e9f-4961-9b2c-741803e9d56e,5998555,PD
73676,0b9d3886-1a00-4f7f-b61f-0b2963da6f37,5402631,CONTROL
82815,dd9b8af7-b22b-41df-a222-5b63bc0cce49,5798823,CONTROL
81145,8a6bb7df-b403-4b86-a94b-c8eeac6b1a01,5743375,CONTROL
100210,dacd2d5f-d133-4c09-9dc3-b3dddc9a426d,5430435,PD
134235,afc1967c-5f55-4034-8d01-824c3b1bb35d,5541769,PD
74459,78332de1-11d4-4d3a-b44d-85d091de9c7a,5400277,PD
106960,1aeb1155-088a-4a96-9763-2b52d3b099ad,5777879,CONTROL
73175,a7bbece3-10dc-4dd1-96d6-262b25797dce,5399391,CONTROL
106866,9a8e0d42-3eab-4e63-8b96-5fe5d59c49d3,5772616,PD
106824,61e092b5-9628-42c4-b81f-ca866a7fcbab,5752873,CONTROL
80022,fd2fda3a-a00b-4bbe-9753-d5193441f535,5714015,CONTROL
85552,43b38884-ddf9-4612-b304-29ff3c25c07f,5898428,CONTROL
104235,f7e546d8-9831-4cc1-b3ac-176de8da6698,5677908,PD
74281,042f680f-a5a4-4dcb-8d39-ff36ea03b842,5409660,PD
86566,a724b198-2cdf-40b6-89ef-1cf230093e26,5917003,PD
105061,11b0961c-3d85-43e3-bc1b-a2c3e7f885b2,5904449,PD
136431,d0dac661-b3b2-4713-a431-0df6b215efdd,6075966,CONTROL
74170,4220329a-2d66-4962-a0d3-9694d14f3955,5407547,CONTROL
86423,ad321355-0e48-4ccb-b55c-3b47331c2282,5895217,PD
113307,e520ddff-53a3-407f-8e34-54ae7d0b0889,5931617,CONTROL
79955,804548c3-deab-4614-b8de-e807edbecc80,5712708,PD
77098,8fe66a0f-f6c8-40e2-9b11-c30fd832e4d8,5415556,CONTROL
126989,cbcbdf73-e3ee-48b1-a2e8-80ee5d37b722,5819173,CONTROL
125123,dda14043-aa17-46fd-93f5-5d38956397a7,5568055,PD
72787,d2b327d4-19d3-4c22-8c76-b02269fc0084,5393492,CONTROL
79345,ce5cb455-f71f-4727-94d5-13f860bf4ce0,5597475,PD
124837,5fe0830d-9fc2-493f-a9e7-2e900b9e37a8,5472640,PD
76263,638ff105-37d6-4b09-b46c-4c8083701ebb,5420201,CONTROL
112775,635428dc-8898-4b02-83c8-1cb09d58f743,5921106,CONTROL
78747,8c2ffe5d-3b05-4424-a60d-c628a9c5bd0d,5632299,CONTROL
99986,f26e1ed8-fe2e-4b3d-b58e-f9154c4ec4cd,5434161,PD
79074,f3f7332a-725c-4c0f-afae-1d53128972e8,5648541,PD
88800,d0b9e9bb-d20b-4cb3-a2dd-6a944c39e81f,5932540,CONTROL
81071,ebbe869c-e556-4584-b82a-0503a9974bc8,5762454,CONTROL
76135,f4c73022-5272-4263-98d6-5674278f8748,5563227,CONTROL
80180,925e8166-6d62-42f6-abb7-dfa7f0459786,5749579,PD
87814,d26c7415-134c-4a05-8e92-6e625854b6e1,5928832,CONTROL
99386,6bd56ca2-a9dd-4487-8ea7-b525d7c839f2,6058835,PD
75189,45754b32-acf4-4fae-94ea-7f949f74a28a,5496163,CONTROL
108727,ec5dd8db-c41e-4879-8bfb-c26eacc64f42,5818437,PD
112759,f4910fb6-da07-47b1-9e80-f2af028f8e9e,5924987,PD
84320,0fb2371f-2456-430e-a9a4-f0cfba39ae30,5824314,PD
73764,e1e422a7-eba2-44b4-977e-d2f1844b6158,5410778,CONTROL
90562,3f997724-f0e4-4a31-9ef7-57bbb8cf3188,5965188,PD
102813,54247570-e33b-4d54-bb75-8b74aa79fd8a,5579809,CONTROL
101733,2b8c3659-90a8-4b28-ae5b-88eab39997e6,5513145,PD
73512,86bce14b-ea83-477c-b1a0-aa227e054084,5407420,CONTROL
127574,79a0a04c-ae76-4c75-8964-2847b6904eaf,5842019,CONTROL
92577,c80a4b6e-e9a5-456d-9934-9ef4108fe35e,5984211,CONTROL
112498,47077bce-7a89-4461-a26f-4aa0677aaed4,5917458,PD
97770,3ca6b81d-22d7-44e9-b4bd-4c833b4396ce,6040328,PD
88762,8a151c72-e599-47eb-ad77-b8f0bf3f4ea9,5945138,PD
96879,804ab780-e74f-447e-abec-b7e640433ed3,6033946,CONTROL
91336,8745e5f5-648b-4d46-bc7d-045fa6e2d628,5973624,PD
121819,a50dfd03-6211-47ff-9d94-8026c65eed93,5696173,PD
95121,3c39f3d6-fd3f-469d-8594-9e30ec0b658b,6011369,PD
122469,776122cd-333b-400a-af9d-39771b26fa4d,5667555,PD
107430,53cab9a2-a0c3-4188-90d3-97736d73e471,6959253,CONTROL
110352,ef281d10-9a48-4033-b25b-6873caf37cef,5868371,CONTROL
74219,427ae38e-5194-4e86-a34f-67d8682ae581,5394000,CONTROL
135682,e2749d3c-6186-4013-925d-2e7f28a6e035,5586592,PD
93269,710f2d79-1468-40b1-9ab5-beb8721f43a5,5992123,PD
127559,ce5cb455-f71f-4727-94d5-13f860bf4ce0,5838908,PD
79103,843794e6-8c09-4afe-b833-7f8cc30ab90e,5659081,CONTROL
101281,5e6c8801-f1f5-46b8-9125-3fe7f70fb9c5,5514314,CONTROL
135691,4f8a178b-3b90-4ed9-bec9-fe05a3a33b03,5590109,PD
110918,97d23f31-a114-455b-87fd-fd8bc810f4da,5887948,PD
82480,3e3dab8f-87e1-42c8-a091-9202fb089a03,5793493,PD
99297,afebcbd7-411b-4f0f-8db1-ea542af2c94f,6053286,PD
76802,6d2afdd2-ca80-45c2-b396-a55eb28c9144,5469544,CONTROL
120649,a50dfd03-6211-47ff-9d94-8026c65eed93,5558743,PD
88010,d6cb359a-3839-4879-99d7-6afe07926276,5935151,PD
112745,d1d9a812-9e7c-4bd6-9ad6-7bdde8594989,5920539,CONTROL
125496,bc6d79c1-6f9b-45fe-bf31-9f44d1d4eec9,5773824,CONTROL
72998,f3717639-aa99-462e-8514-6312d1e98e41,5407534,CONTROL
82890,11fa2e95-094c-45b7-9e4c-b6fb8d935314,5793991,PD
108351,4a61cb25-1f7d-48df-8b92-9cac13ebefd4,5798289,PD
89084,800aad52-9ea8-4813-a206-acb3126e533f,5961167,CONTROL
123065,5737bff3-0b05-45d8-a78c-0cd341ac23f1,5770763,PD
108358,808bd714-1d45-4db7-8910-db3eed15a011,5831972,PD
92033,0b95e050-a6d1-433c-80d6-1573a9457da0,5983762,PD
92429,7d01a4be-26b1-49da-9e85-e559f49928de,5987965,CONTROL
119979,710f2d79-1468-40b1-9ab5-beb8721f43a5,5667362,PD
136267,5e7fba64-bc6f-4987-b3d4-97328d805f4f,5634672,PD
74860,d55784f6-d261-4d28-8a47-c0e39c4d8b41,5557852,PD
105893,29c8abac-d7e7-468a-852b-1199c4b8117d,5719917,PD
90781,04e4ef79-e5a5-42f5-a7ad-9e7c834fae2f,5967236,CONTROL
77649,0f67ec69-fdd3-463e-88df-507a59369fe7,5460604,CONTROL
102478,2f59d408-6513-4d04-b8d3-3a3d68d31880,5577270,CONTROL
94100,234ea552-6086-42b3-9746-f3a32569ed65,5999810,CONTROL
93313,90550db0-af30-495f-8d7c-5749577cdae2,6002176,PD
84165,f5bcc1b7-207f-4b65-ab58-f65b0cd243c5,5822897,CONTROL
73062,133c1bc1-5bea-42cf-8070-90fb5cc4638c,5403711,CONTROL
82327,e4530d2a-138a-4037-9e4e-32f715175556,5783201,PD
76277,804efb75-78e5-41d0-bc1c-bf7d2ca31f3a,5512497,CONTROL
90008,d0ae0ee1-165b-4e5a-9caa-ad8a17688445,5970915,PD
101936,8ce923e3-a1c5-4f1e-be17-69b2cd9f0e50,5529837,PD
107940,da11c7dd-6c82-4fd3-8dcf-6906b52e4ae3,5802753,PD
107209,c84ffcb8-5533-411d-b74c-1e03e6073d74,5777686,PD
113006,d49ab276-4836-406b-a462-b79d3b4deab4,5930011,PD
136928,be0e3c5f-e290-44a3-968b-2604d2603f65,6088831,PD
82586,0aebc1b8-a6c9-45df-9d33-e474740dedad,5771104,CONTROL
77690,ba02cdd2-58e8-4384-adf4-a7d8c84b82b1,5483633,CONTROL
105178,52eabdc8-4dd6-4ea5-baad-3822ea01f803,5701112,PD
95535,e44b1f10-dd22-4bec-974b-f1cd489d1e28,6021349,PD
76625,c4793cad-7feb-4ec0-a807-0024780f663f,5530344,CONTROL
77582,29af4a5d-e6bd-4642-9025-b42d5e1d0eec,5508419,CONTROL
85052,c84db6e4-4691-421e-a654-a6ebc51fdbbb,5884588,PD
74065,e8e0a346-03c0-4e8b-8da7-9d77c90325ed,5393533,CONTROL
84331,ef4587be-fdf8-4198-bb20-0c67c58187a5,5827165,PD
94677,d0072c83-8e2c-4131-9cc8-a38d0af0b7f3,6012624,PD
90533,dcf275f3-662d-49e0-9488-dfdb72d6354c,5966024,CONTROL
77016,179eda15-daea-426f-bf5f-a909688bcdde,5461929,PD
92067,cebe86ab-3cc3-46ed-a75c-ab6f645606e1,5984369,CONTROL
82950,3aab8c58-a851-4084-8e75-92a1566a7280,6020291,PD
113613,e0c58ab7-5ba1-4e60-a3b7-9c28a4e74f69,5938710,PD
94222,c2a8d888-3ef2-44f7-98f4-f140e8934eca,6005691,CONTROL
82296,5f715699-26ec-4d13-a346-80cd971c4c56,5803044,CONTROL
128578,b83013bc-d524-4db0-afd1-be3b6e30ff0a,5873333,PD
76919,1c3999b8-a42f-44f3-8c18-52f99590687a,5536898,CONTROL
104919,d9ba2480-3573-4be9-b516-db242ea19472,5686062,CONTROL
98127,3a5e8217-042b-419c-a4c0-682c15de975a,6046081,PD
87940,3a5e8217-042b-419c-a4c0-682c15de975a,5933100,PD
102477,74de3c85-715c-4962-9cd7-28bdf4e96a73,5585297,PD
88031,c5f34c50-f9c4-4247-8c94-c0e31e05d22b,5944132,PD
117172,aa9e90e2-e5cb-4e6b-8146-54c666f3ffdd,5625641,PD
72185,e905c5f3-8bd0-4692-8c53-8cb348e79ade,5407359,CONTROL
96451,a9f65f14-b9f6-48ee-9aee-e693471e2cbc,6029652,CONTROL
115145,ed4fa5e4-0293-4f2b-be92-00d2ecd09adc,5434776,CONTROL
93924,6ab8c333-e607-475d-93d8-1949c14bd2a2,6007839,CONTROL
73004,b84c43db-692d-49e5-8231-8c7007fc2159,5398567,CONTROL
81072,0521d7d0-2a1f-48e3-980f-9e6914c47630,5716066,CONTROL
83056,83d04411-2817-4292-889c-405dac1807e4,5779744,CONTROL
113114,c6d662c2-5af8-4781-bb68-d99162d9d1fa,5927710,PD
135608,e2749d3c-6186-4013-925d-2e7f28a6e035,5579877,PD
74771,4ee5d7ed-869e-45fe-acf9-73f464058c9b,5561129,CONTROL
94048,f059b3a3-74af-417b-a95a-499ad1512863,6000529,PD
85124,2dad3982-ff37-46be-a2c7-40beddbe252a,5891422,PD
77201,85ca15ce-ab8c-4672-874c-f47636e0dcaf,5834574,CONTROL
89021,773d604b-c2c9-4cb9-8fc2-c3683c0266a6,5962279,CONTROL
88779,c0688272-98b5-4672-96f5-2b45e8b3c857,5946266,CONTROL
104413,4a64d0de-d5d0-441b-adbb-08680d961fd5,5672861,CONTROL
92523,5e2d6cdc-bf81-4a8f-ae3a-fd2bdb46b13e,5983396,PD
85520,475b08cf-24e4-41f0-96f6-1b1a27ed6029,5891838,CONTROL
72514,4d7b84a7-4b47-4e4f-abce-f9bf707f2d02,5394741,PD
72362,11f8fb4b-dc02-465c-8bce-64e79aae3f21,5399563,CONTROL
78499,f6d965ec-7fe2-4cf2-bd6a-bfbd3501e0d4,5608789,CONTROL
77269,7cdd97ca-dc47-4a54-a513-4e98e05651b8,5567467,CONTROL
108722,68ad3d0b-f67a-4418-a389-e049ce71125a,5820453,PD
84648,60c67049-c4c9-4176-9993-73abf6f12888,5864208,PD
120967,90550db0-af30-495f-8d7c-5749577cdae2,5770135,PD
89330,dd2295d5-ce0b-43e6-9617-b3708bd14a33,5949698,PD
79344,d35324e0-21be-4c7c-b1b4-00306c334615,5605788,CONTROL
76155,2bf533c5-764d-477b-8b4b-c1a34d6f94ac,5556282,CONTROL
83381,5f59f2c3-c3ce-4b81-a627-0473967b422d,5780049,CONTROL
106680,359ce696-30b2-4694-9904-17448ca6ad75,5764079,PD
72178,2f6d15a8-4f8a-477b-8754-78914f7d5fbf,5393819,CONTROL
81801,60bf4c6b-aca8-4371-89c5-65f632559c57,5743268,CONTROL
86032,d20eb8d7-37cb-4224-9117-410733a433d5,5898067,PD
83586,f94aa52d-198a-471f-9d5a-a8d890cf92e0,5819655,PD
75581,8b8b79bd-187d-4b58-80ae-d7fc8b7cb945,5413308,CONTROL
81004,1eae1a5b-09b7-41ea-9f83-b7cd9f52bc33,5699073,CONTROL
115483,21a71204-0893-4c88-b6e3-8f101a25268c,5450754,PD
122366,1ff805eb-4e96-4d64-b7a4-cc54aaddf2d6,5620380,PD
99251,2f59d408-6513-4d04-b8d3-3a3d68d31880,6055875,CONTROL
111577,300e5d1f-5a38-4e78-8f42-1d580b74569a,5899464,PD
117798,f690974e-8179-4564-ab89-1302590861c4,5593974,PD
98294,ff215aa0-548c-4055-9022-6cdcaaca4efa,6048654,CONTROL
114270,3ad7ac04-9f0b-4da6-9760-a57ce16fcba9,5953189,PD
102314,04ba161e-dbd8-4aed-8596-531c609250f4,5531554,CONTROL
84705,9f221d51-5888-4e76-a03c-d60dd5402875,5839026,CONTROL
80831,d5dd686f-0386-41ef-8505-8711aff5f047,5759055,CONTROL
72828,134bb3f4-8cd7-42b6-ae6e-6dafbafa77dd,5404732,PD
106566,bb3c35cd-7aa9-4b67-9827-f8c4d9c7e90b,5763661,PD
78409,31bdb33e-1526-4c7a-886d-0e25ade587f2,5630548,CONTROL
84399,4ba7cca5-25d8-4314-bf34-f19ada95a871,5849399,CONTROL
115695,e08bb091-4706-4782-8ab2-4bd9d5ed571b,5477987,PD
75119,24d73b6b-eb85-49a4-9ac0-70a2dfbb8b1d,5480018,CONTROL
120483,8beab5c6-6067-4c47-b655-1901f5a534a8,5564191,PD
104244,c77e3f11-7195-4e8a-9146-063bef90a03b,5670716,PD
132701,2a0a6e09-f23d-4ee6-a1a7-66b0e79ce08a,5648928,PD
94190,89978245-81d6-4468-ba54-d86316dddc60,6004798,CONTROL
72218,9fdcd59d-bd1d-4e9b-9258-1c2e192f20f2,5405804,PD
78493,869e79c0-48a1-4c5a-8ae1-bd2d4cb7190f,5662641,CONTROL
135104,642cbefc-3667-4049-afc4-c549a967a356,5556114,PD
79694,16b68798-93db-4238-bae0-36a606d359ba,5603062,CONTROL
91831,8d67e82d-721b-4fd9-a941-c3760a28dd9f,5986969,PD
94392,c84db6e4-4691-421e-a654-a6ebc51fdbbb,6009257,PD
134402,642cbefc-3667-4049-afc4-c549a967a356,5503503,PD
104647,56a8b17c-ba47-410d-9d2f-902edfda1330,5611697,CONTROL
82633,4ea2c093-f73c-46c8-85de-d006808c8192,5796916,CONTROL
101006,89978245-81d6-4468-ba54-d86316dddc60,5474335,CONTROL
124544,45829aa3-2e58-4979-a367-922bbccb58b4,5437799,PD
126666,f690974e-8179-4564-ab89-1302590861c4,5814649,PD
98895,8c1ac6f7-1fe5-4d89-b2ba-2613639d2f33,6051873,PD
75940,cac55322-1af9-45f1-b77a-b37f4f8d26f9,5539221,PD
90107,eb7eede9-58ee-411e-92cc-3fdec74bc7b0,5964111,PD
129442,e6c81976-f7a5-4d28-b09b-1e5e19de6771,5447268,PD
80801,f1ff148e-2fc6-44f9-8877-5c7c06fe7a9d,5758969,PD
98303,3a6808d4-75dc-4214-b8ef-da2c4c96d9fb,6048178,CONTROL
76660,1e46e317-1c27-4769-bb61-2a083e53fd81,5459790,CONTROL
76093,b4fea8c3-1f44-4020-8ca2-46c478ce6c3b,5523199,CONTROL
85179,88fdb61b-fbff-4aa7-8cc6-ed25ec4d156e,5868795,CONTROL
99439,d0072c83-8e2c-4131-9cc8-a38d0af0b7f3,6062167,PD
78486,49ff048c-ae46-4c71-acd6-7378dd0a75bf,5688775,CONTROL
74024,13011466-e247-466d-86de-877c71472bff,5409192,CONTROL
78847,2d93640c-773c-4c6d-93b7-1e07dafa988c,5647206,CONTROL
131747,c2de5c4c-9de5-4978-8f9f-9c783ea06ae2,5591329,PD
112466,f4910fb6-da07-47b1-9e80-f2af028f8e9e,5916916,PD
73760,08b9da39-29a0-4c79-8adf-f93aa124d41b,5402091,CONTROL
88938,1ad0a75d-2902-41cf-8150-4629c0ae210a,5961233,PD
73593,a5fb8cbc-6129-4405-9dcf-a78acbcaece9,5389983,CONTROL
75117,24d73b6b-eb85-49a4-9ac0-70a2dfbb8b1d,5509106,CONTROL
115682,98cebf27-8771-455b-a624-c2fafa48e249,5485485,PD
83540,1334e267-bdfc-4521-82a2-5ef3c34dad24,5860680,CONTROL
108865,c108b15c-3da6-4fca-8861-200795111980,5824242,PD
92276,c03f7785-d690-400f-b558-a27380341d53,5983362,PD
135349,2f9c4950-2a3a-49e4-b343-ab6277119ea9,5568755,PD
83782,6bdfb93d-86f5-4d8a-b283-22a2265b1c9a,5864302,CONTROL
103938,c729b60c-8f5a-400a-bc7d-629f53bb5cc8,5675253,CONTROL
77940,8648d5c3-92bc-4160-835b-34d2d5a80635,5682606,CONTROL
116622,8564dce3-15a1-4b13-ab15-cb1aa68485c5,5516092,CONTROL
134306,48f3de97-1678-475b-8fcd-e44ab193cd08,5496041,CONTROL
74216,427ae38e-5194-4e86-a34f-67d8682ae581,5402217,CONTROL
114913,c7077543-6171-41db-a929-30e9355fc378,5434520,CONTROL
76133,b51aef03-8daf-4ff4-bd72-a22c65cd92bf,5527193,CONTROL
74541,dfe2079e-d916-4fd7-a76f-b2c1d51607df,5395968,PD
80777,b5315634-7d84-47d0-bca2-192c32802266,5754263,CONTROL
129127,d49ab276-4836-406b-a462-b79d3b4deab4,5431706,PD
97439,42f0005a-eeca-4d2f-ab23-abbcbe527835,6044224,PD
76901,143530b6-f508-4aed-916e-ef344192a636,5414124,CONTROL
75030,929e894b-4ebb-4598-bd9b-73f938534279,5413219,CONTROL
88250,1ae51f0f-8e90-4c83-8eeb-43cb3acf4828,5934887,PD
107507,8745e5f5-648b-4d46-bc7d-045fa6e2d628,5794625,PD
114258,36ad38f2-eeb7-4913-9f4d-adb20e53bede,5950143,PD
121456,31c6ee10-7647-4328-9b44-a741c4c266cf,5657139,CONTROL
118079,8e171009-f2cd-4043-bcd6-7283cc373301,5615248,PD
78557,a7e739b7-8058-4790-9448-24edda4224a6,5604822,CONTROL
75154,38b93a94-a72a-4892-806a-4de285c8b23a,5464379,CONTROL
76788,d9787c27-00f2-4578-adb5-55658f06c6f7,5532931,CONTROL
108746,284ec98c-a194-4265-8525-75e4297deaea,5820616,PD
101975,a07c589a-e016-4c98-970c-53dd52d696d2,5545436,PD
97744,483e75b7-596d-455a-855e-4103bb341c85,6042627,PD
94044,12f76b2f-d925-4981-bbb1-58a55474b817,6004596,PD
85841,442309ee-3148-4b0a-9df7-57a118c6ef82,5885296,PD
97093,8b238303-9260-4590-adf0-82a76e3590f9,6053997,CONTROL
75156,9de0b715-f3ef-4f19-99e7-8b8620522d77,5454384,CONTROL
128890,4c623832-42d1-436e-a022-773222312425,5413532,PD
103063,47077bce-7a89-4461-a26f-4aa0677aaed4,5597551,PD
76665,c1171718-5593-4d94-a6f0-b2035e8a5073,5500505,CONTROL
133252,6855fa7a-006a-4eb0-9e36-484c2048b7b2,5434225,PD
93899,ce8f4f4d-65d3-4edb-a602-3d11a391ea60,6002334,PD
85502,5e008fed-5d05-4892-9236-9d98a023842a,5878277,CONTROL
122990,b1ca3ed9-85b1-48c3-9af8-287194405fb4,5770553,CONTROL
116112,1df4be0a-0ca9-4d09-ac65-73424dc45a19,5502967,PD
86661,8ac90d4b-fc41-4ca6-b31c-99b9bde3f50f,5906229,CONTROL
75985,03eba1ac-46ec-45a8-9321-2d5b80bf3a32,5515525,CONTROL
108239,f5e9f04c-0252-4959-8350-57823a91c7f7,5804404,PD
75203,3d476714-4de5-4cd4-b614-405397f88c65,5446336,PD
90660,afafb1f1-3d27-4b0c-9093-2fbed785175f,5964750,CONTROL
135476,aa7989be-a371-46d1-afd8-2d731bb1593c,5575657,PD
92388,0ba1a93a-5432-4b98-a75d-955d2f4346ca,5985321,PD
109911,f5e9f04c-0252-4959-8350-57823a91c7f7,5856620,PD
97499,bda58cbf-a773-487d-bbc4-2fe367e0fcc2,6040619,PD
83045,c5aba76b-5660-408d-847e-a7f98a4b4fa3,5774106,CONTROL
112627,341a3fde-86c0-464e-a442-d9fb294a53fc,5423989,PD
97590,226b2665-85a8-451f-8dc4-f0eb1bf58808,6039373,CONTROL
113411,b32e227a-d07f-41bf-8f9b-bf0e1cb9c4d1,5937537,PD
99102,cf86e1eb-d76e-4c02-aebe-a8a85693eb0f,5441517,PD
73127,486380c2-6690-4dab-bb07-c21f0736bf43,5403392,CONTROL
112290,2a56117b-1b94-4ea1-ade7-e21533af0c4f,5916466,PD
136376,075e065a-ee03-49ca-9ce1-f68749809e2d,5635107,PD
77396,e0f7dbda-4cc0-4c84-8023-181367a5e322,5429540,CONTROL
115882,bef1ea2d-5077-4798-b0da-1197294e4443,5493689,PD
135717,ed56a968-4048-4d30-9385-35d540fea804,5590844,PD
89311,69be9a90-97da-4c89-a309-b13975d4cd83,5952415,CONTROL
87119,5dfe71c6-acc0-4fa0-9bbd-766ca413d2ef,5901805,CONTROL
96549,b2a0f94f-9d00-43a6-8c5a-e46f3666a38c,6025317,PD
74345,f29730cc-3015-4b61-9fa0-e589871977b0,5396845,CONTROL
98711,c03f7785-d690-400f-b558-a27380341d53,6056539,PD
99160,2947bc95-102e-4255-8d70-53a0d10f9b9f,6062493,PD
74577,a1d86bb5-84c2-4454-9e7d-346301b9d651,5389124,CONTROL
104310,271b4e75-0e2c-4493-8e57-bb9be17333d6,5678757,PD
128014,ffab2631-dfe1-4f5e-bd9e-f763e8aede19,5858974,PD
84988,ff076868-0e41-436e-a0d6-680e18978b36,5859865,CONTROL
94695,b45c6456-396a-47bc-b178-918bb0261927,6014757,PD
84946,a8579d77-3dc0-4ff1-b3ba-4fe89f7ec660,5835089,CONTROL
97683,62f144e0-1c71-4e9b-9962-35d761820e0f,6044208,CONTROL
95723,a045a035-a947-43c7-b9d4-5ec029d10f87,6023919,CONTROL
133807,016cd339-2d22-4fed-92bb-2341c9a46be0,5467448,PD
85852,c7128115-7c46-41a4-a1d7-0dd62a67b2f3,5889057,CONTROL
99453,ae034992-0aec-4f8b-bef0-21a06e335615,6058683,PD
75756,1d5326ba-3f8c-4c80-9a03-f19875f800e8,5487135,CONTROL
73571,0a21ce6f-a5e2-413c-a1a1-12dce0eb8826,5391344,CONTROL
82600,a6152ed8-13e2-4831-92f1-5ba8c0af2c9a,5782757,PD
77156,87760424-d807-47b2-99b0-1fb6cd5713f7,5482309,CONTROL
105629,92429a58-ae09-4cc2-a9fd-4d6363001ffe,5732690,CONTROL
112868,e4530d2a-138a-4037-9e4e-32f715175556,5924809,PD
76334,8a29eeec-bcb0-49cf-88dc-78ac1c793329,5420517,CONTROL
85767,ac58e1e0-6f2e-4318-bf0e-418f261ea8b1,5887698,CONTROL
87952,d81ab8b8-fbcc-428f-ba38-a185fa8365ec,5946450,PD
77936,1d023258-badf-445a-a297-cdce01f4f239,5668598,CONTROL
90359,c025b0dd-aa12-4b3a-9f93-d4dd4fd865dd,5971448,CONTROL
80371,b0117d92-0b04-43fb-81fd-7e9baa68e6a9,5724188,PD
133516,e24901df-03a6-4c94-9b32-41e815d2a6df,5450696,PD
115317,45e954bf-4cec-4b56-a957-d305029baba2,5453177,PD
96291,819ecc77-5d83-4b44-8191-f7faf99d18b8,6031320,CONTROL
75565,4bd8b493-1398-4892-916a-9fccd94d477b,5508394,PD
97469,877f8fcf-4491-42f0-883b-f2e4e0a32854,6042991,PD
82664,65c0ee9c-6b7d-4ae2-b830-f6d4fb6bd051,6082704,CONTROL
78460,2a6cf15a-e085-413a-ac40-f4207bae876d,5655875,CONTROL
90228,682ec23b-3a5e-420a-b34e-09842f7a0b37,5964769,PD
98900,7fb7afc9-b006-4a44-99dc-409ba90d3fe8,6054205,CONTROL
136760,a64e5451-3f82-4c01-8c43-f419bc82e9dc,6083576,PD
119865,8581aca4-37a2-4600-8526-4b5adfaa01fb,5531149,PD
90808,23d0badb-95c2-4ec0-b85b-15c2929421a6,5967511,PD
125598,94f2efba-483e-4a85-b3ee-ca5a6b2a56fa,5781511,CONTROL
79684,639766e4-70bb-45a8-bde9-e1d744901fbf,5601344,CONTROL
75086,a171e018-48d2-4d6e-b65e-ce263a5b992f,5463197,CONTROL
83698,df2e3d3c-56aa-4901-9dce-9fdd469becd8,5861565,CONTROL
94484,ec3eee5a-27bb-493e-a282-8e81570076f5,6016527,PD
119989,fc1b0a15-721b-4df2-bb32-d0f21a6a3937,5597559,PD
77624,176cdbeb-19a2-4479-a7b7-68d613f714c1,5521205,CONTROL
94939,84cdec84-5148-47d3-822d-b829ef24d11f,6009262,PD
104485,5d8e6c5b-94a0-4911-af54-7623b2de1105,5687274,PD
112635,ce0176d9-769a-42be-8312-45de7ab07f19,5922501,CONTROL
72727,3c607d8d-6678-41fd-b3af-25d15e02c3f8,5393779,PD
108052,4a594906-4d78-4c65-a259-d93122f549d6,5798554,PD
101711,f26e1ed8-fe2e-4b3d-b58e-f9154c4ec4cd,5497497,PD
85070,a8b54536-104a-4f7b-9645-09f08d32cbed,5886925,PD
117786,196f96c3-4177-4284-ae0e-9f3e4dd5874e,5593340,PD
97706,568cb98f-e68a-45d7-adef-8e4f37e39c01,6039194,PD
85313,304ea8bc-2e38-4320-8e75-b8100927de32,5891617,CONTROL
72421,98a411a5-7ef8-4bb0-9a50-cfb734f11034,5397374,CONTROL
99769,42b19e40-684f-4b68-9210-605a6378ae80,6061130,CONTROL
120457,e06e1420-a969-4311-abcb-cf2cd4203e53,5546521,PD
73755,630c8b6b-fde4-4d90-acc3-d680f1f8ef09,5394642,CONTROL
85846,c7128115-7c46-41a4-a1d7-0dd62a67b2f3,5892580,CONTROL
103266,d6cb359a-3839-4879-99d7-6afe07926276,5605020,PD
75060,cda668bd-c866-4408-b3f8-3ec495eff200,5479496,CONTROL
83936,f2a19126-3eeb-4588-8290-4c41b8f6582f,5842615,PD
94856,9bade537-29bc-4c70-a4bc-1dd3ff79e69a,6013335,CONTROL
128841,0caf9f7e-f3a1-4fcd-891d-ae6ffcdf61fd,5413573,PD
119864,8581aca4-37a2-4600-8526-4b5adfaa01fb,5729324,PD
80950,fd929fac-694a-4920-a833-58ddb2b12bbe,5716840,PD
99636,bd28bef2-15a9-4d7c-b517-208bac714e3b,6060385,CONTROL
84768,890b2f14-3364-425d-8ac2-fe629bf4717a,5860418,CONTROL
124977,47d967da-3086-43e2-a94c-850d5a62bf57,5465967,PD
107274,d45d88b2-c933-4422-ba68-20a78d862371,5773246,PD
135384,28cfdb28-d36e-434e-bb97-f36d62008856,5570509,PD
97930,dc600bb6-ad90-42ee-99ee-d665ab1a62ba,6040471,PD
103982,8b694c8e-3ce1-4e55-89ae-d034e1602bdf,5669731,PD
81223,fe9746ec-bf40-4cb1-892e-c20593a67e3c,5717234,CONTROL
74049,fa4c48f9-5bbe-4955-8aca-a677127bff1b,5410731,CONTROL
83496,62dcd7c8-d84c-41a9-b400-c29fb9b2421d,6072531,CONTROL
96980,f8294c22-9dcc-4280-beb2-5e4f818c7755,6032764,PD
79048,cbe869f1-f6a1-43b3-a555-1a3c9aa4fd85,5640694,PD
74086,142a6bc8-732d-44e9-a029-75656db7317c,5397670,CONTROL
79600,06651da4-0fd7-48c1-be70-c19f39101d1f,5645217,PD
87830,f83815eb-905b-4118-ad14-9288752d2de5,5928190,CONTROL
94916,02350706-c0eb-4604-8643-91ca6c778ebb,6012449,PD
120092,edd71f00-1144-42f5-8f7a-9d6b861cace1,5756935,PD
89103,f705bf99-2978-4bde-96b0-49675aa5ab73,5956221,CONTROL
92425,e44b1f10-dd22-4bec-974b-f1cd489d1e28,5989177,PD
79457,a3df5797-3d07-45ec-98f4-427af0d63380,5616896,CONTROL
82227,c120e110-9851-4ea5-a4f8-549484489ad1,5775187,CONTROL
73920,7f751ee5-02f8-4833-a44c-dab53e0d8f4f,5392686,CONTROL
74407,953b9d8a-dbe0-48a0-ae83-08a2ed54725f,5406562,CONTROL
75422,b9150e23-66e4-41b9-bf8b-1600e33777c2,5437543,CONTROL
90788,0fa09de8-9c0d-4859-894f-d85f6e5e583e,5971587,CONTROL
108946,adf866b9-cde0-4d64-a7c2-674f3857d311,5817776,PD
80139,cb050126-5e44-4bfb-97aa-8ba6bf915c6f,5752814,CONTROL
103892,18459133-823f-45ba-81d1-1d382eaae88f,5640820,PD
75617,78b16399-47b9-435b-bfa8-d460094161a4,5669222,PD
125146,7b465f25-dcd7-4b35-91c6-64518adbd581,5659303,PD
99120,4995b205-2c38-429f-aa29-348007e61c4e,6052103,CONTROL
89765,bab5ca20-f718-49df-8918-e824b6720bcf,5950590,PD
75423,c1e900ca-cfe6-4873-9212-0b49b9797e7b,5536250,CONTROL
130700,ee313841-2f43-4a1b-9d14-86bb0f997925,5534670,CONTROL
117555,e8b3b9a4-a48e-4212-aad8-0ee8d9a4f911,5584941,PD
94540,33af3952-6836-49d7-85a2-87a349e2bf72,6013175,CONTROL
78233,4e386464-894f-4e3f-9ad7-7629f53ebb4e,5670724,PD
109995,94c5b58f-e328-430a-bfd2-ba06e02d582a,5870039,PD
73778,da14e350-91b1-4ba2-b031-185402e28909,5395912,CONTROL
116376,edabf0ed-e6b3-43dc-a271-7b35b683e96a,5519486,PD
130419,6e2f881b-f2a2-4493-8593-e7a50d96874c,5516434,PD
89623,762e0eb9-d679-4a40-b686-f3e7986db56b,5961030,PD
105766,e8c9152d-c1a2-4bbc-9fb0-8d327220ed45,5727766,CONTROL
125867,19611d71-65cd-4044-9fd5-a93fde3e73f0,5789034,CONTROL
100076,d0072c83-8e2c-4131-9cc8-a38d0af0b7f3,5431434,PD
137016,631566d6-f082-4d57-ac91-c895ff4d6de0,6090801,PD
78276,925e8166-6d62-42f6-abb7-dfa7f0459786,5611327,PD
78267,2257e233-5815-4211-b0f2-7f135d1604b0,5633876,PD
109198,8d96385c-ce21-457a-959e-9683445b2cdb,5843781,PD
101091,87a468ce-50e9-4622-aac3-d4c90c2b1ebf,5646315,PD
95395,ac1dee32-398a-496e-9e31-053c46f78eeb,6019456,PD
137075,21a71204-0893-4c88-b6e3-8f101a25268c,6090041,PD
74244,6452c111-2d1e-4a8a-a2f6-9bb4814665d3,5399924,CONTROL
134026,e4793747-dfca-4690-bfac-0fca86f40837,5483040,PD
107221,ab769b4b-4562-4f7f-96f2-509e2672c1e5,5779506,CONTROL
94229,f340e5bc-f871-4dfa-b0b7-f91f84bdf36a,6007272,CONTROL
99908,4a318f75-f290-44cf-9bb3-5080e546b13f,6058190,PD
80748,c52568e5-916e-472a-9606-41ca7c0648e0,5716926,PD
74610,45ec4a48-bfc1-4bf3-8772-0a587b5f85f0,5397460,CONTROL
84677,17a22391-4041-4bbb-a9fe-8b4de1872a52,5847064,CONTROL
91473,af11ff58-dffe-4930-bf52-584e0f1cbc5d,5978307,PD
86275,fe369e0e-2751-4d9c-8ab1-95d660aee3d0,5905761,CONTROL
72353,ee3c2595-919f-4ef3-8532-3eaae3d24c1b,5409860,CONTROL
94307,b77e7480-a319-40b3-91ce-38ab7c1cd152,6003224,PD
101901,bc2b986a-820a-4425-abf7-76b9b8942ebc,5535467,CONTROL
86403,1c6c593d-ef6f-497a-964f-6899b8ff74b7,5872338,CONTROL
76676,fbc794ae-e487-4531-8f2b-7c4d2f29d302,5458118,CONTROL
80786,0fb2371f-2456-430e-a9a4-f0cfba39ae30,5763434,PD
78978,825e42d9-7749-40bd-971f-6d68e6b10a57,5636226,CONTROL
75992,3e3dab8f-87e1-42c8-a091-9202fb089a03,5502001,PD
92328,986be64c-da1f-487e-98fc-f20437e530c6,5983749,PD
123953,cd07f135-bfc7-4bf5-86f9-d4eacd78aa56,5694505,PD
79534,ea7f3270-6d34-4ad6-90c0-f6422639f3b4,5636228,CONTROL
91588,1d7e6ef7-775e-4e68-a974-cc143c204335,5976413,CONTROL
134042,b46f3c22-0824-48d6-84f5-bfef4b0f3a3c,5482323,PD
83703,38da08c4-75db-44c4-9326-a568fb4bed89,5848241,CONTROL
113925,7c3d9daa-9116-47c3-8bfc-40769f2e6403,5946363,PD
81381,bab5ca20-f718-49df-8918-e824b6720bcf,5723941,PD
132810,2a0a6e09-f23d-4ee6-a1a7-66b0e79ce08a,5658752,PD
107408,7c61ee6e-b433-446a-b140-f20299873c2c,6089217,PD
94613,8d092fe3-871d-4651-abb9-06bfcbaf27b8,6009813,PD
87639,ab5ae384-44ee-44d8-95b3-21dad4bb04db,5919854,CONTROL
122524,9e1cb5b6-3618-4950-9b07-4c50c6633b40,5711682,CONTROL
90451,0c8ec688-c888-4692-9fa1-100f2ab9f52c,5964441,PD
128360,290831b8-dbbf-45ae-90ba-798851ddd276,5869284,PD
93265,6f6fdaca-9f7f-46de-bf9f-32ea43725e29,5992307,PD
103080,0e25eb20-d440-451c-8b92-9ece30630998,5603411,CONTROL
79111,2e0b096b-04cb-4b7c-b4a0-4dd1970e01cd,5659200,CONTROL
92254,c1caeee0-2ec4-4ff7-aee4-2acf69b75054,5987487,PD
78967,373f7ffa-84e4-4e9f-b75a-3d8409af6f76,5600111,PD
90805,9b0ecc01-f89c-4f0b-89e3-a7b233b2a2f2,5964819,PD
78552,a01e6b0f-a069-457f-879c-cfda42c6f6e2,5628740,CONTROL
99816,5c8b7a99-da07-4d4c-88c0-dc60f2dbb3d2,6062882,CONTROL
95877,6bd56ca2-a9dd-4487-8ea7-b525d7c839f2,6018466,PD
80277,155fab81-c66f-4a9e-bef3-fb1a67a0fdd2,5760082,CONTROL
84170,50fef3c5-8844-4618-ac49-0386b72110a1,5833930,PD
72833,455076ca-68f4-492f-9565-a1b5cc1bc5a7,5395563,CONTROL
86199,28228c17-e90d-4b89-88ae-d8f4bfbbbb96,5976231,CONTROL
104022,c47976b1-7149-48d4-883d-83491c0c01ef,5714586,CONTROL
75017,e8bbbf39-3b34-4da9-96e2-d1a485c9f018,5444512,PD
95180,1a72f332-6dca-4465-bad3-dddb7e42fc1b,6015031,PD
107838,f53eb68e-1c17-424f-a486-ddda29e8827d,5789904,PD
117033,0c1322de-03e1-428b-afe0-12e0afc4fdde,5559784,CONTROL
118954,230af3bf-7f59-4ad1-8fb1-8286acfc5f8a,5657376,PD
113741,230af3bf-7f59-4ad1-8fb1-8286acfc5f8a,5936369,PD
77378,6f92fbc4-e33b-45bb-8ece-7f2cb2dca646,5436477,CONTROL
91153,904e0047-848d-4716-8e9f-08ed11658ad0,5979426,CONTROL
77615,ff5d7bf0-b371-4b72-a9c7-a5cebff39e78,5557199,CONTROL
98995,d81ab8b8-fbcc-428f-ba38-a185fa8365ec,6055237,PD
99591,8c053b0c-8e06-4f23-a138-56df32752289,6062903,PD
77698,ba02cdd2-58e8-4384-adf4-a7d8c84b82b1,5432001,CONTROL
90548,8a4780f3-efdb-42cc-8f8f-63cf3a92e5b4,5963884,CONTROL
109804,c9a66090-3114-4a0a-9bc1-4ade9c5f0c22,5859681,PD
87074,27ff0841-8217-4371-9fff-0dbd5b2e1753,5906088,PD
83779,b1d16e8e-906c-4433-a6bf-3b879bef2bef,5855596,CONTROL
89870,997d9eb1-8d7b-4d26-8047-226951cdbc54,5958017,CONTROL
110124,d800bd93-6cf0-419e-81c9-494d1ac63243,5865201,PD
91586,5c8b7a99-da07-4d4c-88c0-dc60f2dbb3d2,5978724,CONTROL
105888,8920e37e-d932-4318-aecb-f59de170c4d4,5717968,CONTROL
97885,6d7d3dc1-89ae-4f5a-893e-2ae77474e58c,6040551,CONTROL
77262,8e38d32f-cdba-4310-a9ac-ed17de4f6e68,5518009,CONTROL
72296,1ec6fa27-2f43-4e35-8874-4d25cb41fe3f,5405531,CONTROL
86950,82641112-ba07-45f8-bb67-7f10ff68e803,5909933,CONTROL
80281,155fab81-c66f-4a9e-bef3-fb1a67a0fdd2,5725699,CONTROL
116078,65b94556-f0ef-430a-aa63-1cedf45db945,5505513,CONTROL
133293,edda1cd2-809e-4e46-8fed-afab768abca9,5433625,PD
85509,5230b120-f960-49fc-890c-c358d410b441,5890748,PD
115822,31ad111e-ad77-4064-82ba-24bff3887ced,5476122,CONTROL
121383,be1c514d-40e8-44f8-ac33-5cb2a647f02d,5731346,PD
82264,79b82bc0-d582-4058-a148-3456400ddaac,5784081,CONTROL
75024,378ce32d-da69-4a9a-8a55-33ded7e5245c,5440086,PD
77998,0474a7ea-d0e4-4737-a276-4670a0f2dfc1,5669733,PD
72254,064de206-eaac-4b95-b30f-d4c558c5cd0c,5400896,CONTROL
78713,32953066-8cd4-4b87-a8f0-86f6edc4f9d8,5684626,PD
89272,30712a06-af02-484a-875b-5b4c268f1b62,5951977,PD
85727,8a60c7f1-cab1-41db-99b8-7dcbbe70370f,5868338,CONTROL
107714,e0c58ab7-5ba1-4e60-a3b7-9c28a4e74f69,5790257,PD
96193,945bb372-bfbe-4ef0-87d9-d268bc0b2d8e,6028468,PD
73480,b8246adc-c450-41ca-ad9a-fffdb1354b18,5401662,CONTROL
100231,53e69a28-ff70-4c9f-8d49-d66ffe4bf9e3,5434347,CONTROL
97859,287cbee1-c39b-4139-93a3-857b1d4def2a,6043872,CONTROL
95610,77484d6c-2ac1-4adb-8dae-3f0cf1387a0f,6022558,CONTROL
73161,f5cf5d0d-404e-4359-99fc-cada714ea1d0,5392712,CONTROL
104931,317afd78-4ce7-42bc-99e9-0011b3b3e5b2,5687230,PD
111244,8baf8023-4044-425a-9183-a6c8cc8f7f15,5896301,PD
110596,341cd0ba-cf94-4c8b-9f59-d7ddf0272b02,5887575,PD
81269,6509f5e8-ff11-4eeb-9673-5b98024a155d,5728585,CONTROL
77708,2777e527-959d-427f-aa5c-0b8910d4fbf7,5622941,CONTROL
79746,d4cce584-06ca-4baa-8e29-c571eaffbd02,5614129,CONTROL
119900,877f8fcf-4491-42f0-883b-f2e4e0a32854,5738561,PD
88200,387bd1c4-90df-48fa-8b8b-da2df2cfddde,5942527,PD
74876,6c3850a9-b6cc-4c2c-a609-a7feb945e090,5565002,PD
95376,69768027-9381-45b4-98e6-c3a84bbabd50,6021106,PD
127796,eb00eb9c-2d36-4c32-8929-8e1b4456259b,5845152,CONTROL
73942,20c7c60a-39b0-4230-8d34-268c3ed86e55,5396395,CONTROL
108920,284ec98c-a194-4265-8525-75e4297deaea,5827110,PD
101159,16ec2548-7800-4292-9c8d-d295e3f3ebdb,5478340,CONTROL
84151,bcbb1e5d-1343-4e5d-862a-06c1c51860da,5828373,PD
74759,98fe8fe8-b3fe-48c3-ad9a-554884f5af8d,5551186,CONTROL
118657,7fb561a3-8f90-49d2-a39b-55ea3f78a17b,5645528,PD
97282,e8bbbf39-3b34-4da9-96e2-d1a485c9f018,6033420,PD
82796,bab29b7e-9b17-420c-b17b-f9f957eaf374,5782227,PD
80673,112647be-a82d-4a91-aac0-7e0009c89f31,5700499,PD
75408,07c49def-b38f-46b1-945b-070f81f08aec,5439351,CONTROL
117191,aa91e6ba-523d-4926-8318-c2f689ac9400,5554729,PD
79404,027c50bf-9933-4576-a884-1debde9cb59e,5669721,CONTROL
136996,8eff683a-5bfe-4c5c-b686-07dbb7c36326,6089633,PD
91129,3a5e8217-042b-419c-a4c0-682c15de975a,5975324,PD
75015,0e20f6bd-4ae6-4e94-bf17-5c9a4c4f8c14,5466796,CONTROL
78449,74d79108-f673-451a-a490-c295abebbef2,5629038,CONTROL
85141,a07db381-c1e9-461b-b60b-713e712ca28b,5884659,PD
129170,e6c81976-f7a5-4d28-b09b-1e5e19de6771,5434077,PD
97914,47d83366-db6c-46ca-b904-fcee302e72d8,6039246,PD
81527,b9fc5905-a423-41be-b526-a5dcf02ade42,5708934,PD
92347,65981245-0d78-486c-8466-d705c022920f,5990151,PD
77301,d72d8533-641b-45bd-8bd3-814f1734692c,5512523,CONTROL
95503,51cbcf73-23af-4e47-bef4-0ecfc04f02a0,6017738,PD
100497,01aea090-d2cd-409e-8ce8-22887ada7af8,5420735,PD
95366,945bb372-bfbe-4ef0-87d9-d268bc0b2d8e,6021524,PD
73057,9ba1abb7-e2d3-4330-8a84-5734b8c9a9f6,5399835,CONTROL
79494,61dd170c-f681-4c2a-86cd-c8c60d9780d4,5682938,PD
79156,6f44ba4b-ca1e-42e8-b25d-4dc9e508bd16,5625713,CONTROL
75747,40a139ac-5883-48e8-8dd5-b47e584196b8,5537276,CONTROL
115413,091b0186-0d08-4b3d-816d-2fd7a7a222d9,5451256,PD
87708,5dbc42cc-b8c7-4483-901f-e5b8c6b47258,5929068,CONTROL
91119,23109ca4-f21b-4fc6-a351-128165933793,5981622,CONTROL
92480,62b9115f-9447-42a5-a888-1c79bb1c7939,5990038,CONTROL
81626,dd1d9794-d098-4776-8545-41c713fe59f5,5702982,CONTROL
130180,37b967c4-0dc2-4aab-8d20-c35e855944bf,5494862,PD
85104,f7dfe721-193c-43eb-9b02-900099ca2cb5,5897557,PD
98435,937682c3-93f8-4c5f-bf6d-2563389b9145,6047764,PD
82052,f2a0e197-b320-481d-bdbd-da2aacbfbed4,5815096,CONTROL
122147,549e0f48-4f8c-41be-9912-d85c709bdbdf,5628381,PD
112561,400a60d8-f50b-4df4-be25-7566fc39c090,5915806,PD
111395,83c7de09-2ed3-409b-abdb-fc75750d10fe,5903739,PD
94023,2a5669e4-ab53-4f97-97f6-0aa5604434c5,5999816,CONTROL
72290,a04fd608-70fb-4f06-a4c2-5200fbc628a4,5407524,CONTROL
101352,5a5b0173-3d27-412c-84f3-57534bf1414f,5521743,PD
131431,21a71204-0893-4c88-b6e3-8f101a25268c,5571881,PD
82449,e747d437-6fd3-406b-9477-8579a5658525,5802242,CONTROL
82876,ce2b2605-57e8-4c20-9194-af768781454d,5809892,CONTROL
111907,15f3fcdc-93e4-402f-8526-72e06ace8419,5906716,PD
107698,6e839433-f676-430e-999a-3684ccdff525,6087857,PD
130190,de3675af-6026-4d3d-b7fc-4423fcf2489d,5499740,PD
75968,274644fe-5551-4faf-af2a-6dd1ebd8b594,5553267,CONTROL
96827,9d0f5683-b050-4910-b797-c0fa5883c7b4,6035853,CONTROL
89255,a7e09a7f-d74b-4c06-8e5f-f011eabbcadb,5954030,CONTROL
82862,2e52b112-5bb8-44d0-b7c0-78cf9a5eda19,5813709,CONTROL
72844,7534e915-1c53-4165-891b-b50a1a6ce764,5397908,PD
78522,6e668775-4ee9-4141-bad6-0ad358955832,5605775,CONTROL
107527,a07c589a-e016-4c98-970c-53dd52d696d2,6087470,PD
89372,d1576239-c61e-4e69-a882-1300fc6d7eb8,5951740,CONTROL
80733,5e76677c-4b6c-408c-89e8-87d8fd039477,5727240,CONTROL
89761,9ee69728-8125-4c20-b639-8bc749885280,5954508,CONTROL
79076,f3f7332a-725c-4c0f-afae-1d53128972e8,5648738,PD
80666,eeaa71a5-2726-4fd2-9e3e-facba9e0d648,5761781,CONTROL
79201,f3c4c94d-592e-4ac4-8929-cff596860c06,5653092,CONTROL
73439,de159828-e2c4-425e-afb2-b81120bb388b,5396059,CONTROL
118074,487959bf-bab4-488a-a9ae-67b4e645f347,5606134,PD
113934,9f02a39c-2d0a-468f-b22a-2354731b5e28,5946407,PD
72854,c499a6b7-a5b4-4c92-ad5c-905ca29a14d8,5393458,PD
77682,e5ff4f2e-25ed-4c88-abf7-82363c1f29c1,5562191,CONTROL
83116,22e9a983-109c-49b9-892c-23f489852a57,5788181,PD
89431,d057463e-a0b9-4077-98a0-7e7cce67203c,5950560,PD
123126,4254ec6b-3a08-4baa-a909-e7737189bb06,5766359,PD
136478,5e7fba64-bc6f-4987-b3d4-97328d805f4f,6076870,PD
134716,217dc372-85f6-4eed-92d0-c80baae6af6d,5525137,PD
108053,5855abea-960d-4476-aa18-1b66fc381709,5799236,PD
79747,d4cce584-06ca-4baa-8e29-c571eaffbd02,5660154,CONTROL
82207,5b4115a0-8bd8-46ca-9835-db4517e762b6,5801629,PD
116419,d800bd93-6cf0-419e-81c9-494d1ac63243,5529680,PD
123995,64693a2c-9a8e-499e-b70e-001d56d330cc,5637503,CONTROL
72419,70c5820c-683b-4ff5-a08d-edf3468449fa,5391339,CONTROL
98993,8355ff33-b52f-4667-a2f9-09737395e37d,6053836,PD
118945,e2ffb634-8b2d-4d3b-b194-2c20515cc3e9,5658747,CONTROL
79695,adc91728-e589-43e9-a951-6487a5e5c991,5603965,CONTROL
75531,11f9a95d-81de-454a-a989-678e7ef235d3,5559887,CONTROL
119275,8a57c087-461f-40db-bf30-4c18e6da8d74,5654126,CONTROL
92966,442309ee-3148-4b0a-9df7-57a118c6ef82,5998809,PD
84120,22848d07-fb11-4399-bb3c-e3b1c7884e9b,5845116,CONTROL
97083,f4910fb6-da07-47b1-9e80-f2af028f8e9e,6037612,PD
95057,8543d9a7-4259-49ec-9146-f2f513e35e5b,6009593,PD
102129,cf86e1eb-d76e-4c02-aebe-a8a85693eb0f,5540103,PD
80145,639766e4-70bb-45a8-bde9-e1d744901fbf,5736134,CONTROL
73397,f0d89c81-bd48-4eb8-9ca6-aa750316faff,5390788,CONTROL
86478,d4a2c32a-0e56-4e4c-86c6-ff79094a718f,5911230,CONTROL
83917,93b9641c-9493-4ca3-8095-de52d808d138,5838338,PD
123785,677d036f-97a4-412c-a18d-1f4bfa6bce53,5595442,PD
135975,5a5b0173-3d27-412c-84f3-57534bf1414f,5611545,PD
104846,8543d9a7-4259-49ec-9146-f2f513e35e5b,5695963,PD
114793,2564a9ff-29b3-4d53-a0f9-fcdaf810141f,5416956,CONTROL
88310,2b9b86b0-9b88-4e8a-a60f-2b5e33051d41,5937973,CONTROL
92058,c7cdf9f7-0c93-4e13-a8fe-d4ad66404e25,5985252,PD
105698,b2c6a6ec-e867-4dbb-bf42-8dd7fb2a088d,5718807,PD
101334,51854c47-30d1-4021-b7db-56879662c6d1,5911134,CONTROL
87012,74a0596d-a626-40d4-8dcd-f274f8d31dba,5913570,PD
85711,dc037cec-4e6b-4f71-8bf7-cd7fc322edd2,5879092,PD
77280,fa03cf5f-c793-4e4c-b87f-6a7b0c9c30ab,5512704,PD
73930,5480139f-c7fc-49bd-97d7-c6dd8e14579b,5394702,CONTROL
79763,a579b603-8d7c-46cb-bdb5-eb95e4f20be1,5714545,CONTROL
88391,67546a11-f625-4d03-bee1-4f55e8a831ac,5943410,PD
107593,eea2bc0d-e013-4def-b184-8f153023c890,6093797,PD
87805,61ebd486-3ce1-48f4-a31b-2993d7793832,5938571,PD
93455,f41cd5ec-af94-4cb9-aa29-ae16b0b56376,5998274,CONTROL
74710,8f474fc3-b0b9-4cde-bf9e-c0a006228e9a,5400981,CONTROL
133541,256946ce-e118-4f9e-88dd-45984b83c227,5455416,PD
93490,0fa1bb69-cf3a-4842-898d-8d73a1241e94,5995536,CONTROL
73877,3ca1c7e0-c87e-4bc1-8b33-3ebcb678cff6,5404375,CONTROL
85861,44d185ac-8819-44f1-9fd7-b0b26034277f,5879908,CONTROL
76032,272c1017-e953-45bc-a50f-ca9b35ceaffd,5523915,CONTROL
92321,a8cb9f6e-4354-4a7f-8bc1-c1e8478a1678,5988809,CONTROL
74068,ee5575b9-9abc-41da-a4ae-373611fa4e1d,5388280,CONTROL
128292,776122cd-333b-400a-af9d-39771b26fa4d,5863154,PD
93866,dba1ad73-7afe-4449-9318-bd028412b796,6005311,CONTROL
72689,5ca7b95c-7aab-48c9-a4c2-ff01609bd3ea,5389415,CONTROL
79821,45219f4a-1f40-4bbf-81fc-6a37f167c1ca,5698514,CONTROL
115567,bef1ea2d-5077-4798-b0da-1197294e4443,5472137,PD
125063,d7956523-80fc-4cb4-80e1-8ae5cceabc7b,5647598,PD
89396,72f75a4d-de63-4077-b77e-49d98f559e8c,5960267,PD
115915,9ec9973c-57c9-44f9-8958-abaa36a6c101,5499204,CONTROL
109672,341cd0ba-cf94-4c8b-9f59-d7ddf0272b02,5858553,PD
74837,bdfaf4c7-26a1-440d-824d-cb7dd8afb667,5464755,CONTROL
78899,1376ca30-9d34-4cba-a06e-05fa9ee5842c,5686087,PD
73423,df46de16-7287-482c-b3e4-20d23b6fd528,5390455,CONTROL
127905,4d65d02d-0e1a-4298-a18f-bb14fa199cf3,5853892,CONTROL
119768,a39f5fd1-4e9f-4abf-bfa5-e4b6015f46cf,5713724,CONTROL
79826,da14e350-91b1-4ba2-b031-185402e28909,5725347,CONTROL
96147,b4a25411-d2e3-42b0-920f-a543f3bb0227,6028557,PD
92951,b4f3fee2-f6ba-409b-8b68-d58ff24685bd,5993313,CONTROL
80567,9c0103df-38e2-4739-aed1-e4c179868035,5761458,CONTROL
105742,ebfa1ce3-9993-4188-a531-3ba017c7b9ba,5725706,CONTROL
120482,aa7989be-a371-46d1-afd8-2d731bb1593c,5559713,PD
77064,e1d3a116-2234-46aa-bf63-d59c705e00e8,5489543,CONTROL
134272,2f9c4950-2a3a-49e4-b343-ab6277119ea9,5498349,PD
87434,3070acf0-23ab-40c5-8afc-ba869e122c00,5917364,PD
72563,8bfd5491-d025-4c98-9adf-b22d8a0e513b,5391287,CONTROL
108123,18cb9174-0902-4f1f-b1cf-fed21739cd7f,5801159,PD
74158,1a0d6e54-22f6-4bcf-a588-7639a3c29698,5401298,CONTROL
102064,df931327-93d2-4fa0-99a5-9eab3cfa9eeb,5556041,PD
72394,389a37c6-fd8d-4d8d-8e19-6e66fdd914c6,5394255,CONTROL
84908,b0f39344-9ade-4a5a-bd81-219911eb015a,5854291,PD
117788,1669e5f3-5c36-4d4f-b219-02435cc4b359,5593515,PD
84510,8e7ee898-fe01-4df7-b052-1db69e93ceee,5820337,CONTROL
73259,e10baa29-039f-4501-839f-9305812ae8ac,5410271,CONTROL
115287,911bf2ad-b97f-41c0-9d6e-786397e71c66,5462901,PD
80425,8fed26f5-2b44-485e-a68c-c0fd670f9ad8,5761998,PD
134468,2631db79-2bb0-461f-b592-bf764d933696,5510141,PD
116935,344b785d-d12a-47b6-95ba-fa05eecd7e8b,5549717,PD
98534,d3f261e7-20b4-4f55-9216-dfa9a40032f8,6049521,CONTROL
127729,c006b927-ab49-433e-ba54-3f735f5df26b,5847051,CONTROL
74026,1a2e624f-f3d9-426b-8d9d-34b5ab417474,5401741,CONTROL
74546,d453ca26-2a89-40da-aedf-5ed375b80e29,5395702,CONTROL
76896,19ec0acd-cecf-41ee-8496-a7d1478f486d,5426126,CONTROL
86773,0f2e8a92-41a4-4ade-a575-5c65b84ca271,5924803,PD
90161,8f66a722-43a3-46fa-9334-b3a54bb778bc,5972458,PD
74329,e32f53f5-fbf1-4745-9eeb-395ec2adc9fd,5392934,CONTROL
84807,fbf6f035-c1f4-4543-9001-9857ff9cb45e,5862769,CONTROL
131391,d16452a8-b678-487b-a42f-0e8bea8a8479,5566481,PD
89590,1df2b5ac-a6db-401c-92ab-e814a60e4081,5962734,CONTROL
132081,d1a742dc-97f3-485b-9458-c24ab01126fe,5614286,PD
72739,dbbae395-3a57-4887-ae3a-10643d5619d5,5388193,CONTROL
95636,9ce638c5-90bc-40fe-aa00-6f13e0bdefa2,6024380,PD
125163,41115fa3-a5a7-479e-9c81-662ebf852c1e,5497629,PD
81574,a01e6b0f-a069-457f-879c-cfda42c6f6e2,5710565,CONTROL
82959,eb141a47-60b4-412a-91e1-ad09ead3d2a5,5779421,CONTROL
79675,78ef47aa-fa30-4a8d-8d2b-c82d706ca182,5665377,CONTROL
104761,668766f9-7922-47f8-8f88-c40451851220,5692617,PD
78579,a7e739b7-8058-4790-9448-24edda4224a6,5676467,CONTROL
83893,f85dad0e-d5c6-4926-9c10-43929029ef09,5846076,CONTROL
81025,945bb372-bfbe-4ef0-87d9-d268bc0b2d8e,5713732,PD
87950,4d58a217-142b-4829-9b31-c75669e6b636,5942647,PD
81243,1dda7f8e-8194-4533-8e31-8af6f69bbb84,5700831,CONTROL
98972,ac7c3961-9268-42b7-aeb7-fc4c49c7a6bb,6054180,PD
76646,94976ab1-1c1c-4c1f-9508-648cc84e4972,5470301,PD
109216,a494b5bf-150c-4e99-8165-8b9552c43ed9,5845321,CONTROL
92118,8355ff33-b52f-4667-a2f9-09737395e37d,5988768,PD
117092,a1913b93-ccbb-42d0-8386-1b11ce13980b,5564826,PD
74814,acc57679-30f9-4cb4-9b7f-1167f43561c7,5513131,CONTROL
74263,dc600bb6-ad90-42ee-99ee-d665ab1a62ba,5393701,PD
78218,a2ab2ad8-2d79-4edf-bbbc-04df90197c7d,5635119,CONTROL
93901,da5f034c-2bba-44f6-8a13-d91945bb5de5,6005700,CONTROL
92113,4b3b425e-5bba-406e-8ed9-7f3963411368,5983536,PD
98394,9ee94d29-09f8-4488-a556-3d70ce04a72d,6046421,PD
77328,48507a7c-dff7-4db0-9558-a27b30e11aa9,5455506,PD
100614,063e06a4-e49c-4d31-9cbb-fa374f8dc298,5456663,PD
108603,1846fbe3-a121-4a76-adce-92563ae2ea3f,5820859,PD
88095,c4ddc954-095c-4620-9eec-2dc8e11dfa76,5929292,CONTROL
117800,e7f0d9ca-682d-4da8-95c6-3b8ffdca0a03,5594023,CONTROL
133221,cf44db25-e6cc-4576-a698-47f5807339b2,5432458,PD
107667,a1edb74b-c10d-4466-8a28-0ccea95a37e0,5792176,PD
73977,cfe55d36-d662-4424-9916-67774abdd4ce,5404003,PD
89707,b9ccd441-08fe-4e0c-9d84-cf8e5728d6d5,5957254,PD
72431,98a411a5-7ef8-4bb0-9a50-cfb734f11034,5390962,CONTROL
98117,e09690c1-069c-4403-a74c-91c815ae6fe3,6045278,PD
106818,ead9f226-7d4f-4d73-b2dc-a166433326eb,5761852,PD
75457,134bb3f4-8cd7-42b6-ae6e-6dafbafa77dd,5526321,PD
84518,921384fa-b421-4344-b17e-8754c2b70f89,5844629,PD
95765,717feb4e-f6e1-471d-bb5f-a0975ee1d862,6020723,PD
112437,f1d49815-eee0-4ce4-81f5-22ea05d3cc9d,5919325,CONTROL
113676,8b33df13-5686-4ac8-8681-815a2df16d45,5936073,CONTROL
74815,98ccf39b-8479-4eff-9a31-83700ae2a9cf,5533700,CONTROL
115564,32e23bb4-c2ca-489e-a580-d432d05e015e,5476250,PD
72374,a8d32a58-9a70-42a4-b105-9b2517e2f06a,5400060,CONTROL
76888,4ca19f62-9649-47b0-bb98-0278b0a8f160,5426907,CONTROL
94515,c120e110-9851-4ea5-a4f8-549484489ad1,6016701,CONTROL
89543,fe369e0e-2751-4d9c-8ab1-95d660aee3d0,5950359,CONTROL
87204,5406ea75-329b-42e0-95f1-1b23c40b2a3b,5907182,PD
91912,b6b04cba-5ae9-4da3-bcab-135df88e0f56,5990343,PD
132222,11b74e3c-b973-4f74-b8db-47934ad0a55c,5625300,PD
109447,15f3fcdc-93e4-402f-8526-72e06ace8419,5832084,PD
92853,eb7eede9-58ee-411e-92cc-3fdec74bc7b0,5997670,PD
75175,549f525a-631a-4693-bea2-0bea40878371,5534737,CONTROL
134425,2631db79-2bb0-461f-b592-bf764d933696,5507391,PD
80286,d99db9d4-8fba-4c74-b3e4-25c1c7b844c7,5745258,CONTROL
87341,1640672c-ea8b-41b1-99aa-1d3e820f53f1,5905267,CONTROL
75446,ca7b6b6a-2ca1-4663-9743-67b4704bf085,5538031,CONTROL
75702,3314c4cb-fcb1-4635-8fa1-3e73448e3974,5569344,PD
72582,f5a4fb85-c3d0-4bf7-aca3-176a2b9f731b,5402590,CONTROL
79495,f4b119d8-29b9-4cc2-b068-dab05e497745,5655173,CONTROL
98173,8999fd18-69d6-4228-8856-d3f5cbea3140,6047532,CONTROL
125057,3070acf0-23ab-40c5-8afc-ba869e122c00,5551435,PD
82779,08c23348-8945-4e2f-a339-969b6699f0a2,5811125,PD
122186,f66a1772-e3d0-41a0-92ea-030a3ec90b06,5728751,CONTROL
114479,3e49de20-87df-4588-a7a9-200d31529fa9,5948993,PD
73243,44c63449-36a3-4edd-a7a6-b49d9aea740e,5409563,CONTROL
83325,7bfc701c-e01d-4ed0-a09f-5f5ecde91e65,5816083,CONTROL
85805,f23015b6-efd4-4d84-b28d-e4edb7ca7800,5884674,CONTROL
87832,f83815eb-905b-4118-ad14-9288752d2de5,5946327,CONTROL
83760,07895188-2de1-4ab0-a640-2655f78514a7,5838272,CONTROL
73166,e73c3042-153a-4c4c-a19e-8154b86c8109,5391317,CONTROL
96563,efcf9116-6643-465b-8168-cbbb51fae35d,6030270,PD
103232,c4468e16-934a-4ca7-89c8-701d0b4463aa,5613917,CONTROL
104972,c9c596eb-042a-4e6b-ba68-d58d05205898,5704382,PD
72333,344f79f7-fc38-4418-87aa-8f499360bb5f,5397225,CONTROL
102924,4d394840-210d-42c7-b8d3-cef242f1ee4c,5622871,PD
74896,261376bc-5a1b-4d26-82dc-9ee0734a3226,5467039,CONTROL
92493,a631a4d3-6b21-46ea-864a-2212f9aaf6a0,5982668,PD
97350,203d71b5-c9c0-4e1e-8c2d-01a42ed41e18,6036347,PD
95206,255c5b98-ca4d-4254-963a-3d3ac34c66a4,6016107,CONTROL
98577,22a5aeef-47d9-41e0-a90a-45d807bbc02d,6048948,PD
73459,960f2136-c018-4127-ad43-e6ba887da310,5389010,CONTROL
122415,40328412-76ac-4907-bac6-9f2f0801bf27,5589020,CONTROL
93322,86de6f43-f927-4c0b-842f-3cad01eed185,5998845,CONTROL
73651,9e386c1b-247c-4ae0-b14f-5c635b77b50d,5396824,CONTROL
91495,710f2d79-1468-40b1-9ab5-beb8721f43a5,5973781,PD
80988,cf2f4eb9-4934-4262-a7de-49b9bc9c9528,5710142,CONTROL
78595,1dc854f6-fcee-44b5-8ede-53ae96611d8d,5673719,CONTROL
83867,892e1481-ede5-4e0f-b6fd-fcac4759b706,5827468,CONTROL
82498,a8e7e1c4-eeb7-41c1-91d2-392ae2d20234,6072113,CONTROL
73601,7b19c426-83ac-4c1c-8baa-f1ff8c39f87c,5404933,CONTROL
74185,3dbc521d-97e8-4a22-91e6-14f75c97272a,5402402,CONTROL
92167,0d544b01-572d-479e-bb02-d105d7df62b9,5985906,PD
76161,91fff742-8817-4a04-b37c-46a96162cfca,5567216,PD
83973,1bd2716d-4651-4687-acb6-723f1ebeb113,5848921,CONTROL
105707,fa735991-ec53-4763-9fa1-2fb499e3efcb,5723533,PD
130318,ab6244b9-1f60-452d-9c06-df0209e9e5e9,5507422,PD
93882,8ce923e3-a1c5-4f1e-be17-69b2cd9f0e50,6001245,PD
82817,bb91ec4b-ab77-483b-b35f-fa039bc8225d,5781878,PD
86991,8ce923e3-a1c5-4f1e-be17-69b2cd9f0e50,5904481,PD
107087,a07c589a-e016-4c98-970c-53dd52d696d2,5771823,PD
78567,7025460b-53d5-4b59-8c81-f411454bd2c5,5639880,CONTROL
81276,55cd714e-cf36-462d-b155-93f1af918bc2,5717900,PD
128127,9a201650-4a5b-4637-ab5c-828d8f3823c5,5858795,PD
75404,9fbaff6e-dfed-413a-a6f2-1aead3c22d09,5554135,CONTROL
101272,f125e7fa-7a33-4959-abb5-655ceed01d72,5503418,PD
78806,2b1f8af1-c928-4ca5-a240-fdd3ef6ead98,5599857,PD
110622,94c5b58f-e328-430a-bfd2-ba06e02d582a,5886352,PD
98558,8ab14817-d7df-4452-af87-23795ee85434,6048509,PD
126143,a65ca7f8-7e6b-47df-be66-16b32b70f782,5794979,PD
74497,b9fc5905-a423-41be-b526-a5dcf02ade42,5404670,PD
106810,53767e95-ccbd-4fcc-a058-ae961f9d3302,5756257,CONTROL
77773,112647be-a82d-4a91-aac0-7e0009c89f31,5656103,PD
74649,10c7af0b-690a-4370-8dca-35225f2cdb32,5390715,CONTROL
72239,3b6bed3e-db2f-4a29-a690-a83297cbd390,5391903,CONTROL
129002,e6c81976-f7a5-4d28-b09b-1e5e19de6771,5429205,PD
79559,7a2b9a37-ab19-4b40-add8-6fa8bc518f06,5648716,PD
79322,45219f4a-1f40-4bbf-81fc-6a37f167c1ca,5718176,CONTROL
85332,94c67982-48ea-4ab2-a7a4-d6e7caccbc93,5898232,CONTROL
77872,9f57ed84-55ee-4475-b82f-2bd3fda58465,5669664,PD
100132,9ad045ed-44d3-4753-8605-1693da008a1e,5431099,CONTROL
79654,dcdc63d8-f010-4e15-87ca-efef60c199ec,5652793,CONTROL
73260,c61ca287-c3db-4927-8191-6b75d811d1d9,5406131,CONTROL
74555,41b9d888-255c-4f57-9a57-b6b1aa659aae,5398738,CONTROL
93726,98753b69-11dd-43f4-8eff-a54e052da982,6006267,PD
84153,42743c1b-c423-40fc-a497-3ee0ca095df3,5832533,CONTROL
84344,904e0047-848d-4716-8e9f-08ed11658ad0,5838691,CONTROL
100853,1ddac747-dec2-446d-b1a4-f0070bbc743b,5466179,PD
120648,ffab2631-dfe1-4f5e-bd9e-f763e8aede19,5611312,PD
78647,faa727d6-4756-46cc-b8b4-a1c6511f6ab2,5687506,CONTROL
75662,9f2026f5-83cd-425d-81b2-e587ddaed686,5538504,CONTROL
74059,50bb65ea-934e-4d3f-8a2b-6461dfefd8af,5408307,CONTROL
80811,b588b85f-ad58-42d5-acf0-2d1f33d721a4,5748344,CONTROL
73762,e8a8ce49-25e3-48c2-afb4-bc2f5ea30f1b,5426643,CONTROL
74261,1a38dca5-145a-413b-86cd-86fa9f6802ff,5392407,PD
96809,4ad61e24-16f0-4409-82a1-b37cb72a92c8,6032363,PD
72641,b40a4397-d8e6-42f3-bb08-a3a8e2564aa7,5395086,CONTROL
75234,ee7b1e54-3b86-498f-9df7-cddc0359f0d1,5419105,PD
120756,df0838f4-c644-4be7-a2f2-5e3b2af78883,5635661,PD
92925,362c7fd2-2a0f-4a0c-bb20-1c1184160170,5996788,CONTROL
73525,ab9e7f9a-522c-46e4-b3ad-aed5f5603220,5401893,CONTROL
103670,11954fc8-6eac-4417-b4fd-7678fb54e2b9,5643706,CONTROL
73840,60ec8eb3-2913-461f-9337-3daed2b5cc75,5397376,CONTROL
74400,47729a57-768e-4adc-9388-b88c8fc5e031,5395929,CONTROL
98733,d644ad57-f62d-4b6a-b387-2c5aabbb4ba7,6054875,PD
73979,5ff7154e-c197-40b5-a601-472deb06917f,5389716,CONTROL
87324,ccadb5c3-3cd2-4113-942d-bba9ac6cd047,5908389,CONTROL
73844,aaf57e9b-abcc-4a16-a591-6b29edb420b5,5405649,CONTROL
110159,0cbbd505-d4e2-44cb-871d-dc5892f43c07,5877342,CONTROL
86588,264f4192-a22a-4c00-a2fe-fc22fa4f650d,5902915,CONTROL
136958,f933fe57-d33d-4cc7-a240-c79d02f035de,6088204,CONTROL
75096,c0306265-b79c-4be0-a762-f10d492919a6,5519873,CONTROL
134888,e2749d3c-6186-4013-925d-2e7f28a6e035,5536993,PD
76663,4bdfcb1d-6cf3-4210-a962-adb45070202f,5564700,CONTROL
85354,935773e2-04ab-42ea-9163-ce49268fec4d,5897047,PD
135557,5bf2dfe5-548c-49d5-b0a0-30568ab1afe5,5579331,PD
101556,dad8731f-fd89-47e4-9111-989b8781386c,5509761,PD
126501,ff47510c-140c-45de-ba42-19a227007b33,5809174,CONTROL
96871,cf86e1eb-d76e-4c02-aebe-a8a85693eb0f,6048704,PD
94493,4d041542-a94d-4e53-bbb3-bde56af6f1f2,6013240,CONTROL
106155,334be7a8-26b2-402c-969b-35835693c80c,5737004,PD
105807,97d23f31-a114-455b-87fd-fd8bc810f4da,5718706,PD
78411,31bdb33e-1526-4c7a-886d-0e25ade587f2,5635312,CONTROL
133863,95e124bb-e9bf-4f06-916c-4a679be5c623,5470751,PD
122867,955f5ac1-c81e-4b88-ac23-b53585f52513,5565297,CONTROL
80772,05bfda81-971e-42ba-b22f-3d9db92e1fcb,5762481,CONTROL
133071,68ad3d0b-f67a-4418-a389-e049ce71125a,5430569,PD
108546,6390367f-0035-4cf2-b22f-2ffb74b475d2,5815189,PD
96912,a627b898-05bd-4b7b-8104-4ef537076170,6035940,PD
74653,10c7af0b-690a-4370-8dca-35225f2cdb32,5403507,CONTROL
113122,45e954bf-4cec-4b56-a957-d305029baba2,5932698,PD
74439,049ae8f3-c663-4854-93d7-631bb5d67d08,5410323,CONTROL
117776,ee3691f6-e782-4c7e-a432-415604a9e139,5589009,CONTROL
122946,15cd9496-900a-44bb-948b-12a24b101615,5712860,PD
109905,710f2d79-1468-40b1-9ab5-beb8721f43a5,5854924,PD
85559,ac3b6afb-9d67-491f-b49f-c973166f0089,5890374,CONTROL
77183,409b1535-c27d-48b3-b7bd-edcc9c000e1a,5459901,CONTROL
132494,c6a414c1-2143-4693-a0ea-37028d3af443,5638919,PD
106859,1aeb1155-088a-4a96-9763-2b52d3b099ad,5782796,CONTROL
110063,92da6dbb-ddd2-4a0f-90e4-46de8b1566ac,5871150,PD
76321,513c825a-8b68-4e5f-ac44-376efbd3bf72,5485697,CONTROL
76859,984a2f32-51a4-479c-a690-4a934a00c589,5566268,CONTROL
78919,dfcb8322-c7f6-4151-93c6-8c96588c8acf,5687117,CONTROL
81818,71ba8422-0bbe-42ae-9185-0fca8a95ccb8,5743272,PD
101417,493aecf6-dab8-48e8-a705-90c285dd3344,5499749,PD
72425,458447ab-4736-4b01-acf8-5086d615c1c5,5397987,CONTROL
78738,cbe869f1-f6a1-43b3-a555-1a3c9aa4fd85,5613793,PD
114439,7457113a-34bd-4324-935c-f66bd33f1e4b,5952979,PD
91171,137af08a-64a2-4771-bd35-562fe83fb147,5980735,CONTROL
72636,f09d7cdd-d587-445f-b7d4-d3ef705e55bc,5402045,CONTROL
100808,d8e5d9d5-90fa-4c14-b447-d8c24fa6d00e,5481081,CONTROL
115977,ef0b42be-8574-466f-ac60-c0ad8a73cb0a,5499251,CONTROL
78826,d364731a-0a45-42eb-81bf-948da4b33f6e,5631954,CONTROL
79152,721d67a8-4d85-4782-b474-c2654a7a10c6,5605315,PD
113948,fd2ed83d-c25d-4494-b50e-13471481d998,5942867,PD
107119,359ce696-30b2-4694-9904-17448ca6ad75,5779354,PD
105407,568cb98f-e68a-45d7-adef-8e4f37e39c01,5713473,PD
106954,bb3c35cd-7aa9-4b67-9827-f8c4d9c7e90b,5770278,PD
89991,f692df5d-9269-4dbf-b301-3809b9fbcc3e,5964516,CONTROL
135578,0caf9f7e-f3a1-4fcd-891d-ae6ffcdf61fd,5584555,PD
116571,4f694e5b-e4f9-4b70-98e2-2ac426d09b4a,5528208,CONTROL
89794,2b938bfa-331b-4919-a820-97962281b409,6007513,CONTROL
74370,2d62f437-8759-4ec9-9d82-de887cbeb9b4,5401489,CONTROL
90221,17985b0b-1ab6-4e09-9838-bd4d3264250c,5965324,CONTROL
106347,c2231ca3-f6b5-4cf1-90cf-31437cfe9ca5,5739642,CONTROL
111116,0309d5a8-79cd-460a-9a87-6902460ab71d,5893901,PD
118780,4a650fe2-15f0-416d-8493-c7dc50fe265c,5665615,PD
77292,a54bee46-ed79-4e61-97cb-538742cd7108,5444413,CONTROL
94370,6b960458-51a1-43d6-a44d-203206f3236b,6010895,CONTROL
135210,ed56a968-4048-4d30-9385-35d540fea804,5558112,PD
77135,3bdde942-e7b9-498b-bde9-6fad671385af,5430259,PD
85415,925e8166-6d62-42f6-abb7-dfa7f0459786,5890250,PD
124339,31b33301-087a-49e1-9fc1-270c3d195754,5430694,CONTROL
101597,a50dfd03-6211-47ff-9d94-8026c65eed93,5510231,PD
76483,68582509-2528-4401-ae80-fdddd00a8558,5529554,PD
131240,e787d06a-bcce-4ef0-848e-8b319fc7ce99,5558881,PD
73206,9e8429ef-4166-4981-bf0e-9c24741f8336,5392798,CONTROL
105916,584ba256-5771-4889-af8d-89e04f8a2348,5741827,PD
115030,07b332a9-e798-4f6a-8156-48bf814d5555,5435499,CONTROL
91478,ceb0688b-e821-4ea3-a4c4-bbaa16a5712e,5977848,PD
125690,a65ca7f8-7e6b-47df-be66-16b32b70f782,5779333,PD
104543,913b66f5-0666-4ccc-bf95-c9f6e0d60066,5682044,PD
109200,8d96385c-ce21-457a-959e-9683445b2cdb,5669854,PD
73735,5726fd8b-667a-40fd-859f-1d2c13d1a14f,5393736,PD
118872,c0d01d8f-d71c-4dd0-ba46-8ed4f96d03eb,5662269,PD
91568,192b02e2-114b-4b2e-9a81-19e1ce260783,5976219,CONTROL
81660,5d0e0219-6780-4390-8fd8-5e832d7d6d9c,5728480,CONTROL
78467,530bc9ed-d545-4252-9660-2ce2f916a9bd,5632087,PD
98190,c9fe2198-6dd6-4f22-9b03-4be3f4343864,6049149,PD
85697,ef4587be-fdf8-4198-bb20-0c67c58187a5,5882842,PD
81787,0cd15828-8c34-40f3-90cd-88aad2307628,5736410,CONTROL
90852,8ba90384-a907-4eca-806d-2feff31959e7,5965831,CONTROL
108371,f53eb68e-1c17-424f-a486-ddda29e8827d,5811034,PD
112480,fb58df40-face-4aef-98eb-ca727dab3464,5916099,PD
73430,3a9f1d39-0d8e-4418-a448-ba02566bf2ae,5391701,CONTROL
80399,1ddac747-dec2-446d-b1a4-f0070bbc743b,5719544,PD
81848,a0b6c21f-698f-409b-876e-328d68f1ffc2,5719989,CONTROL
78956,ba2faeb8-1221-4544-a434-fc6a83e0027a,5592258,CONTROL
136535,ce8c87c5-d2c4-4aae-9a33-1543bb63e265,6078743,PD
77577,9b25abbc-51e1-4a92-877b-ca8b223c82c7,5556022,CONTROL
98007,48f65ce7-091f-4179-b1a2-b36ec2fce6db,6050199,PD
78501,e71d2255-e198-4853-9c47-128edf76a7ca,5660114,CONTROL
93518,c84db6e4-4691-421e-a654-a6ebc51fdbbb,6001236,PD
133066,4070311b-610a-4d7c-af3b-464ff229adcb,5419809,PD
107871,3f86de53-51a2-49ad-98f0-8f424ae61ac6,5784695,CONTROL
102028,a7df579a-8a92-43e6-b106-ee39c140eb96,5546388,PD
79497,1763614b-53fb-4d3d-a132-ad38d6a8cefa,5667601,PD
102947,77794aee-ae60-4f1c-b92f-ec78984f1676,5623112,CONTROL
87066,2073a54c-e5f8-484e-86d9-75bed4207a85,5908519,CONTROL
96288,d54d803f-e2aa-4024-a3d8-784ebbe968f9,6030337,PD
107935,c84db6e4-4691-421e-a654-a6ebc51fdbbb,5812552,PD
82975,8fed26f5-2b44-485e-a68c-c0fd670f9ad8,6080822,PD
76702,77fb8998-ba35-4010-9118-a4897d61521d,5570869,CONTROL
93720,fb6da245-a2a1-4b09-8629-76b0b0a098d6,6004292,CONTROL
106423,4f055a5f-e130-4da8-b1d6-0a3d2879dd99,5753707,PD
78158,1a2fd9e0-5e4e-4e4b-97aa-6718196bf510,5603276,PD
91793,969107e8-72ca-4566-9c28-a2bd14389f9c,5987093,PD
111269,2949f2e3-0753-4444-89fa-4b3273fc3f1e,5895723,CONTROL
118572,edabf0ed-e6b3-43dc-a271-7b35b683e96a,5641420,PD
82721,b10f9791-4ef7-4ea7-bf7d-0f14b36412d6,5808347,CONTROL
121016,f91ad75b-4362-4e52-9f60-66edc4504114,5528689,PD
88317,22669ba4-7a32-4307-8564-91d0252846f8,5934215,CONTROL
121051,79ef2bb2-d464-4fff-97c8-eec045e2242f,5545301,PD
81455,f790c02c-5e13-490d-9f36-fe1c5d6c15a5,5749381,CONTROL
95773,05d4e71a-c792-4549-8ec7-6a7dc355a1bd,6017081,PD
110188,fd2ed83d-c25d-4494-b50e-13471481d998,5877510,PD
80487,63ffe552-8143-4380-815a-b42668d44ef2,5718105,PD
90210,d54d803f-e2aa-4024-a3d8-784ebbe968f9,5972811,PD
132573,1b9fd63c-46e3-4cbd-b93b-27996d0a5d32,5644256,CONTROL
93135,d6322d71-983b-4a19-b1a7-882c27adbd8d,5993484,CONTROL
77516,0d8552ee-30c2-471e-bcc0-3384a4bd4154,5543925,CONTROL
118295,9ce638c5-90bc-40fe-aa00-6f13e0bdefa2,5635268,PD
135041,e0631408-638b-4e83-9b9b-3a8718b381c9,5543800,PD
86442,9b1234aa-685f-4bd7-b70c-1493d5b8ed37,5905499,CONTROL
100518,a385a882-e932-425a-9fcd-d08c1aa1666f,5422082,CONTROL
98193,5f2ddd28-2506-43fb-8863-d9b521cb163e,6047567,PD
74469,b9fc5905-a423-41be-b526-a5dcf02ade42,5393744,PD
89865,cac55322-1af9-45f1-b77a-b37f4f8d26f9,5953300,PD
90565,916b304f-2392-4134-9f2d-0bad3fde3173,5964640,PD
113968,1ee9c522-d68a-4d32-8113-4c5246986978,5445603,PD
124493,34dc881c-ea30-40fa-97e0-9427ecfe12a8,5433886,CONTROL
88893,a627b898-05bd-4b7b-8104-4ef537076170,5949921,PD
115565,bef1ea2d-5077-4798-b0da-1197294e4443,5467142,PD
128358,290831b8-dbbf-45ae-90ba-798851ddd276,5869122,PD
74322,41269614-6f4e-41c2-b3d7-108a0a3d6551,5391294,CONTROL
73992,3ce97adc-3908-496e-93b3-c25937b9442e,5396739,CONTROL
73535,b31795aa-e209-4a97-b4fd-2011849e2fa9,5402439,CONTROL
72310,64c11fd5-c9bc-4f96-b38b-c55bb434348f,5398052,CONTROL
76752,eb7f03f5-d4e1-4bf5-b73a-3ce5b8559d7b,5424983,CONTROL
87898,f705bf99-2978-4bde-96b0-49675aa5ab73,5934607,CONTROL
77380,0ff6a974-f99b-4bae-82fd-12e98ef3832e,5821320,CONTROL
92086,ad37b630-b92a-4087-b1eb-7bcbc361e0dc,5989728,CONTROL
130773,b3836781-d1e7-4d00-be27-e3240695d3d2,5536525,PD
92645,d781e0ab-24dc-4a56-aeee-2eb488f70d43,5993909,CONTROL
84328,aafcf024-bf86-4725-a732-52b48c2ad872,5857008,CONTROL
87326,ccadb5c3-3cd2-4113-942d-bba9ac6cd047,5922131,CONTROL
77633,689bc533-8181-432d-9a75-566fbabde6d0,5473485,CONTROL
127049,5df64801-119f-43f5-9c84-5310d5cf58cc,5822501,CONTROL
118359,520c4e9b-36e9-4f16-af15-e42367ee3664,5623891,CONTROL
88955,cde001b7-c3f1-4b31-a2a1-049a1bc3f8f5,5952885,PD
83259,231c45ce-c155-4a4d-a546-10a482a4eb59,5812629,CONTROL
122182,1a382d20-1b1b-46cb-aefc-3450645d108b,5733738,PD
133957,e697c56e-1b27-4d60-a346-8d8407c1601c,5477288,PD
120690,b9ecb0c6-44be-47d7-856c-5a6722a321e6,5499222,PD
101145,f369c8cf-3be9-493e-a62d-2b6fc2fa9616,5471135,PD
112475,6b104542-0b0a-4421-a490-568f66c7ebc4,5922149,PD
92365,37fb5ab6-9f13-4203-8dbe-b55e76a5f5c5,5986316,PD
119615,0bc051fe-d863-4e20-8fb9-cc899bf3b072,5653339,PD
74209,ed39998d-d1eb-4657-86a1-554da46dc7c3,5400181,CONTROL
83329,1fad9015-04df-42d8-85b0-2e3522596f34,5811326,CONTROL
72666,fd228a13-1902-4b6e-b522-7342e7842607,5410790,PD
131295,d0ae0ee1-165b-4e5a-9caa-ad8a17688445,5566662,PD
78619,efc34fa3-d679-43e5-a469-966346ad969a,5684430,CONTROL
90177,f692fd72-7fbf-4fdf-9fcc-c9e2001e249d,5969598,PD
90189,6d7022a2-4b6c-4be1-b61d-699bf2fb4ec9,5963544,CONTROL
91081,3505f51a-467c-4fae-9025-eda3e517f313,5973698,PD
76404,1f0799dc-ed6a-4df6-b061-6627f9a1300f,5570457,CONTROL
95204,3e799759-fc47-4eac-9dce-0ec3c6a964b1,6018289,CONTROL
98030,f8294c22-9dcc-4280-beb2-5e4f818c7755,6049525,PD
120959,b9ecb0c6-44be-47d7-856c-5a6722a321e6,5601631,PD
125383,be1c514d-40e8-44f8-ac33-5cb2a647f02d,5771474,PD
72901,e0536688-6c21-4bed-a3e7-7f18c5a173cd,5407817,CONTROL
80709,b365337c-39ca-42d1-967a-7d51550ba13e,5720934,CONTROL
115828,79ef2bb2-d464-4fff-97c8-eec045e2242f,5473151,PD
105923,bf2f05a4-3757-4b58-b8b5-9098385597f0,5793863,PD
79284,1b660ba9-e247-46d5-a145-35703a04299d,5614060,CONTROL
75183,45754b32-acf4-4fae-94ea-7f949f74a28a,5439086,CONTROL
78139,67c1fe71-6821-4d8c-bac2-5ad530f5d30c,5641809,CONTROL
76005,8da6f171-e7fd-4680-9f6e-b74106491589,5480539,CONTROL
123822,677d036f-97a4-412c-a18d-1f4bfa6bce53,5698937,PD
116247,b6068566-faa7-4af7-964d-867993dc1406,5502029,CONTROL
83210,52fe366a-2a9f-4260-9fb1-0fbc637a6cf4,5773552,CONTROL
83631,d34e21ab-09a7-4ac3-9fd0-ec4eb02bd4db,5840947,CONTROL
95101,207a524b-9965-4366-bc4d-40009d081872,6015527,CONTROL
110170,bce9fbbb-5634-4924-9eed-4312ca868857,5877173,PD
80846,6cb4c196-e639-4249-8e55-e58f7a182df3,5746221,CONTROL
73682,4ddf2f4f-18c5-44e4-8b83-e121992a6310,5400066,CONTROL
133361,c2de5c4c-9de5-4978-8f9f-9c783ea06ae2,5442691,PD
108992,1143d21a-6e42-457e-9726-959baffaff17,5842888,PD
92769,ac1dee32-398a-496e-9e31-053c46f78eeb,5990736,PD
83154,bc53f23e-bf00-402d-93ed-3030cc15b582,5794511,PD
94001,ee8b1690-4c96-4f09-9a7b-946911bdcf67,6003647,PD
106059,6134a5c5-2912-4cb0-87aa-10dee483b686,5740865,PD
101310,d30caa3b-06d9-4d36-8412-f99124083b60,5505722,PD
85324,74de3c85-715c-4962-9cd7-28bdf4e96a73,5897758,PD
84147,b45e819c-2e28-4e36-8afa-8cc5784ad844,5859132,CONTROL
78670,ad79d5fd-8084-405e-8a7a-c5c2cb718c04,5653099,CONTROL
134570,727a15b3-5e85-4107-8269-d9be8ab7fe89,5519957,PD
117419,8fbc64b0-d22e-49a7-b954-f21477b489fb,5578811,CONTROL
102547,3599ec25-58c9-4215-aac3-a1287f7a7601,5578723,PD
80719,716d4bbb-5d83-4844-9334-e305787f5cfc,5708938,CONTROL
108276,2caecbdd-63b0-46ec-9ace-2eb76edce5fc,5797841,CONTROL
131365,be1c514d-40e8-44f8-ac33-5cb2a647f02d,5565993,PD
85091,286c60b3-1a5c-41e1-9354-ca5836b37f37,5891052,CONTROL
135794,8cd62402-4e51-4f70-b511-db50807c6480,5596422,PD
109718,284ec98c-a194-4265-8525-75e4297deaea,5850638,PD
108269,1dc92ac2-4e66-46ab-81c8-82621b34d282,5805969,CONTROL
95622,69768027-9381-45b4-98e6-c3a84bbabd50,6021668,PD
83474,5b41a94a-80e8-4dfc-8b89-3e756ef87b38,5782566,CONTROL
134286,631566d6-f082-4d57-ac91-c895ff4d6de0,5495050,PD
89871,997d9eb1-8d7b-4d26-8047-226951cdbc54,5960834,CONTROL
91147,4f055a5f-e130-4da8-b1d6-0a3d2879dd99,5973809,PD
74211,e6fa24d5-8eb8-4d03-a76e-93025ef24a30,5393836,PD
72142,67bdd316-26fc-4fc7-8431-bf9f41a649dd,5390492,CONTROL
75863,edd4691e-1257-48ff-b614-707c2da3bbfe,5450318,PD
85337,6aed9dce-1ede-4cf4-af7d-a28bdb5c828a,5868355,CONTROL
77080,4f05f44f-0d47-476c-88a7-70f3fb5c6b83,5419703,PD
101758,05e91fe4-d516-4548-a039-01dbc456523d,5512899,CONTROL
127606,4c623832-42d1-436e-a022-773222312425,5838278,PD
77963,ab0b71a9-ad46-47fd-b3ef-8b1b83412599,5679210,PD
102236,751a69db-6a32-45fd-9267-e4d4235a7ceb,5532088,PD
85828,3bc850b6-4bbc-4d12-9bca-84ff745c6e7f,5883713,CONTROL
85114,f10cf59f-dd0e-44a1-b4d1-c3d017d37c9a,5881888,CONTROL
75296,49352ce6-8194-4476-aff7-ca68c61108bc,5416583,CONTROL
77189,409b1535-c27d-48b3-b7bd-edcc9c000e1a,5571777,CONTROL
79809,8d3551e8-165b-4e55-8a61-55d7780c314d,5745861,CONTROL
110472,e05d4f04-7ef6-424c-91ee-94284aedd36a,5885153,CONTROL
86463,71ba8422-0bbe-42ae-9185-0fca8a95ccb8,5895502,PD
83498,132f1a7f-a572-4a0f-be0f-e61adf94667b,5805590,CONTROL
80649,bb0b6e40-f974-46fc-8deb-9374a83d5e91,5748547,CONTROL
87405,38dc9f32-d40f-4941-a0c1-829aeaecf8c7,5911226,CONTROL
85741,0a623a36-ea3e-4557-9579-ae960c77f4d7,5877408,CONTROL
75149,d2ab9fc9-ecfb-4097-a671-9b2dc4c25016,5472605,CONTROL
74466,f2b4d44b-9141-415a-ba07-8440affb668f,5391988,CONTROL
96706,6134a5c5-2912-4cb0-87aa-10dee483b686,6029854,PD
75056,c499a6b7-a5b4-4c92-ad5c-905ca29a14d8,5434585,PD
95268,d0072c83-8e2c-4131-9cc8-a38d0af0b7f3,6019467,PD
129164,92da6dbb-ddd2-4a0f-90e4-46de8b1566ac,5435381,PD
98922,20b7b674-39e1-4a73-b4a8-8d9da92cbb93,6052798,CONTROL
94092,e697c56e-1b27-4d60-a346-8d8407c1601c,6000336,PD
73580,ccd594cf-920d-4f5f-8c70-23e3f9c0e957,5395490,PD
116256,ff699dbc-26d4-4dae-8c34-d0fb7b96ae21,5502922,CONTROL
112413,34094d7c-ed2b-4fc1-9146-635e608329d5,5913885,PD
82614,2fe2af78-84dd-44ad-a4bc-6451600b4af7,5783841,CONTROL
98445,d81ab8b8-fbcc-428f-ba38-a185fa8365ec,6047505,PD
93610,27567fbc-75a7-4288-b6d8-cdeb85fed36a,6003504,PD
77077,6ad63ed7-1dae-4311-91e6-af113aabe1a5,5507144,CONTROL
94115,2532be00-424e-44dd-9c04-f0b903db91a1,6003825,CONTROL
86678,f94aa52d-198a-471f-9d5a-a8d890cf92e0,5921924,PD
89895,5c0a01da-d196-4dc3-9dcf-f6097093d8de,5966804,CONTROL
99298,afebcbd7-411b-4f0f-8db1-ea542af2c94f,6052267,PD
136392,2ca837c8-6e74-4e1c-a14e-209edca3ad9e,6100263,PD
79191,e957cdba-6c0c-46fe-9007-681cf589a98e,5676847,CONTROL
89831,5230b120-f960-49fc-890c-c358d410b441,5959743,PD
102741,703413a6-b102-49d4-912a-ac42fa8dfab4,5564419,CONTROL
108848,1a033954-954f-4459-b3a4-33ff26192e05,5827008,PD
74947,dd067f25-336a-47f3-9122-08c31a1c0afe,5485751,PD
107036,92134232-0ed9-4068-8833-d588d71de812,5770146,PD
82974,5e130a21-0716-4583-a883-3615a1ecb499,5798257,CONTROL
95302,b36fac7d-0961-44e9-9cec-ffd9c80651e7,6024192,CONTROL
92175,08409cbc-a454-42f3-9013-14d235db3c55,5989976,PD
87770,f692fd72-7fbf-4fdf-9fcc-c9e2001e249d,5934895,PD
95195,26108325-be0b-4c88-b7c0-ef2e8248ff11,6009871,CONTROL
94014,b9950d56-f8df-4a4a-9396-091f23c9971c,6007674,PD
131606,11b74e3c-b973-4f74-b8db-47934ad0a55c,5586045,PD
83902,c637ab78-4114-4cde-b4a4-e6d0a4699134,5828172,CONTROL
88217,3339ab6f-0af6-4975-8225-67cb5753c1a6,5933437,PD
75491,cc7862e7-8f18-44c5-b80d-84928a773dfa,5487978,CONTROL
109437,9feb2176-5d59-49c7-a895-c14c8e0be17e,5842428,PD
110251,d73795f0-1414-4473-8bd7-d20e4197e0e6,5874119,PD
93739,27567fbc-75a7-4288-b6d8-cdeb85fed36a,6002953,PD
98557,c4a83e44-8d35-44ac-a84b-a9c2bdd2df47,6049591,CONTROL
76108,0dd799cd-7e04-4143-b81f-dc548038d3eb,5549294,CONTROL
94424,2a56117b-1b94-4ea1-ade7-e21533af0c4f,6015374,PD
101750,f5667bfd-20ec-448a-8006-4c5254effdbb,5495897,CONTROL
95650,f369c8cf-3be9-493e-a62d-2b6fc2fa9616,6019961,PD
96490,b6cc5694-bf7c-4c2d-8624-8ecdcac208f2,6028629,PD
82029,fe3931ec-cc4a-47b9-a6d9-0b9ad18cf035,5815388,CONTROL
126251,7ab92a80-1ba2-4ab6-8625-9e69d8bae96e,5793239,PD
135821,217dc372-85f6-4eed-92d0-c80baae6af6d,5599039,PD
82334,844dfe5f-25d2-4cec-be3f-afc8fe8025fb,5775833,CONTROL
72956,3fbc111c-32f7-4e45-a448-5071b70fdb28,5404952,CONTROL
112927,00ed2cf3-7685-4d55-bf9d-001fa233c09f,5923162,PD
117122,b8fcb66e-eec0-4034-9f2b-8e35a26a89fb,5554976,CONTROL
73263,44c63449-36a3-4edd-a7a6-b49d9aea740e,5393317,CONTROL
101033,02349c35-2559-4944-9987-78b9bb71d9e7,5472557,CONTROL
97806,22a5aeef-47d9-41e0-a90a-45d807bbc02d,6040760,PD
86673,e125a046-a1a1-4ca1-ba1d-c764eec14d91,5912683,CONTROL
75784,f6baf290-d4bd-406b-ab96-b3a2a5dc24e9,5553802,CONTROL
72544,422479b5-bbb9-40a4-8817-313474edf765,5397405,CONTROL
72140,45b4e2ca-8d15-4736-828c-829e3d4177f4,5701183,CONTROL
89263,980043b8-67d8-40f9-9700-8e203cea1fca,5950419,CONTROL
109519,10833207-29da-4e20-82a2-8edffa4ce588,5863725,PD
109641,a07c589a-e016-4c98-970c-53dd52d696d2,5854033,PD
82287,aaec8c0f-4ef7-4f52-98e1-c9cde58ab5e5,5772543,PD
90572,60011d59-db6d-41d7-aff1-0557f69ce81b,5970314,PD
81880,47147316-f208-4fd5-a874-ef454d640bb2,5821423,CONTROL
129307,e6c81976-f7a5-4d28-b09b-1e5e19de6771,5440054,PD
116590,cd8fce05-0edb-4ee4-9560-88b88276ae87,5519420,PD
136805,43319463-a0f0-478c-93a6-98c20d1bc770,6085010,PD
96956,5f11fe75-711a-4857-b770-25a3504579f1,6036929,CONTROL
72738,0f2f073f-4f5d-4181-880d-07c833ada08e,5391081,CONTROL
110213,18d8080c-ef3c-4533-a87e-9164e39b8d1b,5868454,CONTROL
129722,aa7989be-a371-46d1-afd8-2d731bb1593c,5466681,PD
91266,325f3e23-408e-47bf-b8d1-6a9bcbfeec97,5973215,PD
84753,60c67049-c4c9-4176-9993-73abf6f12888,5857602,PD
98317,5d1d61c3-9942-4ccd-b65b-b27dc43887b1,6048903,PD
128126,6b715306-8833-42b6-bc8d-407b9dbfb094,5862379,CONTROL
100718,7534e915-1c53-4165-891b-b50a1a6ce764,5463176,PD
75301,7905632a-2798-4790-b7cb-bef62ff84d32,5564936,CONTROL
108516,9feb2176-5d59-49c7-a895-c14c8e0be17e,5821086,PD
110922,e83f947d-309d-4f71-b55a-db35a1e35705,5890479,CONTROL
134788,3f89a22f-7506-4643-9b7f-f71f7b488eaf,5527724,PD
136878,267db1dd-3a61-487b-b915-6afc5fc09284,6087562,PD
93523,01aea090-d2cd-409e-8ce8-22887ada7af8,6001003,PD
93145,b6cc5694-bf7c-4c2d-8624-8ecdcac208f2,5994954,PD
100519,a385a882-e932-425a-9fcd-d08c1aa1666f,5438454,CONTROL
123032,69e73a84-0924-4112-8fbe-9803feaf1cef,5722108,PD
99296,9f1cbba8-5665-42df-a05c-d866cb3cfe46,6056392,PD
106296,6e7e8b67-1b8e-4bfb-a1f5-c0069c4980a8,5736924,PD
84867,11159bd8-37ac-42c4-a087-6a08641778fb,5832332,CONTROL
72842,084435ff-0514-4ac3-9ba3-dc14dcf3159c,5397364,CONTROL
81620,4681aeac-121d-4c44-a186-8c5d593c6c53,5709332,CONTROL
87939,12417f24-2036-4889-b990-9b24097867fe,5936187,CONTROL
137158,668766f9-7922-47f8-8f88-c40451851220,6091340,PD
103135,6d0c10f2-c149-4993-901d-270a275476a2,5629556,PD
105668,48636df4-7e93-496f-967f-83e6488c2a58,5729039,CONTROL
75035,4f055a5f-e130-4da8-b1d6-0a3d2879dd99,5525055,PD
74553,de6850db-daff-4c25-b104-fc44fdb84a19,5393792,CONTROL
77960,57cf2805-e97d-4956-8120-f9c0218b30e6,5652461,CONTROL
104421,e378b34a-4e22-4a75-a0fd-808f40595d50,5675178,PD
76364,93b9492c-13bf-40be-93bb-e88778cedeec,5513562,PD
86762,b7c4ae2d-3b88-46dd-9944-db73ef39a917,5909667,PD
108237,d41844ca-2d15-45e9-a161-c6bf17ed0d27,5811285,PD
85824,859b32db-d5d2-42fc-a8fd-7c0f66965812,5880846,CONTROL
77672,64434c8b-ba30-458e-a929-fc203256160a,5442991,CONTROL
115250,db680ae0-b45f-41e8-8828-e93cb4e766ab,5463382,CONTROL
92438,c572fd93-61de-46dc-9a7f-f41a20a1c475,5984706,PD
122233,c4e4c40f-fbe2-4a64-86c2-27e67f9bd865,5575339,CONTROL
87126,0bba9926-9c3f-4a4a-bce4-f9b47805ae7a,5920704,CONTROL
85837,986bc332-f3a4-4552-8b2a-c69a9d5e4989,5870555,PD
79281,6b77a799-22ea-4c8d-9a56-4b3fe448bdfd,5679021,CONTROL
77431,1f2644c9-0117-4783-baad-974042878869,5453294,PD
74593,0f2e8a92-41a4-4ade-a575-5c65b84ca271,5393929,PD
79131,8fb77ac8-2a95-46d7-98c0-5148ac91cbb1,5657820,CONTROL
112503,ac518c03-c88f-4433-915e-8d34249e96c1,5914050,PD
96472,3495ac97-a8d0-4828-82e8-863e4eaa6fb9,6025652,PD
86408,de78e9a5-87f4-402f-901f-fb894b76b79d,5885952,CONTROL
114195,3ad7ac04-9f0b-4da6-9760-a57ce16fcba9,5954492,PD
128355,a60cc860-28fc-4ca6-b71b-663c5ac86c03,5868457,CONTROL
117946,7a2f4b85-0b8c-46f5-bb2c-5fb0f414d0b2,5609403,PD
104085,6d3921e1-458a-4b97-98c9-bfdd9e78d011,5677112,PD
117258,1dd8a447-0f62-498c-8c51-d4255f6bd43f,5561680,CONTROL
91629,33c6dcf4-bbc9-4915-b35c-54abc7da276e,5981712,PD
79562,f8922040-f2bf-4a31-ac26-d78bef4e7cab,5642727,PD
77970,7f8efe76-f2bc-4084-898b-f3b5eb8e765a,5606765,CONTROL
133061,aa7989be-a371-46d1-afd8-2d731bb1593c,5424571,PD
80994,f1ff148e-2fc6-44f9-8877-5c7c06fe7a9d,5756292,PD
94448,277160db-93be-4254-8fb7-9a187160f8da,6016193,PD
89510,45829aa3-2e58-4979-a367-922bbccb58b4,5960907,PD
110441,d16452a8-b678-487b-a42f-0e8bea8a8479,5878002,PD
99699,29b4f3d2-55e4-4e56-903f-fc26e0946d3d,5417873,CONTROL
98893,0fb2371f-2456-430e-a9a4-f0cfba39ae30,6051612,PD
92745,0d544b01-572d-479e-bb02-d105d7df62b9,5732240,PD
100136,d644ad57-f62d-4b6a-b387-2c5aabbb4ba7,5442841,PD
76141,030fe814-de84-4fb5-8df6-84dd6e7cc7dc,5524796,PD
129410,1ff805eb-4e96-4d64-b7a4-cc54aaddf2d6,5449518,PD
99064,843794e6-8c09-4afe-b833-7f8cc30ab90e,6056698,CONTROL
72783,1c5fd7cf-5c84-4691-8af1-2b4b103b1c18,5396990,CONTROL
101846,6633c648-95ef-4ed4-89fe-55a51334f8e0,5533828,PD
80137,cb050126-5e44-4bfb-97aa-8ba6bf915c6f,5755053,CONTROL
104476,f125e7fa-7a33-4959-abb5-655ceed01d72,5692044,PD
122308,64c09c0f-8877-426b-915b-db682c68537a,5544259,CONTROL
80124,cde001b7-c3f1-4b31-a2a1-049a1bc3f8f5,5745156,PD
96656,faa157d8-f37e-49aa-8d49-a431a67b2496,6029033,PD
74277,bec4069b-30ef-44b8-a38d-5f46481234ba,5400842,CONTROL
81678,79ac3ecb-e647-4c8a-b919-7d9200deccf5,5736605,PD
115396,c99fe45c-dd0f-4f78-b643-a0bfce0314e0,5462921,PD
106780,6e7e8b67-1b8e-4bfb-a1f5-c0069c4980a8,5756514,PD
128076,95c54d38-ee44-48cf-91ce-fbf44fdc547d,5860337,CONTROL
122083,30712a06-af02-484a-875b-5b4c268f1b62,5705065,PD
75076,796077a0-c6ea-4e6a-a68f-40bd7119de0e,5539745,CONTROL
76999,295807a1-e1c3-4430-9b60-d510b2653609,5481706,CONTROL
86085,064ebfe9-1a59-4869-b316-cb0aa0a22ce4,5878948,PD
98549,8543d9a7-4259-49ec-9146-f2f513e35e5b,6049856,PD
117113,e2846d92-1531-491f-ab52-f25f98ccb662,5560857,CONTROL
124114,2947bc95-102e-4255-8d70-53a0d10f9b9f,5593211,PD
105338,5679538a-8bb6-4e37-be37-8c32d835bc13,5711491,PD
83852,9aaa91d2-a697-411e-8691-c34f94d3511c,5857836,CONTROL
83235,f6bdbd53-2248-4cf3-beb6-14161b589b9c,5771470,CONTROL
85977,c269d009-253f-45be-9beb-710210acef61,5890790,CONTROL
135117,b3836781-d1e7-4d00-be27-e3240695d3d2,5553755,PD
83897,a724b198-2cdf-40b6-89ef-1cf230093e26,5847682,PD
83399,e0d06a33-7708-4284-9bc1-451edd720374,5775475,PD
77568,5a33805b-a1f0-48bf-914c-26d10e07c933,5776311,CONTROL
105202,6e839433-f676-430e-999a-3684ccdff525,5706497,PD
135183,fbd18b71-7eea-4f43-98c4-4d952d0722c0,5553058,PD
94604,aa3a9acc-263d-4f6e-83bd-f0e0d27dee73,6015027,CONTROL
79996,118172c1-fca4-4bde-a5df-e5cc9ebf55a5,5695662,CONTROL
75466,75eb6714-111b-434e-bb91-c9b534919d80,5420660,CONTROL
129764,b83013bc-d524-4db0-afd1-be3b6e30ff0a,5470291,PD
84479,28cf6cf4-24dc-4d89-9666-4077d7431a75,5832584,CONTROL
89879,2fa3ecab-d99e-4abd-8c68-fe41f89c38a0,5972081,CONTROL
104269,133ea6ff-40f4-4476-907e-f0d4170266ce,5676565,PD
82715,51c8083c-a40f-47cb-9f02-1f5ba6ccbaf5,5791237,CONTROL
133060,a4c28d0d-ce3b-4fdb-abb0-f76302898702,6083571,PD
114282,ea23d6c9-b231-405a-b4ae-79e42a0c749e,5951056,PD
82537,becf5d33-f3d0-43c2-b93d-d3b0bb8fa483,5791297,CONTROL
93114,29b4f3d2-55e4-4e56-903f-fc26e0946d3d,6007406,CONTROL
100885,9763d117-e959-4e17-a923-ee04990becbc,5475790,CONTROL
126252,3b9ae067-73ab-4b87-bb0a-2f6dc8384c30,5792048,PD
101604,69768027-9381-45b4-98e6-c3a84bbabd50,5502376,PD
125988,291b2c16-eb62-46e0-a99b-6fc3bc31cd38,5506662,PD
103874,d4a9a3e2-cee0-42d3-a48c-a758015f249a,5636544,CONTROL
123782,7b465f25-dcd7-4b35-91c6-64518adbd581,5594830,PD
135446,f195a3f1-9cbb-4296-9233-388b194b527b,5573123,PD
134816,95e124bb-e9bf-4f06-916c-4a679be5c623,5539543,PD
99095,192b7d20-a887-449b-9c5a-ff6a8b105154,6051712,CONTROL
75705,bf83d382-714f-411c-a6d1-8aa2bbec3c78,5421044,CONTROL
109116,15f3fcdc-93e4-402f-8526-72e06ace8419,5835351,PD
108059,0309d5a8-79cd-460a-9a87-6902460ab71d,5807663,PD
75161,9f57ed84-55ee-4475-b82f-2bd3fda58465,5480276,PD
82710,d73a07c0-3042-498e-bfbd-8d4d74905498,5785112,CONTROL
79841,f19f9570-d1ad-4fbd-ba9b-0ace43dd3ece,5735413,CONTROL
93243,8de4b3aa-4126-4649-bc41-ea0384c21bc0,5990949,CONTROL
128503,063722b7-4835-4b1c-95e5-e0ab61c21b7c,5872465,CONTROL
115523,d0ae0ee1-165b-4e5a-9caa-ad8a17688445,5481766,PD
72686,f2d9d012-b4e8-492b-8d0b-1b96e83bdfb5,5550510,CONTROL
80368,e4c29fca-0202-4484-a681-cd0915ebc2db,5760227,CONTROL
115487,aae2ab26-754f-49fa-bcf0-bd403bc9d548,5459267,PD
83440,89be4e69-c6f6-447c-9d12-4aa19bb24e2d,6075243,CONTROL
134614,e787d06a-bcce-4ef0-848e-8b319fc7ce99,5527245,PD
73654,3d1162a3-4150-48d4-b179-55361a508bdb,5406979,CONTROL
76213,5a293230-d3ef-4650-b553-93568dfce7cd,5478309,CONTROL
105384,647b619b-64bd-4336-890e-0a9b43476b7c,5699342,PD
92641,9664b5fb-c090-48e1-b81e-710b3b2c84bd,5997291,PD
73289,0c4c65a7-1076-478f-b07b-e88dc4d8a880,5501987,PD
121344,2fdb9384-f02e-409f-9d6b-5ffdfc05720d,5631966,CONTROL
111008,3f9ae6dd-e585-4a46-a2ab-a0958132de4c,5895474,CONTROL
76287,921384fa-b421-4344-b17e-8754c2b70f89,5426535,PD
73054,d904f82e-0229-4a1f-a8bf-ec78d0dd4053,5390638,CONTROL
87333,10632ed3-5f75-4132-9810-33e6180628dc,5904800,PD
74907,747d3dbc-4890-4cd2-b8a1-601f982abee5,5424532,CONTROL
78277,925e8166-6d62-42f6-abb7-dfa7f0459786,5618913,PD
117209,9763d117-e959-4e17-a923-ee04990becbc,5561851,CONTROL
111707,400a60d8-f50b-4df4-be25-7566fc39c090,5904974,PD
85542,bca66a7c-4277-45ed-aa81-15ac73bfb554,5874044,PD
87256,68898127-0c1c-4b5a-adc5-992bd9d66ec9,5916398,CONTROL
126289,d15e38dd-4b3e-47f4-be4e-f3396bd5827b,5793046,PD
109869,eea2bc0d-e013-4def-b184-8f153023c890,5863923,PD
78630,4b4834ae-88d3-493f-ac12-e9577dd1c135,5630221,PD
85775,21ff38ba-ee01-4ae0-b1a5-645f2f41e639,5878172,CONTROL
98273,cf86e1eb-d76e-4c02-aebe-a8a85693eb0f,6050047,PD
104044,2d08327e-f265-4507-8927-eac6fd315e6e,5673380,PD
78966,373f7ffa-84e4-4e9f-b75a-3d8409af6f76,5706233,PD
90474,26a60994-986a-42f4-9cfa-80337cafcc82,5971427,CONTROL
74607,2c4eb79e-059e-4f32-9dfe-2e023cf792c3,5391325,CONTROL
104046,2d08327e-f265-4507-8927-eac6fd315e6e,5677772,PD
119418,94f2efba-483e-4a85-b3ee-ca5a6b2a56fa,5495882,CONTROL
98576,22a5aeef-47d9-41e0-a90a-45d807bbc02d,6045484,PD
97435,6b648dee-0f5e-46b2-b5a4-7b8553b78a89,6044278,PD
76501,5c889982-ba5a-4e14-9d17-b084b823780c,5455579,CONTROL
76780,328a8042-5059-4dee-ba70-62ec7883f414,5459106,CONTROL
75392,22922066-e2c3-4d8a-b528-71dbf5eb8ca9,5534694,CONTROL
74094,23acb9f0-0afd-45b8-8a5c-bff9f0268678,5389050,CONTROL
97516,cca0e761-68e4-4131-826c-9cc4883cc4de,6040186,PD
81817,71ba8422-0bbe-42ae-9185-0fca8a95ccb8,5762345,PD
97163,d7d6f17b-3fb3-43c0-af64-65203eac196f,6035016,CONTROL
75029,4d6cff55-48f0-42fb-b370-e01215d04982,5499089,CONTROL
79241,35f49ff7-4a81-4098-8eba-2ca8e2ef4b9f,5669202,CONTROL
74885,112647be-a82d-4a91-aac0-7e0009c89f31,5544902,PD
80482,3b20c871-e212-4781-a30c-a0b31923fda2,5750346,PD
91101,a2784678-d3ef-4d96-94e6-021c25569059,5975562,CONTROL
74169,a37f4ad5-fe0c-40a5-a240-978a056b3a10,5402718,CONTROL
85344,c07c7658-fe9e-4429-a05b-0fb262c71b31,5895544,CONTROL
82844,2974bea0-3aa2-4a00-9f32-6d5856e62829,5784988,PD
135935,7bc86881-7075-467a-850e-53e021b60f9f,5600037,PD
99449,6244be74-6f9b-4b01-9558-b169192bae63,6062052,PD
131369,de7647cc-9928-4cb3-8c0c-d076ba581415,5568329,CONTROL
90527,70f178fd-6f07-4033-9176-fe48775bf9eb,5964993,CONTROL
104973,c9c596eb-042a-4e6b-ba68-d58d05205898,5705000,PD
103662,3ab3323f-1d5d-42ab-a901-7d1f066f0d9f,5658008,CONTROL
82735,2b53a09a-b251-4908-8155-a2e7efab4645,6081479,CONTROL
79187,e957cdba-6c0c-46fe-9007-681cf589a98e,5608585,CONTROL
80837,d817bab0-94b4-4cb4-84ed-b86893b81989,5708100,CONTROL
101267,cca0e761-68e4-4131-826c-9cc4883cc4de,5506039,PD
94981,7c7283c6-8bd1-4112-bab2-7d3e05bef338,6010484,PD
72355,ee3c2595-919f-4ef3-8532-3eaae3d24c1b,5392337,CONTROL
79491,61dd170c-f681-4c2a-86cd-c8c60d9780d4,5596617,PD
79265,61ebd486-3ce1-48f4-a31b-2993d7793832,5681963,PD
95880,16e88ad7-d8ea-4bb4-ad8e-f3dcb9a258bd,6019654,PD
79786,92fadb9c-2ff9-45d8-beb9-b651984cd1da,5697665,CONTROL
100894,8d67e82d-721b-4fd9-a941-c3760a28dd9f,5452406,PD
133253,6855fa7a-006a-4eb0-9e36-484c2048b7b2,5435046,PD
83348,04d17796-8da5-43a2-b24c-6a854065dd5d,5802077,CONTROL
82635,4ea2c093-f73c-46c8-85de-d006808c8192,5782849,CONTROL
136027,55bcb727-1f1e-4359-8b48-91a972758042,5612606,PD
102908,0f8cabab-5efe-4336-bb75-35b51b871056,5609234,PD
81253,0b897bc9-4449-4fe8-8b91-58337ee1cb37,5734906,PD
117251,d15e38dd-4b3e-47f4-be4e-f3396bd5827b,5569771,PD
123624,23c1a565-1761-4fe4-90a6-dcc9b9a4ee47,5500140,PD
96118,bcbb1e5d-1343-4e5d-862a-06c1c51860da,6029143,PD
94411,13b715e3-bbb5-47ae-afd0-8653536836b9,6010178,PD
115735,ae03b396-5f75-4b2b-8f7f-aafb1649c9b6,5483477,CONTROL
108896,1143d21a-6e42-457e-9726-959baffaff17,5819169,PD
123269,9ab8c276-8a5e-4ad7-8b05-1b1171f3a890,5685704,PD
93495,10d98460-1eb7-48ba-88c7-4bea5830ebb0,5995293,CONTROL
84610,c64858a7-c69c-42b3-a851-9acb010b6979,5837181,PD
101635,203d71b5-c9c0-4e1e-8c2d-01a42ed41e18,5494838,PD
123273,f6605e4e-b1c9-4681-8c2f-d0a74ab4bbbe,5585231,PD
103965,cd769996-6281-44b2-b36b-f0eeb94fa0a5,5678262,PD
83121,48268a8e-9888-48ec-a48d-6e4e8f25fd88,5786685,PD
119018,8e171009-f2cd-4043-bcd6-7283cc373301,5653588,PD
83284,c638fd31-bdb3-4d82-96b7-30e14272a034,5813444,PD
81903,493ffbff-4f9b-419f-9db9-584fc27ae9fc,5803122,PD
90779,3f057470-1b34-423e-abfe-bfc6ed411007,5970515,CONTROL
88579,33c6dcf4-bbc9-4915-b35c-54abc7da276e,5927239,PD
91068,77e38deb-054e-4f9b-b9c1-777afdb0b538,5979281,CONTROL
129190,4c623832-42d1-436e-a022-773222312425,5434094,PD
99075,31fdf980-2e42-4351-a2fe-673ba4a147a8,6054091,CONTROL
114501,d753252a-9d1a-46dd-84ef-c15afaef3c11,5949533,CONTROL
86233,1ae51f0f-8e90-4c83-8eeb-43cb3acf4828,5883536,PD
91102,d81ab8b8-fbcc-428f-ba38-a185fa8365ec,5978935,PD
99108,fa735991-ec53-4763-9fa1-2fb499e3efcb,6051143,PD
99991,8355ff33-b52f-4667-a2f9-09737395e37d,5419243,PD
79832,4ba635ec-5303-4880-886c-b92a161cbe9a,5740045,CONTROL
94325,02350706-c0eb-4604-8643-91ca6c778ebb,6006164,PD
134708,5bf2dfe5-548c-49d5-b0a0-30568ab1afe5,5530255,PD
105826,711200dc-c6d6-42bf-804a-a96667b6e46b,5728949,PD
75005,d1858312-aeba-416d-b4c4-4ae13449b6a0,5469064,CONTROL
107602,6d3921e1-458a-4b97-98c9-bfdd9e78d011,5787050,PD
75494,afb9bbda-d587-49bb-b281-074495e3dc1a,5507848,CONTROL
105805,97d23f31-a114-455b-87fd-fd8bc810f4da,5729241,PD
79421,bbe87529-59a3-4870-b32e-287fe900f340,5647333,CONTROL
94534,99fa0801-e2fd-4cd2-99d1-b04b0506ecc8,6011108,PD
93056,11d2db10-7ee9-43e9-8d44-b49f45937cb7,5996184,PD
73827,54ac74c6-a1b2-4366-9118-3aff7a22667b,5406318,CONTROL
102823,0160664a-f4af-4071-a4aa-2967f3ea0503,5579910,PD
75432,1015eb1d-793f-44b2-97d4-298c308773e5,5421262,CONTROL
74381,f5d2560f-7783-419e-aaf2-cc9c8af07e0f,5392734,CONTROL
108569,e29cc1d8-424d-4aeb-ae48-bea5d7d0d241,5816706,PD
80408,fbe44adf-20e8-4195-91aa-ebf4d1fe6e1f,5695127,CONTROL
86300,231df342-0e8e-44a5-bcf0-84160fe30d78,5874481,CONTROL
79999,ecbfb629-0bcf-49bc-8c5a-ad4ea8ac1f24,5745437,CONTROL
79459,b5315634-7d84-47d0-bca2-192c32802266,5681092,CONTROL
81488,1137bf6f-92b4-426f-acd5-87fcaacee4c1,5744330,PD
90198,93905fd2-2314-4913-aaf9-a27e0d65efa7,5965417,PD
124919,d15c8139-2af4-4aba-8ef8-6e54661ac9d4,5471829,CONTROL
120217,68f20d02-839a-4927-9778-acdd1ead65ea,5560332,CONTROL
77766,75c3f076-214e-4d85-ae66-7f7f39fab0b4,5687724,CONTROL
73828,935773e2-04ab-42ea-9163-ce49268fec4d,5406856,PD
85331,61dd170c-f681-4c2a-86cd-c8c60d9780d4,5889918,PD
76616,390bb66f-6c8f-4bc3-b9d2-e3a7edf48999,5494696,CONTROL
86865,5230b120-f960-49fc-890c-c358d410b441,5913347,PD
75802,78b70755-13ef-45fc-9f1f-e5f546a2d7ab,5421340,CONTROL
87144,c1cc3a19-191a-4436-b3b0-505c23cb0bfa,5916124,CONTROL
81934,f165226a-61dc-4f78-9903-d42f08b24a7a,5771274,PD
113987,cb3fafc6-b4d3-479b-8a2d-f5f037b96420,5940830,PD
74689,352c6a2d-7698-434b-be8e-2302d046a70b,5390310,CONTROL
77004,99c5cb4e-cbab-423d-b0a9-2af9836ca63d,5813247,CONTROL
90159,8f66a722-43a3-46fa-9334-b3a54bb778bc,5966769,PD
134440,6e84dd03-8f13-4144-a366-cb531ffb07b9,5504352,PD
128855,e9cb37c2-d9fc-4cc7-86ea-540a7ca3b6da,5416831,CONTROL
98305,f86ae25b-7d8e-44f9-9713-cd00331fb6da,6049739,CONTROL
117708,75537f2c-b504-4f66-8b38-ed64993d92a6,5593513,CONTROL
95893,ec3eee5a-27bb-493e-a282-8e81570076f5,6023597,PD
97036,dc22f6d0-4f10-41f5-8ffb-7bd9725805e2,6033844,PD
72275,d15367d2-ef16-4789-ae5d-fe36e74bd7b6,5410280,CONTROL
135819,ed56a968-4048-4d30-9385-35d540fea804,5598366,PD
86372,4c3c1c45-7998-4c1c-a51b-5c87654aeec3,5897499,CONTROL
75558,387bd1c4-90df-48fa-8b8b-da2df2cfddde,5472011,PD
127391,4aeb50aa-95db-441d-afcb-93715134e044,5836005,CONTROL
84756,46f6b9fd-5b7b-4c84-8ce9-89217b886e65,5839809,CONTROL
79305,6b77a799-22ea-4c8d-9a56-4b3fe448bdfd,5676688,CONTROL
99925,325f3e23-408e-47bf-b8d1-6a9bcbfeec97,6059995,PD
132693,473615c4-ee8e-41c7-9dad-e5d553ffdb3b,5648251,PD
125064,d7956523-80fc-4cb4-80e1-8ae5cceabc7b,5552010,PD
97183,ef4587be-fdf8-4198-bb20-0c67c58187a5,6035870,PD
89337,69be9a90-97da-4c89-a309-b13975d4cd83,5961082,CONTROL
88723,ed1b8bdc-5569-4bb6-ae79-c56ab8f4da68,5940654,PD
90348,ed24dd8e-cb86-4ca2-98cc-a52d624286f2,5969822,CONTROL
112606,46242d15-41f9-417c-b454-ddd95a4f451c,5921611,PD
102150,8fe368b3-7036-4cad-bdd1-d80975f12712,5543193,CONTROL
102824,7dbd2137-6a17-478d-955e-90af29711f93,5572368,CONTROL
85902,11fa2e95-094c-45b7-9e4c-b6fb8d935314,5886580,PD
100162,fd929fac-694a-4920-a833-58ddb2b12bbe,5420627,PD
109924,133ea6ff-40f4-4476-907e-f0d4170266ce,5856133,PD
73067,133c1bc1-5bea-42cf-8070-90fb5cc4638c,5393165,CONTROL
86354,0de121c8-7003-4ceb-90d4-4c7815fd6cd4,5892525,CONTROL
79135,960f2136-c018-4127-ad43-e6ba887da310,5665966,CONTROL
75511,93f5051f-d649-43e7-a123-bb0388647e78,5524480,CONTROL
76242,d69a6014-5015-4add-bc80-9b8de07da66f,5521727,CONTROL
131501,e00fc19a-ed8c-412a-bedf-539c3742baea,5575029,PD
73884,2b5855b9-a5bd-4f7a-8cd3-89b09bd1e6e5,5406094,CONTROL
101888,8fac6652-1bda-43c5-a032-30b7480f8d2e,5538343,CONTROL
72356,41506c42-4c66-4305-bcc3-40c6e99bcd36,5401343,CONTROL
93903,ce8f4f4d-65d3-4edb-a602-3d11a391ea60,6007189,PD
134897,afc1967c-5f55-4034-8d01-824c3b1bb35d,5537219,PD
77302,a308fe85-7e2a-4b2a-83c6-565af093e6e6,5499012,CONTROL
99596,c4a2904e-2e5f-4fb4-9890-7e5c66d2fa7d,6062213,PD
115830,79ef2bb2-d464-4fff-97c8-eec045e2242f,5474265,PD
134102,bc4e6720-cc06-4d3f-a3db-d9ee8d3efd31,5482555,PD
115354,7ac9ffb0-4626-49e6-b474-1d8d6523c090,5459897,CONTROL
89095,8f66a722-43a3-46fa-9334-b3a54bb778bc,5956954,PD
76974,2e601fea-7e6c-48ff-9692-ef7a9f74c750,5572269,CONTROL
76405,1f0799dc-ed6a-4df6-b061-6627f9a1300f,5527092,CONTROL
94395,d570e542-019a-4896-a51d-b9aaeb04cd23,6015158,CONTROL
73521,94ceac99-57fb-45ec-93be-3ee093961157,5391757,CONTROL
130111,d49ab276-4836-406b-a462-b79d3b4deab4,5492134,PD
83628,ee440f78-9f6d-4a5a-829c-9677928586bc,5859066,CONTROL
83986,3339ab6f-0af6-4975-8225-67cb5753c1a6,5831612,PD
72886,575c5088-b8c7-453f-9a24-591238688f7d,5398579,CONTROL
104275,58469105-280d-4a10-b315-03d4cf661b9b,5667021,CONTROL
83749,a8fb467a-67a0-40bf-b095-0f5d5f6790c9,5852249,PD
116960,0177a257-8a43-4d56-aa12-8b3965690aac,5538193,CONTROL
102625,e2c6b535-3efb-4659-8352-9768196e2391,5577200,CONTROL
77739,fed48c4f-5ffa-4e6a-bfbd-bb08e3d7cad4,5687421,PD
109403,f53eb68e-1c17-424f-a486-ddda29e8827d,5844484,PD
91008,cf86e1eb-d76e-4c02-aebe-a8a85693eb0f,5976519,PD
113305,e520ddff-53a3-407f-8e34-54ae7d0b0889,5931762,CONTROL
100440,f4910fb6-da07-47b1-9e80-f2af028f8e9e,5436660,PD
100056,668766f9-7922-47f8-8f88-c40451851220,5437844,PD
118830,22c07a06-d6cf-456e-817e-32093cefcbc7,5653346,PD
74106,fa1b9c8e-5f27-4404-bf6a-5dd3a5160568,5395282,CONTROL
75090,c0306265-b79c-4be0-a762-f10d492919a6,5571572,CONTROL
89665,2974bea0-3aa2-4a00-9f32-6d5856e62829,5966025,PD
79933,8711a0d8-8d7a-4042-8924-f97d5fa3377f,5735132,CONTROL
72155,340260f8-644a-4670-8a39-bc0729310343,5402184,CONTROL
131547,46242d15-41f9-417c-b454-ddd95a4f451c,5581486,PD
74531,e94026fc-7a92-4937-b9aa-1570bc515103,5391160,CONTROL
94530,d6cb359a-3839-4879-99d7-6afe07926276,6010495,PD
114039,3ad7ac04-9f0b-4da6-9760-a57ce16fcba9,5941277,PD
99474,edfab0c7-6bd1-424e-b459-6417c5a726fe,6061664,PD
132515,5f2b561d-ef7f-452d-8f62-4c4c37fc8458,5636172,PD
93773,e89a4e33-48b3-451d-bd85-ba0d67e4d6f5,6001413,CONTROL
90042,555dd97b-882b-4b02-9037-5b85dd6ef855,5970541,PD
126560,764cffae-c5a6-4b32-8011-5570046a0fdc,5807469,PD
72711,0ba700d7-b776-4489-86d9-c908dc194186,5400509,CONTROL
104778,8baf61c8-1ad8-44e0-86c0-f29c6d564cb5,5694633,PD
118134,1669e5f3-5c36-4d4f-b219-02435cc4b359,5606979,PD
121163,0b421cde-9889-4004-ad1e-0775008269e4,5592257,CONTROL
83951,93eaa02e-32c5-416c-8431-eada2b974255,5838546,CONTROL
102358,1d2efee9-0885-4a58-96d5-3feafd2efb46,5586227,CONTROL
82400,f84daea6-54eb-40e1-90e5-68ece4d4e03e,5795679,CONTROL
73924,6b8f9508-67c6-45d1-a64e-4885d58611cf,5409112,CONTROL
92283,1e71ed0a-f2a4-479d-9fe2-0b450d7f1dda,5984884,CONTROL
75621,b5ed093c-301d-41ec-8cbb-c71ad77c3bd3,5491460,CONTROL
106785,560b7d59-2678-4b0b-bd6a-d435c09edf2a,5754306,PD
88739,1137bf6f-92b4-426f-acd5-87fcaacee4c1,5940395,PD
80595,1e0888df-7059-4fab-9dd7-b0b6616442e6,5727526,PD
107016,39f65aff-d4b1-4bbe-aa2f-f7e03fd5484b,5782914,CONTROL
105350,5d4dafaf-7161-43d7-b7da-59dfd905c51e,5712265,PD
81683,445443f8-bb47-4f31-a223-a03ed6aaabea,5757120,CONTROL
121557,79ef2bb2-d464-4fff-97c8-eec045e2242f,5699559,PD
87379,87cc844e-a3a2-47fb-b190-8be47b9ac6a5,5919762,PD
77276,eaef310d-4d67-4f9e-84a0-450cb9e74e05,5453241,CONTROL
74374,8769c844-9e0e-449a-ab1e-6949b19dfc27,5742627,CONTROL
87236,d6322d71-983b-4a19-b1a7-882c27adbd8d,5916528,CONTROL
105943,4c2add47-c85d-4b61-bdba-a9d0fc7cb314,5744585,PD
109278,f5e9f04c-0252-4959-8350-57823a91c7f7,5834852,PD
127664,de288811-ecf6-476e-8220-0c9c971b7edd,5839018,CONTROL
78593,7025460b-53d5-4b59-8c81-f411454bd2c5,5614216,CONTROL
136211,2ca837c8-6e74-4e1c-a14e-209edca3ad9e,5627813,PD
78687,56b11012-e64d-47d3-8d7b-95dae6054a09,5633749,CONTROL
132142,549e0f48-4f8c-41be-9912-d85c709bdbdf,5613292,PD
86866,e2e80162-36f4-42dc-85a7-efaa520eaf8f,5905593,PD
84835,bab5ca20-f718-49df-8918-e824b6720bcf,5861352,PD
114266,b32e227a-d07f-41bf-8f9b-bf0e1cb9c4d1,5949136,PD
79544,4232d206-dc34-43f7-91ab-720305a743b8,5619896,CONTROL
74968,42c79f78-eb0c-4fef-9bbf-e4755158d2d0,5450009,CONTROL
118156,672ccbff-403d-4453-a4e5-10fa429a22b6,5628365,PD
86124,d3dc7b34-4f48-4b06-bce5-78948cdeec4f,5874815,PD
105489,c4a2904e-2e5f-4fb4-9890-7e5c66d2fa7d,5728786,PD
93315,93b9641c-9493-4ca3-8095-de52d808d138,5994220,PD
112793,ffe9fec0-e3c6-44b2-8b4f-8f6f772b99c3,5925740,PD
90899,06dbf79e-07e9-4f75-a5e6-a415c00ff32c,5976228,PD
105691,dfe2079e-d916-4fd7-a76f-b2c1d51607df,5722548,PD
122040,ac01f080-96a4-4faf-bc80-291a996f6edd,5533075,PD
111948,1487de4b-b874-4ab3-8acc-e3416bb7c74e,5912400,PD
131125,c2de5c4c-9de5-4978-8f9f-9c783ea06ae2,5554517,PD
87374,39875b61-a26c-4973-a631-bc58a4fa73d8,5911276,CONTROL
84603,79ac3ecb-e647-4c8a-b919-7d9200deccf5,5879294,PD
87009,f692fd72-7fbf-4fdf-9fcc-c9e2001e249d,5922180,PD
122137,15c66b8c-1f91-461d-92cf-2bb6043dede5,5540353,PD
103202,d724bf9c-1a7a-4c07-8627-bcd253541ac1,5595172,CONTROL
95882,84f1290d-4cba-4028-84ad-f20ce3ba6ec8,6018967,CONTROL
81258,3aab8c58-a851-4084-8e75-92a1566a7280,6018855,PD
76804,f47a0023-2648-4c85-acec-ed3c6a673f53,5449841,CONTROL
111913,5ce69643-aeec-44e5-a5cc-4c06d36f5979,5908281,PD
120734,8581aca4-37a2-4600-8526-4b5adfaa01fb,5487144,PD
114260,344e3ff9-6f63-414e-82eb-b6b4075b8c09,5952133,PD
100418,67258105-115d-42aa-af10-fabaf10b462c,5433213,PD
80964,ffb0a016-a3a1-4529-918c-92f3e36eab17,5708149,CONTROL
79806,542f2a07-e7b2-40c4-a455-ed55a980ff56,5720811,CONTROL
75641,b80cc3ea-0d6c-403a-b9e3-98f1c8a4824f,5536307,PD
117922,94c5b58f-e328-430a-bfd2-ba06e02d582a,5616931,PD
79848,1db1ed03-b5ea-48ba-a5a6-54936d19639e,5745856,PD
106483,0b6a6b98-5cd3-409e-a3b5-235e1bf9061f,5756077,CONTROL
94922,48d481c1-0fe0-47c4-bf63-e60f8399edf8,6016730,CONTROL
78830,52ff7b23-a852-4366-ba0f-3b3ee65851e4,5613959,CONTROL
75537,b7754b67-2745-4b2f-ae24-dfab1ba4387d,5547847,CONTROL
82019,a8b54536-104a-4f7b-9645-09f08d32cbed,5804086,PD
87745,ea7f3270-6d34-4ad6-90c0-f6422639f3b4,5947427,CONTROL
76875,94668d24-77a3-492f-8c60-f8f7017a7986,5494329,CONTROL
87631,0f2e8a92-41a4-4ade-a575-5c65b84ca271,5913776,PD
74676,f291a97e-d72b-4d76-817a-8d15944f8499,5389180,CONTROL
85670,90936325-2390-4c9f-9d82-3a4d11524969,5882908,PD
75087,d3001bfb-e821-4614-9dca-ab8900395374,5506871,CONTROL
77781,32953066-8cd4-4b87-a8f0-86f6edc4f9d8,5666037,PD
94810,8d67e82d-721b-4fd9-a941-c3760a28dd9f,6013182,PD
128199,764cffae-c5a6-4b32-8011-5570046a0fdc,5478889,PD
85582,72923ebb-0218-4747-a8ea-cee677fe9b27,5888385,CONTROL
99550,d644ad57-f62d-4b6a-b387-2c5aabbb4ba7,6058108,PD
75886,3b85d532-0056-498f-88ba-c0701329a0ad,5501015,PD
115638,edabf0ed-e6b3-43dc-a271-7b35b683e96a,5489191,PD
128888,9571438b-8497-4a07-8a0d-ef6c6e31b14d,5421888,CONTROL
86378,94c79a45-0524-4528-b050-0eafd8221a23,5894444,CONTROL
109692,5d142eab-e4ff-4268-84ed-01405b52db05,5857314,CONTROL
75377,cd293dc2-c4fd-4ee3-bb17-6043b58d62b4,5513435,CONTROL
75148,138160de-f3d7-4a85-8f99-b39f4c2b1908,5444552,PD
74811,92b2c193-ce06-44f3-ae6d-9daa5492b04d,5563316,CONTROL
72778,9fdcd59d-bd1d-4e9b-9258-1c2e192f20f2,5404180,PD
73542,631849a5-d039-4173-9bea-a44c4416e1d6,5395977,PD
111616,de5b1d47-3d43-4723-8d2d-e0c5b98a8b98,5900070,PD
75932,f29fa214-e933-4880-8167-61fdf1e02c56,5563945,CONTROL
78461,17290204-8d8b-417b-959d-919c69ff3a01,5633234,PD
137053,549e0f48-4f8c-41be-9912-d85c709bdbdf,6090344,PD
76260,a5ccda2c-b678-4542-98d2-9b3e0d5b6ea0,5413583,CONTROL
97630,232cdb63-b154-4db1-9119-2eb2e10daa57,6043920,CONTROL
79325,07d82643-7390-47c2-bf09-a986c20e1e56,5621075,CONTROL
84661,5902f28b-ac59-4a28-9dc0-1d9835eb9a98,5837047,CONTROL
80970,261dd050-4f8e-4582-889e-ff7081706d9e,5729099,CONTROL
75516,ce65ba0d-39d2-43fc-883d-45ded6184963,5435295,CONTROL
100169,b45c6456-396a-47bc-b178-918bb0261927,5440878,PD
91755,fed48c4f-5ffa-4e6a-bfbd-bb08e3d7cad4,5985134,PD
77311,2e8a29dd-fcb5-4b2c-ab11-c80d67f03267,5470344,CONTROL
105313,b77e7480-a319-40b3-91ce-38ab7c1cd152,5714326,PD
92810,e98cb857-cf53-4f01-9658-d984d52badf8,5999226,CONTROL
93270,ad37b630-b92a-4087-b1eb-7bcbc361e0dc,5996764,CONTROL
130944,fa63d4e4-2a2f-45ae-92d3-5d39ebd07b6d,5549614,CONTROL
85028,b72c150d-d63c-4f12-b2bb-7441191bf09d,5892423,CONTROL
72571,6589a334-1853-46a2-802f-45943fcb14af,5395421,CONTROL
84338,31bacdd4-3067-4d35-90ea-0814bbaf2506,5840030,CONTROL
72458,c6dd2415-6cc0-40a8-b6b1-1b515cc65c94,5391802,CONTROL
86060,d7caa046-79f4-461c-b6ae-e9cf5654d5d4,5882212,PD
75450,1e0888df-7059-4fab-9dd7-b0b6616442e6,5564495,PD
92574,04869afa-ffc0-48af-b84e-af166329b92f,5997894,CONTROL
76296,804efb75-78e5-41d0-bc1c-bf7d2ca31f3a,5546269,CONTROL
76934,6eccd8fb-2577-4dbc-90aa-185508628a9e,5502912,PD
97899,aeaddf6d-0d86-4b41-afbd-78e65fa31635,6038935,PD
72724,c1782e48-34cc-4808-9db4-691ef17464cc,5393860,CONTROL
75223,44292225-8a21-4955-8022-c6935506100a,5465295,CONTROL
87707,5dbc42cc-b8c7-4483-901f-e5b8c6b47258,5930822,CONTROL
75737,d1b7bf67-b21e-45a2-a926-bfcd0baa6811,5557605,CONTROL
120473,a198560a-cf0a-4610-86a3-a0bb83701336,5700576,PD
84387,8d64bedb-20fc-4112-9163-210f894cd05a,5849956,CONTROL
82476,1b3ac010-fc8e-4102-8b69-07c6de8a41d1,5813217,CONTROL
133291,b3836781-d1e7-4d00-be27-e3240695d3d2,5431461,PD
85107,f7dfe721-193c-43eb-9b02-900099ca2cb5,5893783,PD
86081,62e267ca-1a34-4ec8-bc0c-51a2a5f22175,5879210,PD
82636,f8922040-f2bf-4a31-ac26-d78bef4e7cab,5780000,PD
97503,5855abea-960d-4476-aa18-1b66fc381709,6039167,PD
113237,ca044689-8137-4b17-a448-b80cc34eb651,5930088,PD
90299,bcbb1e5d-1343-4e5d-862a-06c1c51860da,5968535,PD
73552,aae69397-09e2-43df-ab73-a7f69c5a59db,5399183,CONTROL
92074,3a3ff7cf-e23d-41d2-a950-9b1fcbbaed47,5989827,CONTROL
82900,e1e99be6-a791-4097-8be6-978eff6a6e5c,5797984,PD
117064,b4bb8c67-33ac-4333-b1aa-6b79babc40fc,5553969,PD
90953,93479e6b-3181-454d-9144-b1b844390c82,5979644,PD
88179,b89306a0-4e17-49eb-be02-7ff43130ec3c,5933360,PD
120472,a198560a-cf0a-4610-86a3-a0bb83701336,5731111,PD
73769,e1e422a7-eba2-44b4-977e-d2f1844b6158,5394304,CONTROL
92937,fe0a1b87-77e8-41b2-9b71-3bd0955b7623,5996502,CONTROL
112884,9937f420-f468-4b5c-a4e8-039ebc14c345,5921314,CONTROL
78938,600c1d03-2840-4818-a707-3e831ba6bf4a,5613115,PD
107306,c61451a4-39ec-4ec7-a63f-dbe9e236ac22,5854330,PD
72387,c4ebe4ff-7567-4ea0-ad8a-b312bced52b1,5399031,CONTROL
106666,804ab780-e74f-447e-abec-b7e640433ed3,5764508,CONTROL
80967,3fab0dd5-3000-4848-a16c-3b36be233a5e,5713971,CONTROL
101786,262e0c5f-2f3e-49b5-8669-99a85146c179,5518665,PD
107562,fd929fac-694a-4920-a833-58ddb2b12bbe,5784571,PD
77413,aa90ef1c-4570-4124-b6d1-9a3f13f5d28f,5485548,CONTROL
88569,efae3aa7-5489-4c5e-b477-7f25e1a30ab1,5952425,CONTROL
84078,b6b04cba-5ae9-4da3-bcab-135df88e0f56,5842054,PD
88363,39dd0aac-4b4e-43ec-99fb-8883adc86c4e,5933325,PD
73023,7a52a4fc-ae1d-491e-b845-b2e2d32b6dc8,5398100,CONTROL
112418,54d1a647-e48d-4c70-ac48-7fc0e090a7ff,5914701,PD
80584,128a022e-b8da-4af3-a62f-4aadb626a82f,5732845,CONTROL
126895,b9bb799d-996b-4890-9c5f-d9238f8683c3,5817754,CONTROL
81377,57ca502b-b9d4-483c-a60f-e3b16f5e15c7,5712037,CONTROL
110076,e5bb566a-9f26-496f-89be-f940162a536c,5869091,PD
108639,2b8bea70-77e1-473d-9836-d19d034ae3b2,5823969,CONTROL
72891,1fd94c85-5d2f-476d-be7c-6a6ddaed48cb,5404314,CONTROL
131037,ab6244b9-1f60-452d-9c06-df0209e9e5e9,5545552,PD
135032,4f8a178b-3b90-4ed9-bec9-fe05a3a33b03,5543952,PD
93641,5f2ddd28-2506-43fb-8863-d9b521cb163e,6002636,PD
109133,bce9fbbb-5634-4924-9eed-4312ca868857,5840172,PD
100640,7dc52ba5-9ce9-42c6-bf4b-c7ce52d1b266,5450552,PD
75797,d5b2e18c-5369-48b1-9e24-89ce623a36e9,5415643,CONTROL
79579,1bd6d54f-0381-4963-9564-163235f9a8a3,5610142,CONTROL
77519,5b850af0-49b1-4dd7-bccc-88ee136ffc61,5527043,CONTROL
72441,a3a8dec0-4c24-42cf-8ab0-4ca36eb99e0a,5396868,CONTROL
110812,11ca83f0-371a-4b63-9bfa-ae5e3d5ce9b2,5884102,CONTROL
122504,2947bc95-102e-4255-8d70-53a0d10f9b9f,5489100,PD
90110,e492c66c-b2ec-4a5c-8d0e-9468df117667,5971642,PD
77552,ce43871c-65cd-4d85-b27f-66b4b3151495,5620360,CONTROL
135977,8ea5430d-1751-4718-a4f1-9343176af19b,5612794,PD
84953,2ec0013c-39a5-4325-9150-086acffb9be1,5826945,CONTROL
77992,52eabdc8-4dd6-4ea5-baad-3822ea01f803,5595855,PD
73145,ba264048-bac6-4a21-9b84-c99f71600466,5406857,CONTROL
107241,530bc9ed-d545-4252-9660-2ce2f916a9bd,5778792,PD
76289,ee440f78-9f6d-4a5a-829c-9677928586bc,5462314,CONTROL
87229,bcbb1e5d-1343-4e5d-862a-06c1c51860da,5910854,PD
109283,6e839433-f676-430e-999a-3684ccdff525,5835835,PD
119481,c47976b1-7149-48d4-883d-83491c0c01ef,5654168,CONTROL
85217,93402e1d-fdae-4966-ac04-c12e32d2865f,5883824,CONTROL
88901,a57d7f01-0d62-437b-8c91-2ee14bb312cd,5961654,CONTROL
73196,c6692bf0-22d7-47dd-aa20-97ab2bf51573,5391567,CONTROL
121248,230af3bf-7f59-4ad1-8fb1-8286acfc5f8a,5724942,PD
91189,4ac6b4b8-6f4f-4971-b4cb-b249a60d0a99,5975258,CONTROL
79228,22fa2c34-0913-44ff-93ac-2a14da3a9c77,5670448,PD
85159,935773e2-04ab-42ea-9163-ce49268fec4d,5891567,PD
75909,e25fc05b-7521-419d-90bf-b02af5ee473b,5467345,CONTROL
74659,563176e1-1800-40d3-ba7a-b86a6ffe04b6,5405599,CONTROL
101919,a38c48a0-0ab7-46fe-80c8-6cc55d9b8bbf,5536995,PD
79253,cc1d7dc0-a029-4463-86d1-355facf4737f,5600360,CONTROL
128077,95c54d38-ee44-48cf-91ce-fbf44fdc547d,5858573,CONTROL
85941,98cebf27-8771-455b-a624-c2fafa48e249,5878403,PD
112881,8baf8023-4044-425a-9183-a6c8cc8f7f15,5923781,PD
80032,f2a19126-3eeb-4588-8290-4c41b8f6582f,5703057,PD
74082,2f945bb1-e9cb-4672-a2dd-5d2ea20bbf65,5388494,CONTROL
91996,3a5e8217-042b-419c-a4c0-682c15de975a,5982599,PD
134545,217dc372-85f6-4eed-92d0-c80baae6af6d,5512225,PD
116414,ea0c7ba0-b78c-4f38-9bf2-685d5ec434eb,5524906,PD
91120,23109ca4-f21b-4fc6-a351-128165933793,5974299,CONTROL
76503,b35a03c0-445e-4ca9-a383-9c1ab22a845f,5428799,CONTROL
78518,6a3f969c-089f-4d10-b6a8-268ac23da2a2,5688796,CONTROL
77395,e378b34a-4e22-4a75-a0fd-808f40595d50,5470924,PD
95181,1a72f332-6dca-4465-bad3-dddb7e42fc1b,6009336,PD
95237,3c39f3d6-fd3f-469d-8594-9e30ec0b658b,6017497,PD
101908,9af869f8-7cda-4f0b-83ea-b77b9c12838a,5555692,PD
100527,bd9e7cf6-08e2-4efa-a989-d4159225a525,5427278,CONTROL
136862,a64e5451-3f82-4c01-8c43-f419bc82e9dc,6086806,PD
82114,5713e5a5-6e8c-4ba2-87fb-0897d09afa1e,6072910,CONTROL
86828,e84b6c55-e71c-415b-a8e5-6f0cac06e726,5913658,CONTROL
113581,334be7a8-26b2-402c-969b-35835693c80c,5933949,PD
126460,400a60d8-f50b-4df4-be25-7566fc39c090,5804336,PD
90560,e89d35b9-9000-4432-8307-c518320d92f0,5971680,PD
120521,e24901df-03a6-4c94-9b32-41e815d2a6df,5564167,PD
124083,6c130d05-41af-49e9-9212-aaae738d3ec1,5766833,PD
81896,4c559d42-022f-4d12-b48d-5d1bc424a87d,5815904,CONTROL
135878,b46f3c22-0824-48d6-84f5-bfef4b0f3a3c,5605999,PD
101955,ec5dd8db-c41e-4879-8bfb-c26eacc64f42,5529699,PD
94401,0c8ec688-c888-4692-9fa1-100f2ab9f52c,6014874,PD
102599,0ba1a93a-5432-4b98-a75d-955d2f4346ca,5565181,PD
94833,39dd0aac-4b4e-43ec-99fb-8883adc86c4e,6011899,PD
101480,92d36c79-560c-480d-820b-70651a31a1dc,5514950,PD
76524,1674dd81-f945-4857-8f0d-71f8f61127b1,5421179,PD
74822,f9c1e02b-3391-41da-abc9-b5506fb2f55d,5451216,CONTROL
83552,edea3928-705b-4cad-bf20-b96ea4174be4,5857269,CONTROL
95818,c22f5fd4-ac1c-4547-be21-a2aeb21d1254,6018569,CONTROL
84070,1db1ed03-b5ea-48ba-a5a6-54936d19639e,5833744,PD
102098,92d36c79-560c-480d-820b-70651a31a1dc,5538103,PD
121976,cbc65362-9f6a-40a7-8b7f-96f8a9e7c44d,5570892,PD
107501,d0072c83-8e2c-4131-9cc8-a38d0af0b7f3,5793047,PD
110164,629f40fa-d306-4b83-946f-206df12d7f90,5868030,PD
77062,399570ab-1cd6-4765-9bc3-e034761c7fc2,5461553,CONTROL
105994,c959f434-9f57-4730-b4c1-804789db0a33,5733779,PD
135265,e8bbbf39-3b34-4da9-96e2-d1a485c9f018,5559003,PD
74051,4471bf35-7da3-40d6-afdd-2854f15ca1c7,5395396,CONTROL
123139,861c0b1f-ee38-4a8c-97c8-7b721f396e42,5745372,CONTROL
81456,f790c02c-5e13-490d-9f36-fe1c5d6c15a5,5740679,CONTROL
97749,0e9d4a21-2d8a-4d83-85f9-5c5167576396,5544054,CONTROL
116732,a1913b93-ccbb-42d0-8386-1b11ce13980b,5539983,PD
108567,ce5cb455-f71f-4727-94d5-13f860bf4ce0,5826252,PD
82245,ad321355-0e48-4ccb-b55c-3b47331c2282,5775264,PD
99830,f9687dbb-7bf1-444d-afb3-9cf6e632fcf2,6059987,PD
101581,67546a11-f625-4d03-bee1-4f55e8a831ac,5505344,PD
80834,b20100d8-af92-495a-96d7-59f552617bf7,5746687,CONTROL
74606,51ff38f6-149b-4b9b-a871-17c922e6c5ef,5401578,CONTROL
74807,10fd6e9f-f7af-4f60-aea5-5c4d6bb2f978,5539062,CONTROL
134652,3f89a22f-7506-4643-9b7f-f71f7b488eaf,5517927,PD
94085,add935aa-6172-4db1-bad5-56eb3c20fb76,6000441,PD
89862,0fa09de8-9c0d-4859-894f-d85f6e5e583e,5962172,CONTROL
108544,921384fa-b421-4344-b17e-8754c2b70f89,5818866,PD
136752,11b74e3c-b973-4f74-b8db-47934ad0a55c,6082965,PD
132199,95fe2bb0-4886-4042-b63f-a93c1635d874,5623008,PD
135256,aa7989be-a371-46d1-afd8-2d731bb1593c,5558851,PD
75533,b7754b67-2745-4b2f-ae24-dfab1ba4387d,5433559,CONTROL
91474,87cc844e-a3a2-47fb-b190-8be47b9ac6a5,5980180,PD
75357,a631a4d3-6b21-46ea-864a-2212f9aaf6a0,5439985,PD
118833,edabf0ed-e6b3-43dc-a271-7b35b683e96a,5651927,PD
99221,207eeadb-fb42-4a6c-9c2f-b0189d72b74b,6053774,CONTROL
118416,a5f94fc6-0d8c-4068-aca1-f50330fa1a8f,5628727,CONTROL
88946,555dd97b-882b-4b02-9037-5b85dd6ef855,5955425,PD
80572,32ec4d9b-7850-4ece-8914-5dc480619793,5759940,CONTROL
91366,72e743c1-84ba-4932-b869-5f9552350b7a,5978026,CONTROL
72680,c7bfb782-3275-45a3-8730-a605186323ee,5401948,CONTROL
101662,986bc332-f3a4-4552-8b2a-c69a9d5e4989,5583681,PD
87137,7a72b071-df8c-4c46-a4bf-367cad04c7c8,5909847,PD
76791,328a8042-5059-4dee-ba70-62ec7883f414,5461786,CONTROL
119497,7c3d9daa-9116-47c3-8bfc-40769f2e6403,5704162,PD
81480,2ec0013c-39a5-4325-9150-086acffb9be1,5729128,CONTROL
82251,6cf80b1d-e27b-402b-a08f-4a70d1971c8b,5815076,CONTROL
82661,cac5f2f4-2c09-4629-a6e9-ce524ea192f5,5788432,PD
127484,e518e2ad-5a48-41a7-8143-2997cb32b678,5836266,CONTROL
133178,0bb4994f-9520-434a-8d4d-78b018210b53,5430372,PD
135243,aa7989be-a371-46d1-afd8-2d731bb1593c,5561378,PD
77453,b7953c1f-832c-449d-85d0-ab51031a413c,5437103,CONTROL
124709,5fe0830d-9fc2-493f-a9e7-2e900b9e37a8,5453072,PD
111524,010aed99-c9b3-4bdc-a23b-530d619b43a9,5905027,CONTROL
96362,a9c2e65b-de14-470e-bccf-3a542b219444,6031137,CONTROL
74633,87611498-afb0-47a3-a783-8b032166765e,5396174,CONTROL
116365,17df4507-13ad-4bc6-825f-326fe7255548,5512451,PD
107999,15f3fcdc-93e4-402f-8526-72e06ace8419,5805929,PD
98629,1447e829-cd53-4498-a9eb-833c2f791d13,6045352,PD
104230,bf2f05a4-3757-4b58-b8b5-9098385597f0,5667096,PD
89610,60011d59-db6d-41d7-aff1-0557f69ce81b,5954359,PD
75955,9dd03448-3e5a-4e0f-8bdc-60c25926bab3,5418106,CONTROL
96612,b1b3538e-bf2c-49a1-ba35-0bbc33259117,6026046,CONTROL
136930,be0e3c5f-e290-44a3-968b-2604d2603f65,6087992,PD
109963,9ab8c276-8a5e-4ad7-8b05-1b1171f3a890,5858687,PD
114290,c9fe2198-6dd6-4f22-9b03-4be3f4343864,5950643,PD
102796,5d1d61c3-9942-4ccd-b65b-b27dc43887b1,5568265,PD
79692,98225a14-77ad-4872-8afb-f5c29677edb4,5660129,CONTROL
134772,642cbefc-3667-4049-afc4-c549a967a356,6100261,PD
73986,e66547c5-0eb2-4382-a244-54e19d63c87e,5390619,CONTROL
76014,a526c0b2-a491-43a9-b0e4-77203f0a0533,5558074,CONTROL
117356,496dbb9d-fc43-4213-b572-4c39f9dee614,5581541,CONTROL
74105,fa1b9c8e-5f27-4404-bf6a-5dd3a5160568,5398623,CONTROL
77971,f7f4a294-3757-45ab-8d75-94e3b06e844f,5681629,PD
85578,083da88e-934e-40cc-b60e-13d671fb8c37,5881035,CONTROL
78817,29b09de5-08e5-498b-bcc5-49db89eff063,5685196,CONTROL
123998,672ccbff-403d-4453-a4e5-10fa429a22b6,5725622,PD
75011,061c32e2-359e-4eb6-9795-24cd8bcccd6d,5471982,CONTROL
92642,493aecf6-dab8-48e8-a705-90c285dd3344,5999088,PD
77409,44268821-01f1-47e8-8545-e5cc0bd1af93,5538334,CONTROL
104451,e1683a0a-a86b-406f-8bed-3060f86cb0de,5682862,CONTROL
76033,ded3e3d8-127f-4ca3-b399-7092abea5c73,5473534,CONTROL
103931,317afd78-4ce7-42bc-99e9-0011b3b3e5b2,5636258,PD
111939,6ab8c333-e607-475d-93d8-1949c14bd2a2,5911744,CONTROL
102532,8a151c72-e599-47eb-ad77-b8f0bf3f4ea9,5587383,PD
97463,568cb98f-e68a-45d7-adef-8e4f37e39c01,6041831,PD
73421,acbb828c-7f27-4098-a639-b6694d72a7e7,5410206,CONTROL
75204,f6879ad6-79b8-498f-aacf-29ffd631d3da,5491145,CONTROL
99915,1d1aa2f1-5272-4e30-9732-eb9862025a52,6062829,CONTROL
78226,8da6f171-e7fd-4680-9f6e-b74106491589,5600186,CONTROL
94172,777dc3ee-5fad-470c-8c53-ce4982467f25,6002248,CONTROL
72693,7697d1e8-bd4a-42b9-8166-1a873edd1bd5,5397476,CONTROL
89786,efa1c669-adaa-4763-bc1b-bc954fe3dc5a,5961069,CONTROL
99606,647b619b-64bd-4336-890e-0a9b43476b7c,6059774,PD
107469,2947bc95-102e-4255-8d70-53a0d10f9b9f,6088910,PD
77436,ac018bf2-9fe1-4de3-ad91-43ffd72cfb07,5462501,CONTROL
132323,c2de5c4c-9de5-4978-8f9f-9c783ea06ae2,5628421,PD
83425,8543d9a7-4259-49ec-9146-f2f513e35e5b,5793532,PD
132962,0caf9f7e-f3a1-4fcd-891d-ae6ffcdf61fd,5417007,PD
76879,427822cb-071f-4d83-9203-63274ec0138d,5504657,CONTROL
72702,301b1f90-4dde-4333-8d57-830ab6f301e2,5407992,CONTROL
123388,2010d9ae-4e47-4efb-8dfc-84189917534c,5626180,PD
74904,a41db21c-a684-4c30-aab7-692aa31a9297,5433406,CONTROL
108154,b2a760b7-bd2d-4918-a7b7-6fa385423e11,5808922,PD
114178,2fdb9384-f02e-409f-9d6b-5ffdfc05720d,5952042,CONTROL
80048,fd2fda3a-a00b-4bbe-9753-d5193441f535,5744027,CONTROL
73522,4f05f44f-0d47-476c-88a7-70f3fb5c6b83,5405678,PD
90219,edd71281-43cd-429e-a355-bc9310ad53f9,5965039,CONTROL
87662,ad321355-0e48-4ccb-b55c-3b47331c2282,5925342,PD
85653,35ee2d50-7d27-4c51-9aab-d4deaf9e891f,5873376,CONTROL
117154,291b2c16-eb62-46e0-a99b-6fc3bc31cd38,5506963,PD
78308,51d8fbee-8daa-4ea4-9be3-ac010dc46362,5651710,CONTROL
129526,6244be74-6f9b-4b01-9558-b169192bae63,5461793,PD
76056,0f832bec-8379-4b03-a5d4-21ebc6dbc2ec,5542609,CONTROL
80554,bd563479-821d-4616-b14a-7b83741f4527,5704674,CONTROL
117795,1669e5f3-5c36-4d4f-b219-02435cc4b359,5600526,PD
98801,863ddb69-fb81-4e17-8273-845c5aaa2fb6,6055836,PD
83028,b82fc368-85c8-42a6-ba6a-bbc4b5b078df,5813214,CONTROL
130696,7b465f25-dcd7-4b35-91c6-64518adbd581,5528961,PD
89785,2b5ce037-4c7b-465e-a583-329b650735d1,5957217,CONTROL
94004,b4a25411-d2e3-42b0-920f-a543f3bb0227,6004614,PD
73814,1f8e1a5c-f0a5-47f2-a0c6-c92034003e36,5408181,CONTROL
99401,568cb98f-e68a-45d7-adef-8e4f37e39c01,6060972,PD
73793,e8a8ce49-25e3-48c2-afb4-bc2f5ea30f1b,5552080,CONTROL
93104,858e6b9a-ed84-4a18-8dcf-bb4b8a26c660,5998989,CONTROL
84793,9f1cbba8-5665-42df-a05c-d866cb3cfe46,5847548,PD
73347,138160de-f3d7-4a85-8f99-b39f4c2b1908,5400463,PD
134363,ca70994f-b907-4f30-944c-7c084293138f,5505228,PD
74515,c1a68457-3db3-4e57-ac08-eec1b7326d6c,5404673,CONTROL
74264,f91af737-0e8a-448a-ae3f-b733c7b00211,5404204,CONTROL
132336,f1bbef68-2385-49c5-8c93-25c26846e30c,5632285,CONTROL
89460,9b0ecc01-f89c-4f0b-89e3-a7b233b2a2f2,5962276,PD
81044,f2a19126-3eeb-4588-8290-4c41b8f6582f,5710437,PD
92166,0d544b01-572d-479e-bb02-d105d7df62b9,5988787,PD
90686,33c6dcf4-bbc9-4915-b35c-54abc7da276e,5970828,PD
125924,98753b69-11dd-43f4-8eff-a54e052da982,5788486,PD
125601,25fa249d-4da9-447d-8ca4-44bc3df6e709,5780223,CONTROL
73798,677ae08f-1468-471a-b37b-17b5a8f960b9,5404588,PD
95562,73dd6b98-c1a3-46dd-a387-9b41fb61dec4,6022475,CONTROL
81323,f96e1363-ff49-4103-89f9-01c87b5cbffc,5706464,PD
77326,f7b06bc2-f900-4021-8c2c-4754d58867d4,5514530,CONTROL
74761,c61c0b78-7278-4651-8fa2-7c1429ea804c,5557472,PD
85991,e547137e-4130-49b1-890d-f774b7489ddc,5891245,CONTROL
92570,49658444-918f-4d0e-afc7-139684fad4e0,5987648,CONTROL
83091,3b8574ca-f720-4363-815b-23e730acb10f,5772014,CONTROL
113469,7764fee6-d732-4a4e-bfc0-5b406b66c754,6083032,CONTROL
101423,e4524553-f9e9-47ed-9367-ab77f90ef671,5523682,CONTROL
72175,de5d2b6a-28bf-4df1-835c-c42836d8397d,5409200,CONTROL
83055,c7671a64-249a-40f0-af11-f8f404a4498a,5784364,CONTROL
99996,0ba1a93a-5432-4b98-a75d-955d2f4346ca,5446681,PD
106124,6e839433-f676-430e-999a-3684ccdff525,5748350,PD
100383,5f503bd6-2caa-427b-bcbd-31ab14ac8d62,5415958,CONTROL
87666,d20eb8d7-37cb-4224-9117-410733a433d5,5934569,PD
85377,11954fc8-6eac-4417-b4fd-7678fb54e2b9,5888804,CONTROL
79773,f96ef58b-79ab-46fd-9694-46479ba58343,5724326,CONTROL
126185,c4a95dca-e3a5-4362-b291-59e018cc4d96,5793625,PD
77687,d1ba215f-6eac-4d64-81e9-1557b5620956,5542423,CONTROL
74314,de9fd40d-1c8b-4f5d-8cbb-07eed0807f91,5404361,CONTROL
88088,c0295a6b-4591-4f3b-9d9e-c4331d4bfbbf,5944827,CONTROL
92590,11b0961c-3d85-43e3-bc1b-a2c3e7f885b2,5987722,PD
98944,78b70755-13ef-45fc-9f1f-e5f546a2d7ab,6051916,CONTROL
121737,3e7e6085-a641-4b0f-bcda-c4fb3c0d3fe4,5702240,PD
113718,2651eed7-4576-4c3e-b327-5cafcc374f1c,5934501,PD
101097,de623d95-b4f6-4d06-acfb-8293e1201d31,5478835,CONTROL
78512,8056c5c2-18fb-4778-808d-497bb6cf6c1b,5674633,CONTROL
135457,4f8a178b-3b90-4ed9-bec9-fe05a3a33b03,5572711,PD
134839,e4793747-dfca-4690-bfac-0fca86f40837,5534208,PD
92168,0d544b01-572d-479e-bb02-d105d7df62b9,5983006,PD
84660,02f42f94-f1bd-4a90-8b98-8fea8680a7d7,5823805,PD
114924,a198560a-cf0a-4610-86a3-a0bb83701336,5439930,PD
76203,938c0833-478a-4a09-8ab0-85b0e54d36cb,5497337,CONTROL
75004,02c7f33f-0dd9-41e1-adee-1d6f107c87a2,5506980,PD
83733,a6152ed8-13e2-4831-92f1-5ba8c0af2c9a,5823283,PD
129214,a198560a-cf0a-4610-86a3-a0bb83701336,5431124,PD
80759,07c2702c-c2f8-4d90-917a-8dbbb4bf2899,5697866,PD
97330,4d0cea00-2998-4602-a863-20d6a2bacc76,6034291,CONTROL
102850,e378b34a-4e22-4a75-a0fd-808f40595d50,5581878,PD
73393,2602990e-5621-4832-993a-38269857d813,5399252,CONTROL
87626,271527ea-a1d6-4acf-8bee-c7a54ddbb48e,5916577,CONTROL
83050,75b63b7c-7752-4097-89ae-f9e339b26835,5781693,PD
87586,3b592544-8bec-4999-9142-c35073e2d1da,5919837,CONTROL
90418,19c1a749-8da8-4a32-b30e-89a844e14b79,5969305,CONTROL
82558,b22fa353-7083-4a8b-9bcc-ebb6d708f090,5773872,PD
127964,5c4b3f5c-58fa-4ad6-be58-665a968e270e,5852812,CONTROL
88181,b89306a0-4e17-49eb-be02-7ff43130ec3c,5939968,PD
133332,8ea5430d-1751-4718-a4f1-9343176af19b,5442939,PD
74410,953b9d8a-dbe0-48a0-ae83-08a2ed54725f,5396554,CONTROL
108235,d800bd93-6cf0-419e-81c9-494d1ac63243,5807707,PD
119455,8ca0d801-30e2-4839-9130-d61f0b658db3,5489096,CONTROL
123393,fd376aa5-11c1-4744-b96e-d0b41a334af2,5768581,CONTROL
88956,75e16764-2272-4d4c-955b-2ecb34b15442,5955605,PD
113873,5ce69643-aeec-44e5-a5cc-4c06d36f5979,5942265,PD
72746,f75ebae0-a58b-440e-b57d-609bedb06181,5402324,CONTROL
81704,080156bb-da12-4d92-ae6a-3f019db5e27c,5749754,CONTROL
107432,0ff78cd3-71c0-4586-a34c-d7b05e101de5,6095019,PD
75124,9f2026f5-83cd-425d-81b2-e587ddaed686,5489271,CONTROL
89812,c9b44acf-be6c-4840-844e-a50016af411f,5957872,CONTROL
82235,8c2c36d6-9cb2-4358-8085-5958e7f35a67,5808041,CONTROL
120542,d7956523-80fc-4cb4-80e1-8ae5cceabc7b,5669662,PD
122933,69e73a84-0924-4112-8fbe-9803feaf1cef,5558662,PD
81353,c18174a9-5136-4d2c-816b-79fc3f95c578,5737277,CONTROL
124714,d45d88b2-c933-4422-ba68-20a78d862371,5459863,PD
109174,5f2ddd28-2506-43fb-8863-d9b521cb163e,5836981,PD
74590,90936325-2390-4c9f-9d82-3a4d11524969,5393683,PD
85166,11fa2e95-094c-45b7-9e4c-b6fb8d935314,5877972,PD
88171,d4b82747-1256-438d-8705-2ee63b33a438,5935950,CONTROL
89854,3a5d1f45-6fc8-4fb2-bde9-5a593c08015d,5953705,CONTROL
87417,55cd714e-cf36-462d-b155-93f1af918bc2,5792271,PD
96528,0eb60c3c-52ee-483a-b48d-4c6d0b412e0e,6030900,PD
73528,9850af88-fdd6-4fe8-8859-24cc2542d135,5391022,PD
105339,5679538a-8bb6-4e37-be37-8c32d835bc13,5700771,PD
75794,9d44f27d-0a14-432c-923b-4000381d2880,5449215,CONTROL
77245,cfe55d36-d662-4424-9916-67774abdd4ce,5480770,PD
78523,eb4b9327-8557-4fa6-9248-df8382ef0222,5630667,CONTROL
79231,246ac357-d32a-495c-a20f-cf13d51ecdc6,5671112,CONTROL
78000,0474a7ea-d0e4-4737-a276-4670a0f2dfc1,5617203,PD
81893,21e419bc-76c7-4350-8fc4-cc2231a10c3c,5781960,CONTROL
130449,153b35bc-568c-4da0-a5f9-751d9fa2b93d,5517612,CONTROL
136643,c3dd82e6-4527-458a-9ef3-3e9389b203cf,6081079,PD
126702,211d860e-3362-4bf9-b7ba-94cac5c30ae1,5810529,PD
78190,3fc27cea-8cb1-48f3-baca-ff13cfda5ae5,5632197,CONTROL
87623,8489b53c-5eb3-4be9-8f8b-076fe8b53c18,5922592,CONTROL
134627,21e36b60-f96e-48db-84dd-b7ad9b7535ed,5517870,PD
92247,063e06a4-e49c-4d31-9cbb-fa374f8dc298,5989948,PD
111479,11b0961c-3d85-43e3-bc1b-a2c3e7f885b2,5904241,PD
78560,fa03cf5f-c793-4e4c-b87f-6a7b0c9c30ab,5663396,PD
110316,46242d15-41f9-417c-b454-ddd95a4f451c,5867924,PD
80580,170d8a1f-5c9c-48ea-b323-31efbd9fc634,5709110,CONTROL
81655,11e3a69b-80b6-49be-8089-ce19071443a1,5724199,CONTROL
125379,5134777c-3563-41a5-abcf-cce272a2ebf3,5775943,PD
72443,281a1338-d416-445c-a32f-8805033f44bd,5402382,PD
86607,c0be9e75-5273-4e63-b47a-d6a3db58189a,5908501,CONTROL
88709,20b09fcb-eb66-4282-b53a-51aa24f1f9d2,5945383,CONTROL
86052,a7024c23-c319-48e2-ba7f-e5ed8778a677,5890746,CONTROL
121277,eae99e5d-565d-4ff8-a695-a24d75439d30,5761277,CONTROL
92638,0b95e050-a6d1-433c-80d6-1573a9457da0,5994849,PD
94936,c61451a4-39ec-4ec7-a63f-dbe9e236ac22,6012026,PD
84962,e84b6c55-e71c-415b-a8e5-6f0cac06e726,5853304,CONTROL
135601,727a15b3-5e85-4107-8269-d9be8ab7fe89,5583585,PD
121525,5c46ab3f-fa7b-49dd-8ec4-be297df07aff,5563881,CONTROL
95065,f9b19633-38cd-40d9-b301-63635ff262b7,6016329,CONTROL
90384,d08cc1ef-4a7c-48a8-b0ab-bff913a7c243,5966680,CONTROL
130877,34094d7c-ed2b-4fc1-9146-635e608329d5,5538879,PD
113959,ddfe845c-d260-4563-861c-5de5f5fdf6db,5941153,CONTROL
78311,51d8fbee-8daa-4ea4-9be3-ac010dc46362,5604759,CONTROL
104714,d19cb2d6-71dd-4b9f-97a7-f2dc355958f2,5685611,PD
83494,5f39e70d-c9ff-4a76-ab5e-247d35f2b63e,5803073,CONTROL
78089,6f169765-e151-4214-a3de-0c9ed13380cc,5657483,CONTROL
74405,47729a57-768e-4adc-9388-b88c8fc5e031,5390815,CONTROL
134527,da3c3ff5-2ddd-41f7-ace9-4d231880c9cc,5512928,PD
95135,90538159-1477-4e09-a4d3-ae9650dfb83c,6019799,CONTROL
107823,bab29b7e-9b17-420c-b17b-f9f957eaf374,6095493,PD
76058,0f832bec-8379-4b03-a5d4-21ebc6dbc2ec,5465448,CONTROL
101478,92d36c79-560c-480d-820b-70651a31a1dc,5522941,PD
109375,5216c72c-33d5-4e01-b050-791cac56d61d,5832384,PD
114121,54a4aacf-cc21-4abf-a968-c7510cf9ce9b,5946069,PD
135877,b46f3c22-0824-48d6-84f5-bfef4b0f3a3c,5605896,PD
118269,15c66b8c-1f91-461d-92cf-2bb6043dede5,5629816,PD
95904,b350e11d-386e-4a0b-9b5c-87a02d3c64d4,6023610,CONTROL
125346,821e5fcf-6960-4c50-b370-289e33a55069,5720267,CONTROL
94630,cac55322-1af9-45f1-b77a-b37f4f8d26f9,6016225,PD
84391,8a3fb3c2-2d2f-451a-ae75-9bf8e17a7db8,5832662,CONTROL
79618,921a56f2-660f-4742-916c-c2b493c68b4e,5685401,CONTROL
109617,599dcd42-5b54-4dbb-bb51-204739ebd5c8,5861146,CONTROL
82704,b6b04cba-5ae9-4da3-bcab-135df88e0f56,6075618,PD
81088,77fb6fe7-009c-410c-be36-4c7fd2d8f582,5747262,CONTROL
128776,9f01d643-f23f-4461-9d14-4f99bd7de7a7,5878881,CONTROL
102459,d45d88b2-c933-4422-ba68-20a78d862371,5580149,PD
136358,647b619b-64bd-4336-890e-0a9b43476b7c,5634115,PD
134606,d40c28f5-6c35-47ce-82c8-c5036a77280b,5521779,PD
135901,aa7989be-a371-46d1-afd8-2d731bb1593c,5605263,PD
112327,9671ba49-8161-4f88-8e24-d394c8e96fbe,5914141,PD
107586,23a173b4-c662-4bfc-917d-5c8b24bfd9c9,5787636,PD
79970,9121537b-8f0b-4d94-b4e9-56186f44da4a,5764422,CONTROL
82866,ef7b5e7d-248d-4a52-ac3a-87efb5775247,5787981,CONTROL
81029,8044b2cf-bb77-40ae-b317-404d47a0fe08,5709688,CONTROL
77394,23d877c3-cffc-4c88-95ec-bb01a9f97319,5437014,CONTROL
79810,8d3551e8-165b-4e55-8a61-55d7780c314d,5752957,CONTROL
117873,87c7217b-7443-4ca3-844b-261b347c53f0,5616329,CONTROL
76989,e0cc309e-9519-4b99-bebf-ca9aa298853c,5562198,CONTROL
85115,a724b198-2cdf-40b6-89ef-1cf230093e26,5898504,PD
84704,50ed5188-9843-435b-854c-235a4a7cb1c8,5828521,CONTROL
120685,b9ecb0c6-44be-47d7-856c-5a6722a321e6,5544227,PD
74483,d848ade0-4f98-4369-9e62-ef7e92f03edb,5401860,CONTROL
86351,b5fbf552-bc4c-4e89-81c4-3227eb088e58,5875339,CONTROL
78459,17290204-8d8b-417b-959d-919c69ff3a01,5672480,PD
80387,f4910fb6-da07-47b1-9e80-f2af028f8e9e,5746082,PD
79601,06651da4-0fd7-48c1-be70-c19f39101d1f,5645392,PD
118840,b9ecb0c6-44be-47d7-856c-5a6722a321e6,5654857,PD
102136,8ac6d3d2-b738-4f27-9fb2-510bcd1dfd0f,5551790,CONTROL
132395,c6a414c1-2143-4693-a0ea-37028d3af443,5631285,PD
95371,71785e8e-1b41-47af-b88a-2e0733e14e2b,6023759,PD
74260,60011d59-db6d-41d7-aff1-0557f69ce81b,5409194,PD
91334,13b0f9d1-8ed3-4e65-bdb3-b2db5d16f92a,5981934,CONTROL
82037,e764cc43-7889-4184-8ddf-f99f9b4b7bab,5798673,CONTROL
79177,ab0b71a9-ad46-47fd-b3ef-8b1b83412599,5670451,PD
83858,dbf66348-3c90-4aba-a621-a1edb092d8e3,5822910,CONTROL
77099,6ad63ed7-1dae-4311-91e6-af113aabe1a5,5516312,CONTROL
76797,75da9825-375c-495d-8ddb-4f40e7cad690,5514760,CONTROL
77219,f834c887-d24a-4e40-828a-d4a5fcff5a6a,5477097,CONTROL
75824,78d9cb0d-b9af-4b59-aa0f-9aaf0fad55aa,5444159,CONTROL
118940,73d67610-d66b-4a4b-b606-d98a8ada5f03,5654979,PD
124376,d6ef0b96-cdfe-4319-bf20-925b2cfc2f62,5445453,CONTROL
72167,ae49bf2a-8e08-4839-8df0-f2ccdcdbeafb,5404891,CONTROL
76716,8400f7cf-a4b0-4864-849a-1f444cfcab00,5459229,CONTROL
76636,d4f119c6-e7bd-4951-8353-1981c6b0beb7,5491455,CONTROL
91585,79bb7920-910d-4027-a188-ebdae9cf1e08,5980743,CONTROL
119767,a39f5fd1-4e9f-4abf-bfa5-e4b6015f46cf,5648222,CONTROL
73210,1eb3a0b7-c0fb-4f26-ba87-6749e65c608d,5394089,CONTROL
75837,78d9cb0d-b9af-4b59-aa0f-9aaf0fad55aa,5511968,CONTROL
74362,d41cc881-9477-403a-92dd-e78f59cb5aa0,5389034,CONTROL
77272,dc2a9c97-96e5-4461-98a6-8c5aa888a14c,5541575,CONTROL
79465,a3df5797-3d07-45ec-98f4-427af0d63380,5664087,CONTROL
125881,7bc86881-7075-467a-850e-53e021b60f9f,5785712,PD
112633,979ead89-70cd-48bb-941c-9c87cc6e4679,5923623,PD
99640,9890f772-3284-4aee-8528-ea3ce982d3ac,6063937,CONTROL
93598,d276dc55-700a-4915-8795-3d4943cb7e17,6003559,CONTROL
109786,4a594906-4d78-4c65-a259-d93122f549d6,5851946,PD
123107,bae1bf32-94bf-42a7-96d0-ee23fd98245e,5525365,CONTROL
94544,99fa0801-e2fd-4cd2-99d1-b04b0506ecc8,6014509,PD
80288,c38fc22e-4c08-403a-9d34-59f66ad5d41a,5752394,CONTROL
78302,7c4546fe-d532-4e65-93e4-52513db37457,5687761,CONTROL
117612,291b2c16-eb62-46e0-a99b-6fc3bc31cd38,5444145,PD
132483,23c1a565-1761-4fe4-90a6-dcc9b9a4ee47,5639382,PD
78674,3b96ed25-a60b-4fcd-a734-4bf3cae6f4bb,5680012,CONTROL
76876,427822cb-071f-4d83-9203-63274ec0138d,5518549,CONTROL
86858,13244475-e4c5-444b-b7df-3e148c71a3c9,5919812,CONTROL
117283,aa91e6ba-523d-4926-8318-c2f689ac9400,5556875,PD
135363,5e7fba64-bc6f-4987-b3d4-97328d805f4f,5567837,PD
135072,3d70f02f-f53b-4161-89d6-82dfd719a4a1,5556934,CONTROL
90672,5f7a8e6c-afbe-4148-838d-8fba8f17c777,5963482,CONTROL
91322,dfe2079e-d916-4fd7-a76f-b2c1d51607df,5976896,PD
102809,54247570-e33b-4d54-bb75-8b74aa79fd8a,5582389,CONTROL
85909,6d1e9ce2-810d-406e-9269-80c8189f2446,5875108,CONTROL
72937,b567f243-d7c7-4a75-8dda-389de317a210,5391400,CONTROL
84203,be79f24c-e591-4894-9a12-ac0ce0043c8c,5850136,CONTROL
97414,6d0c10f2-c149-4993-901d-270a275476a2,6041737,PD
88132,26b15140-2acf-4180-8283-f3acef5501b6,5946157,PD
134361,1886a202-b9e9-4429-9c44-92d7c1654d66,5506356,PD
133046,e29db95f-adc5-49cd-8eeb-09054470c221,5419801,PD
136207,ea4c2d74-4b41-45db-8d11-620bbf4dd601,5627986,PD
106981,d8e98b32-4946-4f83-8c9d-1e1ecfd7489d,5926467,CONTROL
117076,230af3bf-7f59-4ad1-8fb1-8286acfc5f8a,5563213,PD
84996,1af5d5b8-2eee-4a7d-ba46-5710bb46e84f,5850713,CONTROL
91463,b3404b35-b8f8-4f14-afc6-92f0d1bdf920,5979191,PD
103840,47077bce-7a89-4461-a26f-4aa0677aaed4,5657958,PD
82714,a0bb85a1-3ebc-4a0a-a57f-5fd8afeb1019,6081413,CONTROL
109346,ce5c8357-dcc8-475d-a52b-1d048224fcfa,5830435,PD
84485,9b638d55-631f-40e0-8a0d-45eb9077bd1c,5848357,CONTROL
78914,4c6e6e09-93a3-4179-a53f-2af276d79b51,5667227,CONTROL
74494,b9fc5905-a423-41be-b526-a5dcf02ade42,5408491,PD
73197,1eb3a0b7-c0fb-4f26-ba87-6749e65c608d,5394994,CONTROL
84050,dacd2d5f-d133-4c09-9dc3-b3dddc9a426d,5872189,PD
91213,8ed61ccc-ad86-489c-85bc-64a7934c6d22,5981549,CONTROL
106467,f074b3b0-5821-4a2b-b090-8afbcf02fa91,5756317,CONTROL
80210,460c4276-7a60-46e0-a3ae-1734882f45a9,5725658,CONTROL
98250,adb6be8a-b564-4361-8864-a80a54d99757,6045164,CONTROL
85492,fb65e9c7-ff81-4f01-9157-1f054b0618ab,5895666,CONTROL
105901,56115575-5dba-435c-9f6f-ec9750e1fcc2,5742200,PD
133552,e4793747-dfca-4690-bfac-0fca86f40837,5453557,PD
94422,a8b54536-104a-4f7b-9645-09f08d32cbed,6016281,PD
92935,e44b1f10-dd22-4bec-974b-f1cd489d1e28,5998794,PD
118136,1669e5f3-5c36-4d4f-b219-02435cc4b359,5606939,PD
96466,2b8c3659-90a8-4b28-ae5b-88eab39997e6,6030501,PD
81873,a46ceca2-40c1-4b03-8420-5d78fd6cbd9b,5791093,CONTROL
79282,3b85d532-0056-498f-88ba-c0701329a0ad,5657890,PD
91221,e09690c1-069c-4403-a74c-91c815ae6fe3,5977793,PD
74436,453c6983-b442-4a6a-8fa2-5317c562ae35,5417503,CONTROL
107642,72a68a80-a22b-4eff-b835-5b7bbec6c85c,5792267,PD
129209,07c2702c-c2f8-4d90-917a-8dbbb4bf2899,5434689,PD
116143,6d0c10f2-c149-4993-901d-270a275476a2,5509644,PD
88519,34b7efd2-3db0-412e-993d-0816729df0a0,5943616,CONTROL
94257,2b8c3659-90a8-4b28-ae5b-88eab39997e6,6001563,PD
76924,961a4ac3-d753-474a-957a-f9137527effa,5430500,PD
94436,60d3b2bf-0e46-466e-9cdc-d0a1e8b2abc5,6015756,CONTROL
127855,764cffae-c5a6-4b32-8011-5570046a0fdc,5856087,PD
86764,8d67e82d-721b-4fd9-a941-c3760a28dd9f,5925132,PD
103907,18459133-823f-45ba-81d1-1d382eaae88f,5638052,PD
81786,0cd15828-8c34-40f3-90cd-88aad2307628,5728601,CONTROL
93630,358cd6f2-2d7e-4c12-8740-95db4778af09,6004863,CONTROL
94618,71fc016e-285c-4aba-8a3e-c46a153688f8,6012306,CONTROL
87993,3af487fe-7927-4e4d-b4bc-0aa0c3814f7c,5944596,CONTROL
84927,bedef114-546f-4f05-94fd-6ac3cda67929,5859858,CONTROL
104225,803c3c8a-8885-426d-9b45-3965726c5fee,5679290,CONTROL
111614,629f40fa-d306-4b83-946f-206df12d7f90,5902110,PD
84836,21ef12ce-dfca-4d29-930f-a90844d4b3cd,5836274,CONTROL
94318,63859eb9-8c49-4f41-8925-30ce22275314,6005483,CONTROL
102110,62eac1aa-2cbd-4b7c-bb14-fcc723070f1a,5545716,CONTROL
75303,ae73aa0e-955d-45dc-bc28-3459eeae902e,5541149,CONTROL
89952,c499a6b7-a5b4-4c92-ad5c-905ca29a14d8,5963999,PD
72180,2f6d15a8-4f8a-477b-8754-78914f7d5fbf,5407148,CONTROL
121803,3e7e6085-a641-4b0f-bcda-c4fb3c0d3fe4,5730103,PD
76119,12ca0db3-ff0c-40ad-8bb7-691612323d15,5489664,CONTROL
86144,c91cb3ab-41ba-4b00-bb46-5b2770afddfd,5894501,CONTROL
95611,08c23348-8945-4e2f-a339-969b6699f0a2,6023349,PD
78451,5e8b23b2-e722-4dfe-9aa4-56a14d371065,5625337,PD
107775,eea2bc0d-e013-4def-b184-8f153023c890,5790250,PD
102264,11d2db10-7ee9-43e9-8d44-b49f45937cb7,5555488,PD
73203,9d6f40a4-f46b-46f0-9ed6-6057fb6da918,5407280,CONTROL
85434,3d476714-4de5-4cd4-b614-405397f88c65,5897036,PD
89546,87cc844e-a3a2-47fb-b190-8be47b9ac6a5,5962799,PD
85574,fbe44adf-20e8-4195-91aa-ebf4d1fe6e1f,5891778,CONTROL
88131,26b15140-2acf-4180-8283-f3acef5501b6,5939123,PD
90112,f8a6020d-4e4c-4ac7-9efa-b45426d5e6e5,5967995,CONTROL
80646,186bef60-68ea-4531-8884-055b94fad0f1,5722950,CONTROL
117159,3331546d-4372-4700-b1b7-45758a7c9f77,5558604,PD
116490,ab759582-c94a-481d-8e38-081bb79c25b6,5529574,CONTROL
120953,74c3a417-1bbb-4e30-a9c2-421e43076310,5593810,CONTROL
75646,0190aa9c-2840-4445-bec6-6f469285e72f,5459554,CONTROL
131252,b9b377ab-5693-475b-82aa-e48ec638c72a,5558818,CONTROL
130537,37b967c4-0dc2-4aab-8d20-c35e855944bf,5522939,PD
109241,54e7560b-8dde-4dfe-b8ae-06f82a5555e2,5833835,PD
76059,5b3152ef-0faa-4fd9-a9fa-0459debbc4c5,5438628,CONTROL
121549,ac7c3961-9268-42b7-aeb7-fc4c49c7a6bb,5600776,PD
87728,f8294c22-9dcc-4280-beb2-5e4f818c7755,5946205,PD
93733,70f6f0b5-23e9-4c24-a29d-b25e7fc35e39,6006369,CONTROL
76107,0dd799cd-7e04-4143-b81f-dc548038d3eb,5517597,CONTROL
80664,05bfb3c3-acdc-4c88-a54a-9c179ae21a7f,5751504,CONTROL
75251,382f867a-8912-473d-940f-1ad3aadf3979,5429100,CONTROL
73562,86209589-9440-40eb-8900-dda369bceaf8,5408726,CONTROL
88346,94e59808-4330-450c-a8dd-69685c824e67,5941469,CONTROL
90069,ad00f88f-9928-4327-beff-d8f18943254a,5965403,CONTROL
114673,5679538a-8bb6-4e37-be37-8c32d835bc13,5413581,PD
72440,01de0326-8f1c-4299-9307-76febd5a3161,5396457,CONTROL
76965,6d6658e0-1498-44ed-aa40-d3d7cedcd5db,5454217,CONTROL
84260,082a0b2d-1eb0-4e47-8635-a992fc49b171,5825305,CONTROL
101964,8248a477-6598-497d-80aa-4202d23fef38,5538494,PD
120870,f8d44faa-f71a-43be-9fa8-8d381b9cc380,5612697,PD
72630,b40a4397-d8e6-42f3-bb08-a3a8e2564aa7,5393403,CONTROL
131600,c6a414c1-2143-4693-a0ea-37028d3af443,5586827,PD
73358,0eb99828-76f7-4856-84c8-83887ad43b07,5390021,CONTROL
106565,fd2ed83d-c25d-4494-b50e-13471481d998,5759159,PD
94816,a03008b8-28c0-45f3-9c96-bf36b7f5b6c0,6014667,CONTROL
119993,0cce2793-973f-4612-b75e-2d0f02e6c4f8,5691075,CONTROL
83407,22249fb7-2426-4ad2-9d3d-472ebd003a05,5772316,CONTROL
131967,7b9b9932-4d19-49dd-8893-0441eba9ad46,5604351,CONTROL
132188,9b3adfa3-30cc-4ef2-9ad6-fbc964f19982,5625862,PD
115503,fbf09241-5c47-467b-8a60-4e7913acb100,5482172,PD
107024,5138bcf8-3d6d-43db-8e83-9bc7198be930,5776383,CONTROL
78081,41d13ebc-5fba-46fa-929b-3c99fe57ac18,5614999,CONTROL
104508,06d826be-c1ac-4c68-8353-14cfaba359f4,5683066,CONTROL
72932,c8e74e3d-9e98-474d-9916-49adb9ad9033,5403115,PD
104227,bf2f05a4-3757-4b58-b8b5-9098385597f0,5678574,PD
79784,1d5b88ea-2f4a-4a6e-b4b0-c8958b7b969e,5708159,CONTROL
133233,702bc6dd-423f-4416-ae41-deded2e81ed7,5528393,PD
137061,ce8c87c5-d2c4-4aae-9a33-1543bb63e265,6090660,PD
94829,39dd0aac-4b4e-43ec-99fb-8883adc86c4e,6009783,PD
132679,219a59a3-c8ae-48b8-b6e6-42c8161506f2,5649145,PD
98797,d059696f-0355-47ff-95c0-08c106cd9a72,6052585,CONTROL
97947,d2e325c5-19df-49a7-82cf-2bb65c790ee6,6040078,CONTROL
84938,0c280144-f771-42bf-acd0-fbbfd019edb0,5853227,CONTROL
74235,17f50a82-683c-418a-86b7-75af586994af,5403500,CONTROL
132867,5134777c-3563-41a5-abcf-cce272a2ebf3,5417905,PD
125832,49015692-95f2-4622-9c34-85605ecdfe4b,5787070,CONTROL
85747,d3dc7b34-4f48-4b06-bce5-78948cdeec4f,5893195,PD
101353,873c1263-d757-4dbf-9b48-facf75ab003e,5500790,CONTROL
89140,3442c974-8cb7-4331-9276-4bf7db79489a,5956845,CONTROL
121609,32e23bb4-c2ca-489e-a580-d432d05e015e,5695744,PD
80974,b9633fdd-4884-4248-bbc4-b04d4482951a,5700867,PD
82690,ee818c73-61c3-4777-8a56-f6f598918a08,5786993,CONTROL
73046,9ba1abb7-e2d3-4330-8a84-5734b8c9a9f6,5407324,CONTROL
74510,4ced5f40-b81b-497d-bc85-82a66ecdac4b,5408676,CONTROL
125918,72f75a4d-de63-4077-b77e-49d98f559e8c,5785533,PD
109113,3070acf0-23ab-40c5-8afc-ba869e122c00,5849363,PD
76861,e5259491-ab85-4dc8-84ea-a00e27906ab7,5543831,CONTROL
80639,892e03ef-850b-40fe-b6ed-6473cedbdfef,5739077,CONTROL
95464,d7208508-2a79-4d66-9848-0df8420238bf,6018685,CONTROL
82797,bd563479-821d-4616-b14a-7b83741f4527,5808655,CONTROL
94523,4afdc9f7-c744-48ad-be29-096e6ab6f3a7,6014153,CONTROL
91469,af11ff58-dffe-4930-bf52-584e0f1cbc5d,5978758,PD
108339,961a4ac3-d753-474a-957a-f9137527effa,5811023,PD
102878,30d53bb1-cf12-44d1-9854-78c35a607610,5595998,CONTROL
90171,3f692929-c7cf-43c6-b1e4-4df80aa82195,5970607,CONTROL
75359,6f9b11e4-b75e-4a37-bf1a-eb7dcbf97a83,5481123,CONTROL
104937,18459133-823f-45ba-81d1-1d382eaae88f,5691647,PD
111107,629f40fa-d306-4b83-946f-206df12d7f90,5895104,PD
74044,501e2e14-ace1-4408-9a3b-545babf3b34a,5392523,CONTROL
98613,913b66f5-0666-4ccc-bf95-c9f6e0d60066,6046722,PD
102633,d49fcd5c-3952-49ba-bc03-261b83a7ab6e,5580405,PD
89872,e09690c1-069c-4403-a74c-91c815ae6fe3,5951731,PD
90504,4cdcceda-2afc-4572-9ba3-2ae4dfd9561c,5970912,CONTROL
73526,9850af88-fdd6-4fe8-8859-24cc2542d135,5396433,PD
113113,6899ba07-f868-49db-9651-3504b6d754d6,5932570,PD
89317,85816dbe-b244-453b-87cc-709d2c1c2107,5956151,PD
113856,58ecd2e3-66be-4596-bc48-dfb2d009528a,5947423,PD
83523,3f089713-a352-4ec8-8da0-45925fc45f3c,5826466,CONTROL
86980,f1c73cc2-bd2b-45eb-a692-62e2bca6fe0e,5921690,CONTROL
116675,01b25cac-97dc-4f16-b266-742a25a768d0,5542869,CONTROL
77528,63d2d660-2feb-4d32-9977-97d63f133e64,5444708,CONTROL
96065,bcd61c73-932f-4e2e-8c49-c7d163e3fbaf,6027827,PD
75025,cf2af5ef-93bf-434e-86bf-d3cc61698b07,5521694,CONTROL
94296,84882217-875b-41bc-a936-2f6a9c4dacdc,6001890,PD
100293,fbd468eb-3615-4ae2-9dcc-daf41aa68a07,5433982,PD
96857,1e5a92b9-37fa-4351-b5c5-28964fb42f7c,6035482,PD
134412,433dbed3-3ed2-4b5a-bfb2-759ccf7c3476,5507687,PD
108368,f53eb68e-1c17-424f-a486-ddda29e8827d,5800053,PD
95015,e0c58ab7-5ba1-4e60-a3b7-9c28a4e74f69,6012554,PD
107608,5ce69643-aeec-44e5-a5cc-4c06d36f5979,5789870,PD
87980,70f178fd-6f07-4033-9176-fe48775bf9eb,5927011,CONTROL
136461,4f8a178b-3b90-4ed9-bec9-fe05a3a33b03,6077748,PD
90721,cdba028b-d612-4e3c-a171-94cc8395acfa,5969321,CONTROL
82685,f2a0e197-b320-481d-bdbd-da2aacbfbed4,6071674,CONTROL
82674,65c0ee9c-6b7d-4ae2-b830-f6d4fb6bd051,5805012,CONTROL
114464,67258105-115d-42aa-af10-fabaf10b462c,5948962,PD
76279,20c3c767-0c89-4235-99a5-e2816dfc3037,5535946,CONTROL
94080,453c6983-b442-4a6a-8fa2-5317c562ae35,6004445,CONTROL
77957,0b493726-27d2-4d21-ad41-91e96772d511,5639269,PD
117391,ea0c7ba0-b78c-4f38-9bf2-685d5ec434eb,5580183,PD
135168,11b74e3c-b973-4f74-b8db-47934ad0a55c,5554645,PD
122686,afc1967c-5f55-4034-8d01-824c3b1bb35d,5681282,PD
81428,67546a11-f625-4d03-bee1-4f55e8a831ac,5746608,PD
73536,13d77f6c-bf51-4112-b7aa-2ed9d5a8f479,5408992,CONTROL
105266,0a4662b0-9ee3-4029-af85-7e342cb87810,5710262,PD
121200,a38c48a0-0ab7-46fe-80c8-6cc55d9b8bbf,5611883,PD
81525,db93ae75-b4fe-4210-b766-e1e7edf1518d,5721805,PD
116239,b236ecf4-e95e-4ab1-bc61-8b613138c3ad,5503650,PD
77875,e4307a27-1341-4bf2-b6ab-a3a1052396af,5656014,PD
93639,d7caa046-79f4-461c-b6ae-e9cf5654d5d4,6002468,PD
108185,c9781d9d-86db-4e89-a034-8fc30954bf39,5803286,CONTROL
115219,e1f4b4cb-de75-41c1-a56b-69f1125d75e7,5528376,CONTROL
111586,629f40fa-d306-4b83-946f-206df12d7f90,5900704,PD
79414,ca7acddf-ac0b-4e07-87b4-bfe9934d7c5c,5671819,CONTROL
84472,8c627c96-d935-41aa-a178-b2ea87224fac,5939781,CONTROL
117974,55525e7d-758d-4494-a2e4-d7e2bd3faa70,5606707,CONTROL
103219,ed1b8bdc-5569-4bb6-ae79-c56ab8f4da68,5628908,PD
74037,28599ae5-59e5-4b1e-a1b7-b818f6f8b669,5402048,CONTROL
75508,edfab0c7-6bd1-424e-b459-6417c5a726fe,5450886,PD
116534,aa91e6ba-523d-4926-8318-c2f689ac9400,5529044,PD
103566,43294479-32e0-4589-92ee-269b36a70e46,5636217,PD
78663,faeab8f9-5e6b-48ef-8e87-3cc7e6da3e5f,5670153,PD
107575,621480df-5cbe-450a-84eb-c0814d509883,5784812,PD
77138,221b863d-868d-4fc8-91be-2975c414a1bd,5473959,CONTROL
107409,7c61ee6e-b433-446a-b140-f20299873c2c,5785529,PD
72699,301b1f90-4dde-4333-8d57-830ab6f301e2,5395940,CONTROL
80874,4b4834ae-88d3-493f-ac12-e9577dd1c135,5715939,PD
136761,a64e5451-3f82-4c01-8c43-f419bc82e9dc,6083991,PD
102962,6899ba07-f868-49db-9651-3504b6d754d6,5624828,PD
88327,c5b3dd37-0b8f-44a6-88b3-ba2714c4b7cd,5939863,CONTROL
86413,705b5b9b-1f54-457f-a108-74c82804892c,5883098,CONTROL
90506,4cdcceda-2afc-4572-9ba3-2ae4dfd9561c,5966291,CONTROL
126475,d49ab276-4836-406b-a462-b79d3b4deab4,5805495,PD
84751,9de98d55-6bfb-4614-837c-8e1cb69abf4a,5859062,CONTROL
102137,bb91ec4b-ab77-483b-b35f-fa039bc8225d,5553009,PD
77236,49b2b78b-0b4a-456e-a0a2-8f20c345aa7c,5487141,CONTROL
109056,f5e9f04c-0252-4959-8350-57823a91c7f7,5829736,PD
116479,edabf0ed-e6b3-43dc-a271-7b35b683e96a,5522984,PD
81529,b9fc5905-a423-41be-b526-a5dcf02ade42,5731424,PD
74055,50bb65ea-934e-4d3f-8a2b-6461dfefd8af,5397983,CONTROL
90335,2e1510cb-a7b1-49df-8404-a8373efa4548,5969250,CONTROL
74379,df7bf94d-74c3-4af5-b4c6-2d7b91c488da,5394885,CONTROL
117845,9ce638c5-90bc-40fe-aa00-6f13e0bdefa2,5628856,PD
73887,92da2deb-8fc1-4d3b-a836-4a41698949f1,5406095,CONTROL
72318,6acc5411-658e-4af2-b21a-6ad3bf7e142b,5400144,CONTROL
92513,2ba1aae7-5cb7-4236-9a39-6c185629a849,5989972,CONTROL
83022,d3dc7b34-4f48-4b06-bce5-78948cdeec4f,5802920,PD
97294,faa157d8-f37e-49aa-8d49-a431a67b2496,6033379,PD
119424,fc5daf3d-baa4-415d-8ae5-d456afa65082,5667190,PD
116924,979ead89-70cd-48bb-941c-9c87cc6e4679,5541047,PD
91204,51cbcf73-23af-4e47-bef4-0ecfc04f02a0,5974232,PD
116543,21a71204-0893-4c88-b6e3-8f101a25268c,5525874,PD
87625,271527ea-a1d6-4acf-8bee-c7a54ddbb48e,5910115,CONTROL
91066,f8c51356-3a71-4450-b5a8-8b7877356aca,5973985,CONTROL
96790,b5d300e5-4397-4f24-ab97-6ae76a3c956b,6035892,PD
122094,18f576f9-5c80-43a7-8492-2a739d1b5f2b,5688398,PD
75514,cddf8d7c-bd2b-4f6d-8b2f-5be21e36fbda,5574352,PD
128356,a60cc860-28fc-4ca6-b71b-663c5ac86c03,5870177,CONTROL
82237,a107f4ee-e18f-4fdf-a6d3-f8b7e1cc6a20,5777310,CONTROL
122132,e06e1420-a969-4311-abcb-cf2cd4203e53,5746990,PD
89867,cac55322-1af9-45f1-b77a-b37f4f8d26f9,5950204,PD
75000,767a067f-10ae-49db-9efe-d2db66074e37,5569733,PD
72141,45b4e2ca-8d15-4736-828c-829e3d4177f4,5750379,CONTROL
125742,6184186e-527e-468a-a562-bf9099000fce,5780044,CONTROL
132583,b3836781-d1e7-4d00-be27-e3240695d3d2,5641312,PD
110654,ec5dd8db-c41e-4879-8bfb-c26eacc64f42,5887322,PD
107957,ce5c8357-dcc8-475d-a52b-1d048224fcfa,5804629,PD
76026,ded3e3d8-127f-4ca3-b399-7092abea5c73,5519349,CONTROL
99350,83c7de09-2ed3-409b-abdb-fc75750d10fe,6058913,PD
110339,49803d28-2166-4d66-b3bc-d30467c91397,5867398,CONTROL
98964,df931327-93d2-4fa0-99a5-9eab3cfa9eeb,6056719,PD
124663,f690974e-8179-4564-ab89-1302590861c4,5451556,PD
127603,ee8b1690-4c96-4f09-9a7b-946911bdcf67,5842783,PD
102262,11d2db10-7ee9-43e9-8d44-b49f45937cb7,5540479,PD
93368,5f552d6b-6010-4edf-8db1-5b10c4efa2e8,5994556,CONTROL
90983,6bf594c1-e842-4c8e-98d5-dc36813bbb36,5979981,CONTROL
93809,f9efd7c7-b8fb-4d37-9076-45c5b017cf17,6001257,PD
89498,082a0b2d-1eb0-4e47-8635-a992fc49b171,5960264,CONTROL
72525,b8facca1-8227-48f2-baee-050143d1f13d,5394668,PD
94332,a43d57cf-90a0-4275-8583-b1c3d7a95cc1,6004218,CONTROL
93776,d57b53b1-c34d-42e2-8756-40e0cdf5d87d,6004775,PD
77777,3a6ed86c-aba5-42b5-a896-440d0b259abc,5638273,CONTROL
117338,aa91e6ba-523d-4926-8318-c2f689ac9400,5578043,PD
98872,a38c48a0-0ab7-46fe-80c8-6cc55d9b8bbf,6055469,PD
96142,5f2ddd28-2506-43fb-8863-d9b521cb163e,6024942,PD
96201,05d4e71a-c792-4549-8ec7-6a7dc355a1bd,6029277,PD
88251,d1576239-c61e-4e69-a882-1300fc6d7eb8,5933542,CONTROL
78802,a2d96fb5-7d9b-4594-a22d-0d769958a678,5640043,CONTROL
82289,6633c648-95ef-4ed4-89fe-55a51334f8e0,5807284,PD
85874,4d58a217-142b-4829-9b31-c75669e6b636,5878035,PD
108356,808bd714-1d45-4db7-8910-db3eed15a011,5851880,PD
74131,f334ea21-2550-4b48-941c-51e880483f58,5406334,CONTROL
89312,33c6dcf4-bbc9-4915-b35c-54abc7da276e,5951670,PD
87499,f33433d4-1585-432e-959e-01593aa7b120,5908497,PD
89340,4bd8b493-1398-4892-916a-9fccd94d477b,5960135,PD
102044,01b39888-7fcb-41de-9498-b9bf7070254a,5790951,CONTROL
116246,3da9bb7d-123e-4715-aef9-c51a7a9fa0d3,5509070,CONTROL
102382,c9fbe3eb-28ac-4d91-a0dc-d1e12cfe9647,5414858,PD
73226,55cd714e-cf36-462d-b155-93f1af918bc2,5405698,PD
73116,486380c2-6690-4dab-bb07-c21f0736bf43,5395386,CONTROL
72368,11f8fb4b-dc02-465c-8bce-64e79aae3f21,5406957,CONTROL
84763,55cd714e-cf36-462d-b155-93f1af918bc2,6959238,PD
80812,b588b85f-ad58-42d5-acf0-2d1f33d721a4,5696254,CONTROL
136234,549e0f48-4f8c-41be-9912-d85c709bdbdf,5625895,PD
82500,d49fcd5c-3952-49ba-bc03-261b83a7ab6e,6073289,PD
82553,63009f60-dae3-4921-9c88-df7e8d9b4240,5803765,CONTROL
94842,7a72b071-df8c-4c46-a4bf-367cad04c7c8,6016129,PD
78592,dca22a25-9b8f-4868-a290-9b9f4bb6a242,5640895,CONTROL
128024,909ff077-9ee3-467a-9e71-454394b0eb8a,5859641,CONTROL
89081,387bd1c4-90df-48fa-8b8b-da2df2cfddde,5960648,PD
77019,e63fedb9-8710-4bfb-8495-2f334ce70fbf,5457261,CONTROL
121171,cbc65362-9f6a-40a7-8b7f-96f8a9e7c44d,5508770,PD
86479,d4a2c32a-0e56-4e4c-86c6-ff79094a718f,5906348,CONTROL
77656,061c32e2-359e-4eb6-9795-24cd8bcccd6d,5430748,CONTROL
72568,24fd58c0-3cac-4681-b81f-58b42afb29eb,5402512,CONTROL
114903,38255249-3be3-4e44-a87a-027ec337293a,5431426,PD
82042,11fa2e95-094c-45b7-9e4c-b6fb8d935314,5783077,PD
88614,88af6f86-ade0-413c-9f9d-763866e45686,5940452,CONTROL
125222,7bc86881-7075-467a-850e-53e021b60f9f,5715142,PD
119189,7c7283c6-8bd1-4112-bab2-7d3e05bef338,5669452,PD
86896,4b1755a9-fa14-4d28-b498-c50e0f4dd1e3,5905919,CONTROL
83578,5b9e0d5e-e7c6-47f6-bc07-fbe02193b05d,5821104,CONTROL
127628,98753b69-11dd-43f4-8eff-a54e052da982,5841877,PD
80620,93f833d4-8df5-4c28-9308-f407abeffd07,5738037,PD
100470,668766f9-7922-47f8-8f88-c40451851220,5420025,PD
78818,5fdfdf9d-0f20-431d-87bb-23dc98dfb01f,5619085,CONTROL
75464,87c34dad-0853-4222-9cea-1df331d73a0f,5452495,CONTROL
75257,a62deb34-3da1-4b4d-b2ff-4e3e5f92c0de,5468845,CONTROL
84027,c9640e39-4b86-43d7-a3bb-b11838143f1f,5862878,PD
119180,3f68da18-e3d6-426b-801f-9d8ccd46e6cb,5666510,PD
82487,0b493726-27d2-4d21-ad41-91e96772d511,5794701,PD
76624,80398a1f-9dea-4ab4-90a6-49508a73ad63,5492257,CONTROL
114199,2064e6c8-2e96-4353-8bdb-b08cce2e3c4f,5949808,PD
83300,0474a7ea-d0e4-4737-a276-4670a0f2dfc1,5793911,PD
102579,8ac6d3d2-b738-4f27-9fb2-510bcd1dfd0f,5588429,CONTROL
120395,e5d167d6-6b75-4e91-b066-9fb0ad664c4b,5629018,PD
98221,ee34d304-fd0a-4516-8547-347d44ce6fb4,6048786,CONTROL
72416,281a1338-d416-445c-a32f-8805033f44bd,5404169,PD
73550,ee055306-652a-4da3-829a-1751ed65d452,5403744,CONTROL
92881,30c85f2b-6e5c-43e5-a692-d2085f2e6839,5991687,CONTROL
111098,61858ea1-2479-4144-bb3b-ef8415e60ab1,5895781,PD
74331,8066d06f-c919-4e07-af9f-72d58850f298,5406949,CONTROL
106998,eb0e8e58-7c7f-4f8d-8f24-4a62167b3d1f,5770855,CONTROL
73997,6d9ec800-4284-4017-9247-76d59c178644,5409969,CONTROL
77490,e3620cf5-9884-4fe6-8bd5-b4ed1a79c706,5504707,CONTROL
134787,3f89a22f-7506-4643-9b7f-f71f7b488eaf,5529920,PD
134186,702bc6dd-423f-4416-ae41-deded2e81ed7,5523484,PD
73771,e259a11d-3f17-4765-82ed-471a6a76cc52,5405025,CONTROL
115976,ef0b42be-8574-466f-ac60-c0ad8a73cb0a,5491632,CONTROL
80002,ecbfb629-0bcf-49bc-8c5a-ad4ea8ac1f24,5723536,CONTROL
75400,d57788e5-c85a-467d-8d29-cb385834cefc,5501996,CONTROL
78900,93b9492c-13bf-40be-93bb-e88778cedeec,5685857,PD
74986,b04f0c22-a18c-4313-9fb9-5cda28930866,5460802,CONTROL
119561,6870774a-1206-4c46-94df-c7ec9d02b220,5581763,CONTROL
105944,4c2add47-c85d-4b61-bdba-a9d0fc7cb314,5745338,PD
93555,dd910c54-b316-42d8-8e61-10785dd005b7,6008207,PD
123946,5f2b561d-ef7f-452d-8f62-4c4c37fc8458,5562537,PD
126101,92da6dbb-ddd2-4a0f-90e4-46de8b1566ac,6099675,PD
132824,15c66b8c-1f91-461d-92cf-2bb6043dede5,5654647,PD
72848,084435ff-0514-4ac3-9ba3-dc14dcf3159c,5394144,CONTROL
86513,02c7f33f-0dd9-41e1-adee-1d6f107c87a2,5914111,PD
75405,9fbaff6e-dfed-413a-a6f2-1aead3c22d09,5565188,CONTROL
102592,b8d3e9ae-cff9-4bea-b3fb-211960273630,5563144,CONTROL
94214,77b7c422-bd8d-4e8d-89e6-27fd515e246e,6003202,PD
88773,bfc55fc2-f448-4915-a5e6-62b66c706b0a,5937920,PD
124976,47d967da-3086-43e2-a94c-850d5a62bf57,5469313,PD
76302,5fbc6c4c-5d1b-48db-8554-d9e2bb6bea5a,5473443,CONTROL
96945,faa157d8-f37e-49aa-8d49-a431a67b2496,6032601,PD
79222,bfc6a0de-b8d7-4b3c-b903-2acc04175df5,5616867,CONTROL
75237,05f94534-bc26-4c93-a1ed-908034559a82,5427285,CONTROL
75113,bfc6a0de-b8d7-4b3c-b903-2acc04175df5,5498586,CONTROL
128193,12accef6-2688-47b9-8005-c91aaec96f6f,5866382,CONTROL
75690,b481701f-848c-4769-93be-833c8e30e79f,5564065,CONTROL
73139,297f5df2-7109-4a1d-8acd-d9c0053f4634,5389251,CONTROL
101603,fc8012ce-578c-4051-ab89-d4adab95de50,5513778,CONTROL
76151,5b4115a0-8bd8-46ca-9835-db4517e762b6,5554039,PD
87756,8a328e43-2757-431b-b56c-b35c1ce685ef,5943448,CONTROL
114012,f8d44faa-f71a-43be-9fa8-8d381b9cc380,5940719,PD
89551,751b016e-6292-438e-9914-73fb241f5ae0,5951716,CONTROL
87630,eb7eede9-58ee-411e-92cc-3fdec74bc7b0,5912450,PD
102442,cdb18d7b-6793-48c0-8085-63c2a71ce5a9,5575362,PD
73058,4648594e-3226-430f-bc74-0e36567f1f20,5402875,CONTROL
103252,4ad61e24-16f0-4409-82a1-b37cb72a92c8,5682366,PD
73225,0b0d6279-47c6-4553-b379-7ac1a9a4aafa,5406652,CONTROL
74132,bbf83ccf-d2cb-40af-bab9-93d04e8a884c,5404329,CONTROL
76748,1ffd71dc-f8b7-4b8b-8bfe-39bf2f9c4837,5473826,CONTROL
92671,57ab7b33-a2ef-4204-9103-9c4f56e42c7e,6034286,CONTROL
88295,615d882e-3a2d-4ee5-840b-dc60b40f386d,5927027,CONTROL
91684,c77e3f11-7195-4e8a-9146-063bef90a03b,5979228,PD
115054,45e954bf-4cec-4b56-a957-d305029baba2,5442301,PD
87217,77e3b8c0-9b8b-486a-b92f-6bcc420b6ba4,5908715,PD
134514,27d1997f-a8d7-4b8b-99a2-983c24d50ecf,5515417,PD
111173,e08bb091-4706-4782-8ab2-4bd9d5ed571b,5897190,PD
109478,672ccbff-403d-4453-a4e5-10fa429a22b6,5860476,PD
100878,f125e7fa-7a33-4959-abb5-655ceed01d72,5459197,PD
84612,2aa8fa02-4874-4322-bd88-141e04dc45da,5858911,CONTROL
79687,522bf337-3970-4b7c-b68a-f0fd3e997881,5592741,CONTROL
98703,c928b1c8-3e0a-4338-9f3a-78e9e34a6a20,6053145,CONTROL
121305,1326e345-8eef-4164-8fae-ac84354566c3,5660688,CONTROL
101001,5c16649a-ac27-4b5e-947d-1ec48b48426d,5477166,CONTROL
78943,2487d31c-5db3-4e64-9434-cc10e5f3d1f4,5688773,CONTROL
78930,9d478389-f02d-47a0-bb1e-c226bac23030,5979438,PD
82028,631849a5-d039-4173-9bea-a44c4416e1d6,5773365,PD
75173,9f57ed84-55ee-4475-b82f-2bd3fda58465,5465170,PD
107983,921384fa-b421-4344-b17e-8754c2b70f89,5806138,PD
79170,fd12c696-a503-460f-9fad-7582b936532d,5684714,CONTROL
81236,3aab8c58-a851-4084-8e75-92a1566a7280,5724730,PD
77454,35b68a25-0ed9-44f1-aeae-65298252ac74,5459607,CONTROL
72169,d006726f-099c-4551-917e-7ce3c6badef2,5404244,CONTROL
72226,1e0888df-7059-4fab-9dd7-b0b6616442e6,5398535,PD
97690,e94c31de-7885-492c-9156-293ae15a5841,6038288,CONTROL
83491,a34687d8-585d-498a-b83a-ae60ee68fc93,5779921,CONTROL
95278,72c95fc8-db97-4865-8bc3-a42e21d43e75,6022353,PD
83545,2373d2a2-3bea-4f9a-82bb-623be0b60793,5832946,CONTROL
82603,be192cef-4e88-4080-9573-4cd97e9f9fb2,5803303,PD
96289,d54d803f-e2aa-4024-a3d8-784ebbe968f9,6026684,PD
77753,6c3850a9-b6cc-4c2c-a609-a7feb945e090,5643580,PD
84839,10254517-055e-4a85-b07d-aadcaee16eda,5820171,PD
89876,75190f02-7ccd-4193-8dc0-6c9f69810955,5950349,CONTROL
76036,272c1017-e953-45bc-a50f-ca9b35ceaffd,5429985,CONTROL
109034,dbfdaf53-55b4-4347-8a35-988f05a7965d,5834266,PD
126753,5385ed0d-9a52-40d7-8f4e-c5a0c55bea36,5812532,CONTROL
91027,50fef3c5-8844-4618-ac49-0386b72110a1,5975970,PD
81327,2de84d02-5354-4162-8550-d86c4429c77d,5722731,CONTROL
129405,e6c81976-f7a5-4d28-b09b-1e5e19de6771,5451452,PD
77572,523d4a0e-447b-475c-8c4c-45054d117225,5487973,CONTROL
89424,986bc332-f3a4-4552-8b2a-c69a9d5e4989,5957175,PD
83845,5f369378-6389-4198-b97f-d1c19603a20a,5823074,CONTROL
134629,8a4790b3-3bf5-4273-b695-fe703347d399,5521981,PD
80585,170d8a1f-5c9c-48ea-b323-31efbd9fc634,5706880,CONTROL
98719,be1c514d-40e8-44f8-ac33-5cb2a647f02d,6053004,PD
135259,7fb561a3-8f90-49d2-a39b-55ea3f78a17b,5559396,PD
94667,8c1ac6f7-1fe5-4d89-b2ba-2613639d2f33,6012035,PD
82733,b9633fdd-4884-4248-bbc4-b04d4482951a,5792783,PD
112463,ed1b8bdc-5569-4bb6-ae79-c56ab8f4da68,5914463,PD
76084,203b55c5-5569-49fa-8fdf-fc47d2dde1fc,5501970,CONTROL
103288,b4b0028f-bd8e-4e25-8da2-64252f48c827,5628476,PD
81558,fbf6f035-c1f4-4543-9001-9857ff9cb45e,5754941,CONTROL
86657,416a984c-4a94-452b-93be-499c1ac374d6,5923223,PD
111839,7dc52ba5-9ce9-42c6-bf4b-c7ce52d1b266,5910821,PD
110155,629f40fa-d306-4b83-946f-206df12d7f90,5876932,PD
72213,a6614df6-77d8-42e4-b134-7c1a8449b2b0,5388083,CONTROL
115121,34094d7c-ed2b-4fc1-9146-635e608329d5,5444122,PD
90365,22c93952-f286-4d82-93b5-65167399091a,5965516,CONTROL
128135,0c37da12-7be6-45a1-a8a2-16c95182b70d,5862455,PD
134930,ed56a968-4048-4d30-9385-35d540fea804,5542288,PD
98028,dc22f6d0-4f10-41f5-8ffb-7bd9725805e2,6047812,PD
81256,19968a5c-89e8-426f-95f0-7e5c7fcdb27a,5728798,CONTROL
99739,efcf9116-6643-465b-8168-cbbb51fae35d,6062627,PD
83301,0474a7ea-d0e4-4737-a276-4670a0f2dfc1,5799478,PD
104689,34094d7c-ed2b-4fc1-9146-635e608329d5,5693041,PD
111530,8ce923e3-a1c5-4f1e-be17-69b2cd9f0e50,5902207,PD
120000,81434ce9-c1db-4717-81e4-f49b0942e321,5706580,PD
73923,fa262d80-4f10-4a41-a9e1-037728088f00,5408796,CONTROL
104773,a50dfd03-6211-47ff-9d94-8026c65eed93,5684678,PD
78645,b4b0028f-bd8e-4e25-8da2-64252f48c827,5640749,PD
117030,73d67610-d66b-4a4b-b606-d98a8ada5f03,5565799,PD
113894,8ab14817-d7df-4452-af87-23795ee85434,5945855,PD
82043,543c765e-a53c-4451-9f01-c4490c011683,5788530,CONTROL
93824,53eafe37-544d-4c1a-ba3f-1ce2fefe4a8f,6005415,CONTROL
82482,0b493726-27d2-4d21-ad41-91e96772d511,5806188,PD
108779,6c130d05-41af-49e9-9212-aaae738d3ec1,5824000,PD
90226,682ec23b-3a5e-420a-b34e-09842f7a0b37,5966003,PD
88199,33b5cf9d-37eb-4707-8c57-1f9f2b43e63e,5936041,PD
72896,a5dc410f-f845-48b9-93aa-4840a7fc3fcc,5390624,PD
110205,1a033954-954f-4459-b3a4-33ff26192e05,5878163,PD
90519,fcfe1178-090f-4673-ac35-08e6b7e69ff7,5970848,CONTROL
75964,2d9a8277-1cbf-49a4-9c87-8e4aa1387d68,5462767,CONTROL
74847,fe6234cd-0bfd-47cd-96ae-a55f1d31aab2,5478937,CONTROL
89548,87cc844e-a3a2-47fb-b190-8be47b9ac6a5,5957593,PD
103030,241670d1-1dff-4ff4-bbe2-d3c8b7024ddf,5620085,PD
85340,8923a4d0-6223-4285-bef5-0ed3b5d76bf6,5880342,CONTROL
79261,efcf9116-6643-465b-8168-cbbb51fae35d,5649349,PD
85051,adbc93a3-8214-4649-aa6c-15a34bb51509,5881769,PD
98493,2b938bfa-331b-4919-a820-97962281b409,6048545,CONTROL
77455,e345d318-a55e-42df-a1df-59b1dd90d92c,5477100,CONTROL
103323,01aea090-d2cd-409e-8ce8-22887ada7af8,5617158,PD
128535,e787d06a-bcce-4ef0-848e-8b319fc7ce99,5873327,PD
132918,256946ce-e118-4f9e-88dd-45984b83c227,5414415,PD
101479,92d36c79-560c-480d-820b-70651a31a1dc,5521085,PD
72304,defcd96b-6888-451b-aa1c-b039e1239654,5395070,CONTROL
81555,47184d8b-9872-4b3b-8b3d-5d7a92ffc12c,5743934,CONTROL
80473,beb71f55-e657-4a32-8144-1bdb72b98601,5727689,PD
100119,5ce69643-aeec-44e5-a5cc-4c06d36f5979,5432859,PD
73291,0c4c65a7-1076-478f-b07b-e88dc4d8a880,5522608,PD
105060,9feb2176-5d59-49c7-a895-c14c8e0be17e,5703168,PD
121190,b4bb8c67-33ac-4333-b1aa-6b79babc40fc,5726904,PD
112615,918e2896-c619-4daa-b904-89876ad77d06,5925644,CONTROL
95652,370c0c1b-166d-44e8-b1a8-e57993c019a1,6020020,CONTROL
92269,36b5ca3f-9e72-4fb3-9761-1d49d9c723f2,5988739,PD
80470,beb71f55-e657-4a32-8144-1bdb72b98601,5699132,PD
97197,8baf61c8-1ad8-44e0-86c0-f29c6d564cb5,6039090,PD
76673,560b7d59-2678-4b0b-bd6a-d435c09edf2a,5430011,PD
130748,8beab5c6-6067-4c47-b655-1901f5a534a8,5534150,PD
78492,63c50583-8b64-482d-960d-93a8ec34883f,5653306,CONTROL
119943,973bb81b-7908-4b96-bea5-97b1f020bda2,5737324,CONTROL
131800,e24901df-03a6-4c94-9b32-41e815d2a6df,5595231,PD
88877,560b7d59-2678-4b0b-bd6a-d435c09edf2a,5961517,PD
93328,d57b53b1-c34d-42e2-8756-40e0cdf5d87d,5999282,PD
109810,4a61cb25-1f7d-48df-8b92-9cac13ebefd4,5850547,PD
105649,d6df0d18-4c25-49ee-aa62-2d03dd2a5b02,5732587,CONTROL
78896,20ba0bd7-d882-44b6-b48f-0b15ff55b5d5,5624271,CONTROL
135069,d96eb0d4-4dbe-4f2b-a977-55cca40e4035,5549680,PD
95673,65d8c6d5-64a4-4f5a-b69e-a0d30152b5de,6018960,PD
125416,e3e37808-e182-463d-859d-66bd5d4a1439,5771620,CONTROL
99328,528f76d0-9196-4b09-b61e-f7af2164ca35,6051408,PD
104190,6e839433-f676-430e-999a-3684ccdff525,5665422,PD
73855,4525f9dd-1e9f-493a-b839-b90fa19c526c,5391445,CONTROL
133220,d16452a8-b678-487b-a42f-0e8bea8a8479,5436579,PD
79837,493ffbff-4f9b-419f-9db9-584fc27ae9fc,5725632,PD
89517,f8d44faa-f71a-43be-9fa8-8d381b9cc380,5955399,PD
75320,11d2db10-7ee9-43e9-8d44-b49f45937cb7,5565354,PD
99166,9e9bae83-ec77-473f-94a7-1a8dd8b9669b,6056214,CONTROL
92314,98b8edc2-248b-4bda-b47a-42a966c064b0,5988585,PD
121292,3e7e6085-a641-4b0f-bcda-c4fb3c0d3fe4,5600786,PD
117090,6c03b508-d521-46ea-8e69-4143e8dbfdfd,5562185,PD
91603,1d7e6ef7-775e-4e68-a974-cc143c204335,6017954,CONTROL
114534,672ccbff-403d-4453-a4e5-10fa429a22b6,5414990,PD
73994,45829aa3-2e58-4979-a367-922bbccb58b4,5399984,PD
114952,4d394840-210d-42c7-b8d3-cef242f1ee4c,5441383,PD
85132,4fce8073-d331-4490-9738-5cb43b7a1d27,5877027,CONTROL
87627,047712ad-df43-4900-989e-1cb624e84b34,5906319,CONTROL
135803,4f8a178b-3b90-4ed9-bec9-fe05a3a33b03,5594456,PD
91166,520917c2-1a2f-46d4-beed-5a104e630bd5,5973633,CONTROL
106009,30420b73-44e0-4c3b-a6a4-afff7f008aa8,5738041,PD
109728,c9fe2198-6dd6-4f22-9b03-4be3f4343864,5862650,PD
73258,cadc2a49-c7b9-41a8-9817-1290ecb8f9b3,5407494,CONTROL
129025,e6c81976-f7a5-4d28-b09b-1e5e19de6771,5426963,PD
127554,0caf9f7e-f3a1-4fcd-891d-ae6ffcdf61fd,5841643,PD
76021,e17404cc-ff09-48f4-bbd9-4167d6ce8900,5510202,CONTROL
74224,1a38dca5-145a-413b-86cd-86fa9f6802ff,5405157,PD
111933,937682c3-93f8-4c5f-bf6d-2563389b9145,5909058,PD
117508,3495ed87-6850-4b7b-b626-63fe7eea0e28,5578832,PD
90642,7878bda6-e135-403f-a281-d20e1707a8e2,5965977,PD
73297,0c4c65a7-1076-478f-b07b-e88dc4d8a880,5523309,PD
82496,54db303d-a4f5-4d28-991e-2bbba382f80c,5809749,CONTROL
88323,e87e1729-897f-4025-aab4-5e2e4ac9ba7c,5940871,PD
120597,30a7a2e8-12a2-4680-b14e-c61de5fbde57,5661305,CONTROL
122143,e8b3b9a4-a48e-4212-aad8-0ee8d9a4f911,5739244,PD
92311,98b8edc2-248b-4bda-b47a-42a966c064b0,5982992,PD
94161,777dc3ee-5fad-470c-8c53-ce4982467f25,6004222,CONTROL
76588,c4c7c359-e644-462c-8da7-aed3dd223db8,5501326,CONTROL
82268,b19baebf-f77c-4feb-977f-5f5a64fe87d0,5793883,CONTROL
74208,ae8b4372-f4be-4cbb-be77-0064fd650431,5401800,CONTROL
89323,85816dbe-b244-453b-87cc-709d2c1c2107,5957876,PD
86446,47d967da-3086-43e2-a94c-850d5a62bf57,5885441,PD
122717,1d342238-c509-451d-ba8a-381b3e10f8ef,5491854,PD
115875,fbf09241-5c47-467b-8a60-4e7913acb100,5501321,PD
93638,0c220dec-e5d0-4816-9b97-993c2fde3846,6002616,CONTROL
130267,d1a742dc-97f3-485b-9458-c24ab01126fe,5505190,PD
88858,265ece8b-9274-49d5-b9aa-f418161b29cc,5957101,CONTROL
82140,63d3e080-de53-4715-8221-510b236705c5,5814727,CONTROL
118556,e06e1420-a969-4311-abcb-cf2cd4203e53,5649801,PD
117568,8769c844-9e0e-449a-ab1e-6949b19dfc27,5598704,CONTROL
131983,d16452a8-b678-487b-a42f-0e8bea8a8479,5604211,PD
99744,c9b44acf-be6c-4840-844e-a50016af411f,6060375,CONTROL
96715,aeaddf6d-0d86-4b41-afbd-78e65fa31635,6025531,PD
73653,9a4a3ac7-fd94-4ea4-9a3b-e96b05582ae0,5404217,CONTROL
83537,246427cc-554b-4c8a-8114-fb1d0f6d66d3,5851832,CONTROL
78441,c48f6610-3404-4e48-8569-590b25e28cf6,5685427,CONTROL
117032,0c1322de-03e1-428b-afe0-12e0afc4fdde,5556257,CONTROL
105667,48636df4-7e93-496f-967f-83e6488c2a58,5731492,CONTROL
79272,93f5051f-d649-43e7-a123-bb0388647e78,5614858,CONTROL
73698,a0e609de-47b4-4a0f-8733-2d4579ae1db0,5673330,CONTROL
133433,8ea5430d-1751-4718-a4f1-9343176af19b,5450316,PD
81122,d97e295b-d978-4f87-b2a2-8039d4e3a4fd,5709910,CONTROL
100826,ce5cb455-f71f-4727-94d5-13f860bf4ce0,5452547,PD
135823,f195a3f1-9cbb-4296-9233-388b194b527b,5598799,PD
72675,f7ba3b91-2fd2-476b-970d-e9e949d5866f,5394167,CONTROL
110626,e87e1729-897f-4025-aab4-5e2e4ac9ba7c,5882201,PD
81535,cc1a2e66-8c8c-441e-8b04-5092b82492f0,5723538,CONTROL
73680,4ddf2f4f-18c5-44e4-8b83-e121992a6310,5389202,CONTROL
77747,877f8fcf-4491-42f0-883b-f2e4e0a32854,5628112,PD
78407,fd12c696-a503-460f-9fad-7582b936532d,5605490,CONTROL
124930,18459133-823f-45ba-81d1-1d382eaae88f,5467054,PD
93542,8d67e82d-721b-4fd9-a941-c3760a28dd9f,6007524,PD
108051,47077bce-7a89-4461-a26f-4aa0677aaed4,5811084,PD
90546,653d3977-9b33-4037-9aa5-2eb39284cabd,5965065,CONTROL
90737,fdc36058-a501-44a4-9844-28844be338f5,5972067,PD
80117,c32c4258-4645-43a9-a423-605aeb904519,5757451,PD
76734,e7045566-3b35-4466-9328-d98e6798d6c2,5498756,PD
79245,e7045566-3b35-4466-9328-d98e6798d6c2,5615923,PD
76599,086c8afe-3bd7-4f50-9431-31a57ea63de7,5520751,CONTROL
87295,b8a9d62f-cdec-4cee-9cfb-5572f8db2ff9,5913520,PD
118875,b46f3c22-0824-48d6-84f5-bfef4b0f3a3c,5658282,PD
100061,6f3fab97-ba5c-4ed4-80fd-637e43139fa2,5441020,CONTROL
72456,c6c9d080-a615-48f5-861c-b961ab95d706,5410586,CONTROL
108778,75088bad-12e0-438b-a224-2c53d70c4b0b,5822866,CONTROL
92178,08409cbc-a454-42f3-9013-14d235db3c55,5989120,PD
83977,a74bd639-f40b-4a41-b05a-b5887ecfe2b7,5834880,CONTROL
110423,5d800f21-c04b-490f-bec9-9982aefc2bcf,5866610,CONTROL
80240,6e668775-4ee9-4141-bad6-0ad358955832,5730958,CONTROL
79120,f23015b6-efd4-4d84-b28d-e4edb7ca7800,5608761,CONTROL
110847,94c5b58f-e328-430a-bfd2-ba06e02d582a,5883800,PD
112462,ed1b8bdc-5569-4bb6-ae79-c56ab8f4da68,5917897,PD
105974,22c07a06-d6cf-456e-817e-32093cefcbc7,5742816,PD
86255,88032453-06e4-465f-ab0c-23fe5f5436ba,5884751,PD
75594,f1d3b509-4e56-4edb-b4cd-7a8068625cd9,5451838,CONTROL
78272,2c51d8bd-49d6-4e20-8030-09dff5fdb5ab,5655425,CONTROL
81179,bfc55fc2-f448-4915-a5e6-62b66c706b0a,5716459,PD
74863,c7cdf9f7-0c93-4e13-a8fe-d4ad66404e25,5547253,PD
109023,6390367f-0035-4cf2-b22f-2ffb74b475d2,5839593,PD
75938,cac55322-1af9-45f1-b77a-b37f4f8d26f9,5543261,PD
105049,5d8e6c5b-94a0-4911-af54-7623b2de1105,5712788,PD
87351,6b304b5d-64a8-4c5b-8f51-56b22c6ac38c,5902539,CONTROL
75614,597ac812-4cb8-4524-a813-831ad41be494,5481890,CONTROL
80153,a487babd-efad-4814-9915-81c4848a142b,5750129,CONTROL
74801,3f1d98b1-4599-41fa-95d6-066f85ade1c4,5448086,CONTROL
79349,d35324e0-21be-4c7c-b1b4-00306c334615,5671900,CONTROL
74868,1c2d3825-7d88-4961-8b13-1966d9c34434,5504745,CONTROL
105241,f369c8cf-3be9-493e-a62d-2b6fc2fa9616,5714671,PD
80299,51321fbb-e46e-4875-b521-ca6a3ef2afb5,5714242,CONTROL
135462,37b967c4-0dc2-4aab-8d20-c35e855944bf,5576300,PD
107144,1487de4b-b874-4ab3-8acc-e3416bb7c74e,5780048,PD
73445,fe6234cd-0bfd-47cd-96ae-a55f1d31aab2,5391557,CONTROL
79032,ef4d1e5f-eb30-4bf0-8a2b-9d2c857a35b6,5675919,CONTROL
90829,e09690c1-069c-4403-a74c-91c815ae6fe3,5971681,PD
103203,81434ce9-c1db-4717-81e4-f49b0942e321,5601763,PD
120423,73d67610-d66b-4a4b-b606-d98a8ada5f03,5733752,PD
112326,45e954bf-4cec-4b56-a957-d305029baba2,5917298,PD
117822,ea0c7ba0-b78c-4f38-9bf2-685d5ec434eb,5587911,PD
78149,101b307e-910e-4854-9b50-f6624a0e5d67,5687966,CONTROL
79892,39c9956a-c1ac-4e12-8748-3141b96cc588,5727127,CONTROL
84446,55ab8b94-24a0-4de9-9f5a-b7afbbd38ecc,5822594,PD
76235,25160e6e-1048-4201-8c46-9f9221689652,5492611,CONTROL
136043,9b3adfa3-30cc-4ef2-9ad6-fbc964f19982,5609221,PD
108056,fdc36058-a501-44a4-9844-28844be338f5,5799900,PD
98220,3070acf0-23ab-40c5-8afc-ba869e122c00,5830948,PD
96009,48383cb5-cb57-41c5-a8ed-d651b2bccbe2,6031414,CONTROL
91504,547102ed-ce06-464c-b850-77b2ec03be5d,5976949,CONTROL
84569,f195a3f1-9cbb-4296-9233-388b194b527b,5857571,PD
110435,271e1c04-d221-4ad0-9989-c81f3599dcf9,5865870,CONTROL
91195,ac3ed763-a235-40f4-b3d1-6a80cdcd5fb5,5978234,CONTROL
90053,549c5eb7-894e-471c-913e-c5fb628292af,5967386,PD
74127,51dc6425-47c4-452c-af82-85a3ea10af95,5398931,CONTROL
85729,3b592544-8bec-4999-9142-c35073e2d1da,5877833,CONTROL
74928,bab8f9ee-559c-48e4-8c2b-c20d8dca489a,5454725,CONTROL
81188,4111e281-acbc-4726-820f-86150953d2f7,5724668,CONTROL
92720,2ea84074-5ae2-4175-916d-29f32283ff7b,5993666,CONTROL
104934,61e223ac-4657-48b8-89b0-d37df5c85d39,5685741,PD
100850,49446a1a-5a08-46a6-9d17-ff97833e0c0b,5452270,CONTROL
81656,d31ff659-65c3-47ee-aa1a-a7647d66b797,5738484,CONTROL
94228,f340e5bc-f871-4dfa-b0b7-f91f84bdf36a,6003592,CONTROL
103285,b4b0028f-bd8e-4e25-8da2-64252f48c827,5623251,PD
103718,8beab5c6-6067-4c47-b655-1901f5a534a8,5643223,PD
73926,252d6c8b-57f7-4080-abd7-3511d50002ad,5393783,CONTROL
73916,d93fe570-d2ab-470d-9782-25d2d1a6db0c,5441705,CONTROL
88130,a6152ed8-13e2-4831-92f1-5ba8c0af2c9a,5944356,PD
112700,892a6398-23ec-4b47-b214-04708aa39711,5925531,CONTROL
78971,e276b537-f7ab-4a5e-9d50-7d7780663b85,5651627,PD
72143,67bdd316-26fc-4fc7-8431-bf9f41a649dd,5400993,CONTROL
107863,aae2ab26-754f-49fa-bcf0-bd403bc9d548,5787273,PD
93779,f369c8cf-3be9-493e-a62d-2b6fc2fa9616,6006522,PD
103000,48507a7c-dff7-4db0-9558-a27b30e11aa9,5597654,PD
83885,e0f7a0a9-fb8d-439a-9627-4732bb84705e,5831646,CONTROL
83654,25209428-df2e-4d49-b8be-d55798fde9a6,5861982,CONTROL
85221,93402e1d-fdae-4966-ac04-c12e32d2865f,5897588,CONTROL
136714,ca70994f-b907-4f30-944c-7c084293138f,6083636,PD
90103,6d0c10f2-c149-4993-901d-270a275476a2,5967146,PD
100325,161ed364-2891-4ace-83f4-d7da815205ed,5437183,PD
82722,4bd8b493-1398-4892-916a-9fccd94d477b,5791459,PD
115597,aeaddf6d-0d86-4b41-afbd-78e65fa31635,5469535,PD
74310,a556e228-b427-45fa-ad9c-d9ace14b9c2f,5401211,CONTROL
102736,29c8abac-d7e7-468a-852b-1199c4b8117d,5649165,PD
79021,6d0c10f2-c149-4993-901d-270a275476a2,5676493,PD
77953,a5a8e48d-9fc7-42eb-a6b0-a510d4f19759,5646794,PD
84416,bc53f23e-bf00-402d-93ed-3030cc15b582,5845690,PD
136818,15c66b8c-1f91-461d-92cf-2bb6043dede5,6085395,PD
95468,ff3a7d69-be93-4de3-8ffd-93a9d9dd6f72,6020453,PD
104404,1a7f240d-1c67-459e-ac64-be0bf4c9c985,5668210,CONTROL
110767,1487de4b-b874-4ab3-8acc-e3416bb7c74e,5883768,PD
73728,b6c1860b-c980-4cbf-a07a-78fa46543b08,5406675,CONTROL
84325,aafcf024-bf86-4725-a732-52b48c2ad872,5840514,CONTROL
90289,bab29b7e-9b17-420c-b17b-f9f957eaf374,5970206,PD
124023,0a4662b0-9ee3-4029-af85-7e342cb87810,5758036,PD
112875,ce5cb455-f71f-4727-94d5-13f860bf4ce0,5921308,PD
72986,98cebf27-8771-455b-a624-c2fafa48e249,5401618,PD
132576,219a59a3-c8ae-48b8-b6e6-42c8161506f2,5643275,PD
106836,714105f7-e513-4cdd-bb3b-df32640a22a2,5765467,CONTROL
93545,72c95fc8-db97-4865-8bc3-a42e21d43e75,6005362,PD
73998,6d9ec800-4284-4017-9247-76d59c178644,5402714,CONTROL
75878,35f43ae3-b1da-4e75-ae7e-a9ab4bda1f65,5444771,CONTROL
85086,87072ea9-3048-484b-bdc8-a87a38d57c95,5878316,CONTROL
89826,bd9da80c-93c4-4d15-a62a-c76ddbcd22e4,5959707,CONTROL
94139,85816dbe-b244-453b-87cc-709d2c1c2107,6001753,PD
88091,c0295a6b-4591-4f3b-9d9e-c4331d4bfbbf,5928039,CONTROL
101028,98b8edc2-248b-4bda-b47a-42a966c064b0,5482605,PD
103326,710f2d79-1468-40b1-9ab5-beb8721f43a5,5599345,PD
79056,f8f278e6-b2f0-458b-a27e-a03a1f533aa4,5592009,CONTROL
94631,cac55322-1af9-45f1-b77a-b37f4f8d26f9,6014901,PD
85565,67546a11-f625-4d03-bee1-4f55e8a831ac,5879007,PD
94041,9ecdaf33-523f-42e8-8e41-e2231f1c1d69,6002485,CONTROL
75103,6391f1c1-c78d-435e-86d1-b1e8073ee853,5423628,CONTROL
110824,6b104542-0b0a-4421-a490-568f66c7ebc4,5889551,PD
84766,ce4e34e7-6a19-4deb-8b8f-b8f4d6391491,5841535,PD
94486,ec3eee5a-27bb-493e-a282-8e81570076f5,6015679,PD
130295,6e2f881b-f2a2-4493-8593-e7a50d96874c,5507677,PD
83334,21f48326-8202-4130-8dbd-85a5743f0ed6,5775324,CONTROL
99592,8c053b0c-8e06-4f23-a138-56df32752289,6060048,PD
77140,221b863d-868d-4fc8-91be-2975c414a1bd,5505231,CONTROL
74271,f9e40d79-f6fd-4dd8-bb97-54a8ecedf716,5407094,CONTROL
93861,2f1bb813-e160-447f-a994-59466b9fb7dc,6000229,CONTROL
79634,f4081e6b-91e4-4e84-927f-776ee4e6ce9e,5608602,CONTROL
116511,3331546d-4372-4700-b1b7-45758a7c9f77,5525933,PD
84613,ad321355-0e48-4ccb-b55c-3b47331c2282,5846759,PD
72176,2257e233-5815-4211-b0f2-7f135d1604b0,5409811,PD
84873,622e07e1-6d45-4b35-aae4-9e5a3c6bb17b,5841628,CONTROL
133042,016cd339-2d22-4fed-92bb-2341c9a46be0,5419768,PD
73167,e73c3042-153a-4c4c-a19e-8154b86c8109,5397906,CONTROL
126300,5134777c-3563-41a5-abcf-cce272a2ebf3,5798021,PD
83758,77803679-1c7d-4bac-8a00-ffd97eb87bfc,5844722,CONTROL
92066,cebe86ab-3cc3-46ed-a75c-ab6f645606e1,5989365,CONTROL
77558,0e1f336a-9e57-4bc3-a129-31d1e5fe5948,5469758,CONTROL
96452,f26e1ed8-fe2e-4b3d-b58e-f9154c4ec4cd,6029858,PD
92973,686edd60-1f3a-45fc-a44e-ac2f4988a1df,5992788,CONTROL
110942,d87bd7e7-6c4b-4a94-9b30-6e1381c65dc7,5897710,PD
72921,6053fa31-b3b9-49ec-8344-3e57692ab997,5393633,CONTROL
83194,5863cea7-ec16-44a1-80a7-785e652cea4d,5898484,PD
122667,300e5d1f-5a38-4e78-8f42-1d580b74569a,5577648,PD
117778,3e49de20-87df-4588-a7a9-200d31529fa9,5596219,PD
79620,2d88190a-091c-45cf-8ad1-15d3a2fc2f9c,5624518,CONTROL
88890,631849a5-d039-4173-9bea-a44c4416e1d6,5962139,PD
82953,1ae51f0f-8e90-4c83-8eeb-43cb3acf4828,5777653,PD
91989,1267e84e-3119-4d0d-b9b5-c7445b165d91,5990370,PD
78827,52ff7b23-a852-4366-ba0f-3b3ee65851e4,5633925,CONTROL
133480,a4c28d0d-ce3b-4fdb-abb0-f76302898702,6095054,PD
75911,e25fc05b-7521-419d-90bf-b02af5ee473b,5542135,CONTROL
114485,b19be7c2-2827-4c8a-82e2-7b42b7e58efb,5953807,CONTROL
110526,6b104542-0b0a-4421-a490-568f66c7ebc4,5885169,PD
94485,4d041542-a94d-4e53-bbb3-bde56af6f1f2,6013547,CONTROL
76918,ab4195c8-b378-4bdd-8ad1-d4b44342b82b,5429459,CONTROL
94848,f125e7fa-7a33-4959-abb5-655ceed01d72,6010195,PD
95672,65d8c6d5-64a4-4f5a-b69e-a0d30152b5de,6018827,PD
95075,79ac3ecb-e647-4c8a-b919-7d9200deccf5,6011951,PD
113642,d10c0aa0-8a0d-4717-8816-f025a8a9a350,5935887,CONTROL
89356,b1f4d4d6-5247-48c4-9990-28a13d34fc19,5960467,PD
111823,9671ba49-8161-4f88-8e24-d394c8e96fbe,5912652,PD
78177,cec2d8cc-2753-4b4b-b015-86e7a9cfc20d,5674977,CONTROL
100895,241670d1-1dff-4ff4-bbe2-d3c8b7024ddf,5454864,PD
76881,969107e8-72ca-4566-9c28-a2bd14389f9c,5459968,PD
119743,b63dd39c-d5d2-4525-9be3-9dc454793bae,5745516,CONTROL
85022,953c7842-361f-41d1-932f-dbe4e8d8d649,5874172,CONTROL
100697,16e88ad7-d8ea-4bb4-ad8e-f3dcb9a258bd,5466140,PD
92060,a46ceca2-40c1-4b03-8420-5d78fd6cbd9b,5989898,CONTROL
92786,858e6b9a-ed84-4a18-8dcf-bb4b8a26c660,5996639,CONTROL
109968,5c4b3f5c-58fa-4ad6-be58-665a968e270e,5856399,CONTROL
87910,b362892f-a84d-45aa-baba-05955670dbf4,5933602,CONTROL
108565,3885e79f-f0bc-4931-a3ca-ec4840a24768,5826577,CONTROL
101921,e9d63346-1c6a-40b9-9fd7-5ddc308b45e6,5556296,CONTROL
81386,3e2190ef-f30c-4148-895d-96f8982e9eff,5741038,CONTROL
73545,2d865eb5-8807-45f2-89c9-1a15c4fa499a,5405212,CONTROL
73972,dc264cd7-a72c-4f37-99bc-345a9fb61a04,5391959,PD
75965,fbc794ae-e487-4531-8f2b-7c4d2f29d302,5571002,CONTROL
102405,7c7d7ac4-e94e-4310-8339-286a1963e8dd,5563451,PD
72445,cea0f53c-0ae1-486e-99f6-52744e759af7,5400845,CONTROL
91918,b6b04cba-5ae9-4da3-bcab-135df88e0f56,5985201,PD
76759,b72761a5-1b95-4a71-bf37-4d3364e07bd7,5526569,CONTROL
80871,4b4834ae-88d3-493f-ac12-e9577dd1c135,5741016,PD
108432,54a4aacf-cc21-4abf-a968-c7510cf9ce9b,5804998,PD
120268,8b7badff-6955-47ce-9867-c170f7d79dbd,5614222,CONTROL
112772,0d294ac6-1caf-4d6c-9a0c-ae53e5724499,5923064,CONTROL
73402,f15cfaf6-d862-4a69-b964-adb2d2054726,5394783,CONTROL
86004,98a8b380-e596-4017-a00e-a938994b49ba,5895201,CONTROL
79090,685e3773-5fb4-4d66-aa43-406929c29864,5613469,PD
127492,11b74e3c-b973-4f74-b8db-47934ad0a55c,5834391,PD
87059,3e7931b1-43fb-41cf-a64c-d360d3a7ce61,5905631,PD
136105,5a5b0173-3d27-412c-84f3-57534bf1414f,5618854,PD
100029,5855abea-960d-4476-aa18-1b66fc381709,5598270,PD
121960,3331546d-4372-4700-b1b7-45758a7c9f77,5683680,PD
78465,f3c14b85-0b4f-40b5-8cb8-9dd40a88ec6d,5620897,CONTROL
130488,d87bd7e7-6c4b-4a94-9b30-6e1381c65dc7,5513806,PD
108233,54e7560b-8dde-4dfe-b8ae-06f82a5555e2,5807310,PD
102093,7e3e4e40-3aaa-476b-8376-6eb9020a155e,5545917,CONTROL
90342,72e743c1-84ba-4932-b869-5f9552350b7a,5968683,CONTROL
132411,53552194-9d5b-4aad-a934-e3c2d1683be3,5638957,PD
121264,3f57d04a-be4c-4226-98cd-3784f6335455,5693976,CONTROL
95744,717feb4e-f6e1-471d-bb5f-a0975ee1d862,6018104,PD
99580,22679905-a6cd-40b6-875c-941681580f88,6058993,CONTROL
87013,f692fd72-7fbf-4fdf-9fcc-c9e2001e249d,5921434,PD
106788,ac7c3961-9268-42b7-aeb7-fc4c49c7a6bb,5753500,PD
136154,ea4c2d74-4b41-45db-8d11-620bbf4dd601,5620376,PD
93172,4b3b425e-5bba-406e-8ed9-7f3963411368,5992273,PD
119883,f1303319-bb87-4fd7-a1a7-0ad314de4208,5491803,CONTROL
89076,27ff0841-8217-4371-9fff-0dbd5b2e1753,5960059,PD
73107,146b16ca-e53f-464e-b0c6-3ebb5fafa783,5400243,CONTROL
77317,f8c51356-3a71-4450-b5a8-8b7877356aca,5546892,CONTROL
74635,7adb7205-f6d3-4b5d-93e6-79d6c87dfca0,5399900,CONTROL
94060,875edbd8-8a84-411c-9254-809c2f41d093,6005536,CONTROL
106326,161ed364-2891-4ace-83f4-d7da815205ed,5736856,PD
103555,5e6c8801-f1f5-46b8-9125-3fe7f70fb9c5,5652606,CONTROL
111528,dbfdaf53-55b4-4347-8a35-988f05a7965d,5903605,PD
74598,369289da-72cd-44c6-8b13-c4effa4b8209,5397637,CONTROL
92017,6dee211a-f79f-42c0-96bd-ae68056ea9d4,5986927,PD
136399,5bf2dfe5-548c-49d5-b0a0-30568ab1afe5,5636002,PD
96334,50662381-3936-4a06-a1d8-b1d486159325,6026310,PD
83976,af11ff58-dffe-4930-bf52-584e0f1cbc5d,5833787,PD
84972,41d411d7-4470-4453-90c4-067c4469f154,5861995,CONTROL
128298,21a71204-0893-4c88-b6e3-8f101a25268c,5864207,PD
76922,1c3999b8-a42f-44f3-8c18-52f99590687a,5421224,CONTROL
90998,344b785d-d12a-47b6-95ba-fa05eecd7e8b,5974012,PD
107976,c6d662c2-5af8-4781-bb68-d99162d9d1fa,5801237,PD
121800,dcf2f2da-7729-45d2-91f3-513a97c1e123,5691326,CONTROL
72336,15a647e7-5e6c-4c18-8fb9-133087f7404d,5410716,CONTROL
76728,ab919cdb-f1bb-4bde-b898-1797f1af8655,5510211,CONTROL
92454,9bc3f736-99eb-42ec-aa08-08e5227103b4,5989569,CONTROL
115252,db680ae0-b45f-41e8-8828-e93cb4e766ab,5453142,CONTROL
95370,71785e8e-1b41-47af-b88a-2e0733e14e2b,6022514,PD
126701,211d860e-3362-4bf9-b7ba-94cac5c30ae1,5812214,PD
90454,4f055a5f-e130-4da8-b1d6-0a3d2879dd99,5964117,PD
81800,60bf4c6b-aca8-4371-89c5-65f632559c57,5751105,CONTROL
104965,01aea090-d2cd-409e-8ce8-22887ada7af8,5712567,PD
76192,5c64e983-eb9b-4ff8-b80f-4b908d9152ff,5427585,CONTROL
108723,68ad3d0b-f67a-4418-a389-e049ce71125a,5823545,PD
76132,30184822-7e97-4d6d-b82b-195187291e3d,5522793,PD
136973,5e7fba64-bc6f-4987-b3d4-97328d805f4f,6088299,PD
74269,cb832df5-7e4b-4df1-a36a-a159c4a83143,5403214,PD
94051,fb58df40-face-4aef-98eb-ca727dab3464,6000050,PD
107610,9c918cec-ba0b-4596-926d-84750d4c965d,5787996,CONTROL
88198,33b5cf9d-37eb-4707-8c57-1f9f2b43e63e,5947896,PD
73959,2c1e5fb1-590f-47f8-ba3e-e6bad064e35c,5399771,CONTROL
112064,204cec48-17c5-4d4d-8877-3c4706c9b018,5910274,PD
95774,05d4e71a-c792-4549-8ec7-6a7dc355a1bd,6017595,PD
125563,0d1d5798-ef1e-496a-8980-fe3531eb6c3a,5779801,PD
82075,11aae9b1-d683-4704-9e4a-2da604e60060,5782299,PD
87796,b8a9d62f-cdec-4cee-9cfb-5572f8db2ff9,5931250,PD
78448,67c240ec-1b18-4b8c-b1c3-c5f6baf159d1,5625506,CONTROL
137036,11d05dd0-6d12-45f8-a8ac-0d45ab68e8f1,6090404,PD
90234,10254517-055e-4a85-b07d-aadcaee16eda,5967936,PD
73201,0c4c65a7-1076-478f-b07b-e88dc4d8a880,5489092,PD
105459,47158955-70a5-41e9-b0c5-11c34834d067,5728072,CONTROL
74238,60011d59-db6d-41d7-aff1-0557f69ce81b,5403479,PD
73071,00290381-e82e-46b2-b4e6-df115823d71b,5399659,CONTROL
74138,75d11a81-16e3-4349-814f-6a63786dae5a,5403573,CONTROL
108472,8ab14817-d7df-4452-af87-23795ee85434,5797191,PD
107812,e697c56e-1b27-4d60-a346-8d8407c1601c,5786622,PD
137040,841b5b7b-d7f0-4489-b371-1edb59fbbfc8,6089772,PD
83307,389a67d6-c324-456c-a922-8d54519b85d7,5782772,PD
126918,1ff805eb-4e96-4d64-b7a4-cc54aaddf2d6,5818394,PD
92759,7d01a4be-26b1-49da-9e85-e559f49928de,5991988,CONTROL
111007,099fa3fb-332f-4bd1-bb38-215d02e84472,5892785,CONTROL
87742,72c95fc8-db97-4865-8bc3-a42e21d43e75,5935656,PD
88663,df52ffb6-6a62-4ec7-af96-626f97c7d3d4,5942305,CONTROL
118039,82214d0a-c0b5-4828-a104-05204d8b34c7,5613595,CONTROL
87108,0b493726-27d2-4d21-ad41-91e96772d511,5923467,PD
82320,8b238303-9260-4590-adf0-82a76e3590f9,5786455,CONTROL
79202,48268a8e-9888-48ec-a48d-6e4e8f25fd88,5630074,PD
112617,c84db6e4-4691-421e-a654-a6ebc51fdbbb,5924823,PD
122761,5737bff3-0b05-45d8-a78c-0cd341ac23f1,5532685,PD
78161,0bf76658-be12-424f-9474-b51c63477604,5672811,CONTROL
119069,15cd9496-900a-44bb-948b-12a24b101615,5670594,PD
90023,161ed364-2891-4ace-83f4-d7da815205ed,5968533,PD
107672,55865cb3-bc01-49f5-8538-916001e5b2b9,5786718,PD
79982,f22bd814-17a1-4bc9-a53d-6f8002e096a6,5702502,CONTROL
107511,22c07a06-d6cf-456e-817e-32093cefcbc7,5789976,PD
79312,1a2fd9e0-5e4e-4e4b-97aa-6718196bf510,5593805,PD
78323,cddf8d7c-bd2b-4f6d-8b2f-5be21e36fbda,5598110,PD
84528,5177924e-cfa3-467a-86e2-09da1036c03e,5828289,CONTROL
121686,aa9e90e2-e5cb-4e6b-8146-54c666f3ffdd,5600301,PD
72940,832aa158-3218-4bd0-90a1-49c8cb3a57d1,5399321,CONTROL
89593,f7fa6783-c214-46fb-801c-45898da69f92,5958045,PD
109678,031b95fc-ea97-4ea1-9a8b-9d7c3b4f4c97,5857537,PD
122610,6a6a768b-94ff-41c8-b42f-c2db47efa2e4,5542147,PD
89310,5a5cf85d-8a6b-4f24-b4d2-4d9e94a3b9c7,5962642,CONTROL
111876,afebcbd7-411b-4f0f-8db1-ea542af2c94f,5906566,PD
74988,7626accd-861f-46f8-a213-da0cd64fe313,5571294,CONTROL
77158,b20f3d17-735c-4909-a1d0-84fa05f0ba79,5413474,CONTROL
101458,3599ec25-58c9-4215-aac3-a1287f7a7601,5505209,PD
105564,3599ec25-58c9-4215-aac3-a1287f7a7601,5721870,PD
81328,d294f7fc-aa22-48ef-9307-3ff8502570bd,5761710,CONTROL
115865,b6068566-faa7-4af7-964d-867993dc1406,5479222,CONTROL
78677,ad79d5fd-8084-405e-8a7a-c5c2cb718c04,5629923,CONTROL
116863,efcf9116-6643-465b-8168-cbbb51fae35d,5546864,PD
103153,29ae201b-896f-42ad-b4e9-c146aafb33f6,5603075,PD
135885,6e19dc65-c5a0-4fac-9465-ce75e004696f,5600073,PD
133687,7bc86881-7075-467a-850e-53e021b60f9f,5463476,PD
81764,8fe368b3-7036-4cad-bdd1-d80975f12712,5700297,CONTROL
74191,2e051bf4-20ed-40cf-9edb-353d82763922,5401905,CONTROL
74406,19af9466-ca54-4ab1-8089-17602dab9ad9,5407638,CONTROL
109230,1143d21a-6e42-457e-9726-959baffaff17,5835541,PD
75059,a631a4d3-6b21-46ea-864a-2212f9aaf6a0,5490038,PD
134199,5bf2dfe5-548c-49d5-b0a0-30568ab1afe5,5488779,PD
134529,8ba96360-9ac6-4e74-bf3e-6e84b9329ff9,5513641,PD
102502,f369c8cf-3be9-493e-a62d-2b6fc2fa9616,5562001,PD
118168,0ff78cd3-71c0-4586-a34c-d7b05e101de5,5636164,PD
99000,e697c56e-1b27-4d60-a346-8d8407c1601c,6052325,PD
83614,36d2fd51-1b90-43fc-9076-19b1c5262b0f,5860037,PD
82199,faa727d6-4756-46cc-b8b4-a1c6511f6ab2,5809834,CONTROL
76909,ab4195c8-b378-4bdd-8ad1-d4b44342b82b,5489711,CONTROL
107135,8a4790b3-3bf5-4273-b695-fe703347d399,5778856,PD
76445,8e509494-ba90-438e-a842-cb641b359d64,5522028,CONTROL
75020,ab0b71a9-ad46-47fd-b3ef-8b1b83412599,5451243,PD
80193,29a93776-799c-4d19-ac98-c6996f85e34b,5711800,CONTROL
101893,81434ce9-c1db-4717-81e4-f49b0942e321,5540900,PD
102839,0f8cabab-5efe-4336-bb75-35b51b871056,5568611,PD
72534,28722917-3a16-4833-a2ad-3fb08e8dfcb7,5408903,CONTROL
103735,986bc332-f3a4-4552-8b2a-c69a9d5e4989,5684121,PD
96567,287cbee1-c39b-4139-93a3-857b1d4def2a,6028602,CONTROL
111209,5553e5a1-32bf-40df-a387-7da8600f82f4,5894390,PD
77639,f67eb306-c8b8-4e3f-84f9-3ba5715b6574,5552315,CONTROL
75456,f18a80b0-aea3-4e3d-bf80-8f438614834c,5528751,CONTROL
80007,4a318f75-f290-44cf-9bb3-5080e546b13f,5763241,PD
91649,87a468ce-50e9-4622-aac3-d4c90c2b1ebf,5981013,PD
73716,223e34b6-ce33-48f3-a859-b7a06ad3201c,5396534,CONTROL
80114,554a5443-41ec-4e2b-8351-d18acecec4ff,5758080,CONTROL
78169,40e44939-7565-4624-99b7-702e444c6dab,5610589,CONTROL
107042,dfab57fb-3cf0-421e-8a21-b8aa3d76dfa4,5773268,CONTROL
78480,41d014e6-74f5-49e3-aea2-6b4e112289b1,5669834,CONTROL
98432,4c474e45-353b-4685-9d62-9b3f505f5e7c,6046079,PD
105626,fbd468eb-3615-4ae2-9dcc-daf41aa68a07,5716918,PD
78298,5412743d-986b-4574-aecd-54d2775c0a0d,5664989,PD
79831,4ba635ec-5303-4880-886c-b92a161cbe9a,5762303,CONTROL
85567,3e3dab8f-87e1-42c8-a091-9202fb089a03,5886652,PD
88277,31ccfab9-8b8a-4382-ae16-15131e143b1b,5937560,CONTROL
96468,2b8c3659-90a8-4b28-ae5b-88eab39997e6,6030453,PD
85210,438bca8b-5e4f-49b3-8de6-074ebbd47b08,5898533,CONTROL
105002,921384fa-b421-4344-b17e-8754c2b70f89,5700440,PD
108001,9c5649b8-248d-4a6d-8c25-b0b7cf965324,5805520,PD
80067,e378b34a-4e22-4a75-a0fd-808f40595d50,5705610,PD
119232,099fa3fb-332f-4bd1-bb38-215d02e84472,5581181,CONTROL
81017,8201408e-25e2-45b3-8db1-37ff7d1372f0,5713458,CONTROL
128344,1db1ed03-b5ea-48ba-a5a6-54936d19639e,5868150,PD
126400,0ec305ec-c207-404b-9c94-1207819c7d1d,5802171,PD
108679,bce9fbbb-5634-4924-9eed-4312ca868857,5817123,PD
110434,4a594906-4d78-4c65-a259-d93122f549d6,5876268,PD
77390,bb91ec4b-ab77-483b-b35f-fa039bc8225d,5500635,PD
79475,e56aab6f-1707-4ef0-8fd2-a50aff8bcca1,5679535,CONTROL
134756,e1aa6a15-9c99-42ae-8971-8c5a0367c58f,5526611,PD
134413,6e84dd03-8f13-4144-a366-cb531ffb07b9,5507618,PD
85125,877f8fcf-4491-42f0-883b-f2e4e0a32854,5888898,PD
72740,957532a3-08b5-4bf7-83f1-8db984164e1a,5402960,CONTROL
73455,d92d9d15-3988-47ce-9372-72256c6e23e9,5402288,CONTROL
123552,5134777c-3563-41a5-abcf-cce272a2ebf3,5508839,PD
131996,3516da76-a3e1-47ac-9255-ee100797ba9b,5609760,PD
84453,998a7da0-a59a-480c-b87d-6a7277a7fb4b,5844216,CONTROL
84094,a89c251f-298e-45d4-ba5e-f4e13cd11b46,5828370,CONTROL
82891,74a0596d-a626-40d4-8dcd-f274f8d31dba,5806236,PD
118283,595a89a5-ef63-4c16-9465-2a7d1a13d207,5631984,CONTROL
121821,dcf2f2da-7729-45d2-91f3-513a97c1e123,5557860,CONTROL
90074,8d092fe3-871d-4651-abb9-06bfcbaf27b8,5965639,PD
105180,f8294c22-9dcc-4280-beb2-5e4f818c7755,5702849,PD
110168,bce9fbbb-5634-4924-9eed-4312ca868857,5870178,PD
135042,e0631408-638b-4e83-9b9b-3a8718b381c9,5548676,PD
108667,d41844ca-2d15-45e9-a161-c6bf17ed0d27,5824224,PD
72395,6da12c60-1808-46fb-999d-254d754827c8,5402334,CONTROL
80134,2fd74767-4602-423c-9997-d24aa7237d77,5751008,CONTROL
75502,735bbad5-4388-48de-8ff6-50116ffb4524,5505852,CONTROL
87961,2013ff23-5375-4de4-88f2-690986c2410f,5933482,CONTROL
98063,19968a5c-89e8-426f-95f0-7e5c7fcdb27a,6049688,CONTROL
130705,7e02cbd5-0d81-454e-9146-beeb1380d5aa,5535352,CONTROL
110808,459e2be9-61d0-4c11-b707-01afe7e34fc6,5883028,CONTROL
82619,422479b5-bbb9-40a4-8817-313474edf765,5808457,CONTROL
89242,b6b04cba-5ae9-4da3-bcab-135df88e0f56,5955796,PD
79217,641fdb53-87bb-499a-9528-89de054f7b10,5687121,CONTROL
87576,aac03e65-218f-4742-8a8e-049d22a47c8d,5907920,PD
95665,c39a22b7-f3f6-402e-810a-44b055389167,6018035,CONTROL
92142,6dee211a-f79f-42c0-96bd-ae68056ea9d4,5989673,PD
115566,bef1ea2d-5077-4798-b0da-1197294e4443,5477012,PD
90957,a50dfd03-6211-47ff-9d94-8026c65eed93,5978977,PD
77103,9c412325-185e-4b4a-b73f-2f7d463d57d0,5447813,PD
85997,7f0d66a2-2c94-4646-9bd5-0a3f75407cfd,5885956,CONTROL
90845,75190f02-7ccd-4193-8dc0-6c9f69810955,5966611,CONTROL
84911,9b1234aa-685f-4bd7-b70c-1493d5b8ed37,5834592,CONTROL
85911,6d1e9ce2-810d-406e-9269-80c8189f2446,5881820,CONTROL
134994,2631db79-2bb0-461f-b592-bf764d933696,5548830,PD
100742,d059696f-0355-47ff-95c0-08c106cd9a72,5470146,CONTROL
74599,044bc145-af8e-461b-ba2a-d0b91601dbeb,5400433,CONTROL
77094,7ee7d982-5d21-49d3-bae4-5e9c48240c95,5504233,CONTROL
124851,1c7f2211-e5a0-401b-8d67-508631da2298,5461328,CONTROL
110268,5553e5a1-32bf-40df-a387-7da8600f82f4,5872966,PD
95718,a045a035-a947-43c7-b9d4-5ec029d10f87,6018683,CONTROL
112089,bab29b7e-9b17-420c-b17b-f9f957eaf374,5906435,PD
72999,50acc470-0f10-414c-b456-df75f966ac1e,5395376,CONTROL
115395,c99fe45c-dd0f-4f78-b643-a0bfce0314e0,5453764,PD
123063,5737bff3-0b05-45d8-a78c-0cd341ac23f1,5688920,PD
85211,438bca8b-5e4f-49b3-8de6-074ebbd47b08,5891508,CONTROL
136035,ac7b34e9-1bde-4e8c-85de-098e863ec1e8,5607873,CONTROL
113997,36db4e88-0c6d-464a-9c5c-f6b128db78d9,5944641,CONTROL
91263,3c6db1bb-7636-44b6-8890-dae70ddaacb5,5978663,CONTROL
88969,3a7ca1ec-448a-4423-b585-100a6d8f4009,5957622,CONTROL
92733,3436bf34-bf8e-48ac-ad39-f4789084bdd3,5992566,PD
116185,487959bf-bab4-488a-a9ae-67b4e645f347,5494290,PD
136205,ea4c2d74-4b41-45db-8d11-620bbf4dd601,5624322,PD
77771,112647be-a82d-4a91-aac0-7e0009c89f31,5638444,PD
101053,dd2295d5-ce0b-43e6-9617-b3708bd14a33,5457107,PD
127502,46242d15-41f9-417c-b454-ddd95a4f451c,5840253,PD
74640,7adb7205-f6d3-4b5d-93e6-79d6c87dfca0,5402568,CONTROL
78383,4bdfcb1d-6cf3-4210-a962-adb45070202f,5631665,CONTROL
74763,112647be-a82d-4a91-aac0-7e0009c89f31,5543701,PD
74135,f334ea21-2550-4b48-941c-51e880483f58,5388186,CONTROL
91761,99b07ba9-c1e0-4af3-abd2-f29b8a0acb30,5989604,CONTROL
96331,50662381-3936-4a06-a1d8-b1d486159325,5786366,PD
73337,cd514c7c-6cb7-4053-b8df-13f77abc43ca,5408806,CONTROL
89613,60011d59-db6d-41d7-aff1-0557f69ce81b,5962383,PD
85558,0207eb25-aa69-4679-a6e7-f2b697ebdc82,5895935,CONTROL
98307,bcd61c73-932f-4e2e-8c49-c7d163e3fbaf,6049175,PD
107521,93479e6b-3181-454d-9144-b1b844390c82,5790057,PD
77001,686edd60-1f3a-45fc-a44e-ac2f4988a1df,5493723,CONTROL
72209,3385108e-fd55-4652-abe1-0f453fcadb61,5408724,CONTROL
100208,dacd2d5f-d133-4c09-9dc3-b3dddc9a426d,5438165,PD
80650,bb0b6e40-f974-46fc-8deb-9374a83d5e91,5694921,CONTROL
77447,67309892-9752-43e3-9651-e971bc9ced37,5418179,CONTROL
84595,b7ac2ee2-6e0b-444b-a2aa-35d0838522bc,5838009,PD
102234,51fccbb7-1882-4778-8d53-08b8715a135d,5541395,CONTROL
106578,e89d35b9-9000-4432-8307-c518320d92f0,5757107,PD
80529,bcf87cd7-651f-4143-beb2-4793aea506ea,5722801,CONTROL
121437,3e5e2393-ca69-4961-b794-edbe233c6405,5766641,CONTROL
79174,1137bf6f-92b4-426f-acd5-87fcaacee4c1,5679895,PD
73583,1203ae44-26d2-4c91-a963-2548fe2e888f,5405537,CONTROL
124597,72a68a80-a22b-4eff-b835-5b7bbec6c85c,5457549,PD
79943,7b003b3d-3a49-4bc1-a612-311a5c9a72be,5741189,CONTROL
121290,3e7e6085-a641-4b0f-bcda-c4fb3c0d3fe4,5770307,PD
125030,d15e38dd-4b3e-47f4-be4e-f3396bd5827b,5595607,PD
74938,2ad43bf5-6f74-479d-8635-4c1c495b09d6,5445558,CONTROL
114148,e787d06a-bcce-4ef0-848e-8b319fc7ce99,5941523,PD
73318,e5c51362-af85-40b0-b8a7-3126b00ce588,5390825,CONTROL
118931,8d96385c-ce21-457a-959e-9683445b2cdb,5624213,PD
133335,cf44db25-e6cc-4576-a698-47f5807339b2,5441821,PD
83745,a8fb467a-67a0-40bf-b095-0f5d5f6790c9,5841846,PD
85374,d106ef04-d311-42d0-b143-7bab7b18a082,5886405,CONTROL
118540,95158838-e8c4-4dcd-834c-6ebd319d5f11,5642059,PD
124814,51faeedb-bc76-4fe8-9d6e-5bf43b484a94,5470746,PD
106618,e7045566-3b35-4466-9328-d98e6798d6c2,5751212,PD
82604,be192cef-4e88-4080-9573-4cd97e9f9fb2,6080799,PD
134759,36aadd20-e26a-4caf-b250-bd60659e7f9f,5528363,PD
132799,219a59a3-c8ae-48b8-b6e6-42c8161506f2,5656241,PD
85298,fd8938df-cccd-4cbe-b7cf-fa7102147481,5891477,CONTROL
119736,1b0a049f-42bf-487b-a5f3-9fc614b1158f,5711099,PD
74539,1407a155-a80a-4b9d-974f-046ef99aba65,5404622,CONTROL
85438,d7caa046-79f4-461c-b6ae-e9cf5654d5d4,5886338,PD
81500,f22bd814-17a1-4bc9-a53d-6f8002e096a6,5749411,CONTROL
73969,dc264cd7-a72c-4f37-99bc-345a9fb61a04,5397335,PD
118176,e06e1420-a969-4311-abcb-cf2cd4203e53,5622906,PD
112962,b32e227a-d07f-41bf-8f9b-bf0e1cb9c4d1,5924491,PD
82729,25209428-df2e-4d49-b8be-d55798fde9a6,5814326,CONTROL
123029,aae2ab26-754f-49fa-bcf0-bd403bc9d548,5540323,PD
79271,0ccede7f-b8e7-4030-aad7-0c9a47e80639,5641631,PD
78991,812fe6da-4802-46dd-a531-accfed1a9683,5664026,CONTROL
123018,e3b0cddb-b69c-4aa2-a988-72409a8d21ed,5652167,CONTROL
83432,89be4e69-c6f6-447c-9d12-4aa19bb24e2d,5799373,CONTROL
111538,344b785d-d12a-47b6-95ba-fa05eecd7e8b,5901827,PD
132330,53552194-9d5b-4aad-a934-e3c2d1683be3,5628711,PD
100990,8210648a-6785-4894-ac94-91b665424200,5451814,CONTROL
110000,7534e915-1c53-4165-891b-b50a1a6ce764,5935507,PD
86724,b0db7caa-f04e-4dd4-8f35-c7e41da09f01,5909652,CONTROL
96032,36db4e88-0c6d-464a-9c5c-f6b128db78d9,6028989,CONTROL
100978,78aabc7e-27b2-4ff7-adbd-ad44ae4ee867,5450617,CONTROL
72316,99f367ac-13a5-4fab-8ace-3f9c296203f0,5409753,CONTROL
78188,3fc27cea-8cb1-48f3-baca-ff13cfda5ae5,5674056,CONTROL
90477,3599ec25-58c9-4215-aac3-a1287f7a7601,5966462,PD
106544,b45c6456-396a-47bc-b178-918bb0261927,5757170,PD
113326,faeab8f9-5e6b-48ef-8e87-3cc7e6da3e5f,5932522,PD
81454,572fe5bf-5dee-4130-80a0-500923d8b30d,5718310,CONTROL
76293,c9ebc27a-3537-4a6a-9e0a-ef158df86dee,5569425,CONTROL
115827,91242c09-13de-411b-a163-324d6c9cae93,5473892,CONTROL
89034,ee882bdd-8622-486f-a9bd-8e9820c3444d,5956288,CONTROL
72381,ced400f8-3906-4899-b0ac-0f4fd39dfd14,5406480,CONTROL
131170,37b967c4-0dc2-4aab-8d20-c35e855944bf,5553398,PD
100063,6f3fab97-ba5c-4ed4-80fd-637e43139fa2,5437247,CONTROL
130225,6e2f881b-f2a2-4493-8593-e7a50d96874c,5495295,PD
132950,8a67d54a-74e9-4a06-90bd-ad052ffd27b2,5417890,PD
93222,cc3f7939-2b0a-41ea-a726-74b2585ca104,5995586,CONTROL
134840,e4793747-dfca-4690-bfac-0fca86f40837,5538822,PD
105119,6b648dee-0f5e-46b2-b5a4-7b8553b78a89,5705334,PD
114511,ac01f080-96a4-4faf-bc80-291a996f6edd,5953992,PD
124523,a1dfe92d-4bcc-4220-82eb-093552efb13a,5445065,CONTROL
96802,7b75a41d-6ff3-48a5-b540-264d45d2533c,6033845,PD
95745,02350706-c0eb-4604-8643-91ca6c778ebb,6019609,PD
122956,487959bf-bab4-488a-a9ae-67b4e645f347,5736742,PD
102859,9ab8c276-8a5e-4ad7-8b05-1b1171f3a890,5585756,PD
100382,3799bc07-75e2-4570-91a7-0e1f667123bc,5438737,CONTROL
116145,6d0c10f2-c149-4993-901d-270a275476a2,5492460,PD
75982,f9741526-19a5-484a-9d99-d2701c5cc5fd,5572341,CONTROL
90508,ef4587be-fdf8-4198-bb20-0c67c58187a5,5966944,PD
82996,969107e8-72ca-4566-9c28-a2bd14389f9c,5780411,PD
81802,12b20be2-3d62-43e7-84d0-02262e2ed888,5754225,CONTROL
80822,f7cbd7c5-17f1-450e-bb54-43f48f130f30,5710077,CONTROL
87646,fed48c4f-5ffa-4e6a-bfbd-bb08e3d7cad4,5919952,PD
88879,869322a1-06a8-46b0-b16c-a2347e495b76,5953112,CONTROL
82836,00547584-0c04-4228-a5d5-c68f7d59f176,5782707,CONTROL
93738,67440fc1-d449-4f9a-8f0d-8d8a77a492dc,6001656,PD
81968,e18afad6-2baa-44f8-9a75-e31bdf030f17,5780694,CONTROL
82602,be192cef-4e88-4080-9573-4cd97e9f9fb2,5780093,PD
83558,cb8b9306-5b23-44a5-b6b6-cb4d1febc678,5979937,CONTROL
75054,030fe814-de84-4fb5-8df6-84dd6e7cc7dc,5430937,PD
118287,cd769996-6281-44b2-b36b-f0eeb94fa0a5,5632129,PD
99933,66da555a-c871-491f-a70a-737e30497f2a,6059905,CONTROL
125853,2947bc95-102e-4255-8d70-53a0d10f9b9f,5785625,PD
94756,1c10a5d2-ebff-4d88-b54d-5aef49de4b6e,6009723,PD
88514,ba902ba3-770d-441d-a130-d15729bbee5b,5941990,CONTROL
112533,8baf8023-4044-425a-9183-a6c8cc8f7f15,5916762,PD
73202,2b8f0f06-b5e2-4da4-978b-0f17f6b246fd,5394817,PD
98781,48d5372b-379c-495b-b082-0ac208f22bf0,6055083,CONTROL
105096,fd929fac-694a-4920-a833-58ddb2b12bbe,5702823,PD
126825,19611d71-65cd-4044-9fd5-a93fde3e73f0,5812762,CONTROL
125164,07c2702c-c2f8-4d90-917a-8dbbb4bf2899,5511241,PD
83892,f85dad0e-d5c6-4926-9c10-43929029ef09,5861316,CONTROL
127742,79a0a04c-ae76-4c75-8964-2847b6904eaf,5844377,CONTROL
133296,256946ce-e118-4f9e-88dd-45984b83c227,5435696,PD
82567,77d86547-07fb-4363-b9c0-3654b175ab5e,5784710,CONTROL
75001,767a067f-10ae-49db-9efe-d2db66074e37,5500666,PD
118098,c9dd72c9-2873-4bcb-97fb-ea98e9eede18,5609185,CONTROL
105314,69768027-9381-45b4-98e6-c3a84bbabd50,5703054,PD
129338,0a4662b0-9ee3-4029-af85-7e342cb87810,5442816,PD
85935,b945c691-2950-4ecc-b723-fb713fa8a5e0,5895532,CONTROL
76930,870dd223-ff49-42bd-9d2f-2136036d8e68,5508321,CONTROL
88110,2257e233-5815-4211-b0f2-7f135d1604b0,5937426,PD
89886,6e35472c-441c-4062-b5c7-dd4a4ca13b88,5969226,CONTROL
82335,844dfe5f-25d2-4cec-be3f-afc8fe8025fb,5795790,CONTROL
111496,e5bb566a-9f26-496f-89be-f940162a536c,5904360,PD
84145,3599ec25-58c9-4215-aac3-a1287f7a7601,5847581,PD
123905,58ecd2e3-66be-4596-bc48-dfb2d009528a,5656236,PD
108248,4fac524a-4cd2-442c-bd85-3d8e63f03e5a,5797830,PD
96516,841b5b7b-d7f0-4489-b371-1edb59fbbfc8,6026228,PD
76187,01de0326-8f1c-4299-9307-76febd5a3161,5468422,CONTROL
94396,9884c3bf-86bb-4370-acbf-19db34cf297c,6012232,PD
80827,602e603d-5a34-4e93-bbc0-d35b3c07375e,5743320,CONTROL
88842,5344f667-d87f-4d89-baa8-321ef9f2d991,5957359,CONTROL
96657,faa157d8-f37e-49aa-8d49-a431a67b2496,6029461,PD
107121,a350041c-5c94-4b31-a608-9e64547bbfed,5779244,CONTROL
74557,34d80867-b8f0-4032-a3fa-1ea0ca5da445,5400325,CONTROL
91799,36d2fd51-1b90-43fc-9076-19b1c5262b0f,5989079,PD
72242,f3ce7aef-749b-492d-ba62-6f6ecd0fd832,5404011,CONTROL
123338,27ef2662-7fc8-44be-8f3e-822912c76a8a,5671630,PD
83157,530bc9ed-d545-4252-9660-2ce2f916a9bd,5803081,PD
104107,e29cc1d8-424d-4aeb-ae48-bea5d7d0d241,5670118,PD
98670,48f65ce7-091f-4179-b1a2-b36ec2fce6db,6052799,PD
92387,1a72f332-6dca-4465-bad3-dddb7e42fc1b,5989483,PD
100030,ce940f44-858b-4b52-a83f-58703732874b,5436511,PD
82615,2fe2af78-84dd-44ad-a4bc-6451600b4af7,5814185,CONTROL
87653,ad321355-0e48-4ccb-b55c-3b47331c2282,5921239,PD
108843,10632ed3-5f75-4132-9810-33e6180628dc,5816762,PD
131089,32e23bb4-c2ca-489e-a580-d432d05e015e,5553352,PD
94525,4afdc9f7-c744-48ad-be29-096e6ab6f3a7,6010046,CONTROL
73701,fe892278-6623-4011-9da4-16652bc965d0,5389919,CONTROL
75926,28a5d0c1-ec22-4b5f-8706-518dbbd1fe0d,5543684,PD
75026,378ce32d-da69-4a9a-8a55-33ded7e5245c,5529392,PD
102613,a7df579a-8a92-43e6-b106-ee39c140eb96,5583129,PD
73524,ab9e7f9a-522c-46e4-b3ad-aed5f5603220,5393404,CONTROL
77591,c3a8d03c-4c75-4361-b2a1-1f0d29c865ca,5544517,CONTROL
112593,2b61eecc-ec1a-4c1c-88e0-67eab8ef6200,5916260,PD
95968,2951c494-015e-48df-af05-a8a06707204c,6022773,CONTROL
73544,3ea19fcb-76d8-45c0-8898-f2ddd0cc1cc6,5401348,CONTROL
87573,325f3e23-408e-47bf-b8d1-6a9bcbfeec97,5920219,PD
74982,83c7de09-2ed3-409b-abdb-fc75750d10fe,5537213,PD
74615,6727f101-1b50-4bc1-8443-ebede97e3164,5395826,CONTROL
98723,bca66a7c-4277-45ed-aa81-15ac73bfb554,6054822,PD
79653,dcdc63d8-f010-4e15-87ca-efef60c199ec,5677533,CONTROL
80021,76ad80ce-504c-4241-916c-3e939b54393f,5754470,CONTROL
85745,1ee6b7a9-30bd-49e4-bb46-9304f19531f9,5892939,CONTROL
109925,133ea6ff-40f4-4476-907e-f0d4170266ce,5858983,PD
95416,42f0256d-c297-4f84-9be6-dd2efdb02c67,6023582,CONTROL
104983,a8b54536-104a-4f7b-9645-09f08d32cbed,5709716,PD
115967,06c1e1a9-d0a6-4e8f-ba7c-138a89e23368,5494168,PD
98832,d1858312-aeba-416d-b4c4-4ae13449b6a0,6052342,CONTROL
102875,7233281d-aef8-441a-94bf-611f956188be,5620210,CONTROL
111982,fb58df40-face-4aef-98eb-ca727dab3464,5911457,PD
83907,6dc44e02-2311-4d43-bcdc-d73815c904bd,5822632,PD
78375,e9b23c3f-3d51-4da7-ab41-7e8b70aa05bf,5612880,CONTROL
90512,fcfe1178-090f-4673-ac35-08e6b7e69ff7,5967003,CONTROL
115495,7521c80d-7d73-41a2-8a88-6003e50efa00,5459509,CONTROL
135700,ca70994f-b907-4f30-944c-7c084293138f,5588823,PD
102223,bedb1d7c-f3a7-4901-a9e4-4db1b26387c5,5541558,PD
80143,b0471e78-c92d-42a3-8d6d-29b5694f9807,5744999,CONTROL
114549,1c5aba23-36be-4ee0-8396-75f22a64ba0a,5417168,CONTROL
108984,99d9e436-1177-497c-9dcb-7f2b82fb2bfb,5842943,PD
75876,f66d5489-3e2a-4274-a3bc-49ff4b243a7e,5423110,CONTROL
79132,26a8f8e8-b0b4-4251-82ff-94ee9a5961e5,5598231,PD
100369,d87bd7e7-6c4b-4a94-9b30-6e1381c65dc7,5420387,PD
114041,a40ca5f2-ce9e-4eb7-b80a-4db2b431caf5,5941146,CONTROL
88974,f059b3a3-74af-417b-a95a-499ad1512863,5951112,PD
134480,a7cfcf74-2789-4401-bc1f-68cea3d00065,5513819,PD
113590,e5d167d6-6b75-4e91-b066-9fb0ad664c4b,5939752,PD
82792,632f046f-f527-4210-8891-44b0d3ab4624,5791069,PD
84488,aae03d2c-420f-426a-858d-11312b0c003e,5825237,CONTROL
79350,1c483aa8-f37c-4a6c-aab6-f85a55337756,5639597,CONTROL
101263,d644ad57-f62d-4b6a-b387-2c5aabbb4ba7,5519017,PD
77645,b35f2873-989b-42c8-8520-9409ce3d48f0,5441625,CONTROL
72260,b073d0b1-193f-43ed-bbba-ee771cd5916f,5401051,CONTROL
121063,9a201650-4a5b-4637-ab5c-828d8f3823c5,5663092,PD
88025,1c10a5d2-ebff-4d88-b54d-5aef49de4b6e,5935191,PD
84879,0fad3c82-2108-4298-8245-ba233680517a,5823048,CONTROL
73886,14b74d88-44bc-4277-bef7-05fd53212d02,5402505,CONTROL
73948,95e8a5d4-8ac2-4448-bac4-98f09a006e5d,5398375,CONTROL
72974,317afd78-4ce7-42bc-99e9-0011b3b3e5b2,5388539,PD
82584,e9b09802-cf9d-4b37-8a1c-fbce4b225f27,5794987,CONTROL
93398,c80a4b6e-e9a5-456d-9934-9ef4108fe35e,5999254,CONTROL
82438,e747d437-6fd3-406b-9477-8579a5658525,5783426,CONTROL
87589,11ab0bed-bfd8-4e16-aa90-106bf9d9972f,5917032,CONTROL
87507,c7671a64-249a-40f0-af11-f8f404a4498a,5910784,CONTROL
93488,0fa1bb69-cf3a-4842-898d-8d73a1241e94,5994656,CONTROL
105639,f8294c22-9dcc-4280-beb2-5e4f818c7755,5722887,PD
72634,75241fef-4591-4542-982e-d69c4546459b,5397328,CONTROL
108606,51faeedb-bc76-4fe8-9d6e-5bf43b484a94,5816622,PD
93153,67440fc1-d449-4f9a-8f0d-8d8a77a492dc,5990869,PD
108088,6b104542-0b0a-4421-a490-568f66c7ebc4,5797405,PD
133107,631566d6-f082-4d57-ac91-c895ff4d6de0,5426203,PD
72930,dbce4f98-8c3d-4ff4-9a63-4d95aa991f93,5391595,CONTROL
107250,523283b6-acc9-4375-ab7a-d7240cd690c3,5781336,PD
98266,43294479-32e0-4589-92ee-269b36a70e46,6047517,PD
102770,bab5ca20-f718-49df-8918-e824b6720bcf,5577325,PD
84740,986bc332-f3a4-4552-8b2a-c69a9d5e4989,5827608,PD
116896,dad8731f-fd89-47e4-9111-989b8781386c,5539779,PD
77854,4a650fe2-15f0-416d-8493-c7dc50fe265c,5687126,PD
75998,1427a0d9-bd9d-448b-92f8-42470ff60f04,5453335,CONTROL
98770,3070acf0-23ab-40c5-8afc-ba869e122c00,5835622,PD
135949,5e7fba64-bc6f-4987-b3d4-97328d805f4f,5603366,PD
77097,37e0e702-bdbc-4fb1-8b1a-f290156e7c8b,5446671,CONTROL
73207,336929da-d854-4726-a5cf-bf9b38de82d2,5396138,CONTROL
98554,528f76d0-9196-4b09-b61e-f7af2164ca35,6048562,PD
75141,a5a8e48d-9fc7-42eb-a6b0-a510d4f19759,5446771,PD
75644,fc491ad4-4c70-4a22-9e3d-cf47d5509c01,5534389,CONTROL
74452,3b8584cf-f9b2-44c1-be33-e84ec0a68cc7,5388707,CONTROL
93729,70f6f0b5-23e9-4c24-a29d-b25e7fc35e39,5999718,CONTROL
115501,fc1b0a15-721b-4df2-bb32-d0f21a6a3937,5476763,PD
136051,4c1a88d0-2b5d-4503-ab74-329b93ae90b9,5607389,CONTROL
78819,29b09de5-08e5-498b-bcc5-49db89eff063,5678273,CONTROL
121714,79ee90fb-0a31-451d-8d1a-0b716e16a74a,5737835,CONTROL
95825,be37a952-4e90-4eeb-ad82-aa326e491e76,6018567,CONTROL
95209,eeef78ac-c335-462c-851d-252214510887,6010453,CONTROL
73599,9637fdcc-4d9a-4337-a777-71c16a51e21f,5409301,CONTROL
131990,5a5b0173-3d27-412c-84f3-57534bf1414f,5609789,PD
85433,3e7931b1-43fb-41cf-a64c-d360d3a7ce61,5884262,PD
132853,016cd339-2d22-4fed-92bb-2341c9a46be0,5654413,PD
72914,6ae797ea-54ab-4033-a028-edca337f4a01,5410177,CONTROL
83778,6bdfb93d-86f5-4d8a-b283-22a2265b1c9a,5834990,CONTROL
74662,111b6c0c-2e4a-4b00-a777-16610ea4e12e,5389101,CONTROL
106313,8fbde3ac-0b23-45af-a83c-9a3594383dd3,5743746,CONTROL
78712,050f63ed-57ea-4e59-8a08-07249afa01a6,5633780,CONTROL
126518,d7782ed2-3b4b-4751-9415-8acc9fab8a04,5806468,CONTROL
94088,c5f34c50-f9c4-4247-8c94-c0e31e05d22b,6004349,PD
77887,924dafc8-6817-45b1-a287-c13cdce07725,5673138,CONTROL
126893,e29db95f-adc5-49cd-8eeb-09054470c221,5816751,PD
120390,3ade11f0-6e95-4518-be99-0480b0f90b03,5487434,PD
130104,72a68a80-a22b-4eff-b835-5b7bbec6c85c,5546225,PD
81481,a6bb752b-464c-4961-aeb9-741c6c6f5430,5735054,CONTROL
110563,a1e6cf50-c2e7-4849-ac7d-96058464aad3,5882863,CONTROL
121374,8b694c8e-3ce1-4e55-89ae-d034e1602bdf,5605085,PD
107897,99d9e436-1177-497c-9dcb-7f2b82fb2bfb,5790264,PD
103860,8543d9a7-4259-49ec-9146-f2f513e35e5b,5646396,PD
100810,d8e5d9d5-90fa-4c14-b447-d8c24fa6d00e,5462672,CONTROL
75809,ba8e704f-9c3c-4b3f-beec-593687fc0078,5440594,CONTROL
81389,9bcda622-1a2e-40c4-ad7f-ab413a0f51db,5713694,CONTROL
113312,2555216f-564b-4f7a-b3b4-2329514da181,5931323,CONTROL
90609,3bdde942-e7b9-498b-bde9-6fad671385af,5968599,PD
73441,970b2eb3-3206-4284-8c0b-d494a420c171,5395620,CONTROL
118578,a57dcd0f-0dc6-4e71-808b-26dffe02acb9,5648713,PD
73813,9dc3bf39-8704-410d-a64a-7f9d96a386bf,5406028,CONTROL
105608,6d3921e1-458a-4b97-98c9-bfdd9e78d011,5721652,PD
100213,d49fcd5c-3952-49ba-bc03-261b83a7ab6e,5422340,PD
80169,d49fcd5c-3952-49ba-bc03-261b83a7ab6e,5751495,PD
88122,7d92ee31-c7ec-4c1c-891f-491e694817f3,5940349,CONTROL
123487,2010d9ae-4e47-4efb-8dfc-84189917534c,5756127,PD
122485,bc384b14-4e8b-40db-8e24-09250d446589,5569690,CONTROL
131123,2d596e46-73ab-4d6e-9c2c-d87a8695e21a,5554028,CONTROL
95078,bf185a66-01a2-4081-9798-45ec41a36deb,6014289,CONTROL
79051,cbe869f1-f6a1-43b3-a555-1a3c9aa4fd85,5662935,PD
83775,d9776d33-4c1b-4264-b287-f9b2dad085f7,5859449,CONTROL
133159,f195a3f1-9cbb-4296-9233-388b194b527b,5430109,PD
123268,9ab8c276-8a5e-4ad7-8b05-1b1171f3a890,5765724,PD
94603,aa3a9acc-263d-4f6e-83bd-f0e0d27dee73,6009428,CONTROL
90810,c8a43c80-f726-4658-ad4d-b33c095a0765,5966006,CONTROL
81293,17985b0b-1ab6-4e09-9838-bd4d3264250c,5745485,CONTROL
81791,9697c9e3-d8c3-4a79-8866-13f212cf0ea0,5748937,CONTROL
107831,fb58250b-6944-489f-afe7-a11a9dbe1048,5788254,CONTROL
104252,ec5dd8db-c41e-4879-8bfb-c26eacc64f42,5680347,PD
103318,530bc9ed-d545-4252-9660-2ce2f916a9bd,5600724,PD
136248,ed56a968-4048-4d30-9385-35d540fea804,5625419,PD
118290,15f3fcdc-93e4-402f-8526-72e06ace8419,5633114,PD
81346,d294f7fc-aa22-48ef-9307-3ff8502570bd,5743080,CONTROL
95991,9d0f5683-b050-4910-b797-c0fa5883c7b4,6026571,CONTROL
127253,f76dad39-17c3-4c35-bff8-fbaa617cf327,5828512,PD
118091,ac7c3961-9268-42b7-aeb7-fc4c49c7a6bb,5603354,PD
81508,efcf9116-6643-465b-8168-cbbb51fae35d,5743146,PD
101722,7c7d7ac4-e94e-4310-8339-286a1963e8dd,5491739,PD
112322,1846fbe3-a121-4a76-adce-92563ae2ea3f,5494414,PD
76525,a7a72d62-8a0b-44f4-8a95-cb0bed24658c,5444706,PD
86684,945bb372-bfbe-4ef0-87d9-d268bc0b2d8e,5923972,PD
75647,597ac812-4cb8-4524-a813-831ad41be494,5529125,CONTROL
72885,428f6734-d4be-4c84-b250-7e273056f654,5409166,CONTROL
125067,d7956523-80fc-4cb4-80e1-8ae5cceabc7b,5493968,PD
119106,7b4a5d18-d6dc-4fab-84ad-da4d31c2314b,5673627,PD
88743,1d46bacf-a194-4d50-aa15-05dbcb7e754b,5928925,CONTROL
87349,c64858a7-c69c-42b3-a851-9acb010b6979,5918397,PD
81235,e18209a1-696e-4920-8c76-6d7b8ab49c5f,5730302,CONTROL
88575,ce4e34e7-6a19-4deb-8b8f-b8f4d6391491,5940328,PD
87433,b8b33fac-a8c3-45bd-848e-519f42f38de3,5912277,PD
80467,beb71f55-e657-4a32-8144-1bdb72b98601,5743869,PD
90035,e08be784-2d4b-41a0-8c0a-8fa383e0933b,5963566,CONTROL
77701,9aaa91d2-a697-411e-8691-c34f94d3511c,5562107,CONTROL
75071,39c9956a-c1ac-4e12-8748-3141b96cc588,5430719,CONTROL
90707,d20eb8d7-37cb-4224-9117-410733a433d5,5970494,PD
94912,d57b53b1-c34d-42e2-8756-40e0cdf5d87d,6011526,PD
110220,5e5e1d18-94ef-451f-98cb-10dd33dd1ce5,5873779,PD
122687,18f576f9-5c80-43a7-8492-2a739d1b5f2b,5762062,PD
121052,8e171009-f2cd-4043-bcd6-7283cc373301,5485695,PD
89927,12b56a1e-cba6-4d10-818d-0c7c0ca9a983,5971576,PD
114364,61858ea1-2479-4144-bb3b-ef8415e60ab1,5953198,PD
91875,ac1dee32-398a-496e-9e31-053c46f78eeb,5988625,PD
108642,69649863-759c-46cf-99ed-604c94a8594c,5819759,CONTROL
78112,97144908-a0c7-4349-a743-625e1523e2e2,5655597,CONTROL
108443,2b61eecc-ec1a-4c1c-88e0-67eab8ef6200,5819408,PD
72348,611d082e-e6df-4914-b92d-fb6d0fb7fcfc,5401768,CONTROL
93232,29ae201b-896f-42ad-b4e9-c146aafb33f6,5996441,PD
85451,8905a1e8-f285-48f0-aba8-b7e8c1cf1597,5869082,CONTROL
101998,c42839c1-9768-4f35-9e81-ae84b57dd2eb,5529067,CONTROL
90319,bbb1112c-3d76-46a3-be33-8f6da8318ca4,5969857,CONTROL
90630,c03f7785-d690-400f-b558-a27380341d53,5966584,PD
75825,28b14b96-a7c5-4bcc-a60c-3b9a55e07def,5521665,CONTROL
73876,3a024f83-46df-4d0c-9e72-a3eafe1a32cf,5396117,CONTROL
90265,8f7a6ec5-4a2b-4e44-96cc-776115cd6e50,5965365,PD
132796,ca772c81-142b-437c-b296-1a5da2816417,5654224,CONTROL
90457,77b7c422-bd8d-4e8d-89e6-27fd515e246e,5969620,PD
110221,607fc6a1-0cf9-4d10-bba3-94c0b39eea08,5871424,PD
104686,34094d7c-ed2b-4fc1-9146-635e608329d5,5682476,PD
112063,204cec48-17c5-4d4d-8877-3c4706c9b018,5911382,PD
119012,ea0c7ba0-b78c-4f38-9bf2-685d5ec434eb,5660665,PD
112601,9da14def-ccc0-48f4-acdc-19b16337f64a,5916904,CONTROL
83208,8da79786-988c-441c-899a-5e83a1469120,5786604,CONTROL
120128,e5d167d6-6b75-4e91-b066-9fb0ad664c4b,5554669,PD
78829,d364731a-0a45-42eb-81bf-948da4b33f6e,5684461,CONTROL
97691,c39a22b7-f3f6-402e-810a-44b055389167,6043810,CONTROL
78977,e276b537-f7ab-4a5e-9d50-7d7780663b85,5676573,PD
86264,389a67d6-c324-456c-a922-8d54519b85d7,5595091,PD
73335,af0c4d54-47c1-454d-9233-500170fd2b72,5396743,CONTROL
77662,d392b5fb-2c96-4ead-b97d-254d5d8af02a,5449830,CONTROL
78857,632f046f-f527-4210-8891-44b0d3ab4624,5671897,PD
72287,2da18bd2-8a66-44bf-b9ce-99fda731ef4a,5393235,CONTROL
95662,3bee5ea7-9c8e-4b85-a58c-2c4094d790a2,6018073,CONTROL
120129,e5d167d6-6b75-4e91-b066-9fb0ad664c4b,5611223,PD
107671,55865cb3-bc01-49f5-8538-916001e5b2b9,6086195,PD
108128,fb58df40-face-4aef-98eb-ca727dab3464,5811322,PD
82303,f2ff1106-26d8-4eee-9d9d-ba1321d7078a,5816247,CONTROL
136291,ea4c2d74-4b41-45db-8d11-620bbf4dd601,5623447,PD
132663,462d754c-dc70-4768-9126-e045cd21c72e,5652521,PD
83922,93e4a1e3-3f97-47ec-991b-e01ba42f990f,5833655,CONTROL
78789,01b21550-2c5d-4b37-8a95-8d949beaf22e,5688241,CONTROL
81471,eac3b596-2b73-44df-b49f-5b74199c88a4,5747283,CONTROL
135056,b3836781-d1e7-4d00-be27-e3240695d3d2,5547260,PD
78893,f51c479d-f03f-4e4f-90e9-7127cfe0882e,5595024,CONTROL
77933,eb5301a9-915a-44d8-96fc-5a7074f07771,5630629,CONTROL
72799,6134a5c5-2912-4cb0-87aa-10dee483b686,5392628,PD
103836,47077bce-7a89-4461-a26f-4aa0677aaed4,5658465,PD
78695,82f5d99a-9552-493a-87a7-54c2d175bfd3,5652837,CONTROL
84374,93b9641c-9493-4ca3-8095-de52d808d138,5836633,PD
72655,1f9d0821-512c-4d52-b9cc-4d131d2e79a4,5392711,CONTROL
99468,33ea54fc-e754-4dda-a54c-234cab5cf08e,6058660,CONTROL
108714,4a61cb25-1f7d-48df-8b92-9cac13ebefd4,5822232,PD
89235,e87e1729-897f-4025-aab4-5e2e4ac9ba7c,5959953,PD
133414,c6a414c1-2143-4693-a0ea-37028d3af443,5443473,PD
73084,8be98959-173f-4b12-b0b7-979ccb740362,5391497,CONTROL
76396,8d91f8be-955f-439f-8ed3-dae82f3a47f6,5425424,CONTROL
90002,0f5ab0b1-e9df-4d45-be1f-7e6b08aea85d,5969708,PD
103346,75e16764-2272-4d4c-955b-2ecb34b15442,5598895,PD
120540,d7956523-80fc-4cb4-80e1-8ae5cceabc7b,5600543,PD
76899,143530b6-f508-4aed-916e-ef344192a636,5459891,CONTROL
99686,de61ada8-ff6b-4b0e-a11b-cd9f7a5d721b,6058402,PD
128972,b4bb8c67-33ac-4333-b1aa-6b79babc40fc,5429560,PD
132709,5a8bcb29-5d9f-41e8-bc77-936a88d49503,5656529,CONTROL
89817,29743127-98d5-4529-9fa7-ee029d4586b5,5968389,CONTROL
96788,ea0252eb-1817-4335-9d07-346ecdc54a84,6037829,PD
94221,fa735991-ec53-4763-9fa1-2fb499e3efcb,6003598,PD
82072,83c7de09-2ed3-409b-abdb-fc75750d10fe,6081721,PD
89185,2a56117b-1b94-4ea1-ade7-e21533af0c4f,5955832,PD
79163,e0c58ab7-5ba1-4e60-a3b7-9c28a4e74f69,5632221,PD
80930,c98dac4c-7ca5-4391-b4d0-031a35054ebf,5727154,CONTROL
78031,416a984c-4a94-452b-93be-499c1ac374d6,5650888,PD
107617,3c607d8d-6678-41fd-b3af-25d15e02c3f8,5785406,PD
105879,5d4dafaf-7161-43d7-b7da-59dfd905c51e,5730328,PD
88417,2974bea0-3aa2-4a00-9f32-6d5856e62829,5949335,PD
127475,b8a9d62f-cdec-4cee-9cfb-5572f8db2ff9,5833196,PD
81914,c578d637-05f5-4b5b-9fc4-3b1d662a989e,5801388,CONTROL
76215,a876a02d-af46-4fc1-a2bd-f76440a3ab4e,5509620,CONTROL
72889,7534e915-1c53-4165-891b-b50a1a6ce764,5396362,PD
122188,f66a1772-e3d0-41a0-92ea-030a3ec90b06,5624123,CONTROL
107629,269c5321-858c-4411-8b70-79fee695e814,6959333,PD
88223,51edaf10-c6d2-4acf-9239-eded311086a1,5942111,CONTROL
110664,8c053b0c-8e06-4f23-a138-56df32752289,5883157,PD
102406,7c7d7ac4-e94e-4310-8339-286a1963e8dd,5591459,PD
85437,3d476714-4de5-4cd4-b614-405397f88c65,5872076,PD
78649,60984b68-50d7-4327-8191-3e2f7446f159,5609113,CONTROL
89425,eb226541-96e5-4944-91b7-523162d2b50c,5957851,CONTROL
76801,7e45a2e3-81d5-4b3b-836a-41f226baec5e,5557850,CONTROL
127874,9a201650-4a5b-4637-ab5c-828d8f3823c5,5856902,PD
126896,b9bb799d-996b-4890-9c5f-d9238f8683c3,5818647,CONTROL
78634,9b42ac70-3848-403e-9d82-0866d04e3517,5638760,CONTROL
99935,8d9c00f8-a62b-49d5-ac95-bb50371bfd70,6062905,CONTROL
91458,d32c5cc4-962f-41f9-8dd5-d31ff305140b,5976884,CONTROL
104417,bdd9fa25-2499-44e6-b4c8-117deb70143d,5664232,PD
93054,fe41a6e1-f873-479d-8659-51b88b6c655e,5998423,CONTROL
136725,43319463-a0f0-478c-93a6-98c20d1bc770,6084267,PD
85312,304ea8bc-2e38-4320-8e75-b8100927de32,5895622,CONTROL
117003,cbc65362-9f6a-40a7-8b7f-96f8a9e7c44d,5569122,PD
133029,bc4e6720-cc06-4d3f-a3db-d9ee8d3efd31,5423465,PD
74050,fa4c48f9-5bbe-4955-8aca-a677127bff1b,5396691,CONTROL
133476,cf44db25-e6cc-4576-a698-47f5807339b2,5448918,PD
124489,cd07f135-bfc7-4bf5-86f9-d4eacd78aa56,5435616,PD
78154,cde001b7-c3f1-4b31-a2a1-049a1bc3f8f5,5669468,PD
78846,2d93640c-773c-4c6d-93b7-1e07dafa988c,5637674,CONTROL
110337,49803d28-2166-4d66-b3bc-d30467c91397,5873233,CONTROL
134898,afc1967c-5f55-4034-8d01-824c3b1bb35d,5539685,PD
91944,29c8abac-d7e7-468a-852b-1199c4b8117d,5987600,PD
77321,d41cc881-9477-403a-92dd-e78f59cb5aa0,5439050,CONTROL
121255,4d394840-210d-42c7-b8d3-cef242f1ee4c,5707893,PD
125186,b80b54cc-7323-4a1e-88cf-112051223fc5,5728707,PD
99653,6628a85e-6cb3-4c7e-b266-4da1c85e2bf8,6060713,CONTROL
102041,01b39888-7fcb-41de-9498-b9bf7070254a,5545766,CONTROL
73341,af0c4d54-47c1-454d-9233-500170fd2b72,5388511,CONTROL
74343,b81ba8b8-90b2-4b96-8cba-3d139e6b317b,5389419,CONTROL
100951,39dd0aac-4b4e-43ec-99fb-8883adc86c4e,5461797,PD
134932,6e84dd03-8f13-4144-a366-cb531ffb07b9,5537555,PD
116880,7fb561a3-8f90-49d2-a39b-55ea3f78a17b,5535401,PD
111463,462d754c-dc70-4768-9126-e045cd21c72e,5905212,PD
126370,0ec305ec-c207-404b-9c94-1207819c7d1d,5798781,PD
87861,d15e38dd-4b3e-47f4-be4e-f3396bd5827b,5945834,PD
74614,d598702d-a72e-4533-961b-f1c29ed6013c,5398202,CONTROL
107984,921384fa-b421-4344-b17e-8754c2b70f89,5796002,PD
90882,50fef3c5-8844-4618-ac49-0386b72110a1,5979306,PD
97561,36ad38f2-eeb7-4913-9f4d-adb20e53bede,6040403,PD
88664,de3675af-6026-4d3d-b7fc-4423fcf2489d,5939049,PD
111990,e5bb566a-9f26-496f-89be-f940162a536c,5946950,PD
105357,a503c226-4dc6-4a68-ba3b-a7345d32c399,5702191,CONTROL
95163,20b09fcb-eb66-4282-b53a-51aa24f1f9d2,6016257,CONTROL
94674,1e5a92b9-37fa-4351-b5c5-28964fb42f7c,6013957,PD
73395,14fcb220-318d-4be1-86c4-692a9efae6ab,5405974,CONTROL
74088,2f945bb1-e9cb-4672-a2dd-5d2ea20bbf65,5405718,CONTROL
74372,0c0181a9-04b7-4228-a32d-774efb2b2dba,5406049,CONTROL
81707,20e7103c-69c3-497d-a533-188e199d2286,5759196,CONTROL
73025,c5152947-d518-4e26-badd-d89e50f9854b,5395643,CONTROL
73224,e10baa29-039f-4501-839f-9305812ae8ac,5395552,CONTROL
80051,ac954b14-2675-4682-972c-49e293613243,5697536,CONTROL
110139,90550db0-af30-495f-8d7c-5749577cdae2,5873347,PD
136030,727a15b3-5e85-4107-8269-d9be8ab7fe89,5609032,PD
77557,0e1f336a-9e57-4bc3-a129-31d1e5fe5948,5540744,CONTROL
87919,5230b120-f960-49fc-890c-c358d410b441,5937809,PD
115010,e89d35b9-9000-4432-8307-c518320d92f0,5436634,PD
80678,25f90145-f3c6-4a51-b6a4-e6390385ba3a,5751945,CONTROL
103958,9a201650-4a5b-4637-ab5c-828d8f3823c5,5679726,PD
92342,967e2d09-efe4-4418-be5b-57c2af433e09,5985806,CONTROL
85338,3ca6b81d-22d7-44e9-b4bd-4c833b4396ce,5898178,PD
113247,241670d1-1dff-4ff4-bbe2-d3c8b7024ddf,5927116,PD
76403,58d4a192-7e7b-4aa0-8635-958ecd2be870,5448851,CONTROL
84818,eafc5b43-71a1-401a-80d6-e97a21717a3a,5831239,CONTROL
84329,96b8e719-98ef-4890-bb6e-3e87285bf67d,5856735,CONTROL
72340,fa18e399-70af-4d64-a971-8373a9e9fa5b,5399154,CONTROL
96128,27567fbc-75a7-4288-b6d8-cdeb85fed36a,6027767,PD
101073,3b20c871-e212-4781-a30c-a0b31923fda2,5459334,PD
104086,6d3921e1-458a-4b97-98c9-bfdd9e78d011,5665249,PD
79071,5a72bd77-fcb3-4440-a550-b4344c864822,5651896,CONTROL
82784,0b08bef7-cd9a-4732-9aa4-5855d59981ed,5810033,CONTROL
78890,20ba0bd7-d882-44b6-b48f-0b15ff55b5d5,5665973,CONTROL
121962,a1e397e3-35f8-400b-bd32-725e8fa802b5,5628577,CONTROL
87427,71785e8e-1b41-47af-b88a-2e0733e14e2b,5922307,PD
84527,291b2c16-eb62-46e0-a99b-6fc3bc31cd38,5823235,PD
100129,9ad045ed-44d3-4753-8605-1693da008a1e,5423974,CONTROL
106641,dd2295d5-ce0b-43e6-9617-b3708bd14a33,5763970,PD
72658,ee4ff6d7-945b-4890-9a5c-9d3630c43db0,5401218,CONTROL
82947,3aab8c58-a851-4084-8e75-92a1566a7280,6018331,PD
77515,208e0cb4-6254-4c7c-bc12-ac2a60c3163d,5433069,PD
136987,e2f53a6e-aa4c-481b-b4e3-c06468aea61b,6088001,PD
81248,0b897bc9-4449-4fe8-8b91-58337ee1cb37,5708670,PD
73983,f1ff84c1-128f-42af-b647-fc530ef3b5e2,5404940,CONTROL
97142,e7045566-3b35-4466-9328-d98e6798d6c2,6032895,PD
74066,373515dd-25dd-4495-86a5-4b1d0a92e58f,5405826,CONTROL
75231,47243e54-7988-451d-97c4-1223bfdec1de,5450583,CONTROL
92073,5483b087-7e38-4649-b1de-9ac194b585b5,5988902,CONTROL
78444,916b304f-2392-4134-9f2d-0bad3fde3173,5648706,PD
86976,2cf9a442-f28a-4717-9d05-1c03ced2cca7,5916196,CONTROL
82084,030fe814-de84-4fb5-8df6-84dd6e7cc7dc,5779044,PD
121177,b9ecb0c6-44be-47d7-856c-5a6722a321e6,5683063,PD
77950,f7f4a294-3757-45ab-8d75-94e3b06e844f,5592866,PD
79803,7f9fe9f9-f258-4284-85fb-68069a1395e5,5700791,CONTROL
93476,890c4347-9ce5-4960-836e-b6c8774acf12,5996104,CONTROL
78104,1eae1a5b-09b7-41ea-9f83-b7cd9f52bc33,5603243,CONTROL
84989,ff076868-0e41-436e-a0d6-680e18978b36,5860149,CONTROL
86132,8ffbb69d-ee55-4da1-8c8b-eeaaab89516d,5886796,CONTROL
134140,702bc6dd-423f-4416-ae41-deded2e81ed7,5523807,PD
75554,2f13db04-cf25-4da0-bd74-b800fd2db022,5537762,PD
106839,55ca2fac-0579-4287-8930-8757529b8203,5752336,CONTROL
110238,0bc051fe-d863-4e20-8fb9-cc899bf3b072,5875773,PD
117977,3505f51a-467c-4fae-9025-eda3e517f313,5614430,PD
81268,6509f5e8-ff11-4eeb-9673-5b98024a155d,5756875,CONTROL
72411,e3c4ff19-8892-4b41-acf9-bbc183cb62aa,5409602,CONTROL
94827,841b5b7b-d7f0-4489-b371-1edb59fbbfc8,6013921,PD
104045,2d08327e-f265-4507-8927-eac6fd315e6e,5672152,PD
111376,97d23f31-a114-455b-87fd-fd8bc810f4da,5892257,PD
75342,c5ec6da6-84c2-4a02-96e1-7223629c6a66,5512303,PD
84099,520c5651-60d6-48ec-8a8a-68836ceda4f0,5831188,CONTROL
104327,e0c58ab7-5ba1-4e60-a3b7-9c28a4e74f69,5665337,PD
109188,711200dc-c6d6-42bf-804a-a96667b6e46b,5838819,PD
85496,9678e788-93dc-400b-9a18-9a7c501fdf14,5891626,PD
85129,b20f3d17-735c-4909-a1d0-84fa05f0ba79,5896009,CONTROL
78815,f0b8c1d4-7b4d-487e-a4f1-5f4bf72efed8,5650488,PD
104308,d19cb2d6-71dd-4b9f-97a7-f2dc355958f2,5679401,PD
85886,31299d45-e284-4ceb-b5d1-d8905e4a7eac,5895663,CONTROL
89512,45829aa3-2e58-4979-a367-922bbccb58b4,5959197,PD
81610,9be17bf2-4e64-46cd-8496-b3b9eedb7f6e,5727643,CONTROL
78243,458d73fe-bdc1-4d3b-9a92-6fe7524c8300,5673013,CONTROL
134887,7c902767-b9b7-44dc-978f-7f246ef3c09b,5536491,PD
135046,6e19dc65-c5a0-4fac-9465-ce75e004696f,5544273,PD
97645,d76a9c97-f3e3-4da6-aa2b-e04b01878f10,6038432,PD
77511,3ae4cc0b-87ca-467e-b295-f0d27382f01b,5422627,CONTROL
127815,0e8d161c-5020-4bda-b016-5631e500602e,5845693,CONTROL
108684,4fac524a-4cd2-442c-bd85-3d8e63f03e5a,5817839,PD
105279,a7df579a-8a92-43e6-b106-ee39c140eb96,5699568,PD
134411,433dbed3-3ed2-4b5a-bfb2-759ccf7c3476,5504792,PD
72586,c21da2e2-b1b5-4ee6-a9e3-869fab809b15,5408273,CONTROL
127751,71ba8422-0bbe-42ae-9185-0fca8a95ccb8,5844271,PD
75062,7fe27822-f383-4895-bc48-ec23e8acfdee,5564108,CONTROL
75891,94de7c66-ef6e-4e7c-baae-c1c0da67cb2c,5415422,CONTROL
115392,edd71f00-1144-42f5-8f7a-9d6b861cace1,5450127,PD
102594,1b0a049f-42bf-487b-a5f3-9fc614b1158f,5572796,PD
73850,01fa5bda-f11e-47ef-94c6-37697ad26a86,5395989,PD
82286,f84daea6-54eb-40e1-90e5-68ece4d4e03e,5801275,CONTROL
111014,d30caa3b-06d9-4d36-8412-f99124083b60,5898577,PD
77489,032b2615-c169-4072-8a8d-b936e0248a7e,5558405,CONTROL
129645,ec822b07-4b4b-4117-9f7d-7e92e0fee1d3,5457624,PD
122705,1ac98e27-8239-493a-a444-c413721732e3,5725690,CONTROL
111483,381d4f95-fefb-4c1b-89f2-958fefee595a,5899511,CONTROL
77187,2e9e7175-f3c8-4720-ba34-2bad2de694fc,5468482,PD
84169,50fef3c5-8844-4618-ac49-0386b72110a1,5830018,PD
125516,6184186e-527e-468a-a562-bf9099000fce,5771636,CONTROL
74921,a48210ff-86cc-4615-8e97-955f446a6ff5,5535868,CONTROL
134720,31c6ee10-7647-4328-9b44-a741c4c266cf,5532327,CONTROL
127705,b83013bc-d524-4db0-afd1-be3b6e30ff0a,5844048,PD
86956,7a2f4b85-0b8c-46f5-bb2c-5fb0f414d0b2,5917154,PD
96622,255c5b98-ca4d-4254-963a-3d3ac34c66a4,6026053,CONTROL
123969,8b694c8e-3ce1-4e55-89ae-d034e1602bdf,5660791,PD
106031,7175f964-c8ae-4b53-8907-204737433745,5735181,CONTROL
82806,1447e829-cd53-4498-a9eb-833c2f791d13,5791818,PD
122316,672ccbff-403d-4453-a4e5-10fa429a22b6,5761938,PD
78450,74d79108-f673-451a-a490-c295abebbef2,5617658,CONTROL
100081,5d6edbdf-fded-4a04-813c-2e09ecd0adf0,5422753,CONTROL
73980,f1ff84c1-128f-42af-b647-fc530ef3b5e2,5392018,CONTROL
99927,e5465719-b5fb-4d6f-87f9-90c9b91cc1f0,6059105,CONTROL
89887,6e35472c-441c-4062-b5c7-dd4a4ca13b88,5967754,CONTROL
78583,b570bc6e-6a81-4545-b27e-735746c8e922,5649714,CONTROL
106645,dd2295d5-ce0b-43e6-9617-b3708bd14a33,5819260,PD
129270,153b35bc-568c-4da0-a5f9-751d9fa2b93d,5443120,CONTROL
76262,25160e6e-1048-4201-8c46-9f9221689652,5567160,CONTROL
75897,41c85833-e553-4507-a2a9-3c8e8ddaa091,5478293,CONTROL
103251,4ad61e24-16f0-4409-82a1-b37cb72a92c8,5686218,PD
90036,e08be784-2d4b-41a0-8c0a-8fa383e0933b,5972543,CONTROL
112100,ac518c03-c88f-4433-915e-8d34249e96c1,5911763,PD
74153,72069adc-ee3b-4ece-b78f-8f28a0af0d5d,5389355,CONTROL
86811,fdc36058-a501-44a4-9844-28844be338f5,5908657,PD
87124,0bba9926-9c3f-4a4a-bce4-f9b47805ae7a,5906709,CONTROL
81132,4b52f3cc-09b7-4ad1-98c4-7a8eb1e9ec74,5722100,PD
80740,5a293230-d3ef-4650-b553-93568dfce7cd,5740176,CONTROL
75939,16c47f91-088e-4163-b1e4-03a4e279beda,5471404,CONTROL
78768,95c9fd9a-e794-4e46-b64f-f6099f843413,5668152,CONTROL
122940,dad8731f-fd89-47e4-9111-989b8781386c,5741116,PD
131451,1dbc6aa7-3c96-478e-a141-37ab42154e61,5599364,CONTROL
95471,937682c3-93f8-4c5f-bf6d-2563389b9145,6018814,PD
92286,dc602b86-d63b-45d0-9ab0-962a457daccf,5983774,CONTROL
136802,ce8c87c5-d2c4-4aae-9a33-1543bb63e265,6085379,PD
84725,5dfd64cb-336b-4838-972e-f16bec30bf62,5865062,CONTROL
78502,8fa4ab20-b261-454a-aaf7-ae388028a7bb,5634592,PD
76537,f96e1363-ff49-4103-89f9-01c87b5cbffc,5463140,PD
82980,9043eee5-a03d-4805-a7cf-01a1dc5b7eca,5776063,CONTROL
88436,d5e4a30b-4c83-4d26-a59d-25c1bb664fdf,5941707,PD
113208,3f68da18-e3d6-426b-801f-9d8ccd46e6cb,5927381,PD
73068,d904f82e-0229-4a1f-a8bf-ec78d0dd4053,5404240,CONTROL
82942,6faa1fbb-12ea-4983-a854-9c5a269b81bb,6075829,CONTROL
91720,5c0a01da-d196-4dc3-9dcf-f6097093d8de,5979272,CONTROL
99737,05540bc2-1349-48e4-a147-cd30593015fc,6062739,CONTROL
98452,1c10a5d2-ebff-4d88-b54d-5aef49de4b6e,6045746,PD
86722,1436c1e3-9647-45bc-9daf-d74a9a798e2e,5918671,CONTROL
110773,e67c8b17-09c4-40d6-92db-efbcd58d155e,5887013,PD
77041,5f52189f-204f-4c82-a4e0-f368f199a2e5,5548472,CONTROL
73878,b9505173-160b-4698-9d21-7f20dbe7e852,5398890,CONTROL
90378,f5bd40c6-2007-4c0c-8701-c4607595a396,5971256,CONTROL
86862,13244475-e4c5-444b-b7df-3e148c71a3c9,5904802,CONTROL
79045,3c276970-26c7-4b3d-9765-5336032f1853,5673000,CONTROL
85084,87072ea9-3048-484b-bdc8-a87a38d57c95,5870225,CONTROL
98314,8210648a-6785-4894-ac94-91b665424200,6048053,CONTROL
136642,cdb18d7b-6793-48c0-8085-63c2a71ce5a9,6081533,PD
77182,6cea54cc-a0ad-420c-8446-eb1828789663,5499606,CONTROL
117859,a1ee77ea-113f-408c-a8ae-f2d215cf899c,5609267,PD
74198,74b595cb-57bb-49e3-a399-999cc00297d2,5388991,CONTROL
132412,53552194-9d5b-4aad-a934-e3c2d1683be3,5637884,PD
103360,44292225-8a21-4955-8022-c6935506100a,5601392,CONTROL
76565,22a1f95b-b962-401c-a069-b21c10c7d140,5447333,CONTROL
76560,12095b92-a040-4f36-8924-6380ea3a2f4a,5529187,CONTROL
105303,5890ef0c-f992-40ce-bea9-d7be5db099df,5701377,CONTROL
105861,c959f434-9f57-4730-b4c1-804789db0a33,5719499,PD
72695,6a6f3883-bc91-478d-bf98-c6fde114a5e1,5404526,CONTROL
76584,c4c7c359-e644-462c-8da7-aed3dd223db8,5548600,CONTROL
117346,cfd48634-5f84-4a76-a7a0-c49f4314a189,5581459,CONTROL
84137,82f51b2f-d99e-4ba2-83dd-b123fd205b97,5826345,CONTROL
73160,767a067f-10ae-49db-9efe-d2db66074e37,5402642,PD
135283,5bf2dfe5-548c-49d5-b0a0-30568ab1afe5,5567873,PD
72361,41506c42-4c66-4305-bcc3-40c6e99bcd36,5396205,CONTROL
73031,c5152947-d518-4e26-badd-d89e50f9854b,5405501,CONTROL
74587,8e2d28bf-089c-4a58-aa25-4cdd352af6be,5401029,CONTROL
87763,3505f51a-467c-4fae-9025-eda3e517f313,5946809,PD
79456,8c0559c1-b186-4db4-bd1d-b0ddc02d5dc0,5681352,CONTROL
132136,88061f3a-d6ff-42a0-9c63-9d23404ab6a3,5614331,CONTROL
120163,b9ecb0c6-44be-47d7-856c-5a6722a321e6,5697342,PD
112901,cb3fafc6-b4d3-479b-8a2d-f5f037b96420,5924110,PD
76290,c9ebc27a-3537-4a6a-9e0a-ef158df86dee,5424849,CONTROL
131422,5c27c37f-d1ed-4091-9783-5ef61078019b,5572115,PD
100401,b77e7480-a319-40b3-91ce-38ab7c1cd152,5439728,PD
95795,2adbd577-f251-4c2d-a959-a621f4ad494e,6018013,CONTROL
80608,a9f54caa-d071-468f-8bc9-f5c5607db3db,5729198,CONTROL
79377,8c67b585-1f8b-4e3c-aa41-138bfa68c39f,5600798,CONTROL
73458,d92d9d15-3988-47ce-9372-72256c6e23e9,5396858,CONTROL
128071,3d4dce3d-2f63-4c61-84b3-505c3198937a,5859430,CONTROL
110373,ea66cb62-1e80-4a09-a98d-e589925c957c,5872646,PD
76131,30184822-7e97-4d6d-b82b-195187291e3d,5526130,PD
134915,2fb90ae9-b114-4fc7-bba3-19845ef08b22,5541973,PD
75205,3d476714-4de5-4cd4-b614-405397f88c65,5426556,PD
129984,11b74e3c-b973-4f74-b8db-47934ad0a55c,5487346,PD
77206,e53cbe1f-f6e2-4086-bbf9-75fe2bbbf6c1,5491569,CONTROL
72524,4d7b84a7-4b47-4e4f-abce-f9bf707f2d02,5400086,PD
86247,615e9dd7-ab41-4326-9301-5aff56aaddc4,5877691,CONTROL
84621,2d9cfc07-b958-4aa7-8b3d-0ab9570953ba,5854504,CONTROL
83310,5afeffab-a95c-4059-a2f9-3c272c69bef1,5770126,CONTROL
77420,44268821-01f1-47e8-8545-e5cc0bd1af93,5466905,CONTROL
91259,43294479-32e0-4589-92ee-269b36a70e46,5977993,PD
90256,b3404b35-b8f8-4f14-afc6-92f0d1bdf920,5964403,PD
136776,6244be74-6f9b-4b01-9558-b169192bae63,6084950,PD
91991,1267e84e-3119-4d0d-b9b5-c7445b165d91,5985743,PD
84317,a18e3822-ae45-4788-a3e1-c8842e8f31eb,5834919,CONTROL
83748,a8fb467a-67a0-40bf-b095-0f5d5f6790c9,5830497,PD
109658,8d96385c-ce21-457a-959e-9683445b2cdb,5674266,PD
112819,2552d7eb-9fe0-4f83-93f1-931a4a215c6d,5923147,CONTROL
87508,a724b198-2cdf-40b6-89ef-1cf230093e26,5913975,PD
77337,db7c368f-c50c-4751-8e75-185476c215e0,5425560,CONTROL
73472,36030601-e1e9-442e-8d2f-f77637fa0599,5393553,CONTROL
81250,1d5bdea2-8da1-435d-af38-2d2116f51a5b,5705272,CONTROL
115300,ea23d6c9-b231-405a-b4ae-79e42a0c749e,5450478,PD
77213,36d6450b-378f-4197-a9ce-fde0a6d3ed86,5564663,CONTROL
75872,a9019c9c-4981-41fc-b9d4-ebad1818c239,5554796,PD
72589,4d6cff55-48f0-42fb-b370-e01215d04982,5396597,CONTROL
121523,5c46ab3f-fa7b-49dd-8ec4-be297df07aff,5498900,CONTROL
95970,cc3f7939-2b0a-41ea-a726-74b2585ca104,6022588,CONTROL
77110,249e7e51-13a1-40af-8fb4-e8c992028964,5490150,CONTROL
95632,d73795f0-1414-4473-8bd7-d20e4197e0e6,6021879,PD
134884,da3c3ff5-2ddd-41f7-ace9-4d231880c9cc,5542283,PD
84132,43d569d3-0fc8-485f-b54e-cc92bdd63680,5825050,CONTROL
72423,94976ab1-1c1c-4c1f-9508-648cc84e4972,5398577,PD
72572,04c5546a-c1b6-4b6b-ab46-52b97e50d5b2,5399532,CONTROL
104505,06d826be-c1ac-4c68-8353-14cfaba359f4,5686141,CONTROL
93209,faa157d8-f37e-49aa-8d49-a431a67b2496,5991139,PD
85252,aad9159d-1b13-44cc-b46b-d815d755c398,5896292,CONTROL
101222,0a4662b0-9ee3-4029-af85-7e342cb87810,5500527,PD
123138,861c0b1f-ee38-4a8c-97c8-7b721f396e42,5717278,CONTROL
103586,8973446b-45e3-460e-8949-0fb59fe6b855,5656610,CONTROL
132138,88061f3a-d6ff-42a0-9c63-9d23404ab6a3,5617469,CONTROL
73257,597311c1-1690-4179-a9e5-4ec0e1266c49,5395296,CONTROL
80215,3c607d8d-6678-41fd-b3af-25d15e02c3f8,5710642,PD
110677,18d8080c-ef3c-4533-a87e-9164e39b8d1b,5886195,CONTROL
100380,62eac1aa-2cbd-4b7c-bb14-fcc723070f1a,5443872,CONTROL
106127,6c130d05-41af-49e9-9212-aaae738d3ec1,5734457,PD
72825,a0f24851-74d1-4c84-9f70-6cca63a65d68,5392349,CONTROL
84134,b45e819c-2e28-4e36-8afa-8cc5784ad844,5858158,CONTROL
123572,5737bff3-0b05-45d8-a78c-0cd341ac23f1,5500126,PD
85173,ef8cecf0-1fa4-4ea1-9235-d89917676540,5890343,PD
76760,fe416e86-d629-4c62-b6cc-973b86f25207,5480402,CONTROL
91471,af11ff58-dffe-4930-bf52-584e0f1cbc5d,5976906,PD
80707,e3a8aa6c-8d2c-452c-999e-9ff23c9e7565,5727637,CONTROL
135591,a4c28d0d-ce3b-4fdb-abb0-f76302898702,6090449,PD
76949,3ddba098-5c5b-49cb-b1e0-02766de0bec8,5500437,CONTROL
86389,ccd594cf-920d-4f5f-8c70-23e3f9c0e957,5875224,PD
80112,cec326d8-383b-49ca-bf53-cb0c990df1f0,5759866,CONTROL
89743,d9c718b9-8137-4b93-81b7-716dd55daa91,5960879,CONTROL
78503,f6d965ec-7fe2-4cf2-bd6a-bfbd3501e0d4,5666669,CONTROL
106569,bb3c35cd-7aa9-4b67-9827-f8c4d9c7e90b,5757950,PD
90778,3f057470-1b34-423e-abfe-bfc6ed411007,5970217,CONTROL
124397,37a788b9-3cf0-482b-8007-e326fdfaa4d3,5443137,CONTROL
79646,2c4eb79e-059e-4f32-9dfe-2e023cf792c3,5633617,CONTROL
90206,87cc844e-a3a2-47fb-b190-8be47b9ac6a5,5967884,PD
80601,cf4df7ca-0644-479c-96a4-e2a1b520f09b,5761927,CONTROL
74900,fed48c4f-5ffa-4e6a-bfbd-bb08e3d7cad4,5489747,PD
89100,0b6a6b98-5cd3-409e-a3b5-235e1bf9061f,5953715,CONTROL
132741,bc4e6720-cc06-4d3f-a3db-d9ee8d3efd31,5648071,PD
99319,36ad38f2-eeb7-4913-9f4d-adb20e53bede,6053906,PD
80668,019c2bc8-4599-4c8b-b74b-5f199c53c1e1,5733385,CONTROL
108011,621480df-5cbe-450a-84eb-c0814d509883,5812499,PD
114132,7f10980d-1044-453e-863f-fbbb07c1800a,5943928,CONTROL
77838,969107e8-72ca-4566-9c28-a2bd14389f9c,5659854,PD
75451,1af57709-6703-4537-855b-6d3f8397cf86,5532857,CONTROL
76323,84cdec84-5148-47d3-822d-b829ef24d11f,5553666,PD
105427,1359f220-9db5-4777-91cd-cf1e8abfc42d,5699503,PD
134815,95e124bb-e9bf-4f06-916c-4a679be5c623,5536872,PD
72511,4bd4552c-ce0a-4ca0-94b8-42fa12f8fbac,5408734,PD
75822,5c889982-ba5a-4e14-9d17-b084b823780c,5488182,CONTROL
77258,34c35d53-7826-43d3-bfbc-a9d176baf45a,5473079,CONTROL
130703,7e02cbd5-0d81-454e-9146-beeb1380d5aa,5534827,CONTROL
84930,0b63c4b2-c7d6-4ba7-b7c0-ce6c9d1f71c7,5839294,CONTROL
92043,1d8284ca-e867-4585-911a-79e81ca25b51,5983741,CONTROL
73643,db2e1e12-9fb7-409c-8899-899717d75bf5,5404046,CONTROL
95151,a57dcd0f-0dc6-4e71-808b-26dffe02acb9,6011812,PD
101693,c4a83e44-8d35-44ac-a84b-a9c2bdd2df47,5508083,CONTROL
86569,555dd97b-882b-4b02-9037-5b85dd6ef855,5920871,PD
97176,8fdfea83-8cc8-4c1b-b581-0f125faab209,6036806,CONTROL
99937,8d9c00f8-a62b-49d5-ac95-bb50371bfd70,6059715,CONTROL
85059,02c7f33f-0dd9-41e1-adee-1d6f107c87a2,5887094,PD
76223,55afa0e5-5c29-42eb-b414-78541f913f5c,5470590,CONTROL
72752,f75ebae0-a58b-440e-b57d-609bedb06181,5405845,CONTROL
76078,04a4c37b-7529-4c28-9429-bd9bec975b80,5504356,CONTROL
82491,26a8f8e8-b0b4-4251-82ff-94ee9a5961e5,5801460,PD
103199,4b3b425e-5bba-406e-8ed9-7f3963411368,5613616,PD
86468,6f7c85b1-e8e6-4262-b8c9-950c20d1b3b3,5884745,CONTROL
77082,14abc775-23e5-4d72-8233-66fa16d77ee1,5421615,CONTROL
84483,38dc9f32-d40f-4941-a0c1-829aeaecf8c7,5861111,CONTROL
77508,6489d88d-995b-4220-b7c5-12717b8a5270,5517600,CONTROL
90211,f7fa6783-c214-46fb-801c-45898da69f92,5965928,PD
86627,570e3afe-b7ca-47f3-a6db-4eacdb3d0750,5912521,CONTROL
75735,d1b7bf67-b21e-45a2-a926-bfcd0baa6811,5414586,CONTROL
98977,e174830e-6140-4bc8-b226-169de69fea34,6056237,CONTROL
121218,8376ef66-3a6a-414b-888b-11f4f37dab8f,5611328,CONTROL
80953,05f8e7d9-0844-4143-b5fb-25a112b0db59,5731446,CONTROL
87334,3d859196-243f-45de-b3b1-a0379b49d958,5918816,PD
102388,8baf61c8-1ad8-44e0-86c0-f29c6d564cb5,5577266,PD
79676,dc6a27ef-23ed-4e2a-a096-32c2d9927920,5678660,CONTROL
89252,5a595884-10a9-4281-9f51-ccc71e2b0e67,5960934,CONTROL
108948,adf866b9-cde0-4d64-a7c2-674f3857d311,5827645,PD
86792,1c10a5d2-ebff-4d88-b54d-5aef49de4b6e,5916566,PD
131254,d16452a8-b678-487b-a42f-0e8bea8a8479,5557938,PD
72973,58d4a192-7e7b-4aa0-8635-958ecd2be870,5405239,CONTROL
75981,22813cd9-3db9-4228-974c-42b5fd9fdba3,5532222,CONTROL
72266,f7ee6695-0298-4a73-b3b9-4a3ecec86aac,5403750,CONTROL
112065,204cec48-17c5-4d4d-8877-3c4706c9b018,5912120,PD
77351,9314628a-46ba-48e2-93f8-65cf100f4600,5567572,CONTROL
80536,b34f236e-fd4c-4b5b-9376-0ab36d1d72da,5723165,CONTROL
90503,7b6a527b-fc2d-4dd1-bb6b-471e77cdcb58,5970503,CONTROL
100078,3c52176b-a6cc-40f2-b249-b5336162d4ee,5428930,CONTROL
115881,bef1ea2d-5077-4798-b0da-1197294e4443,5508758,PD
85540,43cd95d8-af23-4fab-a59e-e1d71a850a89,5886743,CONTROL
81724,632cc9c9-ee08-4664-8117-e5f6be8c40d4,5879553,CONTROL
82888,5146e295-c971-40d8-a943-f1917f9a6223,5781268,CONTROL
99076,2a4266f3-9425-4283-8a1d-d90b4731abfb,6052173,CONTROL
77621,ff5d7bf0-b371-4b72-a9c7-a5cebff39e78,5422646,CONTROL
74481,faf76a8e-045c-427f-951d-8e1918f195a8,5390892,CONTROL
101038,3c39f3d6-fd3f-469d-8594-9e30ec0b658b,5487117,PD
95427,b8456da9-9095-43ea-9f83-ee7378d3c45c,6022189,CONTROL
78477,1c706340-8d72-46c5-a33c-689342eea18b,5675291,CONTROL
89833,5355d7d4-4ac4-46cd-9cb3-a4c5927268c7,5956176,CONTROL
101404,5ce69643-aeec-44e5-a5cc-4c06d36f5979,5509510,PD
117609,4a6e924b-74ab-4612-af4a-237a0707b7e6,5596111,CONTROL
91907,fd2ed83d-c25d-4494-b50e-13471481d998,5983000,PD
123442,d7888b09-bfa1-48f1-abf5-a4571bf78b03,5760984,PD
112414,54d1a647-e48d-4c70-ac48-7fc0e090a7ff,5917913,PD
102390,b2c6a6ec-e867-4dbb-bf42-8dd7fb2a088d,5576814,PD
84572,0cb14156-e871-43c4-97e8-1caf093f0cb0,5862790,CONTROL
90874,2a5669e4-ab53-4f97-97f6-0aa5604434c5,5974947,CONTROL
85439,88032453-06e4-465f-ab0c-23fe5f5436ba,5888025,PD
82312,3b4cf702-848f-44e6-8ebe-386ac08264fe,5775840,CONTROL
90411,43b38884-ddf9-4612-b304-29ff3c25c07f,5965958,CONTROL
98027,bda58cbf-a773-487d-bbc4-2fe367e0fcc2,6047354,PD
98689,5863cea7-ec16-44a1-80a7-785e652cea4d,6053252,PD
96637,9af869f8-7cda-4f0b-83ea-b77b9c12838a,6026596,PD
77878,9850af88-fdd6-4fe8-8859-24cc2542d135,5644559,PD
75469,4ced5f40-b81b-497d-bc85-82a66ecdac4b,5459344,CONTROL
74477,f2b4d44b-9141-415a-ba07-8440affb668f,5404496,CONTROL
118816,31267c25-bffe-4f04-984a-acd95a3f4fe8,5654780,PD
130160,b3836781-d1e7-4d00-be27-e3240695d3d2,5496350,PD
79121,cec69080-0311-410b-9d00-8088d21ccc08,5667016,PD
76713,59798eb0-9c97-4b7b-aeed-acf4c6fe1a34,5518699,CONTROL
72468,9d0d5da7-c307-47b6-9e33-8020c832213c,5403185,CONTROL
85843,a724b198-2cdf-40b6-89ef-1cf230093e26,5884250,PD
88145,d2bcd925-01fc-4c60-b9fe-89f6bef12180,5936582,CONTROL
85020,953c7842-361f-41d1-932f-dbe4e8d8d649,5894080,CONTROL
75793,94e0b22d-4965-44c0-908c-1bfc748c526e,5483703,CONTROL
74286,10dffd14-29ca-49e9-925c-9cc57a88af06,5390587,CONTROL
100363,7bb7c09f-884b-4f17-9e9f-a91e8b222a18,5425454,CONTROL
77942,77b7c422-bd8d-4e8d-89e6-27fd515e246e,5683252,PD
103119,fd2ed83d-c25d-4494-b50e-13471481d998,5609351,PD
105165,63ffe552-8143-4380-815a-b42668d44ef2,5710173,PD
116505,710f2d79-1468-40b1-9ab5-beb8721f43a5,5535049,PD
82576,1d6875a0-4889-43a4-ab39-09cc7e1d8ba2,6081758,CONTROL
85503,7e339314-74cb-4784-9cd0-aebbd191bdfc,5887426,CONTROL
79793,b4b0028f-bd8e-4e25-8da2-64252f48c827,5706549,PD
78173,fe416e86-d629-4c62-b6cc-973b86f25207,5666081,CONTROL
72669,bc31cb2e-6e0e-4161-b4b9-0c8930815de1,5403866,CONTROL
72408,d27ea42a-a241-4848-a423-04526f75cae9,5391534,CONTROL
134083,5134777c-3563-41a5-abcf-cce272a2ebf3,5483497,PD
126706,b5efca70-5e19-49d7-8806-43f5575135fd,5810150,PD
130667,9884c3bf-86bb-4370-acbf-19db34cf297c,5528756,PD
86813,fdc36058-a501-44a4-9844-28844be338f5,5916607,PD
106005,118f2140-cab6-40d1-b111-27360ec12209,5740187,CONTROL
123250,d7888b09-bfa1-48f1-abf5-a4571bf78b03,5713376,PD
115163,46242d15-41f9-417c-b454-ddd95a4f451c,5446852,PD
95091,05d4e71a-c792-4549-8ec7-6a7dc355a1bd,6014128,PD
101191,208e0cb4-6254-4c7c-bc12-ac2a60c3163d,5449868,PD
111610,f195a3f1-9cbb-4296-9233-388b194b527b,5904329,PD
76061,5b3152ef-0faa-4fd9-a9fa-0459debbc4c5,5523058,CONTROL
93558,dd910c54-b316-42d8-8e61-10785dd005b7,6004613,PD
78792,09cae8c0-8ed7-409e-9ed1-b4589efce0a6,5593495,CONTROL
86893,1bd6d54f-0381-4963-9564-163235f9a8a3,5924170,CONTROL
77109,2f73dd92-5e8c-4c69-b0af-619f5c66e375,5534221,CONTROL
114314,dacd2d5f-d133-4c09-9dc3-b3dddc9a426d,5954151,PD
72263,9cd08ce3-898b-4731-b01d-e77a06d1facd,5394374,CONTROL
86095,c1caeee0-2ec4-4ff7-aee4-2acf69b75054,5888254,PD
104411,4a64d0de-d5d0-441b-adbb-08680d961fd5,5663916,CONTROL
87439,e445a789-1280-4d17-91cd-efa81e67c3f9,5913894,CONTROL
81616,1a72f332-6dca-4465-bad3-dddb7e42fc1b,5748897,PD
80445,3d476714-4de5-4cd4-b614-405397f88c65,5754558,PD
110154,8d544e9f-e1d1-498e-9630-70776c3fa231,5866332,PD
75914,c91111a1-d53e-458a-a7b4-38439be95c56,5467315,CONTROL
120759,3e7e6085-a641-4b0f-bcda-c4fb3c0d3fe4,5612449,PD
102932,0caf9f7e-f3a1-4fcd-891d-ae6ffcdf61fd,5629282,PD
91932,11ad8efa-d27c-44bf-b7a8-f7e3e014f274,5986182,CONTROL
80858,05e6dbb3-8ff7-41d3-8cb6-eba23a9b9a73,5716652,CONTROL
86568,555dd97b-882b-4b02-9037-5b85dd6ef855,5910645,PD
99220,207eeadb-fb42-4a6c-9c2f-b0189d72b74b,6054601,CONTROL
90432,26108325-be0b-4c88-b7c0-ef2e8248ff11,5969395,CONTROL
134481,a7cfcf74-2789-4401-bc1f-68cea3d00065,5514239,PD
120465,0085b356-0550-4cf1-85bd-2bcd89bf1201,5738698,PD
130961,3070acf0-23ab-40c5-8afc-ba869e122c00,5570431,PD
87120,1f878533-bea3-4f49-9579-0ef835d70653,5903355,CONTROL
89496,e8bbbf39-3b34-4da9-96e2-d1a485c9f018,5958082,PD
134648,217dc372-85f6-4eed-92d0-c80baae6af6d,5521620,PD
85165,542f2a07-e7b2-40c4-a455-ed55a980ff56,5880625,CONTROL
72948,5ff7154e-c197-40b5-a601-472deb06917f,5403056,CONTROL
123163,69e73a84-0924-4112-8fbe-9803feaf1cef,5734428,PD
81874,29df748e-cbde-44b3-bb52-d6cab3d862a6,5788105,CONTROL
108547,6390367f-0035-4cf2-b22f-2ffb74b475d2,5826334,PD
95498,5423d73f-88f1-4706-ad5e-76c0559cb0b8,6023173,PD
72884,a350041c-5c94-4b31-a608-9e64547bbfed,5391053,CONTROL
122817,d87bd7e7-6c4b-4a94-9b30-6e1381c65dc7,5750301,PD
107893,0a6a1fcc-77e8-41d6-9cd9-5bd86ff505da,5792428,CONTROL
87329,10632ed3-5f75-4132-9810-33e6180628dc,5911587,PD
94740,961a4ac3-d753-474a-957a-f9137527effa,6010580,PD
102949,acd91366-cd8c-4f1e-a314-2cd68f03299c,5622755,PD
102049,8248a477-6598-497d-80aa-4202d23fef38,5531984,PD
120952,c4a2904e-2e5f-4fb4-9890-7e5c66d2fa7d,5539786,PD
131177,3c149313-d639-46ab-bd25-e22eb2b9454f,5555771,CONTROL
81570,62e267ca-1a34-4ec8-bc0c-51a2a5f22175,5714838,PD
85519,475b08cf-24e4-41f0-96f6-1b1a27ed6029,5879227,CONTROL
119938,f91ad75b-4362-4e52-9f60-66edc4504114,5752688,PD
88787,644a60e6-4c4c-4c20-961a-c976715c3a0b,5930969,CONTROL
106133,30de7f78-516d-4073-a97c-0c67ea524bcb,5737103,CONTROL
75650,c8e74e3d-9e98-474d-9916-49adb9ad9033,5500981,PD
79072,c2d50300-7ee3-46ab-91ab-91979a4a7b0d,5680511,PD
73405,f0d89c81-bd48-4eb8-9ca6-aa750316faff,5406244,CONTROL
77285,f7b06bc2-f900-4021-8c2c-4754d58867d4,5447123,CONTROL
122943,48386877-ca33-4ac0-b904-75ef577360fc,5494597,CONTROL
96625,353d56ac-ac18-4550-88b3-dd35e5fb8575,6030255,CONTROL
116766,aa91e6ba-523d-4926-8318-c2f689ac9400,5547060,PD
75185,4b7f4e79-8579-4f85-8a08-4b6c3ab4a44b,5571245,CONTROL
74776,723ee553-c36e-48b2-9b57-43cbb0098367,5413133,CONTROL
74200,29743127-98d5-4529-9fa7-ee029d4586b5,5397322,CONTROL
111717,629f40fa-d306-4b83-946f-206df12d7f90,5901813,PD
81782,e795d51e-c69c-4f58-ae13-f04196c7d030,5755573,CONTROL
81962,16ec1c03-5c39-4a62-96d2-16ca1c239976,5786472,CONTROL
109402,f53eb68e-1c17-424f-a486-ddda29e8827d,5833779,PD
100224,4bd8b493-1398-4892-916a-9fccd94d477b,5437182,PD
117861,a1ee77ea-113f-408c-a8ae-f2d215cf899c,5615263,PD
117093,a1913b93-ccbb-42d0-8386-1b11ce13980b,5558195,PD
77032,22e9a983-109c-49b9-892c-23f489852a57,5483892,PD
92112,4b3b425e-5bba-406e-8ed9-7f3963411368,5984703,PD
116868,d12d655b-baea-4452-a20a-9b62bea43527,5535772,CONTROL
75058,4af88fc9-aa5f-400b-a8b3-e2989bfc70cc,5465532,PD
93740,9d6d5e13-02dc-4961-a577-ff33a9f8fe91,6006016,CONTROL
101116,4232d206-dc34-43f7-91ab-720305a743b8,5478911,CONTROL
82612,ed0e6c58-00cf-4b06-8d81-be5b4240b6af,5794040,PD
74166,a37f4ad5-fe0c-40a5-a240-978a056b3a10,5404218,CONTROL
83429,d4918f6f-82d7-41fa-8032-545cb952a68a,5812575,CONTROL
122532,a82b7d9b-e613-4632-b38b-63e5b5ba6b54,5538711,CONTROL
134842,e1aa6a15-9c99-42ae-8971-8c5a0367c58f,5536327,PD
132952,8a67d54a-74e9-4a06-90bd-ad052ffd27b2,5416104,PD
135100,433dbed3-3ed2-4b5a-bfb2-759ccf7c3476,5551735,PD
86647,a7df579a-8a92-43e6-b106-ee39c140eb96,5908714,PD
94910,5a595884-10a9-4281-9f51-ccc71e2b0e67,6012323,CONTROL
76346,db343f89-37c9-49b3-b4c9-14cb2ae8f3cf,5439781,CONTROL
76027,000240d1-1110-4dd2-a2d0-e344c37efd68,5559342,CONTROL
95671,65d8c6d5-64a4-4f5a-b69e-a0d30152b5de,6017668,PD
75134,02a0692d-94da-49c7-a6cb-668076e185ba,5568112,CONTROL
111352,c77e3f11-7195-4e8a-9146-063bef90a03b,5891685,PD
117365,aa9e90e2-e5cb-4e6b-8146-54c666f3ffdd,5615767,PD
84336,3ca6b81d-22d7-44e9-b4bd-4c833b4396ce,5829370,PD
80217,8ee016bd-0b13-4d5f-8f46-690c2620cd67,5744336,CONTROL
80204,460c4276-7a60-46e0-a3ae-1734882f45a9,5756243,CONTROL
134256,3505f51a-467c-4fae-9025-eda3e517f313,5498509,PD
113747,4a594906-4d78-4c65-a259-d93122f549d6,5937933,PD
84359,644a60e6-4c4c-4c20-961a-c976715c3a0b,5838747,CONTROL
116163,3bdb74e5-249d-4d7b-a915-72f512947ad6,5505294,CONTROL
73880,3a024f83-46df-4d0c-9e72-a3eafe1a32cf,5395000,CONTROL
72734,95f7cb01-291c-41fe-aad0-c53deb4f2f0f,5399934,PD
74613,45ec4a48-bfc1-4bf3-8772-0a587b5f85f0,5393201,CONTROL
89511,eb226541-96e5-4944-91b7-523162d2b50c,5954579,CONTROL
72248,ead2c020-8cb6-4a23-8ee5-5a34373ddae6,5398060,CONTROL
108554,1143d21a-6e42-457e-9726-959baffaff17,5824259,PD
83211,52fe366a-2a9f-4260-9fb1-0fbc637a6cf4,5805736,CONTROL
79263,0b63c4b2-c7d6-4ba7-b7c0-ce6c9d1f71c7,5687476,CONTROL
79582,c7595754-75a8-473e-b620-6f8a26160439,5634214,CONTROL
95586,adecc3e7-b401-4c30-8340-a9c6ec24163d,6021294,PD
113492,5e75da0e-e21e-4e5d-b08c-1f85cc63887f,5935813,CONTROL
102793,c7ef0167-b3f8-490f-93fb-38da2f114ed4,5587510,PD
97664,8c1cecda-0d34-4602-95ad-ed1ee8de53cf,6038301,PD
92479,62b9115f-9447-42a5-a888-1c79bb1c7939,5985289,CONTROL
123844,f0091fa5-524c-46e5-9fce-33cb7fd79d1e,5697884,CONTROL
104148,41768622-94fa-4f50-adff-240e336dc819,5666300,CONTROL
83138,1d4cd28d-4bd5-4f4d-a540-4828796a93f2,5785282,CONTROL
76784,7eb31ee2-1649-4ac0-9bbf-ff04ccf56595,5413974,CONTROL
76552,f96e1363-ff49-4103-89f9-01c87b5cbffc,5480332,PD
73451,5cc03f2e-6fbf-45d4-a8ba-d241345e7938,5410412,CONTROL
89600,3f997724-f0e4-4a31-9ef7-57bbb8cf3188,5962555,PD
73055,f1b652f1-a0b4-46ea-9756-6b21d6d04600,5389984,CONTROL
136879,267db1dd-3a61-487b-b915-6afc5fc09284,6087096,PD
86148,93b9641c-9493-4ca3-8095-de52d808d138,5902585,PD
74083,4f2dbf41-6204-404b-813d-afd6ef3a4c1a,5398526,CONTROL
89591,1df2b5ac-a6db-401c-92ab-e814a60e4081,5962016,CONTROL
88017,7c6a5aba-9da7-4335-ab52-056e51f1c16d,5928798,CONTROL
102024,1d2efee9-0885-4a58-96d5-3feafd2efb46,5539319,CONTROL
109371,284ec98c-a194-4265-8525-75e4297deaea,5833153,PD
87353,c64858a7-c69c-42b3-a851-9acb010b6979,5917703,PD
87678,dcbbde44-3b11-41fa-ae94-46b601152da9,5914875,CONTROL
136662,e2f53a6e-aa4c-481b-b4e3-c06468aea61b,6082334,PD
87479,f33433d4-1585-432e-959e-01593aa7b120,5902368,PD
106826,61e092b5-9628-42c4-b81f-ca866a7fcbab,5765710,CONTROL
93735,d4995b7a-a59e-4f7f-a8ff-a15888175051,6000147,CONTROL
74821,e6c131ff-38ab-4bcf-bb35-18fbea73ae0c,5414145,CONTROL
121631,32953066-8cd4-4b87-a8f0-86f6edc4f9d8,5579838,PD
75283,68adbfcd-380e-4433-a444-47205d4fd6c0,5446203,CONTROL
82842,faeab8f9-5e6b-48ef-8e87-3cc7e6da3e5f,5811820,PD
72305,53f15ecb-4270-45f2-ace2-fb4af68c811e,5406350,CONTROL
129857,764cffae-c5a6-4b32-8011-5570046a0fdc,5479128,PD
81866,53497c69-654e-409d-bfe2-2fe643c32616,5781515,PD
129275,5a5b0173-3d27-412c-84f3-57534bf1414f,5442004,PD
73064,49db5971-6560-4bb4-a827-6b4020a21318,5392265,CONTROL
123784,7b465f25-dcd7-4b35-91c6-64518adbd581,5767525,PD
90218,57824673-920b-4bc2-a974-2b558f226008,5964646,CONTROL
125325,41115fa3-a5a7-479e-9c81-662ebf852c1e,5715929,PD
104036,b2c6a6ec-e867-4dbb-bf42-8dd7fb2a088d,5689415,PD
93003,c77e3f11-7195-4e8a-9146-063bef90a03b,5998032,PD
85982,685e3773-5fb4-4d66-aa43-406929c29864,5876115,PD
74116,a43aa5cc-4264-41ee-a3de-f0901114378c,5397107,PD
89674,6633c648-95ef-4ed4-89fe-55a51334f8e0,5960326,PD
81799,a9325c62-2e15-4ca2-b166-303292d1aa47,5712999,PD
73013,545ded28-df60-4357-a686-839417b04e0e,5407925,CONTROL
103254,11b0961c-3d85-43e3-bc1b-a2c3e7f885b2,5662584,PD
76563,107c805f-6df8-4519-9e2a-6d60bdc210a2,5557836,CONTROL
119398,e742d73b-37d9-42a1-82ad-a0b20cf8ee70,5742552,PD
76807,0e4d5f5b-b89a-4e79-a794-327044624999,5551463,CONTROL
102143,826fc8a7-41b3-4265-ba48-079db2c0c913,5545893,CONTROL
74154,aaff096e-b19c-4c1d-94a3-0f75c22b270a,5404139,CONTROL
135876,b46f3c22-0824-48d6-84f5-bfef4b0f3a3c,5604865,PD
85668,3a8768ba-c0e0-4130-a59e-ddaa73fd4d5d,5869442,CONTROL
109665,e8b3b9a4-a48e-4212-aad8-0ee8d9a4f911,5857405,PD
89741,77e3b8c0-9b8b-486a-b92f-6bcc420b6ba4,5956814,PD
113949,e67c8b17-09c4-40d6-92db-efbcd58d155e,5946263,PD
86103,064ebfe9-1a59-4869-b316-cb0aa0a22ce4,5896794,PD
107210,4a61cb25-1f7d-48df-8b92-9cac13ebefd4,5772016,PD
89127,3a5e8217-042b-419c-a4c0-682c15de975a,5957110,PD
85453,2a5128d1-3ed7-49ee-a299-4025d6702faf,5891159,PD
76634,d4f119c6-e7bd-4951-8353-1981c6b0beb7,5540483,CONTROL
78638,146bbe75-ff8f-4b31-a887-710db7ad4883,5685580,CONTROL
79911,c2a66b3e-dd83-4321-ac51-a7aff21e590e,5734426,CONTROL
133149,15cd9496-900a-44bb-948b-12a24b101615,5555841,PD
76672,fe9f46eb-c4ce-4776-9cc7-5eb2cef51007,5526182,CONTROL
79266,3dac38f6-abbb-465d-9114-7b4cfae5ed25,5675697,CONTROL
81573,208e0cb4-6254-4c7c-bc12-ac2a60c3163d,5696419,PD
135287,40ae1318-0cc7-4c51-8727-6c1a03a4d8be,5559234,PD
135850,e2f53a6e-aa4c-481b-b4e3-c06468aea61b,5606141,PD
85774,21ff38ba-ee01-4ae0-b1a5-645f2f41e639,5874377,CONTROL
90751,05a9438c-97da-4566-a771-ad55ebdf2ea6,5971392,CONTROL
74626,484adde9-f9f7-4233-bc25-46c3071da0dd,5407812,CONTROL
80392,50bae800-9795-4ead-9f11-475d61a24feb,5728909,CONTROL
92554,45f0a92c-0ec9-4eff-b5bf-a3d076a483db,5982648,CONTROL
72870,6183d1cc-03ed-4294-a096-909925af5179,5409333,CONTROL
72492,c6dd2415-6cc0-40a8-b6b1-1b515cc65c94,5400830,CONTROL
124681,3ac0729e-0bff-4876-9d0a-19030ee717a6,5457859,CONTROL
88397,e2e80162-36f4-42dc-85a7-efaa520eaf8f,5932198,PD
76687,ca4a1582-6c63-449c-b81f-7e8aa866d5be,5514519,CONTROL
125417,e3e37808-e182-463d-859d-66bd5d4a1439,5776687,CONTROL
85628,c52f272a-728f-4c68-ab52-7f86162ea8b8,5897142,PD
87637,ab5ae384-44ee-44d8-95b3-21dad4bb04db,5917162,CONTROL
94668,fdd42ab8-1733-4af4-a840-b39af25a4dca,6015415,PD
94435,60d3b2bf-0e46-466e-9cdc-d0a1e8b2abc5,6015664,CONTROL
134654,3f89a22f-7506-4643-9b7f-f71f7b488eaf,5522275,PD
82174,b9633fdd-4884-4248-bbc4-b04d4482951a,5801589,PD
112332,6b104542-0b0a-4421-a490-568f66c7ebc4,5916557,PD
135491,8cd62402-4e51-4f70-b511-db50807c6480,5575528,PD
73281,4fcea293-a403-4cf8-8ba3-ee07028b9542,5390150,CONTROL
117872,87c7217b-7443-4ca3-844b-261b347c53f0,5607744,CONTROL
84578,63ffe552-8143-4380-815a-b42668d44ef2,5859312,PD
89684,3ef967c1-c3f1-4e94-b2ac-0db98100222e,5951087,CONTROL
129091,ec822b07-4b4b-4117-9f7d-7e92e0fee1d3,5423136,PD
95551,bdd9fa25-2499-44e6-b4c8-117deb70143d,6017530,PD
94066,875edbd8-8a84-411c-9254-809c2f41d093,6001083,CONTROL
105281,66af2645-3e24-4db7-b17c-bbe01b04dd76,5715301,CONTROL
87016,f892aaea-b677-4256-b0bd-74aa6b45bbfc,5909335,CONTROL
107120,359ce696-30b2-4694-9904-17448ca6ad75,5778252,PD
75883,790f2a4a-abf3-4143-a863-9eebe0d162e1,5522489,PD
99919,5f503bd6-2caa-427b-bcbd-31ab14ac8d62,6061035,CONTROL
99974,6bd56ca2-a9dd-4487-8ea7-b525d7c839f2,5424971,PD
104956,6028143e-496d-4a54-a3bc-cc6becdd74f1,5710526,CONTROL
104915,c17abeb7-bfdb-4ddd-859e-2d336f96c7ca,5694700,PD
126087,043547f4-f60a-47f9-a8ab-d80e79a18734,5789725,CONTROL
130417,290831b8-dbbf-45ae-90ba-798851ddd276,5511103,PD
110509,be1c514d-40e8-44f8-ac33-5cb2a647f02d,5884924,PD
134404,386ba03d-8435-4cb4-9fa2-72ec3e1e0425,5507639,CONTROL
85556,0207eb25-aa69-4679-a6e7-f2b697ebdc82,5889906,CONTROL
112583,724fcf9a-bc00-440f-b2ba-0a9f6ea7a719,5914927,PD
121217,8376ef66-3a6a-414b-888b-11f4f37dab8f,5525476,CONTROL
86366,7eedab49-0fe6-4642-bd67-9bc439c47fba,5885948,CONTROL
84093,520c5651-60d6-48ec-8a8a-68836ceda4f0,5854745,CONTROL
106247,97ef63b6-d9c9-431e-99e2-a64ff0d70ce8,5738566,CONTROL
86555,5c7ab631-b144-4ff9-a825-f7a98f8b9428,5908076,CONTROL
78715,682462a0-fc95-4c31-88db-7b00160a5b1d,5650499,CONTROL
88573,5355d7d4-4ac4-46cd-9cb3-a4c5927268c7,5945629,CONTROL
99419,3bbd7889-bb88-4615-b707-3e5363f16edf,6058311,PD
136852,a64e5451-3f82-4c01-8c43-f419bc82e9dc,6086853,PD
134982,37b967c4-0dc2-4aab-8d20-c35e855944bf,5547816,PD
107105,269c5321-858c-4411-8b70-79fee695e814,5777338,PD
85995,f9816a32-1ed5-4ea0-a838-4f5cacf04cbd,5874125,CONTROL
75626,6f169765-e151-4214-a3de-0c9ed13380cc,5544172,CONTROL
104646,15253bdc-5768-4567-aeed-d7dc4c461252,5696102,CONTROL
96287,819ecc77-5d83-4b44-8191-f7faf99d18b8,6029895,CONTROL
74183,ccc7eb9c-d544-48d9-9daa-ae89fc95d997,5391878,CONTROL
77765,75c3f076-214e-4d85-ae66-7f7f39fab0b4,5593057,CONTROL
83776,b1d16e8e-906c-4433-a6bf-3b879bef2bef,5823418,CONTROL
90322,de61ada8-ff6b-4b0e-a11b-cd9f7a5d721b,5967827,PD
120730,b66b7bd7-6dab-40f2-a887-eaa66b883d78,5723320,CONTROL
74684,6489c5ae-22fb-49e6-96ca-cb27e707a755,5398318,CONTROL
111130,a4a661cf-95f9-4389-a334-8c88a8e06711,5893222,CONTROL
117880,7c3d9daa-9116-47c3-8bfc-40769f2e6403,5614868,PD
93968,d095270c-06b4-4d27-91c1-7e0ebe27c202,6008208,PD
125585,92da6dbb-ddd2-4a0f-90e4-46de8b1566ac,5777919,PD
72806,892a9bfd-ad1a-4a88-a891-5635b15b26f3,5410015,CONTROL
86169,3affcf0e-a02d-4396-b50d-f329303d5c43,5887634,CONTROL
73770,055c1e2d-92d2-4cb7-839a-bb5209b3f923,5392351,CONTROL
135439,9acb95e0-251a-40af-ad35-97807faa0953,5571867,CONTROL
123173,48386877-ca33-4ac0-b904-75ef577360fc,5652649,CONTROL
104061,523283b6-acc9-4375-ab7a-d7240cd690c3,5663939,PD
72643,791b2910-be96-4df5-b9a0-4e1f84be63e5,5400382,CONTROL
120878,46242d15-41f9-417c-b454-ddd95a4f451c,5733590,PD
85530,a724b198-2cdf-40b6-89ef-1cf230093e26,5894308,PD
72390,e00b2582-d2f1-459c-8c36-539cdada4f05,5394921,CONTROL
81810,bfc55fc2-f448-4915-a5e6-62b66c706b0a,5740589,PD
76782,7eb31ee2-1649-4ac0-9bbf-ff04ccf56595,5421790,CONTROL
92477,c17abeb7-bfdb-4ddd-859e-2d336f96c7ca,5988602,PD
80294,e889a3bd-2bea-42f6-8e16-5a7d15a09b5b,5735184,CONTROL
107627,22a5aeef-47d9-41e0-a90a-45d807bbc02d,5792375,PD
136671,6e19dc65-c5a0-4fac-9465-ce75e004696f,6082419,PD
85088,48f65ce7-091f-4179-b1a2-b36ec2fce6db,5899781,PD
113890,1cf9ebed-a8d7-4ea7-9fa6-9d79d15be1a0,5943282,CONTROL
74699,bbe87529-59a3-4870-b32e-287fe900f340,5388408,CONTROL
136890,43319463-a0f0-478c-93a6-98c20d1bc770,6087063,PD
123340,27ef2662-7fc8-44be-8f3e-822912c76a8a,5724818,PD
115627,3e49de20-87df-4588-a7a9-200d31529fa9,5479787,PD
79880,fe41eb16-d79b-4784-8292-6c6399f58697,5710626,CONTROL
94524,65d8c6d5-64a4-4f5a-b69e-a0d30152b5de,6014097,PD
102003,241670d1-1dff-4ff4-bbe2-d3c8b7024ddf,5556822,PD
114251,81f362ca-e99d-48c1-b820-bbb5485bd6fc,5954700,CONTROL
103526,a07c589a-e016-4c98-970c-53dd52d696d2,5637749,PD
107001,387bd1c4-90df-48fa-8b8b-da2df2cfddde,5776529,PD
74253,b0720414-4fca-406d-816a-5c4df0a4b7af,5410284,CONTROL
88559,b4491f3d-1acb-47b6-a751-e176a373ea47,5942441,PD
73364,4cc64c02-958b-4413-9063-fad2af577259,5403151,CONTROL
120593,b9950d56-f8df-4a4a-9396-091f23c9971c,5487710,PD
77304,24acfdc2-99d6-43cb-8703-d8bc035b4a53,5559538,CONTROL
93868,e2bb24dd-9a10-4891-9fa4-4de959b8a983,6000438,CONTROL
95271,2eaa0a8e-2e89-46bc-92c8-1d3bff6eef94,5930121,CONTROL
100776,bfc55fc2-f448-4915-a5e6-62b66c706b0a,5468134,PD
77218,f834c887-d24a-4e40-828a-d4a5fcff5a6a,5531353,CONTROL
81094,b9ccd441-08fe-4e0c-9d84-cf8e5728d6d5,5753419,PD
109656,c108b15c-3da6-4fca-8861-200795111980,5853941,PD
98978,42f0005a-eeca-4d2f-ab23-abbcbe527835,6053074,PD
103639,d19cb2d6-71dd-4b9f-97a7-f2dc355958f2,5645236,PD
127367,ec822b07-4b4b-4117-9f7d-7e92e0fee1d3,5832798,PD
93502,ed208453-f996-447b-8589-0649f41e96db,6005495,CONTROL
77343,d31e3b4d-decf-4f41-ad6e-186872a3a96b,5804458,PD
89605,367db4f1-574f-4dd7-87b9-91b2ad103878,5950420,CONTROL
136323,ce8c87c5-d2c4-4aae-9a33-1543bb63e265,5629468,PD
113420,0160664a-f4af-4071-a4aa-2967f3ea0503,5939448,PD
73108,12f76b2f-d925-4981-bbb1-58a55474b817,5410670,PD
99559,d5c5e4de-36b4-45d6-9e41-c8e835d78b04,6059350,CONTROL
93060,dc037cec-4e6b-4f71-8bf7-cd7fc322edd2,5999209,PD
80312,c03f7785-d690-400f-b558-a27380341d53,5714557,PD
78093,ad5c8e92-d3d9-4f8b-b6b6-655d7264db0f,5629164,CONTROL
93293,c572fd93-61de-46dc-9a7f-f41a20a1c475,5995871,PD
93027,416514a8-752b-4122-b396-b1f4b8498153,5991207,CONTROL
84935,0c280144-f771-42bf-acd0-fbbfd019edb0,5820680,CONTROL
76853,6a70c7d5-05f3-42f0-8027-23399570f3a6,5449797,CONTROL
94009,a0c8abc9-4c62-470d-96c1-14c436896b5d,6007610,PD
92241,0b95e050-a6d1-433c-80d6-1573a9457da0,5982865,PD
74554,de6850db-daff-4c25-b104-fc44fdb84a19,5391384,CONTROL
82566,4580288b-180f-4b30-a146-89d764c2f60b,5815108,PD
98002,13b715e3-bbb5-47ae-afd0-8653536836b9,6049264,PD
85859,44d185ac-8819-44f1-9fd7-b0b26034277f,5893940,CONTROL
107207,c74dc54c-1f15-4f0c-9a32-5c625d4cf6e2,5770890,PD
103197,4fac524a-4cd2-442c-bd85-3d8e63f03e5a,5624378,PD
81952,5d4dafaf-7161-43d7-b7da-59dfd905c51e,5810364,PD
79560,7a2b9a37-ab19-4b40-add8-6fa8bc518f06,5607670,PD
77527,698d9fe2-2d68-4da2-8caf-d1780dd28725,5553946,CONTROL
84719,6633c648-95ef-4ed4-89fe-55a51334f8e0,5836763,PD
94329,e174830e-6140-4bc8-b226-169de69fea34,6001143,CONTROL
79031,49ed3132-2df7-4c84-a74a-2fbe9d35d112,5632421,CONTROL
75383,fd228a13-1902-4b6e-b522-7342e7842607,5430972,PD
76449,4cf597f3-e118-4c2f-87b3-af476755e174,5529664,CONTROL
131785,9cea97c7-2c63-431d-9b7c-914af60acb9c,5592486,CONTROL
86604,27567fbc-75a7-4288-b6d8-cdeb85fed36a,5915288,PD
92612,c34d5867-0893-4ee7-ba89-38eb7907d6c6,5996903,CONTROL
97489,06c5fa7d-f00b-48a6-9997-1e7b2072eee8,6040456,CONTROL
92077,77e3b8c0-9b8b-486a-b92f-6bcc420b6ba4,5987895,PD
84321,ae07e392-c2c8-4ae2-99a1-967d0656e179,5853487,CONTROL
75382,edf2e8c7-b7e2-4fc1-b4e4-d2f28f4922bc,5462009,CONTROL
85690,bcc222c2-bf73-40a1-b8f6-2cc37b9b3c2a,5887004,CONTROL
115285,911bf2ad-b97f-41c0-9d6e-786397e71c66,5460096,PD
75066,47d3ef30-9526-407a-850d-04689f4da169,5523243,CONTROL
126012,64c09c0f-8877-426b-915b-db682c68537a,6100139,CONTROL
72865,f1d5be4c-98c7-40cc-a0bc-abf6f7da3aa6,5399066,CONTROL
98581,ea0252eb-1817-4335-9d07-346ecdc54a84,6047471,PD
74838,962a985b-69bf-4a62-8715-88874fe44614,5444449,CONTROL
91623,dc22f6d0-4f10-41f5-8ffb-7bd9725805e2,5973929,PD
75411,7fc722a6-065a-4d0b-a698-9b980360d2c3,5446877,CONTROL
75773,c6c9d080-a615-48f5-861c-b961ab95d706,5519611,CONTROL
75783,f6baf290-d4bd-406b-ab96-b3a2a5dc24e9,5503701,CONTROL
133484,8ea5430d-1751-4718-a4f1-9343176af19b,5447827,PD
93002,5855abea-960d-4476-aa18-1b66fc381709,5996057,PD
101957,4ad61e24-16f0-4409-82a1-b37cb72a92c8,5545201,PD
75116,168948fc-d25f-4a09-8024-d5578021eac4,5471934,CONTROL
94086,ad666d67-9624-4ffa-933b-90efe096562e,6002411,CONTROL
136136,5bf2dfe5-548c-49d5-b0a0-30568ab1afe5,5616553,PD
73407,138160de-f3d7-4a85-8f99-b39f4c2b1908,5400400,PD
76255,49730843-dcd2-4f97-b719-c84a73132c37,5452318,CONTROL
133212,ecb26114-3f30-477d-b396-b2eaba02b694,5431648,PD
108923,7bfa7f2b-6cd6-4f9b-b0f2-cdbcd2a5ef6e,5815673,PD
80249,389ca576-cff3-4aa4-a276-cd20e1904a2d,5732076,CONTROL
106619,e7045566-3b35-4466-9328-d98e6798d6c2,5766280,PD
79722,77d86547-07fb-4363-b9c0-3654b175ab5e,5686135,CONTROL
73250,597311c1-1690-4179-a9e5-4ec0e1266c49,5407833,CONTROL
76655,c5c705fc-6107-4aca-89fb-1109b41fdd55,5521814,CONTROL
75522,ce65ba0d-39d2-43fc-883d-45ded6184963,5477629,CONTROL
129781,07c2702c-c2f8-4d90-917a-8dbbb4bf2899,5471472,PD
86288,6be50d33-ab15-491e-8414-67d0c767d5dd,5888858,CONTROL
91859,6f6fdaca-9f7f-46de-bf9f-32ea43725e29,5988336,PD
90264,2a5128d1-3ed7-49ee-a299-4025d6702faf,5972005,PD
74687,6489c5ae-22fb-49e6-96ca-cb27e707a755,5397889,CONTROL
84795,f7dfe721-193c-43eb-9b02-900099ca2cb5,5820228,PD
74120,0fb2371f-2456-430e-a9a4-f0cfba39ae30,5393142,PD
83165,55cc7a36-8d55-4641-90ed-3a131f26b3bc,5801242,CONTROL
114267,b32e227a-d07f-41bf-8f9b-bf0e1cb9c4d1,5952375,PD
73915,d93fe570-d2ab-470d-9782-25d2d1a6db0c,5508581,CONTROL
99321,724fcf9a-bc00-440f-b2ba-0a9f6ea7a719,6051670,PD
92253,93558cd1-0fb6-4f34-9073-02bd5f7e1348,5985873,PD
119158,45e954bf-4cec-4b56-a957-d305029baba2,5667627,PD
97052,7089670a-ebd8-4733-9c7d-8e442181d80f,6032454,CONTROL
113667,8b33df13-5686-4ac8-8681-815a2df16d45,5939903,CONTROL
90696,62e267ca-1a34-4ec8-bc0c-51a2a5f22175,5968459,PD
109526,68ad3d0b-f67a-4418-a389-e049ce71125a,5856340,PD
109942,3495ed87-6850-4b7b-b626-63fe7eea0e28,5861103,PD
85673,3a8768ba-c0e0-4130-a59e-ddaa73fd4d5d,5895415,CONTROL
105722,1487de4b-b874-4ab3-8acc-e3416bb7c74e,5722083,PD
78437,fd228a13-1902-4b6e-b522-7342e7842607,5677072,PD
111493,341cd0ba-cf94-4c8b-9f59-d7ddf0272b02,5900646,PD
74977,88e34406-7ca2-4490-8b54-b975850eedfc,5519115,PD
73912,9eb5d3ec-ac07-4d80-8aa3-d19d503de7cc,5407763,CONTROL
94923,48383cb5-cb57-41c5-a8ed-d651b2bccbe2,6022728,CONTROL
73369,79645759-d4a8-4306-afef-aca267594ccf,5396241,CONTROL
98430,fe0a1b87-77e8-41b2-9b71-3bd0955b7623,6047773,CONTROL
101325,90e5947d-accb-4ee8-9762-6bbd502e492f,5520352,PD
83679,87260798-1ed2-4554-94c0-732aa0de3978,5827138,CONTROL
121584,8eff683a-5bfe-4c5c-b686-07dbb7c36326,5761282,PD
112468,f4910fb6-da07-47b1-9e80-f2af028f8e9e,5916098,PD
119178,c2de5c4c-9de5-4978-8f9f-9c783ea06ae2,5671906,PD
78892,380974f8-eb35-45be-bc50-54890bb3256b,5608444,CONTROL
89421,262e0c5f-2f3e-49b5-8669-99a85146c179,5955668,PD
76867,29660931-ce38-4876-b6ba-ae5ec0db0176,5461907,CONTROL
90180,354ae435-e61c-49d6-92da-d9f657c6755d,5966733,CONTROL
110315,e67c8b17-09c4-40d6-92db-efbcd58d155e,5870277,PD
90117,27177eb3-1854-4fed-bf91-435dd971b991,5964722,CONTROL
78927,bb906c92-0363-47f2-9ecc-ca5588df5c7b,5660394,CONTROL
82565,4580288b-180f-4b30-a146-89d764c2f60b,5772007,PD
104221,0c8ec688-c888-4692-9fa1-100f2ab9f52c,5676889,PD
73275,e9a37be4-b04a-481f-b300-fa6eac1a8698,5397630,CONTROL
85928,46d98f96-04fb-4361-a682-d81d643cc85e,5890385,CONTROL
106989,c84ffcb8-5533-411d-b74c-1e03e6073d74,5770299,PD
104143,0fe6f42c-d3aa-4405-8adb-c4b798701dd5,5670447,PD
72378,807f3293-c025-445e-811d-ce960942ac22,5405366,CONTROL
82260,6cf80b1d-e27b-402b-a08f-4a70d1971c8b,5801095,CONTROL
89502,45829aa3-2e58-4979-a367-922bbccb58b4,5953014,PD
102058,9018f929-9874-4289-afb6-ddeff89c598f,5537463,CONTROL
76028,c91111a1-d53e-458a-a7b4-38439be95c56,5426227,CONTROL
99302,84cdec84-5148-47d3-822d-b829ef24d11f,6054156,PD
92474,ed208453-f996-447b-8589-0649f41e96db,5996437,CONTROL
134626,21e36b60-f96e-48db-84dd-b7ad9b7535ed,5521584,PD
100541,208e0cb4-6254-4c7c-bc12-ac2a60c3163d,5456325,PD
96116,a348996c-2256-43b7-80b1-a2a9bd6fba5b,6025998,PD
101057,cec69080-0311-410b-9d00-8088d21ccc08,5455151,PD
134273,2f9c4950-2a3a-49e4-b343-ab6277119ea9,5500238,PD
86038,d20eb8d7-37cb-4224-9117-410733a433d5,5880299,PD
115032,07b332a9-e798-4f6a-8156-48bf814d5555,5433974,CONTROL
76864,94668d24-77a3-492f-8c60-f8f7017a7986,5539161,CONTROL
101161,81434ce9-c1db-4717-81e4-f49b0942e321,5455667,PD
101772,528f76d0-9196-4b09-b61e-f7af2164ca35,5517887,PD
75688,e0e5b57b-5ea4-4d57-ac51-acef6d838ec2,5421312,CONTROL
115874,fbf09241-5c47-467b-8a60-4e7913acb100,5497610,PD
106643,a8129ccb-2880-4445-9bb0-4ad1a61573ce,5755784,CONTROL
116634,d1d723b3-3fba-4cd6-94a7-104c8ec9f018,5525216,CONTROL
100583,2d08327e-f265-4507-8927-eac6fd315e6e,5474690,PD
81550,93b9641c-9493-4ca3-8095-de52d808d138,5711485,PD
86751,64675173-ad73-4a39-9a8e-a1b19aedaccf,5913024,CONTROL
72676,f7ba3b91-2fd2-476b-970d-e9e949d5866f,5407520,CONTROL
104975,c9c596eb-042a-4e6b-ba68-d58d05205898,5709971,PD
130174,03d50e89-143a-4084-bc25-4b13077ff381,5494839,CONTROL
93681,02350706-c0eb-4604-8643-91ca6c778ebb,6007303,PD
81173,9882b366-7413-4ed5-bb57-baccc68ed662,5735606,CONTROL
95695,ee8b1690-4c96-4f09-9a7b-946911bdcf67,6020389,PD
98183,dc037cec-4e6b-4f71-8bf7-cd7fc322edd2,6045649,PD
72737,dbbae395-3a57-4887-ae3a-10643d5619d5,5392732,CONTROL
96640,d9290c72-7037-4723-bdc8-ecefa9cad862,6027515,CONTROL
97424,50d10d50-d0af-4e1d-a85d-92cbf6f6fe96,6041111,PD
86582,51edaf10-c6d2-4acf-9239-eded311086a1,5924651,CONTROL
120201,979ead89-70cd-48bb-941c-9c87cc6e4679,5702458,PD
92867,93479e6b-3181-454d-9144-b1b844390c82,5996439,PD
84481,d73795f0-1414-4473-8bd7-d20e4197e0e6,5842999,PD
78578,3da1ee48-8a97-4296-98b8-72c2ae6b2bbd,5623274,CONTROL
79923,11aae9b1-d683-4704-9e4a-2da604e60060,5729067,PD
73418,dd19ea18-84fc-4714-9a77-1d9702d3bf62,5403760,CONTROL
72995,50acc470-0f10-414c-b456-df75f966ac1e,5395317,CONTROL
115277,911bf2ad-b97f-41c0-9d6e-786397e71c66,5449689,PD
79000,8fed26f5-2b44-485e-a68c-c0fd670f9ad8,5632266,PD
73533,13d77f6c-bf51-4112-b7aa-2ed9d5a8f479,5406197,CONTROL
73563,85816dbe-b244-453b-87cc-709d2c1c2107,5403320,PD
75387,22922066-e2c3-4d8a-b528-71dbf5eb8ca9,5565911,CONTROL
87084,4a486118-b297-401f-8036-3fe9be46fbd2,5907496,CONTROL
77324,8073dbfd-a2c8-4a3e-b486-655446a74279,5483452,PD
85236,aad9159d-1b13-44cc-b46b-d815d755c398,5885409,CONTROL
93701,6d7022a2-4b6c-4be1-b61d-699bf2fb4ec9,6007135,CONTROL
82843,bc294d3e-b079-4bfa-b5ec-73fc43ae3ac9,5771909,CONTROL
75396,dee56671-0248-4091-bb41-e0051393eb48,5509456,CONTROL
110771,1ddac747-dec2-446d-b1a4-f0070bbc743b,5884129,PD
82624,2d9cfc07-b958-4aa7-8b3d-0ab9570953ba,5782129,CONTROL
78429,8e083ab1-c4c4-4d71-9788-0f4e8c8090b8,5619865,PD
84500,cca0e761-68e4-4131-826c-9cc4883cc4de,5855290,PD
96202,ea0252eb-1817-4335-9d07-346ecdc54a84,6025429,PD
73301,dd978ebb-6c0f-4a38-b5c1-5d334d6373b2,5398701,CONTROL
88693,ca7fac57-18de-4dad-bb01-520ab8fbd648,5935026,CONTROL
107726,483e75b7-596d-455a-855e-4103bb341c85,6087663,PD
72800,d2f53949-9e46-4e55-8748-dee8860bd293,5403387,CONTROL
73696,b3c0565c-23d8-4d77-9d95-3bc67412f1f6,5389402,CONTROL
84506,918cfb0e-3be8-4016-a033-c508a75f08c4,5830991,CONTROL
91257,3b94adc8-bea0-49b5-b0da-6b494c72e626,5979250,CONTROL
72193,317f384e-0f34-403d-889b-45b248259642,5407525,CONTROL
113702,6f23069b-fbdc-4089-91c1-b0c284cd25c1,5939122,CONTROL
89109,2013ff23-5375-4de4-88f2-690986c2410f,5959203,CONTROL
95160,77e3b8c0-9b8b-486a-b92f-6bcc420b6ba4,6014441,PD
136078,e1aa6a15-9c99-42ae-8971-8c5a0367c58f,5619998,PD
77432,9f6b76c8-6215-4ee8-9b66-a47632f5d5f7,5563310,CONTROL
86217,31cdb823-759f-49bb-976f-fdc13715de28,5897561,CONTROL
127152,6d705c46-fed5-49ef-bac7-95f67e71062e,5822981,CONTROL
114145,ac1fac1e-9e79-45b4-a130-4f1df05d8d8f,5945502,CONTROL
75444,1e0888df-7059-4fab-9dd7-b0b6616442e6,5513998,PD
77935,eb5301a9-915a-44d8-96fc-5a7074f07771,5607233,CONTROL
73211,76109e6d-8227-4b68-a24e-06fb13de2583,5396342,CONTROL
107310,7609833f-879d-493e-bbd4-9b54e310d0e8,5773092,CONTROL
73484,021863fe-1573-4478-823e-457711bf8d66,5393715,CONTROL
89622,0eb60c3c-52ee-483a-b48d-4c6d0b412e0e,5952667,PD
100297,f26e1ed8-fe2e-4b3d-b58e-f9154c4ec4cd,5427767,PD
87045,6cba24ca-80c3-4fa4-bc66-e059b8a1a68c,5925124,CONTROL
81085,77fb6fe7-009c-410c-be36-4c7fd2d8f582,5704133,CONTROL
92114,4b3b425e-5bba-406e-8ed9-7f3963411368,5988716,PD
95000,63b48233-d2c8-4f4c-966f-05be5dce7d1c,6008762,CONTROL
73978,0abc5bd0-3821-4d8d-955d-a356bcaad694,5404873,CONTROL
116660,49cead59-3e1c-48ac-85c7-bffe67dbd09a,5541212,CONTROL
72273,ed2c08b5-ae8d-4f89-88e8-de733624aae8,5401747,CONTROL
112417,54d1a647-e48d-4c70-ac48-7fc0e090a7ff,5919067,PD
73700,ffbe19a9-6033-47f6-b33a-9e045323b960,5405061,CONTROL
81421,673b86a6-3fd9-4257-9150-c5e4d2aaec81,5711770,CONTROL
73443,b8246adc-c450-41ca-ad9a-fffdb1354b18,5409187,CONTROL
79462,08464e37-e976-4356-922e-915e04ba00f8,5655877,CONTROL
112039,334be7a8-26b2-402c-969b-35835693c80c,5906522,PD
112532,8ea3e6f9-d7bb-4fba-a69d-3e34c179249f,5914681,CONTROL
81652,d31ff659-65c3-47ee-aa1a-a7647d66b797,5716640,CONTROL
97745,8c1ac6f7-1fe5-4d89-b2ba-2613639d2f33,6038328,PD
100157,6042a7cf-29e1-4c44-80e8-7f456a3057b0,6083702,CONTROL
125376,400a60d8-f50b-4df4-be25-7566fc39c090,5774577,PD
119399,e742d73b-37d9-42a1-82ad-a0b20cf8ee70,5570855,PD
82742,2b53a09a-b251-4908-8155-a2e7efab4645,5802959,CONTROL
72709,0ba700d7-b776-4489-86d9-c908dc194186,5401776,CONTROL
79553,5004485e-db99-4784-b4be-f91eee813dc0,5680765,CONTROL
108972,133ea6ff-40f4-4476-907e-f0d4170266ce,5823626,PD
88551,faeab8f9-5e6b-48ef-8e87-3cc7e6da3e5f,5943801,PD
103363,953b81e6-42bf-456c-88c1-61393e4dc8d3,5596214,CONTROL
120533,caf22d0c-9371-47bb-a194-dd54a41c6fc1,5583604,CONTROL
97755,adb6be8a-b564-4361-8864-a80a54d99757,6042235,CONTROL
73582,3626e653-c747-4a94-ab5c-41d79c23ef0f,5397931,CONTROL
83670,33b5cf9d-37eb-4707-8c57-1f9f2b43e63e,5824948,PD
96408,5751a256-35f0-4950-994e-cd7ce66572b9,6031314,CONTROL
78395,f2ceaa43-3abf-43bc-9510-bf22708317a8,5620161,CONTROL
111290,5216c72c-33d5-4e01-b050-791cac56d61d,5892463,PD
109962,9ab8c276-8a5e-4ad7-8b05-1b1171f3a890,5861443,PD
77609,4af88fc9-aa5f-400b-a8b3-e2989bfc70cc,5423448,PD
99448,8745e5f5-648b-4d46-bc7d-045fa6e2d628,6058023,PD
86845,46a40034-2ddb-4977-b07b-d75dadfa03ad,5901972,CONTROL
100248,c2a8d888-3ef2-44f7-98f4-f140e8934eca,5428317,CONTROL
78295,4b52f3cc-09b7-4ad1-98c4-7a8eb1e9ec74,5681129,PD
112565,84be9560-e508-4a00-8a82-a51392ead141,5915590,CONTROL
86716,5863cea7-ec16-44a1-80a7-785e652cea4d,5922779,PD
85645,7db8d93d-ec5b-4a21-930f-ffeaceac4eb1,5896240,CONTROL
74745,a27c5091-cc06-4073-8404-dd37c9058670,5533888,PD
96789,11d2db10-7ee9-43e9-8d44-b49f45937cb7,6034366,PD
84759,46f6b9fd-5b7b-4c84-8ce9-89217b886e65,5855407,CONTROL
91021,493aecf6-dab8-48e8-a705-90c285dd3344,5979652,PD
116962,0177a257-8a43-4d56-aa12-8b3965690aac,5536682,CONTROL
103413,1dc92ac2-4e66-46ab-81c8-82621b34d282,5655416,CONTROL
74600,044bc145-af8e-461b-ba2a-d0b91601dbeb,5389695,CONTROL
83128,55cd714e-cf36-462d-b155-93f1af918bc2,5862863,PD
82477,1b3ac010-fc8e-4102-8b69-07c6de8a41d1,5814470,CONTROL
96500,c6548713-d5a1-4704-b2b9-200ce72603b4,6031445,CONTROL
72893,1fd94c85-5d2f-476d-be7c-6a6ddaed48cb,5407866,CONTROL
72968,69621e4e-acc6-4e0e-9ff9-6ca72739e1c1,5403683,CONTROL
77266,9e8429ef-4166-4981-bf0e-9c24741f8336,5529922,CONTROL
107603,6d3921e1-458a-4b97-98c9-bfdd9e78d011,6084518,PD
77724,bea3cecd-3f9f-4c8f-861e-709a104b9473,5660236,CONTROL
93460,a57dcd0f-0dc6-4e71-808b-26dffe02acb9,5998861,PD
81538,cc1a2e66-8c8c-441e-8b04-5092b82492f0,5698030,CONTROL
106978,23a173b4-c662-4bfc-917d-5c8b24bfd9c9,5772634,PD
101036,4c474e45-353b-4685-9d62-9b3f505f5e7c,5472681,PD
72838,a3f00ef8-2793-40d0-8037-9454ab2af691,5396867,CONTROL
89078,27ff0841-8217-4371-9fff-0dbd5b2e1753,6010490,PD
135687,647b619b-64bd-4336-890e-0a9b43476b7c,5590430,PD
102575,56ae37f9-02fe-4a5b-90c6-a0798b75fc95,5588618,CONTROL
106726,1846fbe3-a121-4a76-adce-92563ae2ea3f,5759783,PD
115344,07c2702c-c2f8-4d90-917a-8dbbb4bf2899,5463217,PD
110148,aa9e90e2-e5cb-4e6b-8146-54c666f3ffdd,5872010,PD
83388,8922be0b-d3a5-415b-a38f-79a0009b5d42,5815845,CONTROL
130418,290831b8-dbbf-45ae-90ba-798851ddd276,5515828,PD
101200,55ca2fac-0579-4287-8930-8757529b8203,5517406,CONTROL
74393,6f39f175-6728-40f6-b341-dcbf75cef569,5405244,CONTROL
84400,7a2f4b85-0b8c-46f5-bb2c-5fb0f414d0b2,5830731,PD
75544,0d182f3f-1f10-4a3f-9a77-993bd96d8c4d,5476864,CONTROL
81466,96335bc9-f3a3-4576-aafa-5de39c204b32,5737731,CONTROL
76010,e17404cc-ff09-48f4-bbd9-4167d6ce8900,5565879,CONTROL
134022,256946ce-e118-4f9e-88dd-45984b83c227,5484780,PD
73608,6e62ffae-c3d5-472d-aed7-07b12857a026,5393507,CONTROL
137034,11d05dd0-6d12-45f8-a8ac-0d45ab68e8f1,6089592,PD
76200,382dd1a5-818f-4d90-9cf2-fe44daca7649,5447187,CONTROL
84432,5b528917-274d-4f3d-8239-e378cd2f1ff5,5825892,CONTROL
77244,784ffa86-0468-4a3b-87b8-3b1f6bdbe3ef,5417881,CONTROL
113365,06c1e1a9-d0a6-4e8f-ba7c-138a89e23368,5931887,PD
74091,01749f46-7be9-48a6-9ad0-b12e1f7d97b5,5390308,CONTROL
77583,29af4a5d-e6bd-4642-9025-b42d5e1d0eec,5535498,CONTROL
78401,6ec4af03-1c9d-4af7-ab7d-69f76aa0cd96,5677589,CONTROL
85138,11cfa0dc-8fb1-4e79-b15e-321970df7cba,5899290,PD
78933,06f0004d-7853-4bef-9eb6-c55fa65ea701,5641383,CONTROL
127050,5df64801-119f-43f5-9c84-5310d5cf58cc,5826028,CONTROL
81576,008b878d-8b12-428a-99bb-d39e1db26512,5700004,CONTROL
82702,d65b28e2-bdc8-4d2f-88c7-24c4e621fbde,5800550,CONTROL
103212,0c8ec688-c888-4692-9fa1-100f2ab9f52c,5601770,PD
90217,57824673-920b-4bc2-a974-2b558f226008,5969676,CONTROL
104247,1b8b32e3-b109-4af7-8fa4-d1990711fb06,5678817,CONTROL
84354,2974bea0-3aa2-4a00-9f32-6d5856e62829,5832978,PD
83113,b78c0046-9026-4f26-b88b-52ac26fb2d67,5804617,CONTROL
108668,d41844ca-2d15-45e9-a161-c6bf17ed0d27,5826477,PD
82981,fcfb4b0d-50d4-4de2-b086-7bce4d33ef5d,5774042,CONTROL
77492,032b2615-c169-4072-8a8d-b936e0248a7e,5536924,CONTROL
77657,f9b76ec1-e7af-4f40-93e1-dc484e91b353,5536419,CONTROL
84463,41d014e6-74f5-49e3-aea2-6b4e112289b1,5830647,CONTROL
108964,9af869f8-7cda-4f0b-83ea-b77b9c12838a,5819352,PD
76936,0abc5bd0-3821-4d8d-955d-a356bcaad694,5452667,CONTROL
83908,6dc44e02-2311-4d43-bcdc-d73815c904bd,5834978,PD
73385,721d67a8-4d85-4782-b474-c2654a7a10c6,5391547,PD
127116,dd2295d5-ce0b-43e6-9617-b3708bd14a33,5823356,PD
95728,06e3bccb-ce2f-433a-9d40-7b2c56a907eb,6023830,CONTROL
86462,ebab56ac-e477-4ac6-9e2e-9b69f3a0d35f,5871482,CONTROL
113671,2b61eecc-ec1a-4c1c-88e0-67eab8ef6200,5939737,PD
107872,3f86de53-51a2-49ad-98f0-8f424ae61ac6,5788654,CONTROL
122576,cd769996-6281-44b2-b36b-f0eeb94fa0a5,5548371,PD
112444,d89e4ce2-b5a3-4a79-a5b2-380d20518509,5917979,PD
95988,c4fa3b2c-1fd0-4ccb-92af-3309ca9fb99d,6028735,CONTROL
123534,0ff80ad5-e74d-49ae-ad67-f113e3dbad06,5757334,CONTROL
115790,7bfa7f2b-6cd6-4f9b-b0f2-cdbcd2a5ef6e,5474749,PD
129095,5f2b561d-ef7f-452d-8f62-4c4c37fc8458,5425850,PD
80576,2257e233-5815-4211-b0f2-7f135d1604b0,5760159,PD
91607,986bc332-f3a4-4552-8b2a-c69a9d5e4989,5974619,PD
75101,735bbad5-4388-48de-8ff6-50116ffb4524,5459406,CONTROL
74525,e41711c4-cd3d-4d14-823c-2372db87b913,5397701,CONTROL
133301,c5d34a8a-340e-48e1-944c-645bfdb494fd,5436628,PD
77334,db7c368f-c50c-4751-8e75-185476c215e0,5512049,CONTROL
91919,6e1278f6-dbe3-4740-8054-708dc569fcf1,5983849,CONTROL
91374,6e6f346b-3ab2-4fc8-baf0-95f8ee7e5408,5979414,PD
102188,5769ceb6-6c63-4c8a-a987-d2c9f186a166,5532287,CONTROL
119881,f1303319-bb87-4fd7-a1a7-0ad314de4208,5764245,CONTROL
75951,78f5a034-6b2d-4539-a803-cc7aa6eacc6d,5472702,CONTROL
82580,d08cc1ef-4a7c-48a8-b0ab-bff913a7c243,5802907,CONTROL
73194,41d94f62-3ffc-4853-83c1-99f2a40e1add,5390267,CONTROL
86574,04e900fd-c423-4b57-a53c-3418a1faec3d,5902803,CONTROL
98172,8999fd18-69d6-4228-8856-d3f5cbea3140,6046199,CONTROL
85137,11cfa0dc-8fb1-4e79-b15e-321970df7cba,5872184,PD
107111,e0c58ab7-5ba1-4e60-a3b7-9c28a4e74f69,5775215,PD
86281,5e8b23b2-e722-4dfe-9aa4-56a14d371065,5870450,PD
98550,8543d9a7-4259-49ec-9146-f2f513e35e5b,6050078,PD
90790,a03e8a79-c9cf-454e-ab2e-d998604e1289,5971742,CONTROL
108066,b5122669-a93b-4c9e-90b9-cc32b4818faa,5797446,CONTROL
86519,be1821f6-7616-4440-8edc-1baca63e2856,5919453,CONTROL
122303,702bc6dd-423f-4416-ae41-deded2e81ed7,5639136,PD
74032,1277ffa7-6209-446b-9b9c-8e3fa4167c7b,5389946,CONTROL
80298,e889a3bd-2bea-42f6-8e16-5a7d15a09b5b,5713360,CONTROL
134657,fbd18b71-7eea-4f43-98c4-4d952d0722c0,5518284,PD
81823,d3001bfb-e821-4614-9dca-ab8900395374,5712898,CONTROL
73490,3f2fdc1c-932c-4510-8636-e4ef81a1476c,5410610,CONTROL
92785,b2a0f94f-9d00-43a6-8c5a-e46f3666a38c,5995814,PD
84157,42743c1b-c423-40fc-a497-3ee0ca095df3,5831967,CONTROL
82620,d008149a-f41e-4503-b055-c0bcfc1f2d1f,5804754,CONTROL
86219,a54bee46-ed79-4e61-97cb-538742cd7108,5883938,CONTROL
83395,e0d06a33-7708-4284-9bc1-451edd720374,5795506,PD
135902,02b72b06-b4c8-4719-9b5d-7236e3260c4d,5606526,PD
132680,a4c28d0d-ce3b-4fdb-abb0-f76302898702,6090023,PD
85244,5c7ab631-b144-4ff9-a825-f7a98f8b9428,5872892,CONTROL
95262,9feb2176-5d59-49c7-a895-c14c8e0be17e,6019606,PD
130709,ee313841-2f43-4a1b-9d14-86bb0f997925,5528914,CONTROL
77916,b8facca1-8227-48f2-baee-050143d1f13d,5595586,PD
125789,27ef2662-7fc8-44be-8f3e-822912c76a8a,5784521,PD
73776,055c1e2d-92d2-4cb7-839a-bb5209b3f923,5404189,CONTROL
95537,e4530d2a-138a-4037-9e4e-32f715175556,6020092,PD
124179,4b3dc2fa-54bc-45db-bc23-b59a948723ba,5705139,CONTROL
95793,913b66f5-0666-4ccc-bf95-c9f6e0d60066,6023159,PD
107356,7eeec16b-dad3-4463-b118-c0208ad2759d,5769533,CONTROL
87218,f7ca4569-d7e5-4e53-9cf1-0a447565bcd1,5912775,CONTROL
74663,111b6c0c-2e4a-4b00-a777-16610ea4e12e,5410351,CONTROL
81335,047712ad-df43-4900-989e-1cb624e84b34,5706860,CONTROL
86517,48f65ce7-091f-4179-b1a2-b36ec2fce6db,5903405,PD
113270,8355ff33-b52f-4667-a2f9-09737395e37d,5926585,PD
134451,8ba96360-9ac6-4e74-bf3e-6e84b9329ff9,5510113,PD
105456,47158955-70a5-41e9-b0c5-11c34834d067,5722464,CONTROL
115490,1b0a049f-42bf-487b-a5f3-9fc614b1158f,5449937,PD
129437,b83013bc-d524-4db0-afd1-be3b6e30ff0a,5446817,PD
93478,890c4347-9ce5-4960-836e-b6c8774acf12,5994024,CONTROL
87642,02f42f94-f1bd-4a90-8b98-8fea8680a7d7,5916257,PD
79141,c93a57bf-f1af-4a08-a9d9-9d36c84b6bfd,5645762,CONTROL
98467,53fc50e0-d63f-4767-8c80-b07a2d938d4c,6046496,CONTROL
75036,ab0b71a9-ad46-47fd-b3ef-8b1b83412599,5415457,PD
98120,98b8edc2-248b-4bda-b47a-42a966c064b0,6045025,PD
84819,eafc5b43-71a1-401a-80d6-e97a21717a3a,5823090,CONTROL
99470,a07c589a-e016-4c98-970c-53dd52d696d2,6061616,PD
109611,e89d35b9-9000-4432-8307-c518320d92f0,5857876,PD
88827,d20eb8d7-37cb-4224-9117-410733a433d5,5953119,PD
74627,faa199c8-21e3-40c3-bb29-ddd69b0148b7,5407152,CONTROL
93266,6f6fdaca-9f7f-46de-bf9f-32ea43725e29,5991454,PD
88003,1e0888df-7059-4fab-9dd7-b0b6616442e6,5947882,PD
97702,528f76d0-9196-4b09-b61e-f7af2164ca35,6041410,PD
123283,2010d9ae-4e47-4efb-8dfc-84189917534c,5755327,PD
120698,241670d1-1dff-4ff4-bbe2-d3c8b7024ddf,5597494,PD
85764,9a969a82-d123-4406-9abc-0932d32b548b,5894611,CONTROL
89823,bd9da80c-93c4-4d15-a62a-c76ddbcd22e4,5953742,CONTROL
74791,7108930a-4c27-4940-8bdc-bb693e9b050b,5497941,CONTROL
77433,9f6b76c8-6215-4ee8-9b66-a47632f5d5f7,5517316,CONTROL
109261,edc7ac07-0c33-4954-9d2d-6862c52398ec,5834754,PD
87829,9271b543-7017-4aca-b28e-7e6d8b07e845,5926620,PD
78710,1674dd81-f945-4857-8f0d-71f8f61127b1,5596894,PD
116813,d0ae0ee1-165b-4e5a-9caa-ad8a17688445,5544802,PD
103715,ee8b1690-4c96-4f09-9a7b-946911bdcf67,5652246,PD
114956,b1ff51ac-3f82-42b9-9964-bcc13ef789b6,5442241,PD
112668,cc8ede16-7016-413f-bd7c-88378e007cd9,5925423,PD
77002,77c41c80-7e65-4bb7-b931-870e4a0511a1,5519400,CONTROL
104368,0fe6f42c-d3aa-4405-8adb-c4b798701dd5,5674027,PD
85305,93619d6f-0be6-4d56-99c2-086c0b203094,5893691,CONTROL
98906,317afd78-4ce7-42bc-99e9-0011b3b3e5b2,6057210,PD
114532,434e495f-b997-479b-bfe8-637d1c99eb97,5425903,PD
93609,b8456da9-9095-43ea-9f83-ee7378d3c45c,5999978,CONTROL
99229,568cb98f-e68a-45d7-adef-8e4f37e39c01,6052108,PD
96829,cd91f880-b4c8-4562-b5f7-c8ea45ba212c,6037022,CONTROL
77194,3745c7fc-5285-4059-847e-a9d970a7fbaf,5546370,CONTROL
74472,78332de1-11d4-4d3a-b44d-85d091de9c7a,5409914,PD
129001,b3f2629a-e96b-4289-9056-d8a9fa7a5167,5424844,CONTROL
95858,e697c56e-1b27-4d60-a346-8d8407c1601c,6021401,PD
136929,be0e3c5f-e290-44a3-968b-2604d2603f65,6088252,PD
82142,63d3e080-de53-4715-8221-510b236705c5,6072464,CONTROL
102196,c43e7446-7672-49cf-a56a-032bf185897c,5552330,CONTROL
91924,f059b3a3-74af-417b-a95a-499ad1512863,5986735,PD
74415,3a94b76c-aa75-4aba-a4ea-95fa0c6fda9f,5410142,CONTROL
92794,53fc50e0-d63f-4767-8c80-b07a2d938d4c,5996503,CONTROL
135338,da3c3ff5-2ddd-41f7-ace9-4d231880c9cc,5565686,PD
84361,bcbb1e5d-1343-4e5d-862a-06c1c51860da,5822728,PD
93305,08409cbc-a454-42f3-9013-14d235db3c55,5991317,PD
120028,931f2f33-aa96-4a37-8983-2be5330b6a7c,5618366,CONTROL
72470,dcaf48fc-20b7-4afd-aeea-2d19a1afed49,5390959,CONTROL
88218,3339ab6f-0af6-4975-8225-67cb5753c1a6,5934508,PD
127795,eb00eb9c-2d36-4c32-8929-8e1b4456259b,5850150,CONTROL
81312,31ccfab9-8b8a-4382-ae16-15131e143b1b,5747575,CONTROL
78230,4e386464-894f-4e3f-9ad7-7629f53ebb4e,5602887,PD
73154,e468c313-364e-4c69-bf4a-8d360328736d,5392668,CONTROL
79801,a4497e4a-ecf8-4a43-9f99-48c3f3ee8788,5697071,CONTROL
87076,ca1061c9-4bd4-4af7-9ba7-bbbc93fe9e68,5921180,PD
74325,8066d06f-c919-4e07-af9f-72d58850f298,5409917,CONTROL
73345,ed5b45ef-4763-4340-af01-ac41c48a9191,5397799,CONTROL
73286,1401d841-2306-4d56-ae62-f77a26c0a328,5410018,CONTROL
73015,a22f4e51-1953-41b4-bad7-af179209f035,5403944,CONTROL
74533,87972136-ebb6-4500-afd7-62748225b3d1,5404937,CONTROL
77186,2e9e7175-f3c8-4720-ba34-2bad2de694fc,5498992,PD
89072,5ce69643-aeec-44e5-a5cc-4c06d36f5979,5962073,PD
83472,e08db78f-ce7f-4d8d-8250-119275219b4f,5805447,CONTROL
81515,db93ae75-b4fe-4210-b766-e1e7edf1518d,5698943,PD
82961,8fed26f5-2b44-485e-a68c-c0fd670f9ad8,5782431,PD
74827,962a985b-69bf-4a62-8715-88874fe44614,5501317,CONTROL
109057,a1edb74b-c10d-4466-8a28-0ccea95a37e0,5845762,PD
123078,935773e2-04ab-42ea-9163-ce49268fec4d,5584034,PD
76648,f1d49815-eee0-4ce4-81f5-22ea05d3cc9d,5554522,CONTROL
80318,a7e09a7f-d74b-4c06-8e5f-f011eabbcadb,5734545,CONTROL
100705,81434ce9-c1db-4717-81e4-f49b0942e321,5457759,PD
77486,dd6278ef-16ed-4f04-adab-b0183d2b10b7,5492628,CONTROL
127598,ec822b07-4b4b-4117-9f7d-7e92e0fee1d3,5841788,PD
88935,1ad0a75d-2902-41cf-8150-4629c0ae210a,5956092,PD
72165,06dd4feb-9e27-41ff-8703-e18d07599e71,5390454,CONTROL
83991,4d860201-8f72-4263-8d98-d7baa6e1d225,5862432,CONTROL
76860,e5259491-ab85-4dc8-84ea-a00e27906ab7,5470754,CONTROL
73212,336929da-d854-4726-a5cf-bf9b38de82d2,5408224,CONTROL
106979,d8e98b32-4946-4f83-8c9d-1e1ecfd7489d,5926606,CONTROL
113286,fc1b0a15-721b-4df2-bb32-d0f21a6a3937,5929401,PD
79766,5b68ee80-508b-47c3-9e83-c05bc891be7f,5738473,CONTROL
75447,1e0888df-7059-4fab-9dd7-b0b6616442e6,5551937,PD
73098,01f3f273-fb31-4d25-a9ed-32fb8c9bae9a,5389036,CONTROL
98122,98b8edc2-248b-4bda-b47a-42a966c064b0,6048176,PD
88613,f7fa6783-c214-46fb-801c-45898da69f92,5934233,PD
78212,8f273343-f713-4b8a-8d00-7be20a87a21a,5682108,CONTROL
94334,203d71b5-c9c0-4e1e-8c2d-01a42ed41e18,6002980,PD
76236,5227e39a-33b9-495a-90ac-b343a829603c,5561377,CONTROL
89452,1f753b12-d413-4718-8f97-9198a8defd94,5955620,PD
104698,57f03c8d-1d97-46c7-bfdd-2568a154845c,5703051,CONTROL
135728,d96eb0d4-4dbe-4f2b-a977-55cca40e4035,5587747,PD
76272,cde001b7-c3f1-4b31-a2a1-049a1bc3f8f5,5493928,PD
77733,2e6f5f9a-7582-42a0-9997-267196688c78,5616171,CONTROL
75366,87cc844e-a3a2-47fb-b190-8be47b9ac6a5,5504366,PD
74537,01ba6f8f-b40e-499c-a3eb-e82103e6d84c,5402245,CONTROL
72520,4d7b84a7-4b47-4e4f-abce-f9bf707f2d02,5393141,PD
110428,d65294f5-c173-4908-abb9-d0216f7fbe98,5871690,CONTROL
116056,075e065a-ee03-49ca-9ce1-f68749809e2d,5492023,PD
127817,75ec5eb0-2a8b-496f-bb15-fde9c3e31e92,5847020,PD
80647,74a0596d-a626-40d4-8dcd-f274f8d31dba,5752910,PD
91117,37fb5ab6-9f13-4203-8dbe-b55e76a5f5c5,5979180,PD
108349,2698a8ca-5882-40f9-a52f-b6c5cd2dbf54,5806179,CONTROL
83002,80eb3a0d-50eb-43d6-a96f-39da7b127fbc,6082709,CONTROL
137090,11d05dd0-6d12-45f8-a8ac-0d45ab68e8f1,6092469,PD
100069,d97367e8-65c9-4b76-b7b4-4b72cde0e031,5688340,CONTROL
82997,31b686b9-7995-4e88-b7d4-09217ff16803,5800715,CONTROL
97042,bcd61c73-932f-4e2e-8c49-c7d163e3fbaf,6032699,PD
135067,fbd18b71-7eea-4f43-98c4-4d952d0722c0,5548391,PD
123184,37a788b9-3cf0-482b-8007-e326fdfaa4d3,5644324,CONTROL
116212,36f78c32-2c4d-4dc5-bd15-75f9a0e405c2,5498117,PD
136934,3cf8698b-0e0d-44db-8d6c-d6486c684418,6088693,PD
79078,f3f7332a-725c-4c0f-afae-1d53128972e8,5621214,PD
100347,9f1cbba8-5665-42df-a05c-d866cb3cfe46,5437615,PD
81792,9697c9e3-d8c3-4a79-8866-13f212cf0ea0,5699919,CONTROL
74098,01749f46-7be9-48a6-9ad0-b12e1f7d97b5,5391960,CONTROL
99983,d7caa046-79f4-461c-b6ae-e9cf5654d5d4,5431254,PD
80826,a889964d-5afc-4b28-b38e-65e8e42fda00,5734033,CONTROL
78837,343dd9a3-0e1b-4cf5-9ea8-17ebb75a6498,5630123,CONTROL
88394,755c9cd8-9ed7-4acf-b077-e951ebdc4b2f,5933690,CONTROL
85569,a7df579a-8a92-43e6-b106-ee39c140eb96,5873037,PD
73165,31432ccd-3fa8-429b-8e4f-daf17d31dbba,5392423,CONTROL
133806,016cd339-2d22-4fed-92bb-2341c9a46be0,5470548,PD
133300,c5d34a8a-340e-48e1-944c-645bfdb494fd,5431497,PD
80547,ea03d1ff-a07c-4917-899d-8679f863101e,5710530,CONTROL
87356,fd101450-de2e-42b1-970a-f98a73462415,5922627,CONTROL
95063,87a468ce-50e9-4622-aac3-d4c90c2b1ebf,6010060,PD
86733,b1e0cab9-8202-4dca-b2db-89b862180560,5912971,CONTROL
94578,2947bc95-102e-4255-8d70-53a0d10f9b9f,6015475,PD
85761,668766f9-7922-47f8-8f88-c40451851220,5897906,PD
80763,290e20f4-ba9f-443a-918f-1451c4003bc3,5761272,CONTROL
116268,55bcb727-1f1e-4359-8b48-91a972758042,5500455,PD
123668,0a4662b0-9ee3-4029-af85-7e342cb87810,5659445,PD
82194,02bb6e94-69c8-41c7-a85f-618624d7b5d5,5782002,CONTROL
81834,cc155b55-49c8-4b15-a905-2e5e4546d1b7,5728060,CONTROL
85682,3c6db1bb-7636-44b6-8890-dae70ddaacb5,5884549,CONTROL
76500,2de019be-0d06-4045-af25-5e87bc7dbc02,5514753,CONTROL
96069,8fdfea83-8cc8-4c1b-b581-0f125faab209,6030051,CONTROL
132735,c6a414c1-2143-4693-a0ea-37028d3af443,5647669,PD
116666,cd8fce05-0edb-4ee4-9560-88b88276ae87,5537328,PD
83156,e8bbbf39-3b34-4da9-96e2-d1a485c9f018,5788168,PD
110074,94c5b58f-e328-430a-bfd2-ba06e02d582a,5878289,PD
104674,60d78d1c-0a67-4b66-a5ef-2e20681f8ebb,5689304,PD
108695,d6df0d18-4c25-49ee-aa62-2d03dd2a5b02,5828163,CONTROL
126658,400a60d8-f50b-4df4-be25-7566fc39c090,5814343,PD
78439,fd228a13-1902-4b6e-b522-7342e7842607,5669930,PD
136735,6e19dc65-c5a0-4fac-9465-ce75e004696f,6083313,PD
131830,b3836781-d1e7-4d00-be27-e3240695d3d2,5602692,PD
110601,8baf8023-4044-425a-9183-a6c8cc8f7f15,5884447,PD
76350,32bfdc19-380f-4d54-bde1-4c78850c20ac,5529253,CONTROL
90482,a4191928-b6a0-4170-9a44-baa447555fda,5963483,CONTROL
108927,0160664a-f4af-4071-a4aa-2967f3ea0503,5818006,PD
73140,297f5df2-7109-4a1d-8acd-d9c0053f4634,5395059,CONTROL
105858,26f7d94f-5d01-4370-b9e2-f8ce6d69b478,5720770,CONTROL
78034,ad1e80a1-3f36-41cd-87f4-6904d7784538,5630349,CONTROL
75791,7d08beca-658a-4460-b85a-f5597aa2896e,5569177,CONTROL
104154,90550db0-af30-495f-8d7c-5749577cdae2,5666978,PD
76680,370ed9a5-6154-415a-a1f0-7d0cbbfc69a6,5573891,CONTROL
74365,f5d2560f-7783-419e-aaf2-cc9c8af07e0f,5396735,CONTROL
83363,a3d2381b-d200-4f29-b27e-357b5433580c,5789061,CONTROL
83964,3d476714-4de5-4cd4-b614-405397f88c65,5836703,PD
73396,2602990e-5621-4832-993a-38269857d813,5401861,CONTROL
103668,b1f4d4d6-5247-48c4-9990-28a13d34fc19,5651387,PD
73674,0b9d3886-1a00-4f7f-b61f-0b2963da6f37,5391820,CONTROL
107903,23087d08-1c63-480d-955a-03ce2a26db21,6089150,CONTROL
80013,9761c9fa-44df-4c45-b761-36d32a21a7fd,5738740,CONTROL
77044,4e82b0ec-c915-4687-b0a3-dd52abc7471f,5467836,CONTROL
83912,7a837f11-98c5-422f-8b27-0653a6b6a47e,5863814,CONTROL
92176,08409cbc-a454-42f3-9013-14d235db3c55,5985965,PD
90985,6bf594c1-e842-4c8e-98d5-dc36813bbb36,5975382,CONTROL
87212,6053fa31-b3b9-49ec-8344-3e57692ab997,5918326,CONTROL
95939,ce0433d3-cc03-4491-8fd4-58a39dd6ff35,6018724,CONTROL
90782,fed48c4f-5ffa-4e6a-bfbd-bb08e3d7cad4,5977154,PD
107352,ea66cb62-1e80-4a09-a98d-e589925c957c,5826743,PD
100807,262e0c5f-2f3e-49b5-8669-99a85146c179,5460043,PD
84471,2ab096cf-2941-406d-88cb-788b073c26ca,5821640,PD
103218,ed1b8bdc-5569-4bb6-ae79-c56ab8f4da68,5608594,PD
86447,47d967da-3086-43e2-a94c-850d5a62bf57,5888134,PD
90994,ea66cb62-1e80-4a09-a98d-e589925c957c,5978510,PD
77145,e1561cd0-3533-4985-9d71-108996893a13,5485027,CONTROL
130771,462d754c-dc70-4768-9126-e045cd21c72e,5536000,PD
91125,208e0cb4-6254-4c7c-bc12-ac2a60c3163d,5974041,PD
85163,1ddac747-dec2-446d-b1a4-f0070bbc743b,5894267,PD
84221,7764fee6-d732-4a4e-bfc0-5b406b66c754,5917041,CONTROL
86030,d1944cb7-2f76-4c74-bc83-fb418ca92652,5897402,CONTROL
75285,c68f3f37-9e16-4f47-b641-b2acbaf18430,5570379,CONTROL
78362,bd9e7cf6-08e2-4efa-a989-d4159225a525,5633343,CONTROL
73619,70b6c9fc-d041-4670-9cdd-649f1e11e7b5,5389694,CONTROL
104615,30420b73-44e0-4c3b-a6a4-afff7f008aa8,5691625,PD
119147,549e0f48-4f8c-41be-9912-d85c709bdbdf,5670308,PD
109010,bd54de4e-3a09-42ef-ab00-01742a9ac62c,5845761,CONTROL
110881,5216c72c-33d5-4e01-b050-791cac56d61d,5887109,PD
93876,f9687dbb-7bf1-444d-afb3-9cf6e632fcf2,6003204,PD
112667,cc8ede16-7016-413f-bd7c-88378e007cd9,5923556,PD
83615,38d13929-846f-4b86-bb02-fa20462b099a,5862653,CONTROL
83952,93eaa02e-32c5-416c-8431-eada2b974255,5826242,CONTROL
98414,5e5e1d18-94ef-451f-98cb-10dd33dd1ce5,6045307,PD
87583,bc11d792-ee81-4d6a-80fc-7a6def4a9d35,5911384,PD
130266,d1a742dc-97f3-485b-9458-c24ab01126fe,5503645,PD
86100,75b63b7c-7752-4097-89ae-f9e339b26835,5880716,PD
99637,1e5a92b9-37fa-4351-b5c5-28964fb42f7c,6058254,PD
104487,5d8e6c5b-94a0-4911-af54-7623b2de1105,5695784,PD
96436,2a5128d1-3ed7-49ee-a299-4025d6702faf,6029180,PD
75553,a43aa5cc-4264-41ee-a3de-f0901114378c,5522207,PD
107061,317afd78-4ce7-42bc-99e9-0011b3b3e5b2,5768764,PD
92372,adecc3e7-b401-4c30-8340-a9c6ec24163d,5983230,PD
73950,b1a6fcb6-4cdd-4a00-aa7f-15aaf85751c4,5404542,CONTROL
88139,0085ab2b-7d74-4e88-8117-e9259adb6266,5938156,PD
79342,b9ccd441-08fe-4e0c-9d84-cf8e5728d6d5,5683714,PD
109530,32e23bb4-c2ca-489e-a580-d432d05e015e,5858673,PD
81474,66afb755-c9d5-4cd7-84a5-e53b3b3544e3,5740985,CONTROL
120785,4a737487-88d4-4c11-8bfe-d9fc79197f9b,5515035,PD
133344,cf44db25-e6cc-4576-a698-47f5807339b2,5439885,PD
83757,07895188-2de1-4ab0-a640-2655f78514a7,5843951,CONTROL
81888,50432797-c470-44d4-9962-d130d1630a1c,5797634,CONTROL
110660,8c053b0c-8e06-4f23-a138-56df32752289,5883735,PD
75619,b5ed093c-301d-41ec-8cbb-c71ad77c3bd3,5467255,CONTROL
87031,5e5e1d18-94ef-451f-98cb-10dd33dd1ce5,5913355,PD
78414,4bcafc98-40d0-49d8-8082-0b1e5d7f5db7,5671305,CONTROL
108633,69649863-759c-46cf-99ed-604c94a8594c,5821169,CONTROL
79897,61e223ac-4657-48b8-89b0-d37df5c85d39,5749902,PD
119679,f7e546d8-9831-4cc1-b3ac-176de8da6698,5762591,PD
97783,41768622-94fa-4f50-adff-240e336dc819,6040392,CONTROL
72967,214d0161-a5cb-4ddd-a285-c29a6a07fe3e,5390153,CONTROL
82526,f4a2496d-ca7f-4c1a-b71b-b92354888e1d,5807163,CONTROL
93159,a0c8abc9-4c62-470d-96c1-14c436896b5d,5998565,PD
129416,50adb272-a1df-475c-811e-d324381b8196,5451684,CONTROL
122691,61858ea1-2479-4144-bb3b-ef8415e60ab1,5525390,PD
78440,fd228a13-1902-4b6e-b522-7342e7842607,5624605,PD
75460,81f676e7-0e16-4a36-832f-acba0eb230c0,5494661,CONTROL
75363,6c3850a9-b6cc-4c2c-a609-a7feb945e090,5487437,PD
119279,8e171009-f2cd-4043-bcd6-7283cc373301,5540695,PD
110036,1143d21a-6e42-457e-9726-959baffaff17,5869474,PD
122421,1a382d20-1b1b-46cb-aefc-3450645d108b,5492646,PD
84110,15a4c52c-39be-446c-abc3-26995c3a5fc3,5838643,CONTROL
116851,5c6b4a9f-3e9b-4332-9c90-d3d8bd5935ea,5533710,CONTROL
92849,bedb1d7c-f3a7-4901-a9e4-4db1b26387c5,5993404,PD
123077,4a650fe2-15f0-416d-8493-c7dc50fe265c,5709180,PD
79914,631849a5-d039-4173-9bea-a44c4416e1d6,5761790,PD
81045,f2a19126-3eeb-4588-8290-4c41b8f6582f,5702404,PD
131527,ab6244b9-1f60-452d-9c06-df0209e9e5e9,5580431,PD
73650,4f05f44f-0d47-476c-88a7-70f3fb5c6b83,5395046,PD
81957,a627b898-05bd-4b7b-8104-4ef537076170,5787696,PD
73312,90b8674c-1c2e-40b7-981a-2122b600250a,5401085,CONTROL
114272,979ead89-70cd-48bb-941c-9c87cc6e4679,5951647,PD
112961,b32e227a-d07f-41bf-8f9b-bf0e1cb9c4d1,5921075,PD
125857,400a60d8-f50b-4df4-be25-7566fc39c090,5785292,PD
95869,0ba1a93a-5432-4b98-a75d-955d2f4346ca,6022445,PD
124149,79ef2bb2-d464-4fff-97c8-eec045e2242f,5513094,PD
78587,48c02c4f-0523-4753-bcf1-68d07bebc885,5643379,CONTROL
79774,f96ef58b-79ab-46fd-9694-46479ba58343,5741899,CONTROL
107256,f5e9f04c-0252-4959-8350-57823a91c7f7,5781852,PD
111380,55bcb727-1f1e-4359-8b48-91a972758042,5896737,PD
100143,f9687dbb-7bf1-444d-afb3-9cf6e632fcf2,5439418,PD
104255,341a3fde-86c0-464e-a442-d9fb294a53fc,5663446,PD
111210,5553e5a1-32bf-40df-a387-7da8600f82f4,5892221,PD
134980,30712a06-af02-484a-875b-5b4c268f1b62,5543694,PD
76567,05540bc2-1349-48e4-a147-cd30593015fc,5505524,CONTROL
83900,6dc44e02-2311-4d43-bcdc-d73815c904bd,5820241,PD
111488,8baf8023-4044-425a-9183-a6c8cc8f7f15,5904826,PD
88156,2b9b86b0-9b88-4e8a-a60f-2b5e33051d41,5935465,CONTROL
112061,95f7cb01-291c-41fe-aad0-c53deb4f2f0f,5907645,PD
82856,60c67049-c4c9-4176-9993-73abf6f12888,5815742,PD
81064,5e76677c-4b6c-408c-89e8-87d8fd039477,5747320,CONTROL
74491,9fe2d793-f23c-4973-aafb-c4b13a208d51,5391426,CONTROL
86312,9a1659b8-cab0-4f91-9226-960a21bcdf33,5894134,CONTROL
82213,108c5fe2-4b2c-42d8-9682-fb11002fd02a,5814380,CONTROL
73435,de159828-e2c4-425e-afb2-b81120bb388b,5388880,CONTROL
116467,cd8fce05-0edb-4ee4-9560-88b88276ae87,5528043,PD
126529,15c66b8c-1f91-461d-92cf-2bb6043dede5,5806623,PD
106822,58abf105-ea6f-4c28-834f-7d563e7274b2,5758328,CONTROL
80135,2fd74767-4602-423c-9997-d24aa7237d77,5754169,CONTROL
81222,2ab096cf-2941-406d-88cb-788b073c26ca,5719642,PD
80640,74a0596d-a626-40d4-8dcd-f274f8d31dba,5702321,PD
97153,bedb1d7c-f3a7-4901-a9e4-4db1b26387c5,6032819,PD
102874,7233281d-aef8-441a-94bf-611f956188be,5607500,CONTROL
87453,51cbcf73-23af-4e47-bef4-0ecfc04f02a0,5914499,PD
114530,434e495f-b997-479b-bfe8-637d1c99eb97,5414877,PD
99885,edfab0c7-6bd1-424e-b459-6417c5a726fe,6059283,PD
117444,595a89a5-ef63-4c16-9465-2a7d1a13d207,5579637,CONTROL
119105,7b4a5d18-d6dc-4fab-84ad-da4d31c2314b,5669942,PD
90733,4ba4985a-874d-4a0d-919e-6104e956b431,5963624,CONTROL
127900,ac1fac1e-9e79-45b4-a130-4f1df05d8d8f,5853513,CONTROL
133030,67b9ce15-6b8d-4a0e-abab-249c9849651f,5424131,CONTROL
93494,10d98460-1eb7-48ba-88c7-4bea5830ebb0,5993960,CONTROL
86670,e125a046-a1a1-4ca1-ba1d-c764eec14d91,5906136,CONTROL
89646,9b0ecc01-f89c-4f0b-89e3-a7b233b2a2f2,5955452,PD
72646,a470732a-5efd-4cbe-833e-f6fb7ab4d54c,5405819,CONTROL
75653,2f957925-435f-4eb6-ac34-053b6823a8c8,5482868,CONTROL
96177,776122cd-333b-400a-af9d-39771b26fa4d,6026683,PD
94038,adecc3e7-b401-4c30-8340-a9c6ec24163d,6001010,PD
105973,22c07a06-d6cf-456e-817e-32093cefcbc7,5739546,PD
125764,b5efca70-5e19-49d7-8806-43f5575135fd,5785722,PD
78854,32145922-132a-4ac6-a774-8569a422acc6,5636939,CONTROL
118361,520c4e9b-36e9-4f16-af15-e42367ee3664,5629897,CONTROL
120154,487959bf-bab4-488a-a9ae-67b4e645f347,5492663,PD
76742,b96ffb56-e902-4cd3-a25d-1dc21a7300b0,5453947,CONTROL
111066,32e23bb4-c2ca-489e-a580-d432d05e015e,5896061,PD
101706,1c10a5d2-ebff-4d88-b54d-5aef49de4b6e,5491628,PD
94989,d5de1afc-f9fe-4b04-8d67-06574c6c05e9,6015593,CONTROL
92193,81621469-87da-492f-bafd-103b246ad200,5982885,CONTROL
134239,569da23a-d719-42d4-bd97-9e9e62a49030,5500631,CONTROL
97219,c4a2904e-2e5f-4fb4-9890-7e5c66d2fa7d,6033855,PD
106506,22a5aeef-47d9-41e0-a90a-45d807bbc02d,5764212,PD
92266,ac1dee32-398a-496e-9e31-053c46f78eeb,5989140,PD
127667,30712a06-af02-484a-875b-5b4c268f1b62,5861615,PD
79419,ca7acddf-ac0b-4e07-87b4-bfe9934d7c5c,5687896,CONTROL
135134,2fb90ae9-b114-4fc7-bba3-19845ef08b22,5611038,PD
76458,a5951aaf-e67c-4835-81fb-5c41c90b9db2,5509746,CONTROL
73518,a7ef363c-c34c-4c9d-b297-162d68a1ca76,5407398,CONTROL
133032,7457113a-34bd-4324-935c-f66bd33f1e4b,5424053,PD
79641,57c00a60-e925-4c9d-9220-cf38469a1502,5686235,CONTROL
80498,53f15ecb-4270-45f2-ace2-fb4af68c811e,5704438,CONTROL
88352,ac1dee32-398a-496e-9e31-053c46f78eeb,5930682,PD
87621,8489b53c-5eb3-4be9-8f8b-076fe8b53c18,5903804,CONTROL
78821,03eba1ac-46ec-45a8-9321-2d5b80bf3a32,5638883,CONTROL
80879,b8facca1-8227-48f2-baee-050143d1f13d,5705447,PD
86009,ac58e1e0-6f2e-4318-bf0e-418f261ea8b1,5876890,CONTROL
122494,72a68a80-a22b-4eff-b835-5b7bbec6c85c,5684809,PD
89173,133ea6ff-40f4-4476-907e-f0d4170266ce,5957377,PD
79705,16b68798-93db-4238-bae0-36a606d359ba,5592713,CONTROL
80806,4bd8b493-1398-4892-916a-9fccd94d477b,5723461,PD
111874,afebcbd7-411b-4f0f-8db1-ea542af2c94f,5911102,PD
79256,492bc3a7-cc91-4da5-a368-5beac78dacfd,5609916,CONTROL
101309,6899ba07-f868-49db-9651-3504b6d754d6,5513742,PD
72933,d817bab0-94b4-4cb4-84ed-b86893b81989,5406088,CONTROL
94576,f9687dbb-7bf1-444d-afb3-9cf6e632fcf2,6013793,PD
107500,9c918cec-ba0b-4596-926d-84750d4c965d,5792076,CONTROL
113658,4254ec6b-3a08-4baa-a909-e7737189bb06,5935693,PD
123211,69e73a84-0924-4112-8fbe-9803feaf1cef,5479018,PD
74159,77adb2fa-ee52-438e-953d-00878bdb9ae2,5393644,CONTROL
112746,d1d9a812-9e7c-4bd6-9ad6-7bdde8594989,5921705,CONTROL
72536,479bc0ea-ecc6-4bf9-afbe-1fce37c31b9b,5394537,CONTROL
81254,b5ebd210-cef7-4262-aa8a-666b3d5a5280,5737567,CONTROL
97412,3c39f3d6-fd3f-469d-8594-9e30ec0b658b,6041969,PD
88908,eb1f9a1c-a068-483c-aeff-8815fe1b5389,5960690,CONTROL
98881,33ea54fc-e754-4dda-a54c-234cab5cf08e,6051168,CONTROL
76574,041953bb-9095-4a24-8d46-e1d2de3ed523,5537453,CONTROL
102413,d15e38dd-4b3e-47f4-be4e-f3396bd5827b,5561985,PD
110287,0bc051fe-d863-4e20-8fb9-cc899bf3b072,5871642,PD
84174,50fef3c5-8844-4618-ac49-0386b72110a1,5838905,PD
77741,c61c0b78-7278-4651-8fa2-7c1429ea804c,5593403,PD
102198,3d859196-243f-45de-b3b1-a0379b49d958,5549720,PD
107651,ca1061c9-4bd4-4af7-9ba7-bbbc93fe9e68,5789831,PD
76821,7808370a-fa5a-4383-919c-f5d9ae45165a,5447891,CONTROL
100794,00dc061b-8151-44cc-8eae-4d10f11a5ab6,5452362,PD
97888,34e2480b-3454-458b-86b0-47e176741b60,6041118,CONTROL
128521,ae034992-0aec-4f8b-bef0-21a06e335615,5875053,PD
115437,08c23348-8945-4e2f-a339-969b6699f0a2,5463549,PD
87307,a6152ed8-13e2-4831-92f1-5ba8c0af2c9a,5919498,PD
136709,8c0d5368-69e4-444b-9545-cc1f4a046ee7,6084094,PD
101336,08b5bf4a-44e2-4d25-899a-e65956284903,5523625,CONTROL
106496,00dc061b-8151-44cc-8eae-4d10f11a5ab6,5751353,PD
104929,aae2ab26-754f-49fa-bcf0-bd403bc9d548,5694425,PD
112317,e89d35b9-9000-4432-8307-c518320d92f0,5932739,PD
88940,6e6f346b-3ab2-4fc8-baf0-95f8ee7e5408,5957926,PD
73464,5cc58bfc-50a1-4f47-9e9c-b2b58ab9205f,5389298,CONTROL
108186,c9781d9d-86db-4e89-a034-8fc30954bf39,5799740,CONTROL
111523,341cd0ba-cf94-4c8b-9f59-d7ddf0272b02,5903797,PD
104070,9b3adfa3-30cc-4ef2-9ad6-fbc964f19982,5662174,PD
80841,11fa2e95-094c-45b7-9e4c-b6fb8d935314,5745781,PD
133166,8a67d54a-74e9-4a06-90bd-ad052ffd27b2,5428059,PD
73666,ef37a86b-f5cc-4c8a-943e-ea4d38a4abd9,5388682,CONTROL
90236,47d4a710-6a42-4d89-9c1d-663894ca3414,5968478,CONTROL
78803,5fdfdf9d-0f20-431d-87bb-23dc98dfb01f,5592597,CONTROL
84909,b0f39344-9ade-4a5a-bd81-219911eb015a,5824163,PD
135582,50c7e8a2-64e1-47d4-b767-220fb963eb27,5581439,CONTROL
86646,3436bf34-bf8e-48ac-ad39-f4789084bdd3,5904705,PD
79956,0b493726-27d2-4d21-ad41-91e96772d511,5699123,PD
107333,8745e5f5-648b-4d46-bc7d-045fa6e2d628,5771487,PD
74636,24251fdd-003d-4664-8759-ce5cede5f8f4,5405352,CONTROL
91490,51cbcf73-23af-4e47-bef4-0ecfc04f02a0,5979550,PD
84664,5902f28b-ac59-4a28-9dc0-1d9835eb9a98,5819791,CONTROL
74484,bd31bfbb-27c5-4971-ad97-fcd0a8c810e6,5390141,CONTROL
123544,7fb7afc9-b006-4a44-99dc-409ba90d3fe8,5662646,CONTROL
93083,44f02f2c-1ff9-4748-a714-9bac62b21853,5993142,CONTROL
77691,e4545c19-29d1-482f-8f9c-eef4fcc37018,5427894,CONTROL
88098,269c5321-858c-4411-8b70-79fee695e814,5937991,PD
75033,929e894b-4ebb-4598-bd9b-73f938534279,5462042,CONTROL
79981,9ee94d29-09f8-4488-a556-3d70ce04a72d,5700428,PD
95320,5f2ddd28-2506-43fb-8863-d9b521cb163e,6019004,PD
135136,a198560a-cf0a-4610-86a3-a0bb83701336,5554501,PD
73556,404c3b42-ed6b-473f-abb9-be8be9278ad2,5404340,CONTROL
82918,0eb1fb3d-cffd-4fcd-bdf7-24b411fd2def,5772470,CONTROL
100552,fe06a93f-9312-446f-8dda-17deadbfc82a,5425806,CONTROL
87428,b8b33fac-a8c3-45bd-848e-519f42f38de3,5903809,PD
111382,6e7e8b67-1b8e-4bfb-a1f5-c0069c4980a8,5894736,PD
92368,adecc3e7-b401-4c30-8340-a9c6ec24163d,5990356,PD
94656,c572fd93-61de-46dc-9a7f-f41a20a1c475,6009561,PD
85499,d106ef04-d311-42d0-b143-7bab7b18a082,5884366,CONTROL
74258,dc600bb6-ad90-42ee-99ee-d665ab1a62ba,5395500,PD
79585,2e6f5f9a-7582-42a0-9997-267196688c78,5678352,CONTROL
93863,76ba4b72-6907-4efe-886f-fbe4fbf6e103,6007518,CONTROL
93634,358cd6f2-2d7e-4c12-8740-95db4778af09,6000910,CONTROL
75449,a2c3e2c2-848b-4219-9f33-df1969396661,5555689,CONTROL
72364,09979443-bae2-463b-ba02-07f047716ae6,5394813,CONTROL
81230,3bc850b6-4bbc-4d12-9bca-84ff745c6e7f,5755669,CONTROL
85229,45fd88a2-8ac2-4841-83c8-0e8278d134c0,5880557,CONTROL
78420,eb7f03f5-d4e1-4bf5-b73a-3ce5b8559d7b,5643772,CONTROL
99529,0d4168eb-bac3-4f10-b8cb-785fd3349a47,6063223,CONTROL
136625,a64e5451-3f82-4c01-8c43-f419bc82e9dc,6081995,PD
86952,393614bc-1883-4ed9-9d09-42543d5799c2,5924056,CONTROL
86512,7534e915-1c53-4165-891b-b50a1a6ce764,5912651,PD
88721,ca7fac57-18de-4dad-bb01-520ab8fbd648,5940195,CONTROL
76476,bbf5ab05-2228-49b0-9ea9-0a79bce18da7,5505447,CONTROL
93636,945bb372-bfbe-4ef0-87d9-d268bc0b2d8e,6001755,PD
86058,9d6d5e13-02dc-4961-a577-ff33a9f8fe91,5890504,CONTROL
119906,5d1e7f3b-eb68-4780-8ba4-7de911ef596b,5734251,CONTROL
81974,4f055a5f-e130-4da8-b1d6-0a3d2879dd99,6074960,PD
98295,c03f7785-d690-400f-b558-a27380341d53,6050778,PD
82024,493aecf6-dab8-48e8-a705-90c285dd3344,5809840,PD
113311,3b9ae067-73ab-4b87-bb0a-2f6dc8384c30,5931593,PD
111875,afebcbd7-411b-4f0f-8db1-ea542af2c94f,5910763,PD
124918,d15c8139-2af4-4aba-8ef8-6e54661ac9d4,5466739,CONTROL
72784,d2b327d4-19d3-4c22-8c76-b02269fc0084,5398454,CONTROL
81425,fe892278-6623-4011-9da4-16652bc965d0,5741255,CONTROL
106871,9a8e0d42-3eab-4e63-8b96-5fe5d59c49d3,5774251,PD
100644,483e75b7-596d-455a-855e-4103bb341c85,5484488,PD
79591,ea9b0bd7-5c6f-4f6d-898c-c7f8e9e2949c,5667132,CONTROL
83038,c5aba76b-5660-408d-847e-a7f98a4b4fa3,6075870,CONTROL
81284,94976ab1-1c1c-4c1f-9508-648cc84e4972,5719201,PD
77679,804548c3-deab-4614-b8de-e807edbecc80,5542390,PD
136745,631566d6-f082-4d57-ac91-c895ff4d6de0,6083019,PD
122960,075e065a-ee03-49ca-9ce1-f68749809e2d,5676693,PD
101399,5fd95c4d-c6b3-49e9-b824-50d2df51491c,5491890,CONTROL
72928,73d284cf-9a70-4379-874f-4719df98ec5d,5396119,CONTROL
102531,8a151c72-e599-47eb-ad77-b8f0bf3f4ea9,5568839,PD
126499,6a6a768b-94ff-41c8-b42f-c2db47efa2e4,5807007,PD
90673,d87bd7e7-6c4b-4a94-9b30-6e1381c65dc7,5972479,PD
76709,272519e7-4ca3-4366-a5ed-a47711bf11fd,5537097,CONTROL
85617,2052bcad-3c94-4d01-a9c3-50713c5b19c1,5894184,CONTROL
130504,d1b02d6b-c4e7-400f-a99a-e21c48796dd7,5523878,CONTROL
112246,280e1eb3-8db2-4455-a0f0-0a2b3f2602bc,5909251,CONTROL
113881,36ad38f2-eeb7-4913-9f4d-adb20e53bede,5944288,PD
72955,65362f1b-e646-44d5-bfb4-c32f4dd1f9ad,5399833,CONTROL
76717,c17589b0-3d47-427c-b1cd-1399cfd21182,5438501,CONTROL
100929,89fb1336-6e99-4cb1-ba59-e7ae1f251613,5449640,CONTROL
74766,723ee553-c36e-48b2-9b57-43cbb0098367,5475714,CONTROL
82225,84b385db-d562-4e27-82bf-283e88df54ca,5784791,CONTROL
88278,93905fd2-2314-4913-aaf9-a27e0d65efa7,5930575,PD
76772,d83f5451-168c-4e3b-910d-b8e2bf798d1a,5572196,CONTROL
87431,b8b33fac-a8c3-45bd-848e-519f42f38de3,5919956,PD
86102,31372921-ad37-4983-b6dc-29d45f49ed7f,5874856,CONTROL
74695,1c993b5b-60d9-4f43-a313-d5e6e9d8f638,5393443,CONTROL
75555,7f540a1d-2574-4057-a006-43055261bd6b,5431104,CONTROL
127816,75ec5eb0-2a8b-496f-bb15-fde9c3e31e92,5847165,PD
79168,1137bf6f-92b4-426f-acd5-87fcaacee4c1,5648893,PD
82957,1ae51f0f-8e90-4c83-8eeb-43cb3acf4828,5803835,PD
91814,64675173-ad73-4a39-9a8e-a1b19aedaccf,5987993,CONTROL
83919,93e4a1e3-3f97-47ec-991b-e01ba42f990f,5862565,CONTROL
96717,40cd9a6b-8309-4c08-8a71-c5ef4bbeda70,6031570,CONTROL
117205,ff699dbc-26d4-4dae-8c34-d0fb7b96ae21,5565168,CONTROL
120369,8c05d90d-87b5-4d21-bbb4-7dff631499f2,5655500,CONTROL
80548,4111e281-acbc-4726-820f-86150953d2f7,5726126,CONTROL
121614,8581aca4-37a2-4600-8526-4b5adfaa01fb,5502989,PD
92897,8a4790b3-3bf5-4273-b695-fe703347d399,5997154,PD
105895,2f59744b-6741-47f3-84f1-a6400287bb0c,5743266,PD
121346,324780ec-d753-4ba2-b682-eb3295b5fc0b,5739778,CONTROL
86674,5230b120-f960-49fc-890c-c358d410b441,5906204,PD
117802,e7f0d9ca-682d-4da8-95c6-3b8ffdca0a03,5592594,CONTROL
106553,841b5b7b-d7f0-4489-b371-1edb59fbbfc8,5751081,PD
94696,370c0c1b-166d-44e8-b1a8-e57993c019a1,6014562,CONTROL
81459,86bc8d82-031f-4559-bf4d-a1d68990806d,5736290,CONTROL
89644,9b0ecc01-f89c-4f0b-89e3-a7b233b2a2f2,5955369,PD
97694,f369c8cf-3be9-493e-a62d-2b6fc2fa9616,6038791,PD
115747,beb80def-8dab-4210-9513-61094cf83019,5480254,PD
79341,2073a54c-e5f8-484e-86d9-75bed4207a85,5669836,CONTROL
85103,286c60b3-1a5c-41e1-9354-ca5836b37f37,5876149,CONTROL
93937,b562b352-4ce7-4754-a2c3-1d799bc5fb33,6005342,CONTROL
74625,f053a280-d457-49ff-90d7-58d2cd665fd3,5394009,CONTROL
75510,cddf8d7c-bd2b-4f6d-8b2f-5be21e36fbda,5421840,PD
73688,22e9a983-109c-49b9-892c-23f489852a57,5402955,PD
72700,168fda90-5e80-40a4-88fa-c478e335c964,5393899,CONTROL
89294,f692df5d-9269-4dbf-b301-3809b9fbcc3e,5962612,CONTROL
97747,8c1ac6f7-1fe5-4d89-b2ba-2613639d2f33,6040309,PD
81242,1dda7f8e-8194-4533-8e31-8af6f69bbb84,5714297,CONTROL
92703,27567fbc-75a7-4288-b6d8-cdeb85fed36a,5993283,PD
72657,9f362815-e355-4090-886f-9e1fe94fb446,5392636,CONTROL
81359,06651da4-0fd7-48c1-be70-c19f39101d1f,5747606,PD
72997,dd067f25-336a-47f3-9122-08c31a1c0afe,5400803,PD
83149,47d92c82-2aef-43e0-b783-b6c586f39635,5776850,CONTROL
103039,de623d95-b4f6-4d06-acfb-8293e1201d31,5598626,CONTROL
81958,b9633fdd-4884-4248-bbc4-b04d4482951a,5776952,PD
86851,4f363b0a-ef39-45f8-b751-28bf168c2183,5913624,CONTROL
105552,668766f9-7922-47f8-8f88-c40451851220,5720878,PD
118018,e24901df-03a6-4c94-9b32-41e815d2a6df,5605377,PD
87591,fe1b7daa-104d-4e4b-8bd3-fa5e55be0f21,5907408,CONTROL
111301,f8d44faa-f71a-43be-9fa8-8d381b9cc380,5895716,PD
107493,808bd714-1d45-4db7-8910-db3eed15a011,5792559,PD
77877,9850af88-fdd6-4fe8-8859-24cc2542d135,5612864,PD
80848,dd067f25-336a-47f3-9122-08c31a1c0afe,6003865,PD
80833,b20100d8-af92-495a-96d7-59f552617bf7,5704351,CONTROL
76610,99fc439f-9e38-4b25-a563-7703bdf4988a,5571413,CONTROL
75427,c1e900ca-cfe6-4873-9212-0b49b9797e7b,5527151,CONTROL
72705,d87edef0-b0b5-4abf-9966-f41cadb2448e,5409636,CONTROL
114198,2064e6c8-2e96-4353-8bdb-b08cce2e3c4f,5950788,PD
79400,027c50bf-9933-4576-a884-1debde9cb59e,5625273,CONTROL
109448,4a594906-4d78-4c65-a259-d93122f549d6,5841050,PD
120980,23c1a565-1761-4fe4-90a6-dcc9b9a4ee47,5728436,PD
86854,8beb41cd-e539-4537-90b1-6a82d85f6f67,5914554,CONTROL
88876,560b7d59-2678-4b0b-bd6a-d435c09edf2a,5954446,PD
76250,a5ccda2c-b678-4542-98d2-9b3e0d5b6ea0,5446826,CONTROL
122110,230af3bf-7f59-4ad1-8fb1-8286acfc5f8a,5680239,PD
103155,29ae201b-896f-42ad-b4e9-c146aafb33f6,5605050,PD
81280,41c4fd42-8918-467d-b842-b152d90e4a33,5694984,CONTROL
103066,d30caa3b-06d9-4d36-8412-f99124083b60,5605314,PD
81717,198065cc-3cf7-493e-98ec-95042a6df37f,5750528,CONTROL
75321,0c4c65a7-1076-478f-b07b-e88dc4d8a880,5510122,PD
117929,a0fb7792-8c3e-411f-b4a3-7338773b5321,5618867,CONTROL
84224,f165ae5f-42b6-4d74-8c31-4691c183c483,5829373,CONTROL
78628,4b4834ae-88d3-493f-ac12-e9577dd1c135,5671552,PD
119624,e492c66c-b2ec-4a5c-8d0e-9468df117667,5536986,PD
74465,041953bb-9095-4a24-8d46-e1d2de3ed523,5409013,CONTROL
113589,e5d167d6-6b75-4e91-b066-9fb0ad664c4b,5934975,PD
92741,e44b1f10-dd22-4bec-974b-f1cd489d1e28,5998806,PD
105023,7b75a41d-6ff3-48a5-b540-264d45d2533c,5710435,PD
116203,63a30995-5a9c-44fe-b54d-4dbb09585871,5497615,CONTROL
97090,cb2ef48b-de1d-48d6-98fb-b81f36a82a65,6034926,CONTROL
86947,82641112-ba07-45f8-bb67-7f10ff68e803,5923495,CONTROL
85265,e492c66c-b2ec-4a5c-8d0e-9468df117667,5879758,PD
111815,ffe9fec0-e3c6-44b2-8b4f-8f6f772b99c3,5910424,PD
93859,2175fd86-01e6-4222-952c-716160d58693,6002673,CONTROL
73132,8963c822-4eb5-45f8-b126-9934a18cc5dc,5529116,PD
84007,2571db2b-2f00-4d44-836b-afd7ce888c14,5845938,CONTROL
74283,2171dbeb-adc5-40f3-8f75-526bad06a6c2,5400498,CONTROL
116154,f8d44faa-f71a-43be-9fa8-8d381b9cc380,5510737,PD
121745,776122cd-333b-400a-af9d-39771b26fa4d,5540193,PD
73326,61f3a7b8-354a-4093-afdb-ebeacdf2ac2d,5408946,CONTROL
107820,3482fd4a-f753-436f-a72a-11b39f1755ab,5785672,CONTROL
116664,cd8fce05-0edb-4ee4-9560-88b88276ae87,5550573,PD
128897,ca70994f-b907-4f30-944c-7c084293138f,5419906,PD
117812,ccca23f3-7d01-49b8-b018-2c0bff87aa74,5599047,CONTROL
77031,341a3fde-86c0-464e-a442-d9fb294a53fc,5461430,PD
83066,50ed5188-9843-435b-854c-235a4a7cb1c8,5779502,CONTROL
93911,bedb1d7c-f3a7-4901-a9e4-4db1b26387c5,6007484,PD
104854,9f1f1c63-16c8-47d6-a6d8-4cbc0c9f85d9,5693149,CONTROL
91020,8f273343-f713-4b8a-8d00-7be20a87a21a,5976763,CONTROL
121279,eae99e5d-565d-4ff8-a695-a24d75439d30,5695840,CONTROL
78500,8056c5c2-18fb-4778-808d-497bb6cf6c1b,5663024,CONTROL
76942,5f0de0d8-1acd-4e38-a908-2bbf72b8d084,5487476,CONTROL
78427,6042a7cf-29e1-4c44-80e8-7f456a3057b0,5655971,CONTROL
125134,751a69db-6a32-45fd-9267-e4d4235a7ceb,5568987,PD
85649,90936325-2390-4c9f-9d82-3a4d11524969,5892556,PD
108270,62e267ca-1a34-4ec8-bc0c-51a2a5f22175,5809061,PD
81462,eac3b596-2b73-44df-b49f-5b74199c88a4,5741786,CONTROL
129051,b3f2629a-e96b-4289-9056-d8a9fa7a5167,5423269,CONTROL
80869,5406ea75-329b-42e0-95f1-1b23c40b2a3b,5753265,PD
80981,cf2f4eb9-4934-4262-a7de-49b9bc9c9528,5760305,CONTROL
84438,b72761a5-1b95-4a71-bf37-4d3364e07bd7,5833066,CONTROL
76817,55adff90-d14c-4d96-8339-c9d930c461f7,5538087,CONTROL
79223,789421f2-f18e-4791-88c6-39f1da6aff9f,5667490,CONTROL
73264,b8a41d6d-3353-498b-99e0-a081fa7dbb10,5395955,CONTROL
107938,da11c7dd-6c82-4fd3-8dcf-6906b52e4ae3,5811465,PD
116403,aeaddf6d-0d86-4b41-afbd-78e65fa31635,5515881,PD
73375,91999921-0f53-4d88-b306-ac93d5b7bad1,5389643,CONTROL
73209,9f362815-e355-4090-886f-9e1fe94fb446,5407872,CONTROL
72864,773e80cc-bd5b-4c94-94ab-f703dcbe25c9,5409089,CONTROL
117875,7c3d9daa-9116-47c3-8bfc-40769f2e6403,5616405,PD
88740,f1d3db47-03f9-40cf-8cb4-ae340e892a46,5931363,CONTROL
107891,b9950d56-f8df-4a4a-9396-091f23c9971c,6082960,PD
105945,4c2add47-c85d-4b61-bdba-a9d0fc7cb314,5766856,PD
84473,bda58cbf-a773-487d-bbc4-2fe367e0fcc2,5864466,PD
80125,f96e1363-ff49-4103-89f9-01c87b5cbffc,5742401,PD
106547,262e0c5f-2f3e-49b5-8669-99a85146c179,5752489,PD
78202,47147316-f208-4fd5-a874-ef454d640bb2,5640725,CONTROL
95617,1d342238-c509-451d-ba8a-381b3e10f8ef,6022443,PD
103760,df931327-93d2-4fa0-99a5-9eab3cfa9eeb,5645794,PD
103980,c17abeb7-bfdb-4ddd-859e-2d336f96c7ca,5687713,PD
81899,4c559d42-022f-4d12-b48d-5d1bc424a87d,5806936,CONTROL
77340,d31e3b4d-decf-4f41-ad6e-186872a3a96b,5510501,PD
124887,b3d0797e-ea39-481b-a1cd-dbbe85dcd314,5461219,CONTROL
79203,f3c4c94d-592e-4ac4-8929-cff596860c06,5638733,CONTROL
131784,9cea97c7-2c63-431d-9b7c-914af60acb9c,5595562,CONTROL
77539,b2b801a2-9297-4f9a-8bce-9b8a5ec3dc5e,5492616,CONTROL
89484,8da79786-988c-441c-899a-5e83a1469120,5957323,CONTROL
77735,4e92549b-34a4-4685-b365-e07b92ba8343,5620744,CONTROL
100779,c6548713-d5a1-4704-b2b9-200ce72603b4,5464043,CONTROL
79662,3142a6b2-5479-4f6d-86eb-d2ebf8c5433b,5638887,CONTROL
99688,df931327-93d2-4fa0-99a5-9eab3cfa9eeb,6064289,PD
84445,55ab8b94-24a0-4de9-9f5a-b7afbbd38ecc,5839734,PD
88548,f1f3459d-152d-4060-b315-5e4356e97263,5937422,CONTROL
74363,00fc0b43-f123-4829-9b77-9aaeee8fea41,5410550,CONTROL
79617,a30f697a-498a-4d2f-848d-f81b9db62eed,5667609,CONTROL
101956,4ad61e24-16f0-4409-82a1-b37cb72a92c8,5530256,PD
101122,9d65c852-037d-4138-8667-71a72c8c39ab,5469879,CONTROL
130927,d96eb0d4-4dbe-4f2b-a977-55cca40e4035,5542314,PD
83421,6a04ebed-1b03-47ca-a6db-1bdfc41979a5,5803407,CONTROL
84313,f3c14b85-0b4f-40b5-8cb8-9dd40a88ec6d,5853707,CONTROL
73853,5bf5f0e8-f8bd-4719-94e3-fc9171566b19,5389753,CONTROL
82393,877f8fcf-4491-42f0-883b-f2e4e0a32854,5814366,PD
81559,1a4b6c93-2f9c-412f-8770-4e3f9d29df91,5752555,CONTROL
82972,902d4a36-661f-4ab3-a579-dcc4db6b504b,5787605,CONTROL
80047,9b638d55-631f-40e0-8a0d-45eb9077bd1c,5719338,CONTROL
75346,ce20aa57-4257-4e82-85df-2204573f2ba2,5516353,PD
116982,3331546d-4372-4700-b1b7-45758a7c9f77,5560360,PD
72684,bd3a24fd-b4d5-43d7-b7ab-d7f457dacdd2,5408837,CONTROL
90456,442309ee-3148-4b0a-9df7-57a118c6ef82,5972746,PD
84217,71ba8422-0bbe-42ae-9185-0fca8a95ccb8,5824451,PD
73020,9abc29a6-984a-4557-a9a8-3813e8539b97,5392735,CONTROL
93421,3b01711a-575a-4261-adff-d50f5f79deaa,5997975,CONTROL
93615,d76a9c97-f3e3-4da6-aa2b-e04b01878f10,6004546,PD
113409,b32e227a-d07f-41bf-8f9b-bf0e1cb9c4d1,5934625,PD
131622,51faeedb-bc76-4fe8-9d6e-5bf43b484a94,5584842,PD
79789,76ff3cac-029f-49e5-b4eb-8c7cf57a0997,5759183,CONTROL
79308,8c975cf9-78f4-420e-8a49-26588e5dae90,5648605,CONTROL
77073,4f05f44f-0d47-476c-88a7-70f3fb5c6b83,5413103,PD
92468,0f2c2037-dd16-4b6d-97ef-5a08f313487a,5985408,CONTROL
82562,5423d73f-88f1-4706-ad5e-76c0559cb0b8,5800492,PD
132910,fc13d58f-7b61-4567-a86f-b235eded807d,5416193,CONTROL
72554,dd6db990-ec2c-4c63-bb96-7d32029655ff,5408469,CONTROL
110042,d81ab8b8-fbcc-428f-ba38-a185fa8365ec,5866918,PD
82582,e9b09802-cf9d-4b37-8a1c-fbce4b225f27,5809971,CONTROL
76777,85d0bfd4-2eb5-4bfd-b99b-c1c1c324b875,5572945,CONTROL
117056,99eae8fb-738a-405b-bfc6-333c99a43649,5557346,CONTROL
96634,6bd56ca2-a9dd-4487-8ea7-b525d7c839f2,6026381,PD
135068,fbd18b71-7eea-4f43-98c4-4d952d0722c0,5545475,PD
112585,e787d06a-bcce-4ef0-848e-8b319fc7ce99,5923367,PD
133566,8ea5430d-1751-4718-a4f1-9343176af19b,5453540,PD
80077,444a6838-c541-45c5-856b-94dc5cccec5c,5705158,CONTROL
84945,a8579d77-3dc0-4ff1-b3ba-4fe89f7ec660,5855390,CONTROL
90883,bda58cbf-a773-487d-bbc4-2fe367e0fcc2,5981744,PD
81532,66548b24-98d7-401d-a42f-5af1f0592faf,5760579,CONTROL
112098,b89e7282-e573-43e5-af99-7d8d98137359,5910325,CONTROL
97417,0b95e050-a6d1-433c-80d6-1573a9457da0,6040151,PD
87716,e87e1729-897f-4025-aab4-5e2e4ac9ba7c,5942264,PD
79908,b9633fdd-4884-4248-bbc4-b04d4482951a,5742756,PD
113606,e08bb091-4706-4782-8ab2-4bd9d5ed571b,5935392,PD
111174,e08bb091-4706-4782-8ab2-4bd9d5ed571b,5896137,PD
78296,94976ab1-1c1c-4c1f-9508-648cc84e4972,5634277,PD
84289,e117ea9c-0ec1-4c12-8649-deb985fc3748,5847414,CONTROL
76043,7a837f11-98c5-422f-8b27-0653a6b6a47e,5462980,CONTROL
83072,699e5cf4-4f42-4afa-a9fe-752afc24dbf4,5815849,CONTROL
75912,5004485e-db99-4784-b4be-f91eee813dc0,5468084,CONTROL
72837,a3f00ef8-2793-40d0-8037-9454ab2af691,5405092,CONTROL
107626,8a4790b3-3bf5-4273-b695-fe703347d399,5791002,PD
75831,28b14b96-a7c5-4bcc-a60c-3b9a55e07def,5483442,CONTROL
76771,d83f5451-168c-4e3b-910d-b8e2bf798d1a,5511168,CONTROL
77185,2e9e7175-f3c8-4720-ba34-2bad2de694fc,5535272,PD
78753,90936325-2390-4c9f-9d82-3a4d11524969,5657067,PD
73420,9b73cd13-472b-4887-8335-46ed772b588a,5406886,CONTROL
82325,6f99fa6b-b8b7-4eec-94ee-90520a377367,5800067,CONTROL
84204,b87efa92-fdd7-46be-acc6-caea42212a00,5854808,CONTROL
127239,2bdc9c09-e05d-45ee-b13b-c561cdc6bba2,5827459,CONTROL
96714,aeaddf6d-0d86-4b41-afbd-78e65fa31635,6028959,PD
119894,e8b3b9a4-a48e-4212-aad8-0ee8d9a4f911,5709438,PD
111813,e5bb566a-9f26-496f-89be-f940162a536c,5901337,PD
78995,8fed26f5-2b44-485e-a68c-c0fd670f9ad8,5590376,PD
88335,21e21a2c-e02f-4e8b-a940-27b7946caa45,5946658,CONTROL
121766,df0838f4-c644-4be7-a2f2-5e3b2af78883,5770184,PD
114484,9f02a39c-2d0a-468f-b22a-2354731b5e28,5951145,PD
75233,47243e54-7988-451d-97c4-1223bfdec1de,5552879,CONTROL
86709,7457113a-34bd-4324-935c-f66bd33f1e4b,5907207,PD
88261,1ee6b7a9-30bd-49e4-bb46-9304f19531f9,5936599,CONTROL
108871,7dc52ba5-9ce9-42c6-bf4b-c7ce52d1b266,5816456,PD
100111,25c3cb36-b650-4979-a06a-a614a1e9c942,5423960,CONTROL
122170,c6d662c2-5af8-4781-bb68-d99162d9d1fa,5651825,PD
136661,e2f53a6e-aa4c-481b-b4e3-c06468aea61b,6081494,PD
117114,e2846d92-1531-491f-ab52-f25f98ccb662,5555888,CONTROL
80623,3b20c871-e212-4781-a30c-a0b31923fda2,5712461,PD
116418,911bf2ad-b97f-41c0-9d6e-786397e71c66,5617289,PD
98529,aeaddf6d-0d86-4b41-afbd-78e65fa31635,6047045,PD
75370,58bc63f4-1cff-46d6-82b7-ceb1d1c724ef,5477922,PD
92620,cea0f53c-0ae1-486e-99f6-52744e759af7,5991709,CONTROL
78430,5c81a69a-78a8-4aba-80c2-7bb237358474,5600052,CONTROL
77195,3745c7fc-5285-4059-847e-a9d970a7fbaf,5541155,CONTROL
86161,483e75b7-596d-455a-855e-4103bb341c85,5895229,PD
122973,69e73a84-0924-4112-8fbe-9803feaf1cef,5720197,PD
134919,2fb90ae9-b114-4fc7-bba3-19845ef08b22,5535873,PD
89619,51cbcf73-23af-4e47-bef4-0ecfc04f02a0,5958330,PD
73170,a7bbece3-10dc-4dd1-96d6-262b25797dce,5408668,CONTROL
134886,7c902767-b9b7-44dc-978f-7f246ef3c09b,5536544,PD
77047,4e82b0ec-c915-4687-b0a3-dd52abc7471f,5422182,CONTROL
73096,1a670a79-e3b2-48b6-ad5d-526db58465a9,5403945,CONTROL
115674,0ff0bc01-2178-4962-b308-226c72db91d1,5472632,CONTROL
113125,0fe6f42c-d3aa-4405-8adb-c4b798701dd5,5929436,PD
87593,fe1b7daa-104d-4e4b-8bd3-fa5e55be0f21,5919653,CONTROL
79748,e12ec8fd-c135-46a3-9016-d356a4abe07e,5760235,CONTROL
117196,523283b6-acc9-4375-ab7a-d7240cd690c3,5569490,PD
125229,51faeedb-bc76-4fe8-9d6e-5bf43b484a94,5716789,PD
86842,5b4115a0-8bd8-46ca-9835-db4517e762b6,5906524,PD
76557,747d3dbc-4890-4cd2-b8a1-601f982abee5,5424634,CONTROL
87366,bfc8744c-539e-473c-9f8d-b1d8948f4f51,5910994,CONTROL
135490,8cd62402-4e51-4f70-b511-db50807c6480,5575833,PD
91391,6633c648-95ef-4ed4-89fe-55a51334f8e0,5976187,PD
80160,9f7c8794-c322-4d21-afa8-243cd82afda9,5745810,CONTROL
75142,02a0692d-94da-49c7-a6cb-668076e185ba,5419713,CONTROL
122356,f00ece10-8e77-4bee-8d25-eb5b4d71b98f,5759675,CONTROL
100072,d97367e8-65c9-4b76-b7b4-4b72cde0e031,5693964,CONTROL
132909,fc13d58f-7b61-4567-a86f-b235eded807d,5413515,CONTROL
97787,f059b3a3-74af-417b-a95a-499ad1512863,5471346,PD
76257,bcc222c2-bf73-40a1-b8f6-2cc37b9b3c2a,5427240,CONTROL
108111,d41844ca-2d15-45e9-a161-c6bf17ed0d27,5810660,PD
106413,38a948d4-8fa9-403b-ac8a-76128cc71236,5753355,CONTROL
133751,bc4e6720-cc06-4d3f-a3db-d9ee8d3efd31,5465070,PD
131153,8eff683a-5bfe-4c5c-b686-07dbb7c36326,5554775,PD
125354,f690974e-8179-4564-ab89-1302590861c4,5769757,PD
78555,942f501b-e2f6-4afa-9f56-f2d8ea070570,5613297,CONTROL
75040,ab0b71a9-ad46-47fd-b3ef-8b1b83412599,5422769,PD
77785,bf5e4f56-33b1-4f68-a52a-3ad1d583c01d,5680024,PD
112279,f125e7fa-7a33-4959-abb5-655ceed01d72,5919186,PD
77646,0f67ec69-fdd3-463e-88df-507a59369fe7,5550692,CONTROL
80856,2aa8fa02-4874-4322-bd88-141e04dc45da,5762555,CONTROL
79086,07d38bb9-1c72-41e0-8891-20f9508f842f,5642466,CONTROL
106458,b2a760b7-bd2d-4918-a7b7-6fa385423e11,5749944,PD
98486,8a710464-1d51-40a3-a435-588ee971509b,6046898,CONTROL
136708,8c0d5368-69e4-444b-9545-cc1f4a046ee7,6084375,PD
76869,29660931-ce38-4876-b6ba-ae5ec0db0176,5528663,CONTROL
72206,06fa8645-cfe2-482c-8515-258697c16483,5397899,CONTROL
105809,97d23f31-a114-455b-87fd-fd8bc810f4da,5731749,PD
89151,b567f243-d7c7-4a75-8dda-389de317a210,5955238,CONTROL
82331,d6c1063d-14e8-4226-91a0-8c1d1d049d91,5788234,CONTROL
83308,389a67d6-c324-456c-a922-8d54519b85d7,5785009,PD
95977,65981245-0d78-486c-8466-d705c022920f,6023160,PD
75284,d2d5b5d9-f2a1-4d28-933f-00fb7329bca8,5551356,CONTROL
73730,b6c1860b-c980-4cbf-a07a-78fa46543b08,5398871,CONTROL
92995,fd8938df-cccd-4cbe-b7cf-fa7102147481,5995564,CONTROL
86334,60c67049-c4c9-4176-9993-73abf6f12888,5888923,PD
76147,25f90145-f3c6-4a51-b6a4-e6390385ba3a,5414379,CONTROL
119763,341a3fde-86c0-464e-a442-d9fb294a53fc,5546052,PD
72462,bea3cecd-3f9f-4c8f-861e-709a104b9473,5410649,CONTROL
104810,0eb60c3c-52ee-483a-b48d-4c6d0b412e0e,5690302,PD
132921,4070311b-610a-4d7c-af3b-464ff229adcb,5418477,PD
107090,aa9e90e2-e5cb-4e6b-8146-54c666f3ffdd,5779055,PD
91296,d906aea7-a532-4507-8efe-50335057a52f,5978912,CONTROL
115569,341cd0ba-cf94-4c8b-9f59-d7ddf0272b02,5479245,PD
73010,b84c43db-692d-49e5-8231-8c7007fc2159,5394676,CONTROL
109177,808bd714-1d45-4db7-8910-db3eed15a011,5860195,PD
72694,f2d9d012-b4e8-492b-8d0b-1b96e83bdfb5,5470010,CONTROL
74203,f45b1258-3985-4cce-b6b1-9241bd02e1ca,5400927,PD
79805,7f9fe9f9-f258-4284-85fb-68069a1395e5,5717043,CONTROL
85901,edfab0c7-6bd1-424e-b459-6417c5a726fe,5894353,PD
83150,47d92c82-2aef-43e0-b783-b6c586f39635,5782964,CONTROL
82773,4a56ed37-6bca-4643-aa2f-24a71d4d63b0,5799765,CONTROL
73344,9850af88-fdd6-4fe8-8859-24cc2542d135,5408788,PD
87725,0ff78cd3-71c0-4586-a34c-d7b05e101de5,5947866,PD
99538,417e3de3-37c0-4696-aa7a-72464d3b7b7b,6058507,CONTROL
102354,fb1855fc-b16c-4b37-a8b8-c1c1ce772c27,5540620,CONTROL
95961,2b6f2122-b917-4fb6-aa7a-89f718923284,6018854,CONTROL
93229,483e75b7-596d-455a-855e-4103bb341c85,5997796,PD
76653,96cc67a2-f7ca-4c0a-aee2-5c2d2c12e081,5510281,CONTROL
78972,bb97f3f3-0a92-478c-ab43-7514587c86e4,5640534,CONTROL
92524,4a318f75-f290-44cf-9bb3-5080e546b13f,5983260,PD
81182,75e16764-2272-4d4c-955b-2ecb34b15442,5733223,PD
80492,e95cc9c2-6576-49ae-bb3d-9215b149ccfe,5747795,PD
96517,6bd56ca2-a9dd-4487-8ea7-b525d7c839f2,6030339,PD
132997,9b3adfa3-30cc-4ef2-9ad6-fbc964f19982,5423192,PD
90063,8d092fe3-871d-4651-abb9-06bfcbaf27b8,5964825,PD
101337,73d67610-d66b-4a4b-b606-d98a8ada5f03,5523447,PD
85762,9a969a82-d123-4406-9abc-0932d32b548b,5898480,CONTROL
91339,62e267ca-1a34-4ec8-bc0c-51a2a5f22175,5979031,PD
80669,7b0e74d0-4d2c-4407-b313-835ed615227f,5740153,CONTROL
83978,af11ff58-dffe-4930-bf52-584e0f1cbc5d,5842722,PD
95686,67258105-115d-42aa-af10-fabaf10b462c,6021764,PD
78901,93b9492c-13bf-40be-93bb-e88778cedeec,5651579,PD
85588,bca66a7c-4277-45ed-aa81-15ac73bfb554,5870392,PD
77026,5ca1c996-645f-4749-9da2-02558f01207c,5517995,CONTROL
98443,d30caa3b-06d9-4d36-8412-f99124083b60,6047586,PD
134966,e2749d3c-6186-4013-925d-2e7f28a6e035,5547322,PD
78909,20698a9d-564e-4848-9ee7-c079c916f036,5614024,CONTROL
104163,04ba161e-dbd8-4aed-8596-531c609250f4,5667133,CONTROL
89979,ca1061c9-4bd4-4af7-9ba7-bbbc93fe9e68,5968502,PD
80485,b66a97f4-0cde-4b00-a5ab-5d228d1e79bc,5700222,CONTROL
80291,559d58b6-ab77-48d9-b1b4-ff8db58ef3ef,5733636,CONTROL
115853,61ff874f-406a-4367-abba-5d3d79289cac,5473357,CONTROL
93486,85ca2391-8679-4b7b-90d8-9097cc4481e9,5991947,CONTROL
103743,b19be7c2-2827-4c8a-82e2-7b42b7e58efb,5665265,CONTROL
96403,e8c9152d-c1a2-4bbc-9fb0-8d327220ed45,6026446,CONTROL
78037,0da99328-71be-4d6a-862e-ac58f58b90be,5594627,CONTROL
72823,134bb3f4-8cd7-42b6-ae6e-6dafbafa77dd,5395045,PD
92326,d6ef0b96-cdfe-4319-bf20-925b2cfc2f62,5989597,CONTROL
74161,0cc87417-f009-45ed-9254-254a057e56b8,5396887,PD
77898,d055b291-7227-40f3-9bd6-f6eaa68d5d89,5642775,CONTROL
117784,196f96c3-4177-4284-ae0e-9f3e4dd5874e,5598204,PD
79944,804548c3-deab-4614-b8de-e807edbecc80,5758590,PD
75710,e8383fa2-f87d-4fdf-bd0d-4b8c62662ecd,5431875,CONTROL
87938,12417f24-2036-4889-b990-9b24097867fe,5938186,CONTROL
83624,4e4bd725-ff72-4690-9615-0624d09d7dbf,5861831,CONTROL
86165,90a69766-d574-4f80-a3e6-17ac5fd0ee52,5893322,CONTROL
91969,65d8c6d5-64a4-4f5a-b69e-a0d30152b5de,5984067,PD
116244,3da9bb7d-123e-4715-aef9-c51a7a9fa0d3,5498857,CONTROL
77155,87760424-d807-47b2-99b0-1fb6cd5713f7,5522106,CONTROL
87710,a186994a-7780-4257-8c3b-549176e6c7c1,5933259,CONTROL
97092,cb2ef48b-de1d-48d6-98fb-b81f36a82a65,6036400,CONTROL
73102,146b16ca-e53f-464e-b0c6-3ebb5fafa783,5392701,CONTROL
88754,02f42f94-f1bd-4a90-8b98-8fea8680a7d7,5931270,PD
111644,4a594906-4d78-4c65-a259-d93122f549d6,5903736,PD
131341,b4bb8c67-33ac-4333-b1aa-6b79babc40fc,5551506,PD
126344,764cffae-c5a6-4b32-8011-5570046a0fdc,5801096,PD
89676,efae3aa7-5489-4c5e-b477-7f25e1a30ab1,5955778,CONTROL
93434,52449db2-91ff-4ae6-a523-0c356c49e341,5993597,CONTROL
103104,71785e8e-1b41-47af-b88a-2e0733e14e2b,5614810,PD
74758,98fe8fe8-b3fe-48c3-ad9a-554884f5af8d,5485618,CONTROL
111399,a1e6cf50-c2e7-4849-ac7d-96058464aad3,5899786,CONTROL
127755,cdb18d7b-6793-48c0-8085-63c2a71ce5a9,5848443,PD
90629,0dfc9f4c-8178-489f-bc11-bbcd83c0a3b2,5967454,CONTROL
118800,74de3c85-715c-4962-9cd7-28bdf4e96a73,5664161,PD
88024,c7cdf9f7-0c93-4e13-a8fe-d4ad66404e25,5941351,PD
74385,b92b82bc-01b1-42e8-919a-b7b861db2ff0,5394323,CONTROL
92691,d33cf538-25a6-4294-bcfb-0b23cc169ff9,5993199,CONTROL
107323,c959f434-9f57-4730-b4c1-804789db0a33,5775988,PD
73428,e46b17c3-36ba-4de6-b0b5-0bea7814ce78,5399004,CONTROL
133662,8ea5430d-1751-4718-a4f1-9343176af19b,5460272,PD
74375,4c4682f0-930f-464f-99db-f0f0fff862b5,5406645,CONTROL
89718,2a5128d1-3ed7-49ee-a299-4025d6702faf,5961037,PD
96954,5f11fe75-711a-4857-b770-25a3504579f1,6032995,CONTROL
125419,5b4115a0-8bd8-46ca-9835-db4517e762b6,5774281,PD
105633,5c6b4a9f-3e9b-4332-9c90-d3d8bd5935ea,5728921,CONTROL
106608,937682c3-93f8-4c5f-bf6d-2563389b9145,5750224,PD
73616,7f8c5161-0610-40fe-8dae-c5276a9ab4f9,5393218,CONTROL
123790,46242d15-41f9-417c-b454-ddd95a4f451c,5721864,PD
73575,d475c378-e7bb-4271-9681-8c078224dab7,5400029,CONTROL
73738,5726fd8b-667a-40fd-859f-1d2c13d1a14f,5407863,PD
127599,ae034992-0aec-4f8b-bef0-21a06e335615,5841146,PD
107451,f5e9f04c-0252-4959-8350-57823a91c7f7,6090034,PD
87531,d3dc7b34-4f48-4b06-bce5-78948cdeec4f,5902864,PD
77930,942f0e3a-f060-4b94-9cef-d12c569b71eb,5624962,CONTROL
85120,bc11d792-ee81-4d6a-80fc-7a6def4a9d35,5899157,PD
107022,5138bcf8-3d6d-43db-8e83-9bc7198be930,5773691,CONTROL
81408,224f2475-db87-4719-829a-2c8c1f67f290,5749791,CONTROL
72342,2da18bd2-8a66-44bf-b9ce-99fda731ef4a,5403413,CONTROL
95908,b350e11d-386e-4a0b-9b5c-87a02d3c64d4,6017239,CONTROL
122324,0ff78cd3-71c0-4586-a34c-d7b05e101de5,5745627,PD
87908,afafb1f1-3d27-4b0c-9093-2fbed785175f,5934447,CONTROL
74762,acc57679-30f9-4cb4-9b7f-1167f43561c7,5517517,CONTROL
94529,09670b1f-23a3-46a5-8daf-f78f577b7697,6016186,CONTROL
74520,9a29f6d2-ac4e-46a9-95a9-580ee7161fe2,5404661,CONTROL
72484,b8facca1-8227-48f2-baee-050143d1f13d,5388542,PD
137093,11d05dd0-6d12-45f8-a8ac-0d45ab68e8f1,6091433,PD
107966,f24c4262-927e-4c2d-98ec-b3dddf4d7082,5798969,CONTROL
73065,4648594e-3226-430f-bc74-0e36567f1f20,5397016,CONTROL
108234,d41844ca-2d15-45e9-a161-c6bf17ed0d27,5811577,PD
129700,d0db0f05-d036-4fce-aab6-2f3ebfd68db1,5467447,CONTROL
120367,ac01f080-96a4-4faf-bc80-291a996f6edd,5746234,PD
87067,c6f0deae-c89f-4775-a245-bcea330cc78c,5909066,CONTROL
117031,36f78c32-2c4d-4dc5-bd15-75f9a0e405c2,5560070,PD
125497,bc6d79c1-6f9b-45fe-bf31-9f44d1d4eec9,5776467,CONTROL
136904,d96eb0d4-4dbe-4f2b-a977-55cca40e4035,6087348,PD
79395,11aae9b1-d683-4704-9e4a-2da604e60060,5686557,PD
122155,03d50e89-143a-4084-bc25-4b13077ff381,5599442,CONTROL
91216,1f2644c9-0117-4783-baad-974042878869,5975902,PD
76644,d4002249-0e71-4f9c-9ee4-221f932e4824,5519884,CONTROL
87072,78010fed-1684-4cd1-871d-3ae32d30c636,5911898,CONTROL
80039,51936928-41d2-4090-8d27-751866298d3d,5750389,CONTROL
76955,7720f3a1-fd20-4713-9537-3cfa39e4869f,5434540,CONTROL
108983,877f8fcf-4491-42f0-883b-f2e4e0a32854,5838034,PD
82955,1ae51f0f-8e90-4c83-8eeb-43cb3acf4828,5778893,PD
108448,10833207-29da-4e20-82a2-8edffa4ce588,5807618,PD
88272,9f914e90-fed6-492f-883b-033282f893b2,5943947,CONTROL
111016,54a4aacf-cc21-4abf-a968-c7510cf9ce9b,5893795,PD
75568,c2d50300-7ee3-46ab-91ab-91979a4a7b0d,5494475,PD
76144,52f94274-efc4-4055-9dc8-fe318a402750,5421205,CONTROL
72491,98196e5c-b777-4ddf-b8ea-7c1b807cbd62,5389090,CONTROL
82932,c64858a7-c69c-42b3-a851-9acb010b6979,6074521,PD
84362,79e375ab-4309-4db2-93b2-730d32286157,5855675,CONTROL
123541,9a0ca54e-a193-47a3-9a5f-44030467b6eb,5589810,CONTROL
85844,22249fb7-2426-4ad2-9d3d-472ebd003a05,5877719,CONTROL
85074,3495ac97-a8d0-4828-82e8-863e4eaa6fb9,5894571,PD
75159,9de0b715-f3ef-4f19-99e7-8b8620522d77,5472915,CONTROL
94575,8caba3e4-2a38-449a-83d3-b3eb2daee061,6012494,CONTROL
133137,cdff1b96-dce7-4ef4-822f-c0d8c143ed6f,5425688,PD
78621,efc34fa3-d679-43e5-a469-966346ad969a,5688318,CONTROL
75670,1674dd81-f945-4857-8f0d-71f8f61127b1,5546149,PD
84620,5230b120-f960-49fc-890c-c358d410b441,5831727,PD
77704,b0cd6c1a-6e14-431a-bcd8-b7594667aa8b,5467497,CONTROL
75574,7f540a1d-2574-4057-a006-43055261bd6b,5504650,CONTROL
85533,45131c80-4b01-4568-a567-d25ed9eee6ad,5869483,CONTROL
76938,a94c29c7-8e6f-48a0-a4c2-931239ed484f,5546981,CONTROL
134100,8c3a77a3-9fa4-4606-bdcc-5dbb9f93d175,5481055,CONTROL
131788,cb8c2ef5-da46-43d7-b24e-c03c88061995,5590706,CONTROL
85940,cbe869f1-f6a1-43b3-a555-1a3c9aa4fd85,5899495,PD
81751,bdd95b1b-0ff0-46f4-a245-2c19b8de191b,5750282,CONTROL
81313,66548b24-98d7-401d-a42f-5af1f0592faf,5727192,CONTROL
94901,23d0badb-95c2-4ec0-b85b-15c2929421a6,6008717,PD
104668,60d78d1c-0a67-4b66-a5ef-2e20681f8ebb,5696991,PD
88293,6ec569a0-9ece-44fd-b24b-19fba6782b9d,5947518,CONTROL
75079,796077a0-c6ea-4e6a-a68f-40bd7119de0e,5505192,CONTROL
91648,3ca6b81d-22d7-44e9-b4bd-4c833b4396ce,5980039,PD
132040,c6a414c1-2143-4693-a0ea-37028d3af443,5610555,PD
106499,8baf61c8-1ad8-44e0-86c0-f29c6d564cb5,5755277,PD
127264,dafdb194-6d64-47de-9ec0-5427bacb74cf,5830197,CONTROL
79033,dfe7c492-d11f-466e-9432-f39fd4755dd7,5664050,CONTROL
86371,fe49f657-5553-48ad-a7a3-c3b2521324d5,5884841,CONTROL
126236,0ec305ec-c207-404b-9c94-1207819c7d1d,5793127,PD
75368,416a984c-4a94-452b-93be-499c1ac374d6,5449214,PD
114110,916b304f-2392-4134-9f2d-0bad3fde3173,5943992,PD
85271,db93ae75-b4fe-4210-b766-e1e7edf1518d,5869538,PD
84298,9ee94d29-09f8-4488-a556-3d70ce04a72d,5831970,PD
103486,5e18a646-1884-4f05-994d-50d7b890271b,5658518,PD
79507,164d983f-0316-42ab-ae64-2a554ccae23c,5682507,CONTROL
75682,d848ade0-4f98-4369-9e62-ef7e92f03edb,5414466,CONTROL
76434,eaabaf26-7b3c-4100-ba72-6119f94c27a1,5551862,CONTROL
119425,fc5daf3d-baa4-415d-8ae5-d456afa65082,5606228,PD
78559,942f501b-e2f6-4afa-9f56-f2d8ea070570,5662333,CONTROL
89000,1b60aea6-7295-4a0b-a2b1-34542b73212e,5957865,CONTROL
115890,462d754c-dc70-4768-9126-e045cd21c72e,5504295,PD
95331,b45c6456-396a-47bc-b178-918bb0261927,6022079,PD
82468,f87dc97f-ecc9-4037-b73c-72ef49309da0,5810761,CONTROL
110685,8a4790b3-3bf5-4273-b695-fe703347d399,5886380,PD
90116,387bd1c4-90df-48fa-8b8b-da2df2cfddde,5966468,PD
137155,1c9d0333-b4ac-474d-ac87-f7941fb02443,6092590,CONTROL
105699,8d62ec4d-6ea6-4894-9212-7ec8e334dff6,5731644,CONTROL
93284,38b85468-181a-43c3-8e3e-d1207eabc85e,5997746,CONTROL
116572,1df4be0a-0ca9-4d09-ac65-73424dc45a19,5513462,PD
82499,54db303d-a4f5-4d28-991e-2bbba382f80c,5774096,CONTROL
74016,e398ff7f-d674-4e7e-97da-5c2234543973,5489016,CONTROL
80397,50bae800-9795-4ead-9f11-475d61a24feb,5738724,CONTROL
94275,3c39f3d6-fd3f-469d-8594-9e30ec0b658b,6003219,PD
73860,4525f9dd-1e9f-493a-b839-b90fa19c526c,5402471,CONTROL
103888,84cdec84-5148-47d3-822d-b829ef24d11f,5647138,PD
88269,9f914e90-fed6-492f-883b-033282f893b2,5929029,CONTROL
108712,d81ab8b8-fbcc-428f-ba38-a185fa8365ec,5821626,PD
96323,00dc061b-8151-44cc-8eae-4d10f11a5ab6,6026717,PD
88167,7dc2a552-c786-46d4-8f29-8b22b399c246,5932182,CONTROL
93213,02350706-c0eb-4604-8643-91ca6c778ebb,5996492,PD
89772,c1caeee0-2ec4-4ff7-aee4-2acf69b75054,5949552,PD
73715,223e34b6-ce33-48f3-a859-b7a06ad3201c,5404522,CONTROL
76675,560b7d59-2678-4b0b-bd6a-d435c09edf2a,5416362,PD
88798,d0b9e9bb-d20b-4cb3-a2dd-6a944c39e81f,5942569,CONTROL
135988,6e19dc65-c5a0-4fac-9465-ce75e004696f,5607479,PD
83140,99c5cb4e-cbab-423d-b0a9-2af9836ca63d,5796707,CONTROL
87323,39dd0aac-4b4e-43ec-99fb-8883adc86c4e,5910131,PD
110662,8c053b0c-8e06-4f23-a138-56df32752289,5888729,PD
99193,1e5a92b9-37fa-4351-b5c5-28964fb42f7c,6051399,PD
86425,02f42f94-f1bd-4a90-8b98-8fea8680a7d7,5887150,PD
107410,7c61ee6e-b433-446a-b140-f20299873c2c,5785177,PD
81073,0521d7d0-2a1f-48e3-980f-9e6914c47630,5705519,CONTROL
74786,c72e501f-5e39-4042-88d6-b2957d1b0b41,5451203,CONTROL
111873,75e16764-2272-4d4c-955b-2ecb34b15442,5908418,PD
99258,32659e69-6649-4290-95d4-b263576982fc,6056387,CONTROL
97459,8baf61c8-1ad8-44e0-86c0-f29c6d564cb5,6038289,PD
135724,217dc372-85f6-4eed-92d0-c80baae6af6d,5588184,PD
125267,58ecd2e3-66be-4596-bc48-dfb2d009528a,5732788,PD
96330,50662381-3936-4a06-a1d8-b1d486159325,6025342,PD
132113,ac7c3961-9268-42b7-aeb7-fc4c49c7a6bb,5617419,PD
76343,ebcd397b-e6eb-42d7-971d-19e98ececf01,5440631,CONTROL
94317,63859eb9-8c49-4f41-8925-30ce22275314,6002384,CONTROL
97147,53e69a28-ff70-4c9f-8d49-d66ffe4bf9e3,6032142,CONTROL
77463,ccd594cf-920d-4f5f-8c70-23e3f9c0e957,5535907,PD
113936,3b9ae067-73ab-4b87-bb0a-2f6dc8384c30,5947925,PD
123564,a38c48a0-0ab7-46fe-80c8-6cc55d9b8bbf,5545385,PD
81797,a9325c62-2e15-4ca2-b166-303292d1aa47,5696168,PD
135989,ca70994f-b907-4f30-944c-7c084293138f,5613343,PD
105294,cd769996-6281-44b2-b36b-f0eeb94fa0a5,5706975,PD
102306,fc1e78e6-4856-4ba5-a2b1-4b0a0d9b7a4c,5549869,CONTROL
96791,11d2db10-7ee9-43e9-8d44-b49f45937cb7,6037495,PD
103380,bb91ec4b-ab77-483b-b35f-fa039bc8225d,5619930,PD
73383,58a709ab-6799-47fb-9f49-e968e429e000,5395385,CONTROL
92893,c7cdf9f7-0c93-4e13-a8fe-d4ad66404e25,5993357,PD
111354,54a4aacf-cc21-4abf-a968-c7510cf9ce9b,5894882,PD
90530,dcf275f3-662d-49e0-9488-dfdb72d6354c,5970397,CONTROL
77891,8963c822-4eb5-45f8-b126-9934a18cc5dc,5832196,PD
111619,b1f4d4d6-5247-48c4-9990-28a13d34fc19,5904352,PD
84906,b0f39344-9ade-4a5a-bd81-219911eb015a,5830150,PD
108260,d76a9c97-f3e3-4da6-aa2b-e04b01878f10,5800905,PD
79704,b930be52-5a24-4ee1-861f-306ddc74382e,5614437,CONTROL
97968,eb7eede9-58ee-411e-92cc-3fdec74bc7b0,6043629,PD
82743,542e46b9-3437-497e-893c-2ae34052df68,5786071,CONTROL
116074,9a201650-4a5b-4637-ab5c-828d8f3823c5,5507882,PD
88980,8baf61c8-1ad8-44e0-86c0-f29c6d564cb5,5950460,PD
136960,0f377187-304a-411a-92e7-8ffad7816a1c,6088073,PD
94737,85ca2391-8679-4b7b-90d8-9097cc4481e9,6009266,CONTROL
107258,821e5fcf-6960-4c50-b370-289e33a55069,5774501,CONTROL
72202,18510031-9115-4551-8aa5-a9ed11202426,5396508,CONTROL
86849,e2e80162-36f4-42dc-85a7-efaa520eaf8f,5914034,PD
93442,ce8f4f4d-65d3-4edb-a602-3d11a391ea60,5993176,PD
82583,5e5e1d18-94ef-451f-98cb-10dd33dd1ce5,5808354,PD
110149,aa9e90e2-e5cb-4e6b-8146-54c666f3ffdd,5877518,PD
76617,390bb66f-6c8f-4bc3-b9d2-e3a7edf48999,5446181,CONTROL
76504,54ce4e9c-5cd2-4989-a383-1cdcf513dbc8,5518402,CONTROL
77816,e8bbbf39-3b34-4da9-96e2-d1a485c9f018,5602713,PD
82979,59126ab3-6dc8-4dbf-9ca3-9e2ab2829218,5810218,CONTROL
78122,c61c0b78-7278-4651-8fa2-7c1429ea804c,5671532,PD
122093,18f576f9-5c80-43a7-8492-2a739d1b5f2b,5705585,PD
101376,ee8b1690-4c96-4f09-9a7b-946911bdcf67,5511147,PD
95940,70420a7e-97ee-449d-9b78-f7365d5c820b,6050259,CONTROL
93206,65981245-0d78-486c-8466-d705c022920f,5993036,PD
90709,6d7d3dc1-89ae-4f5a-893e-2ae77474e58c,5968432,CONTROL
125233,23c1a565-1761-4fe4-90a6-dcc9b9a4ee47,5756676,PD
93419,5483b087-7e38-4649-b1de-9ac194b585b5,5997277,CONTROL
76597,9e2970ec-d879-4f23-b489-35ab665ca957,5506075,CONTROL
90204,3505f51a-467c-4fae-9025-eda3e517f313,5964090,PD
79969,bc11d792-ee81-4d6a-80fc-7a6def4a9d35,5754861,PD
79129,a87799e9-27fa-4f89-941b-85140c046b77,5684735,CONTROL
78007,f0b8c1d4-7b4d-487e-a4f1-5f4bf72efed8,5658129,PD
105361,775e61f3-942c-4229-b049-0f14f029ecaa,5704176,PD
87486,a57dcd0f-0dc6-4e71-808b-26dffe02acb9,5901891,PD
77355,96a0107a-ca2c-4943-a132-bfecc983cd05,5490929,CONTROL
135796,8cd62402-4e51-4f70-b511-db50807c6480,5596916,PD
93306,08409cbc-a454-42f3-9013-14d235db3c55,5999233,PD
104540,885d9e76-ec41-4c8e-9f86-003fde7660f3,5690602,CONTROL
76221,677ae08f-1468-471a-b37b-17b5a8f960b9,5527505,PD
103533,937682c3-93f8-4c5f-bf6d-2563389b9145,5650246,PD
86055,fbd468eb-3615-4ae2-9dcc-daf41aa68a07,5891256,PD
83008,ffd42c31-63ae-49aa-93fc-04e276b6d945,5813366,CONTROL
81249,eae50fab-9c71-4e08-beba-b828ab667aba,5729251,CONTROL
77509,6489d88d-995b-4220-b7c5-12717b8a5270,5500900,CONTROL
86071,c64858a7-c69c-42b3-a851-9acb010b6979,5870609,PD
103589,56a8b17c-ba47-410d-9d2f-902edfda1330,5634677,CONTROL
89974,90550db0-af30-495f-8d7c-5749577cdae2,5972413,PD
77864,63f638fd-60cf-476f-a32d-14ae1428fbbf,5635641,CONTROL
85810,dce440d9-f415-4df5-80b5-088494c5dc52,5895414,CONTROL
133025,4070311b-610a-4d7c-af3b-464ff229adcb,5423023,PD
81528,b9fc5905-a423-41be-b526-a5dcf02ade42,5713605,PD
77043,5f52189f-204f-4c82-a4e0-f368f199a2e5,5509623,CONTROL
75201,3cc0721a-0baf-4b06-b3e9-2e367a07ad92,5562479,CONTROL
95359,fed48c4f-5ffa-4e6a-bfbd-bb08e3d7cad4,5690798,PD
85915,72c95fc8-db97-4865-8bc3-a42e21d43e75,5896058,PD
86037,d1944cb7-2f76-4c74-bc83-fb418ca92652,5883876,CONTROL
137122,2e6af942-125c-4ab4-9561-179008c10d60,6092496,CONTROL
79197,ec138adc-9353-42f5-a554-890a1d57518e,5661641,CONTROL
128985,ca70994f-b907-4f30-944c-7c084293138f,5429542,PD
133213,ecb26114-3f30-477d-b396-b2eaba02b694,5435769,PD
99099,cd690974-a441-45ea-8728-f873eda18840,6054644,CONTROL
117355,496dbb9d-fc43-4213-b572-4c39f9dee614,5574872,CONTROL
110637,937682c3-93f8-4c5f-bf6d-2563389b9145,5885076,PD
123217,67258105-115d-42aa-af10-fabaf10b462c,5571674,PD
115640,563945fa-a039-49be-810c-903f94c19a48,5477503,CONTROL
96057,b2b8ca71-7dda-43ee-b740-efaf40f2bce6,6028775,CONTROL
104875,87a468ce-50e9-4622-aac3-d4c90c2b1ebf,5688014,PD
116354,17df4507-13ad-4bc6-825f-326fe7255548,5531834,PD
87114,0831ffbe-c832-4ea7-b800-10ef37978739,5904067,CONTROL
76884,64e0f074-56f0-493d-9bb1-3d769c05bfa7,5545746,CONTROL
78878,3b5de131-3675-450f-9b29-3d1c68a88abc,5672782,CONTROL
108151,54e7560b-8dde-4dfe-b8ae-06f82a5555e2,5812007,PD
75993,22813cd9-3db9-4228-974c-42b5fd9fdba3,5457814,CONTROL
83315,3ddf7ebb-9d46-42db-853d-6da976b8de95,5811230,CONTROL
94079,b6cc5694-bf7c-4c2d-8624-8ecdcac208f2,6007334,PD
108830,1101193b-5a33-4a57-ab0e-73ca5d5e8e0c,5823522,CONTROL
88210,8543e30c-4b51-4f64-881b-f400e4ea8f42,5968189,CONTROL
89703,ea0252eb-1817-4335-9d07-346ecdc54a84,5961048,PD
88860,265ece8b-9274-49d5-b9aa-f418161b29cc,5950501,CONTROL
125771,5fe0830d-9fc2-493f-a9e7-2e900b9e37a8,5783997,PD
75461,134bb3f4-8cd7-42b6-ae6e-6dafbafa77dd,5533120,PD
77216,36d6450b-378f-4197-a9ce-fde0a6d3ed86,5483780,CONTROL
103195,4fac524a-4cd2-442c-bd85-3d8e63f03e5a,5620283,PD
109277,eea2bc0d-e013-4def-b184-8f153023c890,5843312,PD
73113,8963c822-4eb5-45f8-b126-9934a18cc5dc,5563692,PD
96763,83c7de09-2ed3-409b-abdb-fc75750d10fe,6037898,PD
109135,bce9fbbb-5634-4924-9eed-4312ca868857,5830633,PD
76006,54031d72-2961-47bb-b0e7-15f4887bbec7,5447328,CONTROL
102142,0fe6f42c-d3aa-4405-8adb-c4b798701dd5,5526805,PD
137035,11d05dd0-6d12-45f8-a8ac-0d45ab68e8f1,6090044,PD
83031,1a670a79-e3b2-48b6-ad5d-526db58465a9,5816188,CONTROL
86297,75e16764-2272-4d4c-955b-2ecb34b15442,5870823,PD
92124,29c8abac-d7e7-468a-852b-1199c4b8117d,5986045,PD
80852,1a2fd9e0-5e4e-4e4b-97aa-6718196bf510,5726223,PD
87675,44e504c7-413d-446d-b8bb-51ae48f39562,5903610,CONTROL
89960,77b7c422-bd8d-4e8d-89e6-27fd515e246e,5969806,PD
114483,9f02a39c-2d0a-468f-b22a-2354731b5e28,5954344,PD
87001,5a0f0f7e-8b49-4e1e-a8d5-9661625b5609,5918596,CONTROL
133820,3cf8698b-0e0d-44db-8d6c-d6486c684418,5470608,PD
80404,392f4768-c1bb-476e-b080-cc13a9f756dc,5744263,CONTROL
132690,95e124bb-e9bf-4f06-916c-4a679be5c623,5649136,PD
76883,f07b7d7a-16ec-45f6-a10c-647103a2d62f,5448085,CONTROL
108863,c108b15c-3da6-4fca-8861-200795111980,5824569,PD
82494,847a4b08-0952-4f4a-b98f-67137681eb75,5806283,CONTROL
89159,2afee014-dca5-4718-811f-732034248b12,5962300,CONTROL
74435,3e3dab8f-87e1-42c8-a091-9202fb089a03,5409995,PD
92610,e5ffff86-8e9f-4961-9b2c-741803e9d56e,5991210,PD
126925,94e59808-4330-450c-a8dd-69685c824e67,5817597,CONTROL
81650,80eb3a0d-50eb-43d6-a96f-39da7b127fbc,5743105,CONTROL
77571,523d4a0e-447b-475c-8c4c-45054d117225,5509446,CONTROL
79077,d2e31812-23f5-4db4-8a4c-2c07a03d242a,5657670,CONTROL
130767,fa63d4e4-2a2f-45ae-92d3-5d39ebd07b6d,5535459,CONTROL
106165,059bf050-cc9c-4671-8f33-bc222aac6406,5746129,CONTROL
113544,38255249-3be3-4e44-a87a-027ec337293a,5933585,PD
133165,8a67d54a-74e9-4a06-90bd-ad052ffd27b2,5428447,PD
123847,e31788d0-7834-477a-a718-fef116c04816,5538848,CONTROL
79379,8c67b585-1f8b-4e3c-aa41-138bfa68c39f,5683329,CONTROL
85481,93b9492c-13bf-40be-93bb-e88778cedeec,5898768,PD
77254,784ffa86-0468-4a3b-87b8-3b1f6bdbe3ef,5431878,CONTROL
77033,22e9a983-109c-49b9-892c-23f489852a57,5417806,PD
80722,057f125d-ada6-4c87-8da2-02a05e8819de,5743262,CONTROL
117097,bab29b7e-9b17-420c-b17b-f9f957eaf374,5562945,PD
75580,ac954b14-2675-4682-972c-49e293613243,5428176,CONTROL
118874,c0d01d8f-d71c-4dd0-ba46-8ed4f96d03eb,5663799,PD
100624,dc22f6d0-4f10-41f5-8ffb-7bd9725805e2,5461649,PD
94520,65d8c6d5-64a4-4f5a-b69e-a0d30152b5de,6015575,PD
84274,f0b8c1d4-7b4d-487e-a4f1-5f4bf72efed8,5853234,PD
84434,797c1b31-5f88-4263-98f0-ffc69dcca213,5822899,CONTROL
105075,7457113a-34bd-4324-935c-f66bd33f1e4b,5701044,PD
84976,becff371-0ccb-47af-8358-8a1fdffc0d01,5821205,CONTROL
92532,967e9de5-e998-4ac8-9e60-253efb40e522,5984024,CONTROL
87882,3436bf34-bf8e-48ac-ad39-f4789084bdd3,5947955,PD
132582,3599ec25-58c9-4215-aac3-a1287f7a7601,5644003,PD
112281,f125e7fa-7a33-4959-abb5-655ceed01d72,5914409,PD
72821,dfe4a694-79a6-461a-9d17-3a48127424fa,5392904,CONTROL
77239,fa8f85e5-f643-4567-a4b1-86ba528fa8ba,5521604,CONTROL
89457,1f753b12-d413-4718-8f97-9198a8defd94,5956564,PD
89418,7bc86881-7075-467a-850e-53e021b60f9f,5950781,PD
131734,c8754481-6749-4268-81a8-8068adfdcce8,5589729,CONTROL
108261,ce0c39d2-3c5e-4484-bf0a-0ab02e3ec28f,5812579,CONTROL
83054,9dd06ef1-a622-4660-a102-1e1c865ab7b2,5793803,CONTROL
102852,e87e1729-897f-4025-aab4-5e2e4ac9ba7c,5619148,PD
89808,51cbcf73-23af-4e47-bef4-0ecfc04f02a0,5960363,PD
90700,13b0f9d1-8ed3-4e65-bdb3-b2db5d16f92a,5967527,CONTROL
88006,adbc93a3-8214-4649-aa6c-15a34bb51509,5938621,PD
123292,6244be74-6f9b-4b01-9558-b169192bae63,5659902,PD
79155,5406ea75-329b-42e0-95f1-1b23c40b2a3b,5668350,PD
108423,c8a43c80-f726-4658-ad4d-b33c095a0765,5805407,CONTROL
81257,3aab8c58-a851-4084-8e75-92a1566a7280,5727280,PD
78528,a876a02d-af46-4fc1-a2bd-f76440a3ab4e,5655813,CONTROL
118144,ea4e9d07-246e-402b-9c13-dfdae3fb3736,5607433,CONTROL
80495,710374d8-4776-4c32-bc8d-9003ba2741ce,5714907,CONTROL
78289,6f99fa6b-b8b7-4eec-94ee-90520a377367,5653336,CONTROL
92959,9f1cbba8-5665-42df-a05c-d866cb3cfe46,5995131,PD
91396,cf86e1eb-d76e-4c02-aebe-a8a85693eb0f,5981807,PD
82543,b22fa353-7083-4a8b-9bcc-ebb6d708f090,5806315,PD
79175,1137bf6f-92b4-426f-acd5-87fcaacee4c1,5619160,PD
75609,261dd050-4f8e-4582-889e-ff7081706d9e,5526558,CONTROL
97354,66da555a-c871-491f-a70a-737e30497f2a,6036096,CONTROL
87083,ffab2631-dfe1-4f5e-bd9e-f763e8aede19,5907256,PD
85100,4643ec88-92a3-4e29-b4de-a9126e660b25,5889680,CONTROL
105403,c959f434-9f57-4730-b4c1-804789db0a33,5704981,PD
77208,f8922040-f2bf-4a31-ac26-d78bef4e7cab,5551486,PD
80195,86735cb7-d6d8-4aff-84ea-6b4f6f5357b4,5753069,CONTROL
81898,21e419bc-76c7-4350-8fc4-cc2231a10c3c,5784407,CONTROL
120314,87a468ce-50e9-4622-aac3-d4c90c2b1ebf,5671942,PD
92528,33c6dcf4-bbc9-4915-b35c-54abc7da276e,5984291,PD
74300,834ba817-7070-46c9-aada-ec57d2904f1e,5397128,CONTROL
92264,dfe2079e-d916-4fd7-a76f-b2c1d51607df,5987555,PD
75552,0da99328-71be-4d6a-862e-ac58f58b90be,5537970,CONTROL
91360,93558cd1-0fb6-4f34-9073-02bd5f7e1348,5981530,PD
100120,4c474e45-353b-4685-9d62-9b3f505f5e7c,5445022,PD
84643,80398a1f-9dea-4ab4-90a6-49508a73ad63,5829301,CONTROL
97338,f9459a12-7fef-455e-adc8-00b91e8d08ee,6036560,CONTROL
107574,621480df-5cbe-450a-84eb-c0814d509883,6083931,PD
84615,44e504c7-413d-446d-b8bb-51ae48f39562,5840443,CONTROL
92747,0d544b01-572d-479e-bb02-d105d7df62b9,5613329,PD
83587,f94aa52d-198a-471f-9d5a-a8d890cf92e0,5827226,PD
72187,4ab47d9e-4d8f-4095-bcec-d55d61eb0b1a,5399408,CONTROL
90328,adbc93a3-8214-4649-aa6c-15a34bb51509,5966088,PD
94672,5c3f2eb7-21f2-4a11-b2c1-2441784185ee,6011459,CONTROL
92919,5423d73f-88f1-4706-ad5e-76c0559cb0b8,5996520,PD
94900,ca1061c9-4bd4-4af7-9ba7-bbbc93fe9e68,6012241,PD
72721,8891d185-d8b8-423e-979b-fcb77468b39f,5394494,CONTROL
83801,fed48c4f-5ffa-4e6a-bfbd-bb08e3d7cad4,5859918,PD
132198,95fe2bb0-4886-4042-b63f-a93c1635d874,5623388,PD
96246,a9325c62-2e15-4ca2-b166-303292d1aa47,6029726,PD
97925,ac7c3961-9268-42b7-aeb7-fc4c49c7a6bb,6040594,PD
118721,18459133-823f-45ba-81d1-1d382eaae88f,5645812,PD
95679,13627002-073b-4366-8889-9561789c51be,6017811,CONTROL
73937,5ba1573b-4ff0-47b6-baae-5dd575e54808,5395440,CONTROL
114958,b1ff51ac-3f82-42b9-9964-bcc13ef789b6,5441594,PD
79292,190a0cc1-4a11-405d-8d84-1001340dbefd,5638873,CONTROL
136640,8eff683a-5bfe-4c5c-b686-07dbb7c36326,6081868,PD
116053,1846fbe3-a121-4a76-adce-92563ae2ea3f,5502640,PD
73391,721d67a8-4d85-4782-b474-c2654a7a10c6,5403361,PD
108068,bda58cbf-a773-487d-bbc4-2fe367e0fcc2,5800729,PD
96013,1ee9c522-d68a-4d32-8113-4c5246986978,6025363,PD
77450,e0020d0e-62e1-446e-b9cc-756ce1b6636f,5479647,CONTROL
82307,67f1c9a8-cc73-4fb1-8950-714d56a7c2cb,5803618,CONTROL
87757,8a328e43-2757-431b-b56c-b35c1ce685ef,5933145,CONTROL
133127,219a59a3-c8ae-48b8-b6e6-42c8161506f2,5425986,PD
77894,32953066-8cd4-4b87-a8f0-86f6edc4f9d8,5607647,PD
99074,2a4266f3-9425-4283-8a1d-d90b4731abfb,6051561,CONTROL
78210,21e21a2c-e02f-4e8b-a940-27b7946caa45,5663433,CONTROL
75115,0c4c65a7-1076-478f-b07b-e88dc4d8a880,5456739,PD
123805,5737bff3-0b05-45d8-a78c-0cd341ac23f1,5742883,PD
92243,97ae66fb-c7ab-4629-853f-caa56d1b49a2,5989471,CONTROL
79545,4f363b0a-ef39-45f8-b751-28bf168c2183,5640324,CONTROL
77630,a3c0566e-a1a4-45d3-a376-381f0e6d1fff,5486950,CONTROL
78061,76b97d73-c239-48b6-a2b6-4172319b561f,5638748,CONTROL
128334,51faeedb-bc76-4fe8-9d6e-5bf43b484a94,5870000,PD
79151,428d6cd7-4076-4a3d-9124-97e42dc9ee66,5652473,PD
76280,20c3c767-0c89-4235-99a5-e2816dfc3037,5568608,CONTROL
76268,2c62b194-f0e3-4072-a695-cdbcc96c69be,5530134,CONTROL
124163,72f75a4d-de63-4077-b77e-49d98f559e8c,5493461,PD
80057,6e6f346b-3ab2-4fc8-baf0-95f8ee7e5408,5755026,PD
123347,d7888b09-bfa1-48f1-abf5-a4571bf78b03,5687671,PD
85838,8745e5f5-648b-4d46-bc7d-045fa6e2d628,5892393,PD
113241,5c751962-a385-4041-8669-6029fd8a6c9d,5927573,CONTROL
90972,1739ced4-dfb8-477c-bc4d-3370c09d3368,5981839,CONTROL
98998,c22f5fd4-ac1c-4547-be21-a2aeb21d1254,6055973,CONTROL
120181,fdd42ab8-1733-4af4-a840-b39af25a4dca,5760866,PD
131878,e29db95f-adc5-49cd-8eeb-09054470c221,5597209,PD
76614,5cc80d72-3898-469c-b58f-8bd54d4be863,5421830,CONTROL
89074,27ff0841-8217-4371-9fff-0dbd5b2e1753,5959920,PD
99214,1e5a92b9-37fa-4351-b5c5-28964fb42f7c,6056269,PD
79561,7a2b9a37-ab19-4b40-add8-6fa8bc518f06,5604882,PD
86448,f94b5ae6-e90c-4df2-902e-6b5a3aaf5e4c,5878350,CONTROL
76661,1e46e317-1c27-4769-bb61-2a083e53fd81,5494315,CONTROL
96261,d0ae0ee1-165b-4e5a-9caa-ad8a17688445,6031004,PD
113867,e8b3b9a4-a48e-4212-aad8-0ee8d9a4f911,5944187,PD
116820,a348996c-2256-43b7-80b1-a2a9bd6fba5b,5549808,PD
76486,2171dbeb-adc5-40f3-8f75-526bad06a6c2,5453667,CONTROL
79679,a5a5fd8b-f069-4ee5-a2a4-d31e54283bce,5664107,CONTROL
124543,45829aa3-2e58-4979-a367-922bbccb58b4,5438210,PD
135112,433dbed3-3ed2-4b5a-bfb2-759ccf7c3476,5555907,PD
79492,f4b119d8-29b9-4cc2-b068-dab05e497745,5667909,CONTROL
101441,bc6f6de8-3ae1-4cc6-b6b4-80ce8145ddcf,5503456,CONTROL
85680,8f90d6d0-f116-4023-a7b8-ee1fd0956836,5895991,CONTROL
105173,df931327-93d2-4fa0-99a5-9eab3cfa9eeb,5712021,PD
133299,c5d34a8a-340e-48e1-944c-645bfdb494fd,5436210,PD
78079,f27cf98a-3688-44f2-8168-406764406c0b,5665451,CONTROL
122381,cd769996-6281-44b2-b36b-f0eeb94fa0a5,5506705,PD
89008,d644ad57-f62d-4b6a-b387-2c5aabbb4ba7,5956363,PD
87568,7eedab49-0fe6-4642-bd67-9bc439c47fba,5914254,CONTROL
73030,25c3cb36-b650-4979-a06a-a614a1e9c942,5526597,CONTROL
99196,48507a7c-dff7-4db0-9558-a27b30e11aa9,6054187,PD
111415,e5d167d6-6b75-4e91-b066-9fb0ad664c4b,5901644,PD
136335,ce8c87c5-d2c4-4aae-9a33-1543bb63e265,5630876,PD
79340,5afeffab-a95c-4059-a2f9-3c272c69bef1,5640554,CONTROL
92463,57ab7b33-a2ef-4204-9103-9c4f56e42c7e,5983039,CONTROL
90807,23d0badb-95c2-4ec0-b85b-15c2929421a6,5972816,PD
108093,5d4dafaf-7161-43d7-b7da-59dfd905c51e,5811166,PD
120535,caf22d0c-9371-47bb-a194-dd54a41c6fc1,5731110,CONTROL
73759,b956f22c-b119-4215-98be-68a6a47321dc,5406855,CONTROL
89245,b6b04cba-5ae9-4da3-bcab-135df88e0f56,5953343,PD
110814,11ca83f0-371a-4b63-9bfa-ae5e3d5ce9b2,5883971,CONTROL
93321,86de6f43-f927-4c0b-842f-3cad01eed185,5991742,CONTROL
74259,60011d59-db6d-41d7-aff1-0557f69ce81b,5398516,PD
121469,b8e9bf71-ef8c-46e0-add9-e7bb45b6ce63,5517609,CONTROL
102879,30d53bb1-cf12-44d1-9854-78c35a607610,5613806,CONTROL
115347,dad8731f-fd89-47e4-9111-989b8781386c,5454689,PD
82687,ee818c73-61c3-4777-8a56-f6f598918a08,5795778,CONTROL
132920,4070311b-610a-4d7c-af3b-464ff229adcb,5414842,PD
135125,cdb18d7b-6793-48c0-8085-63c2a71ce5a9,5555348,PD
129856,764cffae-c5a6-4b32-8011-5570046a0fdc,5477204,PD
78269,2c228219-1b9e-4f1a-9425-a178ea26fc33,5609985,CONTROL
77359,edf2bd5f-b185-4a82-997e-6ac080d5eb04,5532737,CONTROL
128114,3b9ae067-73ab-4b87-bb0a-2f6dc8384c30,5862968,PD
77102,9c412325-185e-4b4a-b73f-2f7d463d57d0,5507907,PD
76806,d23bf698-9298-4879-ab7c-f722312e046e,5572465,CONTROL
86002,98a8b380-e596-4017-a00e-a938994b49ba,5874947,CONTROL
98966,f26e1ed8-fe2e-4b3d-b58e-f9154c4ec4cd,6056192,PD
76651,96cc67a2-f7ca-4c0a-aee2-5c2d2c12e081,5475042,CONTROL
88527,8ee016bd-0b13-4d5f-8f46-690c2620cd67,5946587,CONTROL
78182,4adfd160-00bc-45f3-886c-b4237c1ee68d,5629281,CONTROL
74390,6f39f175-6728-40f6-b341-dcbf75cef569,5397443,CONTROL
96313,98753b69-11dd-43f4-8eff-a54e052da982,6031721,PD
87873,8d728c09-305e-4ed7-9b47-8638dd3d2a41,5941057,CONTROL
102791,c7ef0167-b3f8-490f-93fb-38da2f114ed4,5573017,PD
83482,51936928-41d2-4090-8d27-751866298d3d,5777002,CONTROL
98249,bf5e4f56-33b1-4f68-a52a-3ad1d583c01d,6045911,PD
114620,ea23d6c9-b231-405a-b4ae-79e42a0c749e,5415408,PD
76758,b96ffb56-e902-4cd3-a25d-1dc21a7300b0,5445093,CONTROL
125818,cd07f135-bfc7-4bf5-86f9-d4eacd78aa56,5785779,PD
92265,72923ebb-0218-4747-a8ea-cee677fe9b27,5989546,CONTROL
93250,1a4b6c93-2f9c-412f-8770-4e3f9d29df91,5991892,CONTROL
77851,2e0b096b-04cb-4b7c-b4a0-4dd1970e01cd,5686945,CONTROL
105744,0964cf4e-ed3e-4b90-b5a2-ce7d026de895,5726083,CONTROL
92589,e09690c1-069c-4403-a74c-91c815ae6fe3,5988386,PD
76779,85d0bfd4-2eb5-4bfd-b99b-c1c1c324b875,5565424,CONTROL
93351,ed1b8bdc-5569-4bb6-ae79-c56ab8f4da68,5992300,PD
93268,6f6fdaca-9f7f-46de-bf9f-32ea43725e29,5995926,PD
74243,f9e40d79-f6fd-4dd8-bb97-54a8ecedf716,5402593,CONTROL
78203,52eabdc8-4dd6-4ea5-baad-3822ea01f803,5654674,PD
89327,dd2295d5-ce0b-43e6-9617-b3708bd14a33,5954854,PD
136988,e2f53a6e-aa4c-481b-b4e3-c06468aea61b,6089020,PD
97215,40133d6e-3029-4f2d-8cc0-e1685677a56a,6034480,PD
74976,88e34406-7ca2-4490-8b54-b975850eedfc,5514917,PD
86172,90a69766-d574-4f80-a3e6-17ac5fd0ee52,5889032,CONTROL
84838,c01057d0-3da8-49f0-9d85-af052ad08b8c,5832652,CONTROL
99738,a9c9dd7a-dd2d-47c5-9641-4d33e7ca59f0,6060903,CONTROL
86491,a37110ec-8a7b-4d4e-8218-89857c2fbe44,5917290,CONTROL
90337,0b493726-27d2-4d21-ad41-91e96772d511,5972405,PD
115916,9ec9973c-57c9-44f9-8958-abaa36a6c101,5494005,CONTROL
82484,b80b54cc-7323-4a1e-88cf-112051223fc5,5795667,PD
89168,11fa2e95-094c-45b7-9e4c-b6fb8d935314,5962077,PD
108273,674c5360-e78b-478a-896a-0ac774005514,5808291,PD
82549,63009f60-dae3-4921-9c88-df7e8d9b4240,5807744,CONTROL
74380,a2a96b23-48bc-4604-a84a-0cee1b520fa9,5395583,CONTROL
81382,7b6a527b-fc2d-4dd1-bb6b-471e77cdcb58,5700825,CONTROL
77384,7fdeae11-398f-4375-acf0-a1f6ab12d3c8,5451867,CONTROL
75498,edd4691e-1257-48ff-b614-707c2da3bbfe,5474586,PD
82471,804548c3-deab-4614-b8de-e807edbecc80,5786345,PD
116640,5930ff36-3951-4bb0-8e6e-893169e1a353,5550623,CONTROL
86064,255d8f1d-b7f2-4fbe-a9d8-21a3d7a7e475,5899796,CONTROL
77686,d1ba215f-6eac-4d64-81e9-1557b5620956,5412981,CONTROL
77116,f4910fb6-da07-47b1-9e80-f2af028f8e9e,5493929,PD
112883,9937f420-f468-4b5c-a4e8-039ebc14c345,5920880,CONTROL
89262,986be64c-da1f-487e-98fc-f20437e530c6,5962266,PD
80256,f674b107-22b4-4bf9-b83d-e089a1db69b5,5740519,CONTROL
77758,98ccf39b-8479-4eff-9a31-83700ae2a9cf,5596947,CONTROL
82984,71f7aad9-8d7f-4929-86ef-8592fbef8d94,5784730,CONTROL
84355,8044b2cf-bb77-40ae-b317-404d47a0fe08,5823139,CONTROL
134693,2d378bda-812b-467e-b42e-262fa4a30a7b,5522337,CONTROL
90014,52dc932b-4905-45a0-b067-8e8da1d6c954,5968262,CONTROL
85964,4a486118-b297-401f-8036-3fe9be46fbd2,5883000,CONTROL
78850,5d93c8b8-af77-4a48-a124-8fccab62d8e1,5607045,CONTROL
85592,b3404b35-b8f8-4f14-afc6-92f0d1bdf920,5885526,PD
75397,5f5479ce-c7a4-454e-9a43-23348b215422,5512357,CONTROL
76668,1b660ba9-e247-46d5-a145-35703a04299d,5425320,CONTROL
100584,2d08327e-f265-4507-8927-eac6fd315e6e,5465343,PD
127534,5fe0830d-9fc2-493f-a9e7-2e900b9e37a8,5840833,PD
85812,2a5128d1-3ed7-49ee-a299-4025d6702faf,5898891,PD
77049,55cd714e-cf36-462d-b155-93f1af918bc2,5521556,PD
91276,479bc0ea-ecc6-4bf9-afbe-1fce37c31b9b,5979775,CONTROL
80300,51321fbb-e46e-4875-b521-ca6a3ef2afb5,5715901,CONTROL
83484,7f75418c-457c-4e45-a81a-ffc432e415c8,5779527,CONTROL
92489,a631a4d3-6b21-46ea-864a-2212f9aaf6a0,5983153,PD
91115,96b6f59c-8fc9-4567-a8a5-461643da3331,5979162,CONTROL
106982,4a61cb25-1f7d-48df-8b92-9cac13ebefd4,5779728,PD
72418,d20291eb-5d7b-4d69-aa7b-b458e24fcd41,5393954,CONTROL
73473,d1451049-047d-4bad-a28d-b913df7f6181,5404619,CONTROL
77121,894d7709-6761-494e-baa8-d272c96f8712,5468014,CONTROL
95238,6b960458-51a1-43d6-a44d-203206f3236b,6021781,CONTROL
79624,faf76a8e-045c-427f-951d-8e1918f195a8,5600585,CONTROL
86464,0a76e74d-888a-4c9f-bc44-ddb1f73d64fa,5896215,CONTROL
94211,1c10a5d2-ebff-4d88-b54d-5aef49de4b6e,6005241,PD
136537,ce8c87c5-d2c4-4aae-9a33-1543bb63e265,6079628,PD
85430,88032453-06e4-465f-ab0c-23fe5f5436ba,5895382,PD
92581,6b648dee-0f5e-46b2-b5a4-7b8553b78a89,5987208,PD
84825,3a46fb20-52de-4558-8808-ae990b9b7abb,5835719,CONTROL
73049,61ebd486-3ce1-48f4-a31b-2993d7793832,5388482,PD
90847,0ba1a93a-5432-4b98-a75d-955d2f4346ca,5966486,PD
74619,6727f101-1b50-4bc1-8443-ebede97e3164,5396776,CONTROL
73401,138160de-f3d7-4a85-8f99-b39f4c2b1908,5394535,PD
104675,60d78d1c-0a67-4b66-a5ef-2e20681f8ebb,5681680,PD
81192,67b885b4-0335-46f3-887d-3f67b1ab1b63,5714104,CONTROL
74864,1c2d3825-7d88-4961-8b13-1966d9c34434,5565989,CONTROL
82125,a57d7f01-0d62-437b-8c91-2ee14bb312cd,5809818,CONTROL
80321,b51aef03-8daf-4ff4-bd72-a22c65cd92bf,5736897,CONTROL
133250,1219e6fb-c399-4b86-8956-bae6e65022fc,5434034,CONTROL
75390,b39fd37b-919d-44c6-9be5-862749169046,5415610,CONTROL
104172,f059b3a3-74af-417b-a95a-499ad1512863,5667134,PD
122096,18f576f9-5c80-43a7-8492-2a739d1b5f2b,5628562,PD
135459,5e7fba64-bc6f-4987-b3d4-97328d805f4f,5576026,PD
75098,6391f1c1-c78d-435e-86d1-b1e8073ee853,5516362,CONTROL
107433,0ff78cd3-71c0-4586-a34c-d7b05e101de5,5787698,PD
75503,82ad9912-4ba9-4c3e-a054-65e5bbce3828,5420112,CONTROL
85296,93619d6f-0be6-4d56-99c2-086c0b203094,5899151,CONTROL
122903,15cd9496-900a-44bb-948b-12a24b101615,5501628,PD
73603,cde05521-c092-40ad-babc-d80092a43efa,5409257,CONTROL
84001,6f44ba4b-ca1e-42e8-b25d-4dc9e508bd16,5831192,CONTROL
85157,8f7a6ec5-4a2b-4e44-96cc-776115cd6e50,5883026,PD
81143,8a6bb7df-b403-4b86-a94b-c8eeac6b1a01,5727632,CONTROL
91200,4b52f3cc-09b7-4ad1-98c4-7a8eb1e9ec74,5973212,PD
134312,bd8536ec-5a7f-4213-945e-1c2a6c59cf15,5500925,CONTROL
76142,52f94274-efc4-4055-9dc8-fe318a402750,5536974,CONTROL
72186,e905c5f3-8bd0-4692-8c53-8cb348e79ade,5395777,CONTROL
72236,09979443-bae2-463b-ba02-07f047716ae6,5398312,CONTROL
100009,d644ad57-f62d-4b6a-b387-2c5aabbb4ba7,5430436,PD
91910,955e43d6-edbe-442f-a6b2-305f92eb76f0,5990098,CONTROL
85508,ff9de717-a91b-4cc6-a5bb-cb430a986778,5878515,CONTROL
105743,ebfa1ce3-9993-4188-a531-3ba017c7b9ba,5720053,CONTROL
72899,805b4bf9-5187-4ab8-b1df-80ead32f951e,5408647,CONTROL
100899,faeab8f9-5e6b-48ef-8e87-3cc7e6da3e5f,5466825,PD
73437,970b2eb3-3206-4284-8c0b-d494a420c171,5409210,CONTROL
113111,751a69db-6a32-45fd-9267-e4d4235a7ceb,5927901,PD
134040,b46f3c22-0824-48d6-84f5-bfef4b0f3a3c,5485869,PD
87050,e8bbbf39-3b34-4da9-96e2-d1a485c9f018,5902155,PD
77517,5b850af0-49b1-4dd7-bccc-88ee136ffc61,5428918,CONTROL
111347,c6941036-9686-4d35-9314-8ab72dcb8c68,5892940,PD
94477,428f6734-d4be-4c84-b250-7e273056f654,6012276,CONTROL
85594,492bc3a7-cc91-4da5-a368-5beac78dacfd,5891505,CONTROL
118100,edd71f00-1144-42f5-8f7a-9d6b861cace1,5615306,PD
74726,ed769405-41a3-435e-8e55-b1b832dee532,5390543,CONTROL
94622,71fc016e-285c-4aba-8a3e-c46a153688f8,6010459,CONTROL
85391,e80b3a75-be0d-4458-8499-9c85bad1d174,5899617,CONTROL
74936,2ad43bf5-6f74-479d-8635-4c1c495b09d6,5560255,CONTROL
101889,8fac6652-1bda-43c5-a032-30b7480f8d2e,5530428,CONTROL
104701,711200dc-c6d6-42bf-804a-a96667b6e46b,5689515,PD
95731,06e3bccb-ce2f-433a-9d40-7b2c56a907eb,6019617,CONTROL
85003,705b5b9b-1f54-457f-a108-74c82804892c,5842446,CONTROL
84306,25524235-269f-4138-8340-38bb08c95a43,5820426,CONTROL
85230,3bdde942-e7b9-498b-bde9-6fad671385af,5896190,PD
98696,3bbd7889-bb88-4615-b707-3e5363f16edf,6054582,PD
72685,9d478389-f02d-47a0-bb1e-c226bac23030,5399494,PD
100448,cf86e1eb-d76e-4c02-aebe-a8a85693eb0f,5423038,PD
96942,4254ec6b-3a08-4baa-a909-e7737189bb06,6036291,PD
100047,c4a2904e-2e5f-4fb4-9890-7e5c66d2fa7d,5446349,PD
74503,9fe2d793-f23c-4973-aafb-c4b13a208d51,5404898,CONTROL
84053,e8365274-11e8-49b1-9810-775fb6ad092f,5829995,CONTROL
87419,1137bf6f-92b4-426f-acd5-87fcaacee4c1,5918378,PD
84602,75b63b7c-7752-4097-89ae-f9e339b26835,5836715,PD
106517,1ddac747-dec2-446d-b1a4-f0070bbc743b,5754358,PD
74641,24251fdd-003d-4664-8759-ce5cede5f8f4,5405038,CONTROL
77594,952a8bb9-63de-4f84-be00-71edcbc816b6,5488615,CONTROL
117187,6c03b508-d521-46ea-8e69-4143e8dbfdfd,5563870,PD
87767,f692fd72-7fbf-4fdf-9fcc-c9e2001e249d,5934764,PD
110442,588bce40-e483-431d-8068-2ff4d6fcfd17,5868361,PD
103654,8a4790b3-3bf5-4273-b695-fe703347d399,5655305,PD
87019,74a0596d-a626-40d4-8dcd-f274f8d31dba,5903891,PD
108747,10833207-29da-4e20-82a2-8edffa4ce588,5820100,PD
82467,f87dc97f-ecc9-4037-b73c-72ef49309da0,5771113,CONTROL
115279,c7077543-6171-41db-a929-30e9355fc378,5446823,CONTROL
88219,3339ab6f-0af6-4975-8225-67cb5753c1a6,5948026,PD
106494,dc037cec-4e6b-4f71-8bf7-cd7fc322edd2,5751459,PD
86201,b66f90b1-f5f8-4c0a-9cf1-28627de6126d,5879810,PD
135630,e2749d3c-6186-4013-925d-2e7f28a6e035,5589691,PD
103634,0fe6f42c-d3aa-4405-8adb-c4b798701dd5,5641562,PD
77353,9314628a-46ba-48e2-93f8-65cf100f4600,5489110,CONTROL
108926,5216c72c-33d5-4e01-b050-791cac56d61d,5823405,PD
100304,48507a7c-dff7-4db0-9558-a27b30e11aa9,5413531,PD
77325,ff431ec1-7fab-4bb3-8a1e-9877446f308f,5431738,CONTROL
77212,4471bf35-7da3-40d6-afdd-2854f15ca1c7,5414854,CONTROL
128690,088ef460-0a08-481d-ae69-0b752354eaad,5878494,PD
74890,45413095-ad57-4954-bd80-81ba6b34da28,5525270,CONTROL
82081,030fe814-de84-4fb5-8df6-84dd6e7cc7dc,5778021,PD
108010,621480df-5cbe-450a-84eb-c0814d509883,5811985,PD
98147,5d4dafaf-7161-43d7-b7da-59dfd905c51e,6049526,PD
90133,7058ce3e-cc05-4d72-86e2-601b551ebd8f,5970645,CONTROL
102125,0f8cabab-5efe-4336-bb75-35b51b871056,5548085,PD
107621,3c607d8d-6678-41fd-b3af-25d15e02c3f8,6084193,PD
122818,935773e2-04ab-42ea-9163-ce49268fec4d,5596335,PD
79753,45edc177-8f7b-425f-8c92-fe6bdf7f17b8,5697211,CONTROL
80073,811ed795-7ff7-4ce2-bdbd-82b0cd253612,5750467,CONTROL
77081,deda39a0-f064-4ef6-9fde-e6023c3f006a,5512023,CONTROL
95341,016d2897-5c3e-4a55-ad06-0677668946fa,6017141,CONTROL
80824,602e603d-5a34-4e93-bbc0-d35b3c07375e,5712399,CONTROL
78539,7b3ee707-e003-422a-a938-b8cdb79daa4b,5630423,CONTROL
111440,6244be74-6f9b-4b01-9558-b169192bae63,5903303,PD
85188,493ffbff-4f9b-419f-9db9-584fc27ae9fc,5875111,PD
121616,8581aca4-37a2-4600-8526-4b5adfaa01fb,5766127,PD
88421,2974bea0-3aa2-4a00-9f32-6d5856e62829,5960039,PD
75281,c68f3f37-9e16-4f47-b641-b2acbaf18430,5564153,CONTROL
95214,04367dfc-a472-423f-a553-98c902a752ae,6010250,CONTROL
85085,04e900fd-c423-4b57-a53c-3418a1faec3d,5882840,CONTROL
115015,3e49de20-87df-4588-a7a9-200d31529fa9,5442108,PD
94592,dcd441be-3c3e-4977-bdd5-79c06ef8a299,6009750,CONTROL
78015,f059b3a3-74af-417b-a95a-499ad1512863,5653843,PD
91447,22fa2c34-0913-44ff-93ac-2a14da3a9c77,5975963,PD
82505,9f1cbba8-5665-42df-a05c-d866cb3cfe46,5800144,PD
95482,b2c61d3d-ec4c-41e5-942d-d88cbc78a1d4,6021708,CONTROL
100160,277160db-93be-4254-8fb7-9a187160f8da,5432178,PD
90327,adbc93a3-8214-4649-aa6c-15a34bb51509,5966063,PD
75971,33b5cf9d-37eb-4707-8c57-1f9f2b43e63e,5536573,PD
90160,8ab14817-d7df-4452-af87-23795ee85434,5964380,PD
85111,27567fbc-75a7-4288-b6d8-cdeb85fed36a,5870332,PD
81190,bb906c92-0363-47f2-9ecc-ca5588df5c7b,5716140,CONTROL
86309,c112e053-cf34-4aae-b483-bd0e1a93fbe2,5898754,CONTROL
76609,2e52b112-5bb8-44d0-b7c0-78cf9a5eda19,5521041,CONTROL
93290,c572fd93-61de-46dc-9a7f-f41a20a1c475,5990764,PD
111133,a4a661cf-95f9-4389-a334-8c88a8e06711,5895818,CONTROL
83103,89582754-82c5-49fb-b119-9bed1c6eb32c,5783134,CONTROL
133200,672ccbff-403d-4453-a4e5-10fa429a22b6,5433809,PD
109301,5553e5a1-32bf-40df-a387-7da8600f82f4,5835262,PD
72707,d87edef0-b0b5-4abf-9966-f41cadb2448e,5398242,CONTROL
78455,5e8b23b2-e722-4dfe-9aa4-56a14d371065,5672945,PD
135489,8cd62402-4e51-4f70-b511-db50807c6480,5574459,PD
79800,2d08a936-1937-4031-85b0-0b24b3e8e9d5,5746823,CONTROL
88461,3436bf34-bf8e-48ac-ad39-f4789084bdd3,5933648,PD
91272,d6f27307-3d67-4260-8198-d60e77c029d2,5973545,CONTROL
78532,0b493726-27d2-4d21-ad41-91e96772d511,5646704,PD
76256,06dd40d6-1f10-471c-b336-6b7d580e79b2,5474228,CONTROL
90801,04e4ef79-e5a5-42f5-a7ad-9e7c834fae2f,5971060,CONTROL
84069,1db1ed03-b5ea-48ba-a5a6-54936d19639e,5860694,PD
74475,382dd1a5-818f-4d90-9cf2-fe44daca7649,5393484,CONTROL
88630,9e82654e-68eb-457f-8607-d740c56d8829,5945962,CONTROL
101144,d7aae481-9377-4fce-85a1-5a876f543492,5476486,CONTROL
85160,ef8cecf0-1fa4-4ea1-9235-d89917676540,5885419,PD
117063,b236ecf4-e95e-4ab1-bc61-8b613138c3ad,5564838,PD
113891,1cf9ebed-a8d7-4ea7-9fa6-9d79d15be1a0,5946240,CONTROL
84642,27d8f54c-985c-4c71-bd1b-e3a25a464e67,5829853,CONTROL
104625,67258105-115d-42aa-af10-fabaf10b462c,5685545,PD
81394,e1ffd244-4324-4e70-9dc9-4c3d3a80bf07,5717905,CONTROL
104722,3d859196-243f-45de-b3b1-a0379b49d958,5685405,PD
85328,94c67982-48ea-4ab2-a7a4-d6e7caccbc93,5888060,CONTROL
116559,ee3691f6-e782-4c7e-a432-415604a9e139,5520150,CONTROL
77973,7f8efe76-f2bc-4084-898b-f3b5eb8e765a,5597612,CONTROL
79971,9121537b-8f0b-4d94-b4e9-56186f44da4a,5726790,CONTROL
90683,5d1d61c3-9942-4ccd-b65b-b27dc43887b1,5968433,PD
74110,f7a8a863-f81c-424e-92aa-41a6b58656b1,5400699,CONTROL
91986,1267e84e-3119-4d0d-b9b5-c7445b165d91,5984774,PD
112228,7b75a41d-6ff3-48a5-b540-264d45d2533c,5906806,PD
87319,39dd0aac-4b4e-43ec-99fb-8883adc86c4e,5913314,PD
85400,253c7664-e824-4009-9aca-554674b72b76,5893532,CONTROL
78957,5f59f2c3-c3ce-4b81-a627-0473967b422d,5717076,CONTROL
131918,c6a414c1-2143-4693-a0ea-37028d3af443,5599485,PD
96624,353d56ac-ac18-4550-88b3-dd35e5fb8575,6030414,CONTROL
74706,adced0c9-3870-4de4-ad90-008854ebe813,5409549,CONTROL
123391,fd376aa5-11c1-4744-b96e-d0b41a334af2,5669943,CONTROL
82315,3b4cf702-848f-44e6-8ebe-386ac08264fe,5816248,CONTROL
133216,8a67d54a-74e9-4a06-90bd-ad052ffd27b2,5434616,PD
93343,fef60a3b-a38c-4ac1-8018-efdeb0fe3222,5991209,CONTROL
93154,67440fc1-d449-4f9a-8f0d-8d8a77a492dc,5993546,PD
79894,ad5c8e92-d3d9-4f8b-b6b6-655d7264db0f,5726132,CONTROL
96959,4ac6b4b8-6f4f-4971-b4cb-b249a60d0a99,6032866,CONTROL
80538,cbe869f1-f6a1-43b3-a555-1a3c9aa4fd85,5722584,PD
75520,2c62b194-f0e3-4072-a695-cdbcc96c69be,5429648,CONTROL
98942,42f0005a-eeca-4d2f-ab23-abbcbe527835,6052069,PD
76823,4df9c269-6de7-47a9-8918-fc40d555c12c,5484700,CONTROL
78654,fd1016e9-b57b-4545-992c-f2cb9d747ebf,5666446,CONTROL
76450,8e509494-ba90-438e-a842-cb641b359d64,5518935,CONTROL
81692,52eabdc8-4dd6-4ea5-baad-3822ea01f803,5753494,PD
75960,06297df1-478e-4174-af61-47921d594c4d,5473217,CONTROL
108272,a494b5bf-150c-4e99-8165-8b9552c43ed9,5803861,CONTROL
135062,aab938dd-b365-432d-a4c0-3378c5ef97e5,5545943,CONTROL
79250,4cf597f3-e118-4c2f-87b3-af476755e174,5657758,CONTROL
117804,cd8fce05-0edb-4ee4-9560-88b88276ae87,5599018,PD
84639,bc1dab86-f8d0-457a-9031-731b1f1e7f7f,5835702,CONTROL
88968,3a7ca1ec-448a-4423-b585-100a6d8f4009,5956418,CONTROL
79706,b930be52-5a24-4ee1-861f-306ddc74382e,5659203,CONTROL
95140,8c1cecda-0d34-4602-95ad-ed1ee8de53cf,6014469,PD
95516,945bb372-bfbe-4ef0-87d9-d268bc0b2d8e,6022305,PD
116077,65b94556-f0ef-430a-aa63-1cedf45db945,5492841,CONTROL
92100,3b20c871-e212-4781-a30c-a0b31923fda2,5989065,PD
76730,bb49ced1-ff48-4900-bfcd-4b6c6f2e9ffa,5527190,CONTROL
80779,a4c2091c-ed91-482c-b181-b4bc69cfc227,5705534,CONTROL
83247,62669fa1-7944-495f-b3a9-de9d9e256370,6958627,CONTROL
81035,f9816a32-1ed5-4ea0-a838-4f5cacf04cbd,5736245,CONTROL
74190,aaf57e9b-abcc-4a16-a591-6b29edb420b5,5389766,CONTROL
99757,f195a3f1-9cbb-4296-9233-388b194b527b,6059683,PD
91999,13b715e3-bbb5-47ae-afd0-8653536836b9,5984160,PD
109009,bd54de4e-3a09-42ef-ab00-01742a9ac62c,5830062,CONTROL
74254,2110f128-f46a-4a92-9713-4a4ffb07ccf7,5399473,CONTROL
84781,47c710cb-7967-4582-afb6-1d44aa30f9c6,5823370,CONTROL
78770,95c9fd9a-e794-4e46-b64f-f6099f843413,5603283,CONTROL
110917,97d23f31-a114-455b-87fd-fd8bc810f4da,5883547,PD
99249,843fe794-8024-40bb-b2e0-3b8aad39b45a,6054080,CONTROL
75679,1376ca30-9d34-4cba-a06e-05fa9ee5842c,5445196,PD
134954,fbd18b71-7eea-4f43-98c4-4d952d0722c0,5539016,PD
107375,9a8e0d42-3eab-4e63-8b96-5fe5d59c49d3,5770623,PD
107179,d87bd7e7-6c4b-4a94-9b30-6e1381c65dc7,5781706,PD
122446,a82b7d9b-e613-4632-b38b-63e5b5ba6b54,5712685,CONTROL
109959,2b61eecc-ec1a-4c1c-88e0-67eab8ef6200,5857367,PD
77238,0c618056-a00a-4d3f-90af-76574fce3cff,5492049,CONTROL
86202,75088bad-12e0-438b-a224-2c53d70c4b0b,5874742,CONTROL
124850,1c7f2211-e5a0-401b-8d67-508631da2298,5471164,CONTROL
99118,203d71b5-c9c0-4e1e-8c2d-01a42ed41e18,6057154,PD
83938,0da4cf56-8009-41f2-81f4-1a98540b88b3,5858796,CONTROL
134689,30712a06-af02-484a-875b-5b4c268f1b62,5520935,PD
127493,cd07f135-bfc7-4bf5-86f9-d4eacd78aa56,5833040,PD
80706,f6c7642e-822b-4606-833b-76ddc8e6abee,5721256,CONTROL
109498,334be7a8-26b2-402c-969b-35835693c80c,5851342,PD
101026,4c474e45-353b-4685-9d62-9b3f505f5e7c,5462589,PD
80071,36b55e9c-fe29-4192-aad3-18f255143847,5743950,CONTROL
88859,321e32af-3966-4fb4-a9ce-f7ae4781bc5d,5956847,CONTROL
99105,fa735991-ec53-4763-9fa1-2fb499e3efcb,6051147,PD
110191,629f40fa-d306-4b83-946f-206df12d7f90,5873985,PD
121242,6e706d61-ed30-4083-98f6-88eed185d216,5614953,CONTROL
79771,6cb4c196-e639-4249-8e55-e58f7a182df3,5729940,CONTROL
75443,81f676e7-0e16-4a36-832f-acba0eb230c0,5492224,CONTROL
110265,5553e5a1-32bf-40df-a387-7da8600f82f4,5869553,PD
82162,33b5cf9d-37eb-4707-8c57-1f9f2b43e63e,6074667,PD
86752,685e3773-5fb4-4d66-aa43-406929c29864,5912089,PD
105046,5d8e6c5b-94a0-4911-af54-7623b2de1105,5704210,PD
98518,5a9256ec-68a6-4d3d-9814-544f3e49e15a,6050925,CONTROL
123753,428d6cd7-4076-4a3d-9124-97e42dc9ee66,5627651,PD
82763,11aae9b1-d683-4704-9e4a-2da604e60060,5773708,PD
83937,0da4cf56-8009-41f2-81f4-1a98540b88b3,5845031,CONTROL
81472,52eabdc8-4dd6-4ea5-baad-3822ea01f803,5719833,PD
105711,fa735991-ec53-4763-9fa1-2fb499e3efcb,5727331,PD
118160,94eae1a4-a21e-4cec-a710-b2db73d9b304,5623201,CONTROL
125669,1b07bc6b-85cf-4d7d-bda7-ec474b1ddfba,5779517,CONTROL
106403,808bd714-1d45-4db7-8910-db3eed15a011,5751738,PD
108009,621480df-5cbe-450a-84eb-c0814d509883,5803457,PD
79244,dd067f25-336a-47f3-9122-08c31a1c0afe,5709353,PD
99200,75451368-44de-44e0-9a24-f1c765ce2bf6,6055625,CONTROL
135970,28cfdb28-d36e-434e-bb97-f36d62008856,5608546,PD
98321,25524235-269f-4138-8340-38bb08c95a43,6048431,CONTROL
99257,32659e69-6649-4290-95d4-b263576982fc,6056388,CONTROL
78234,5a042459-2e00-42b8-8d3b-75ce277ea854,5662034,CONTROL
136554,b0ffce32-d364-486d-bd1d-8d346f2a3f87,6078993,CONTROL
74474,78332de1-11d4-4d3a-b44d-85d091de9c7a,5398677,PD
123002,b1ca3ed9-85b1-48c3-9af8-287194405fb4,5597191,CONTROL
135120,3f89a22f-7506-4643-9b7f-f71f7b488eaf,5553881,PD
120945,8b694c8e-3ce1-4e55-89ae-d034e1602bdf,5653661,PD
134484,4996a4c2-d311-4169-a396-ccbffcdde78a,5515205,PD
91026,eb842eaa-897a-4227-822b-ba14b22057c4,5973448,CONTROL
103472,93479e6b-3181-454d-9144-b1b844390c82,5647920,PD
77397,e0f7dbda-4cc0-4c84-8023-181367a5e322,5447737,CONTROL
85937,b945c691-2950-4ecc-b723-fb713fa8a5e0,5870077,CONTROL
84121,22848d07-fb11-4399-bb3c-e3b1c7884e9b,5830855,CONTROL
98449,4f694e5b-e4f9-4b70-98e2-2ac426d09b4a,6044806,CONTROL
102753,f00ece10-8e77-4bee-8d25-eb5b4d71b98f,5585578,CONTROL
112124,4d58a217-142b-4829-9b31-c75669e6b636,5909155,PD
85597,ac1dee32-398a-496e-9e31-053c46f78eeb,5887821,PD
110163,e87e1729-897f-4025-aab4-5e2e4ac9ba7c,5868095,PD
111880,f165226a-61dc-4f78-9903-d42f08b24a7a,5909562,PD
133000,2947bc95-102e-4255-8d70-53a0d10f9b9f,5421558,PD
115295,2f246524-fe24-4a26-b0a7-2f2fa8dd07be,5454187,CONTROL
78760,cd769996-6281-44b2-b36b-f0eeb94fa0a5,5663669,PD
81747,7a2b9a37-ab19-4b40-add8-6fa8bc518f06,5756387,PD
125338,bebef4a0-a282-4eca-a2a9-24300795a74d,5759841,CONTROL
86086,1da5c15a-033e-4d3f-ba30-c579663200a7,5879442,CONTROL
109758,1a033954-954f-4459-b3a4-33ff26192e05,5849697,PD
121691,3505f51a-467c-4fae-9025-eda3e517f313,5542847,PD
122876,81434ce9-c1db-4717-81e4-f49b0942e321,5590036,PD
88430,bc11d792-ee81-4d6a-80fc-7a6def4a9d35,5948193,PD
135928,2ca837c8-6e74-4e1c-a14e-209edca3ad9e,5601181,PD
78840,10b5afed-56d3-4099-b169-37ad36972695,5643992,CONTROL
79633,f4081e6b-91e4-4e84-927f-776ee4e6ce9e,5632944,CONTROL
101756,05e91fe4-d516-4548-a039-01dbc456523d,5500098,CONTROL
83582,8ac90d4b-fc41-4ca6-b31c-99b9bde3f50f,5843850,CONTROL
81432,4a318f75-f290-44cf-9bb3-5080e546b13f,5713495,PD
102842,b77e7480-a319-40b3-91ce-38ab7c1cd152,5569981,PD
130078,6e2f881b-f2a2-4493-8593-e7a50d96874c,5489626,PD
79288,60984b68-50d7-4327-8191-3e2f7446f159,5633160,CONTROL
74323,41269614-6f4e-41c2-b3d7-108a0a3d6551,5401774,CONTROL
77544,85fa5007-a9f5-433e-a4d1-3f65bf9ac663,5481438,CONTROL
72420,d20291eb-5d7b-4d69-aa7b-b458e24fcd41,5390301,CONTROL
100849,49446a1a-5a08-46a6-9d17-ff97833e0c0b,5487231,CONTROL
79360,f3540bd0-52f7-4dde-9c22-2b1f74a52a78,5632928,CONTROL
128165,d49ab276-4836-406b-a462-b79d3b4deab4,5865085,PD
104777,d7d6f17b-3fb3-43c0-af64-65203eac196f,5691156,CONTROL
103703,0b95e050-a6d1-433c-80d6-1573a9457da0,5658472,PD
136645,c3dd82e6-4527-458a-9ef3-3e9389b203cf,6082303,PD
74959,f1c73cc2-bd2b-45eb-a692-62e2bca6fe0e,5481700,CONTROL
85346,c07c7658-fe9e-4429-a05b-0fb262c71b31,5892443,CONTROL
78741,834e5897-9cc8-4be2-a952-c6c852280790,5594648,CONTROL
108892,4640350c-ea72-41e7-972b-adf272b8f49d,5827287,CONTROL
120038,841b5b7b-d7f0-4489-b371-1edb59fbbfc8,5736567,PD
78851,08464e37-e976-4356-922e-915e04ba00f8,5613920,CONTROL
87545,94976ab1-1c1c-4c1f-9508-648cc84e4972,5906623,PD
73900,e2593c63-fc97-4047-8958-9c4e4a813046,5410190,CONTROL
136710,8c0d5368-69e4-444b-9545-cc1f4a046ee7,6083096,PD
100811,0160664a-f4af-4071-a4aa-2967f3ea0503,5471068,PD
127869,487959bf-bab4-488a-a9ae-67b4e645f347,5853669,PD
113940,ef026044-8bf1-4720-be95-e823c7a6e1df,5940947,PD
76889,f07b7d7a-16ec-45f6-a10c-647103a2d62f,5415695,CONTROL
76689,4bc220cf-2bc4-4a9e-8a26-10ca54e983b4,5444250,CONTROL
72158,49f843b8-31b0-4f7c-80e7-85f90d930772,5396107,CONTROL
78287,dd9b1e17-2b68-49ec-8708-3954e3ef2ee2,5681505,CONTROL
73316,05653783-5f0a-4f32-a6a3-f675aa1de957,5393881,CONTROL
127789,af05b6d7-04ce-4f92-aac0-8b58744f00c2,5850067,CONTROL
98652,5a070414-5a89-4dc1-9c18-6e328c3324c4,6050804,CONTROL
92582,6ce854ba-9407-441e-88f8-93985377af98,5986163,CONTROL
76427,51a6cf39-7551-4ed2-95e6-9712fd750c5a,5447710,CONTROL
135350,aab938dd-b365-432d-a4c0-3378c5ef97e5,5565763,CONTROL
107818,69f9f67c-a8c5-46d9-87d2-afbd4e6e5563,5792149,CONTROL
72678,c7bfb782-3275-45a3-8730-a605186323ee,5402728,CONTROL
72626,75241fef-4591-4542-982e-d69c4546459b,5394094,CONTROL
84656,5406ea75-329b-42e0-95f1-1b23c40b2a3b,5829145,PD
131975,a4c28d0d-ce3b-4fdb-abb0-f76302898702,5604536,PD
89037,ce20aa57-4257-4e82-85df-2204573f2ba2,5952333,PD
109066,6b104542-0b0a-4421-a490-568f66c7ebc4,5831688,PD
72648,a470732a-5efd-4cbe-833e-f6fb7ab4d54c,5395804,CONTROL
84173,eb35dbfe-6b12-40c0-bc58-b641210ad8d0,5844022,CONTROL
79913,c2a66b3e-dd83-4321-ac51-a7aff21e590e,5698876,CONTROL
109666,3b20c871-e212-4781-a30c-a0b31923fda2,5858529,PD
85335,6aed9dce-1ede-4cf4-af7d-a28bdb5c828a,5891572,CONTROL
124253,b3d0797e-ea39-481b-a1cd-dbbe85dcd314,5528131,CONTROL
86416,6c3850a9-b6cc-4c2c-a609-a7feb945e090,5961837,PD
81159,9fe92d50-1259-4837-8c79-92d2baef81c5,5736286,CONTROL
117860,a1ee77ea-113f-408c-a8ae-f2d215cf899c,5612351,PD
73265,b7600ee0-3b9f-432d-8cb6-21145e7b0012,5403340,CONTROL
78184,7533e420-2c4c-4362-a7e1-bc77c46b200e,5657665,CONTROL
94423,a8b54536-104a-4f7b-9645-09f08d32cbed,6013057,PD
106948,bb3c35cd-7aa9-4b67-9827-f8c4d9c7e90b,5777028,PD
86812,4b163a5c-f4cd-4a1b-ab6c-f593fe1e90eb,5908559,PD
88746,1d46bacf-a194-4d50-aa15-05dbcb7e754b,5942421,CONTROL
87116,0fb2371f-2456-430e-a9a4-f0cfba39ae30,5909455,PD
100835,3799bc07-75e2-4570-91a7-0e1f667123bc,5449637,CONTROL
101848,063e06a4-e49c-4d31-9cbb-fa374f8dc298,5549050,PD
95528,022c800e-f8e7-4a9e-ba35-d6eb27ffa549,6020434,CONTROL
104231,69768027-9381-45b4-98e6-c3a84bbabd50,5678057,PD
92916,badfdfe9-cbb5-4d1e-b84e-e0a409642863,5998627,PD
95892,ec3eee5a-27bb-493e-a282-8e81570076f5,6023156,PD
75697,cb5d179c-17b8-4b17-94cd-005e326d4bd5,5430132,CONTROL
79314,dfe2079e-d916-4fd7-a76f-b2c1d51607df,5604888,PD
85278,b66a97f4-0cde-4b00-a5ab-5d228d1e79bc,5870069,CONTROL
131787,cb8c2ef5-da46-43d7-b24e-c03c88061995,5590821,CONTROL
86696,5f9f249a-e19a-46bf-985b-f074c88dd18b,5922673,CONTROL
109152,8a379b11-55dc-41bf-87b3-af8331f62587,5830163,PD
94817,a03008b8-28c0-45f3-9c96-bf36b7f5b6c0,6011947,CONTROL
74809,92b2c193-ce06-44f3-ae6d-9daa5492b04d,5551908,CONTROL
83503,cc155b55-49c8-4b15-a905-2e5e4546d1b7,5776179,CONTROL
86062,5d1d61c3-9942-4ccd-b65b-b27dc43887b1,5885812,PD
94773,c77e3f11-7195-4e8a-9146-063bef90a03b,6011410,PD
81566,40a139ac-5883-48e8-8dd5-b47e584196b8,5708664,CONTROL
108930,2b61eecc-ec1a-4c1c-88e0-67eab8ef6200,5815893,PD
79721,56f50323-3032-4c7e-94f8-39d3b037a455,5638663,CONTROL
86994,6899ba07-f868-49db-9651-3504b6d754d6,5910650,PD
107814,69f9f67c-a8c5-46d9-87d2-afbd4e6e5563,6958619,CONTROL
131349,ab6244b9-1f60-452d-9c06-df0209e9e5e9,5565469,PD
76615,67e49cad-73ea-4336-ae6b-23bd69d4caea,5446301,CONTROL
108702,54e7560b-8dde-4dfe-b8ae-06f82a5555e2,5820428,PD
107598,23a173b4-c662-4bfc-917d-5c8b24bfd9c9,5787051,PD
73372,91999921-0f53-4d88-b306-ac93d5b7bad1,5388772,CONTROL
76090,5d25ca97-828e-4e58-87bf-9fd40c709923,5416460,CONTROL
85458,cafb9fd0-fd49-4cc4-b573-a62d2ae3c38a,5879199,PD
77775,3a6ed86c-aba5-42b5-a896-440d0b259abc,5665115,CONTROL
95213,04367dfc-a472-423f-a553-98c902a752ae,6008818,CONTROL
90517,ef4587be-fdf8-4198-bb20-0c67c58187a5,5969112,PD
93808,f9efd7c7-b8fb-4d37-9076-45c5b017cf17,6005249,PD
99097,cd690974-a441-45ea-8728-f873eda18840,6053206,CONTROL
76516,62e4f3c4-3b2c-4901-98a3-e18754a3306a,5453250,CONTROL
88799,a6152ed8-13e2-4831-92f1-5ba8c0af2c9a,5930494,PD
134896,afc1967c-5f55-4034-8d01-824c3b1bb35d,5535453,PD
79104,e2e16975-9b9d-4475-9803-4bf3189a1dd1,5601582,CONTROL
84559,f7ca4569-d7e5-4e53-9cf1-0a447565bcd1,5857919,CONTROL
98071,c466b93e-623c-48ba-9906-8dd2a71b1d8a,6046216,PD
102020,d30caa3b-06d9-4d36-8412-f99124083b60,5543369,PD
96004,2c520048-8735-4e56-9e0d-99f23dbc7e57,6025541,CONTROL
84523,f7e546d8-9831-4cc1-b3ac-176de8da6698,5836372,PD
118233,a198560a-cf0a-4610-86a3-a0bb83701336,5636549,PD
111142,6028143e-496d-4a54-a3bc-cc6becdd74f1,5897039,CONTROL
97233,916b304f-2392-4134-9f2d-0bad3fde3173,6037140,PD
85258,db93ae75-b4fe-4210-b766-e1e7edf1518d,5889101,PD
100212,d49fcd5c-3952-49ba-bc03-261b83a7ab6e,5428747,PD
81838,0de121c8-7003-4ceb-90d4-4c7815fd6cd4,5722073,CONTROL
74487,14abc775-23e5-4d72-8233-66fa16d77ee1,5406462,CONTROL
77008,ae86f593-84a9-4aa2-a97a-60548c4e2457,5427759,CONTROL
126019,3ff262e9-3e0a-4a93-a006-9eafe5c76087,6099597,CONTROL
94526,5f2ddd28-2506-43fb-8863-d9b521cb163e,6009186,PD
81286,3c276970-26c7-4b3d-9765-5336032f1853,5701327,CONTROL
91877,73d67610-d66b-4a4b-b606-d98a8ada5f03,5985043,PD
96689,b1b8a4d6-bb61-4fd0-bdb7-a11cda6f7548,6024966,CONTROL
73818,bc31cb2e-6e0e-4161-b4b9-0c8930815de1,5399124,CONTROL
102581,4995b205-2c38-429f-aa29-348007e61c4e,5585613,CONTROL
88544,ac7c3961-9268-42b7-aeb7-fc4c49c7a6bb,5938934,PD
95178,203d71b5-c9c0-4e1e-8c2d-01a42ed41e18,6011504,PD
82808,5aa4b983-2700-42f6-bcef-bed7a8bf3ead,5770283,CONTROL
78873,5803b4c7-f778-4dc2-92ef-9acf5e7f2884,5633211,CONTROL
100908,988b4e7a-9928-480a-8f9f-36d7eebce81c,5455450,PD
95361,27567fbc-75a7-4288-b6d8-cdeb85fed36a,6021420,PD
87459,c5f34c50-f9c4-4247-8c94-c0e31e05d22b,5924124,PD
84896,b1278a71-efdf-409d-bb0a-66a4b38aa4a3,5827272,CONTROL
102574,56ae37f9-02fe-4a5b-90c6-a0798b75fc95,5572054,CONTROL
75388,fd228a13-1902-4b6e-b522-7342e7842607,5544921,PD
104289,75b63b7c-7752-4097-89ae-f9e339b26835,5663699,PD
89284,9f6566fa-f6bc-4275-9b9e-709c00124803,5953502,CONTROL
93372,22cb67d8-ebe7-49cb-9fc9-179c6b95b440,5998837,CONTROL
74540,1407a155-a80a-4b9d-974f-046ef99aba65,5395225,CONTROL
75297,17290204-8d8b-417b-959d-919c69ff3a01,5467744,PD
97558,bae1bf32-94bf-42a7-96d0-ee23fd98245e,6040823,CONTROL
81212,b9633fdd-4884-4248-bbc4-b04d4482951a,5703156,PD
75656,2f957925-435f-4eb6-ac34-053b6823a8c8,5567893,CONTROL
79242,35f49ff7-4a81-4098-8eba-2ca8e2ef4b9f,5614587,CONTROL
135380,1886a202-b9e9-4429-9c44-92d7c1654d66,5565781,PD
78925,de61ada8-ff6b-4b0e-a11b-cd9f7a5d721b,5610410,PD
90803,9b0ecc01-f89c-4f0b-89e3-a7b233b2a2f2,5965480,PD
77246,49b2b78b-0b4a-456e-a0a2-8f20c345aa7c,5494180,CONTROL
108213,bc53f23e-bf00-402d-93ed-3030cc15b582,5809937,PD
75792,685e3773-5fb4-4d66-aa43-406929c29864,5425712,PD
104886,5d4dafaf-7161-43d7-b7da-59dfd905c51e,5687374,PD
86483,39610ea8-ff3f-4252-a43d-96d7301118a1,5917902,CONTROL
76342,214d0161-a5cb-4ddd-a285-c29a6a07fe3e,5494198,CONTROL
72878,6183d1cc-03ed-4294-a096-909925af5179,5402103,CONTROL
132578,219a59a3-c8ae-48b8-b6e6-42c8161506f2,5642353,PD
97421,372ac229-b3a9-44e2-adef-e4300439c266,6039651,CONTROL
74797,759f1c14-f57b-4463-9e37-5551d8ef603d,5519849,CONTROL
96700,262e0c5f-2f3e-49b5-8669-99a85146c179,6027981,PD
108143,6740732a-9a35-457b-bdd8-12faf4d99d11,5812399,CONTROL
93732,d4995b7a-a59e-4f7f-a8ff-a15888175051,6004605,CONTROL
79154,721d67a8-4d85-4782-b474-c2654a7a10c6,5652243,PD
115651,aa91e6ba-523d-4926-8318-c2f689ac9400,5467180,PD
86880,e1be891c-7b9f-48ee-bbd3-647c4ed7ad0e,5914605,CONTROL
134880,7c902767-b9b7-44dc-978f-7f246ef3c09b,5535370,PD
134525,642cbefc-3667-4049-afc4-c549a967a356,5514914,PD
78764,1208fde4-dec9-4e1f-9a2b-354fd599aa2d,5606876,CONTROL
82693,be1821f6-7616-4440-8edc-1baca63e2856,5809658,CONTROL
109892,c61451a4-39ec-4ec7-a63f-dbe9e236ac22,5858310,PD
95233,39610ea8-ff3f-4252-a43d-96d7301118a1,6019791,CONTROL
77870,7338266b-f89b-437c-bab1-a194e0210928,5603726,CONTROL
80959,ffb0a016-a3a1-4529-918c-92f3e36eab17,5730977,CONTROL
128597,ec822b07-4b4b-4117-9f7d-7e92e0fee1d3,5874258,PD
87694,e520fc4c-fe75-44ea-9d20-dcc1082cde8f,5931645,CONTROL
93676,913b66f5-0666-4ccc-bf95-c9f6e0d60066,6001749,PD
84202,b87efa92-fdd7-46be-acc6-caea42212a00,5831592,CONTROL
99582,22679905-a6cd-40b6-875c-941681580f88,6062457,CONTROL
96225,5855abea-960d-4476-aa18-1b66fc381709,6042851,PD
96908,863ddb69-fb81-4e17-8273-845c5aaa2fb6,6037721,PD
81410,e2d5bbbb-e1a8-47b2-8789-e12b23b6b244,5727232,CONTROL
75527,dca22a25-9b8f-4868-a290-9b9f4bb6a242,5520709,CONTROL
102895,d1ba64cd-5157-4aa7-8be8-1ae082e21ba4,5626531,CONTROL
113253,beb80def-8dab-4210-9513-61094cf83019,5926857,PD
89882,1ebe644c-4f89-4bc8-a39e-e6582d7a7fa8,5972268,CONTROL
89737,d54d803f-e2aa-4024-a3d8-784ebbe968f9,5960495,PD
82609,ed0e6c58-00cf-4b06-8d81-be5b4240b6af,5803185,PD
103169,5e18a646-1884-4f05-994d-50d7b890271b,5627537,PD
100698,5ce69643-aeec-44e5-a5cc-4c06d36f5979,5459146,PD
89031,dd6db990-ec2c-4c63-bb96-7d32029655ff,5961768,CONTROL
131449,b29f767b-2905-4c51-a8f0-79e375491a3b,5574592,CONTROL
98990,d73795f0-1414-4473-8bd7-d20e4197e0e6,6054536,PD
78946,75e16764-2272-4d4c-955b-2ecb34b15442,5641880,PD
77252,0c618056-a00a-4d3f-90af-76574fce3cff,5514673,CONTROL
111101,4a594906-4d78-4c65-a259-d93122f549d6,5895274,PD
89730,3df7a517-10a3-47bb-a49a-1e91e255a088,5951515,CONTROL
89572,71aa7602-8aae-40b0-a515-ec518c2c0cb5,5956405,CONTROL
79440,ede151dc-f04f-4390-8cdf-0f84e2651196,5668606,CONTROL
97202,4d58a217-142b-4829-9b31-c75669e6b636,6036522,PD
127495,cd07f135-bfc7-4bf5-86f9-d4eacd78aa56,5832591,PD
72214,e6fa763e-fa7d-4466-a0e8-d444b3fbcd40,5410129,CONTROL
73963,2c1e5fb1-590f-47f8-ba3e-e6bad064e35c,5399919,CONTROL
72804,5817b6fb-1a2e-4519-8289-4ec3c59b70f9,5404664,CONTROL
107074,1d41112e-530e-4139-b2b8-37f1336e4ec2,5783069,CONTROL
78474,28834fc7-cfbc-4df0-9de8-97768dedad64,5591287,CONTROL
92244,93558cd1-0fb6-4f34-9073-02bd5f7e1348,5982350,PD
88891,33c6dcf4-bbc9-4915-b35c-54abc7da276e,5962325,PD
77074,3a0e7c0c-b6f6-4bd7-a578-ee39dd1d6140,5425664,CONTROL
108145,6740732a-9a35-457b-bdd8-12faf4d99d11,5811726,CONTROL
104226,d7caa046-79f4-461c-b6ae-e9cf5654d5d4,5662436,PD
99956,83c7de09-2ed3-409b-abdb-fc75750d10fe,5427322,PD
73074,d69730fe-6f10-4207-a0a0-1170c24eb4a4,5408486,CONTROL
78232,4e386464-894f-4e3f-9ad7-7629f53ebb4e,5642330,PD
118038,82214d0a-c0b5-4828-a104-05204d8b34c7,5605650,CONTROL
83238,f6bdbd53-2248-4cf3-beb6-14161b589b9c,5799577,CONTROL
126333,f165226a-61dc-4f78-9903-d42f08b24a7a,5802010,PD
87477,22fa2c34-0913-44ff-93ac-2a14da3a9c77,5925304,PD
95081,01aea090-d2cd-409e-8ce8-22887ada7af8,6013084,PD
81026,9e86139f-68bf-482f-b473-6e83a0e1ce0e,5732670,CONTROL
75328,bf73f041-de4c-4af8-a520-8fc64993d954,5493042,CONTROL
92751,961a4ac3-d753-474a-957a-f9137527effa,5997182,PD
79543,dbce4f98-8c3d-4ff4-9a63-4d95aa991f93,5592466,CONTROL
73388,9761c9fa-44df-4c45-b761-36d32a21a7fd,5390550,CONTROL
115950,205b0b4f-e990-49d7-b47e-9e2c2585a1bc,5493183,PD
76736,1ffd71dc-f8b7-4b8b-8bfe-39bf2f9c4837,5543248,CONTROL
109657,c108b15c-3da6-4fca-8861-200795111980,5858752,PD
110006,0cbbd505-d4e2-44cb-871d-dc5892f43c07,5872101,CONTROL
110224,e67c8b17-09c4-40d6-92db-efbcd58d155e,5871861,PD
92024,fef60a3b-a38c-4ac1-8018-efdeb0fe3222,5988437,CONTROL
78004,73ee12b6-ade9-43df-8733-0a9fe33a93bf,5614792,CONTROL
78422,5ca7b95c-7aab-48c9-a4c2-ff01609bd3ea,5681359,CONTROL
73381,58a709ab-6799-47fb-9f49-e968e429e000,5396633,CONTROL
74294,4b86ef46-390f-4457-909c-17cb6667cdbc,5408500,CONTROL
92122,84f1290d-4cba-4028-84ad-f20ce3ba6ec8,5983344,CONTROL
125522,3ac0729e-0bff-4876-9d0a-19030ee717a6,5774936,CONTROL
93167,4fc88a58-1111-45b4-8ca1-c0981b86c5a0,5998209,CONTROL
75807,ba8e704f-9c3c-4b3f-beec-593687fc0078,5563464,CONTROL
73554,d12be378-d262-4f46-83af-4364912da711,5403328,CONTROL
73321,61f3a7b8-354a-4093-afdb-ebeacdf2ac2d,5388391,CONTROL
101523,988b4e7a-9928-480a-8f9f-36d7eebce81c,5514461,PD
78361,f96e1363-ff49-4103-89f9-01c87b5cbffc,5684057,PD
105393,bcdbfaea-0fe8-4598-a4fd-b389d87df72e,5707787,CONTROL
101514,26b15140-2acf-4180-8283-f3acef5501b6,5608645,PD
86445,47d967da-3086-43e2-a94c-850d5a62bf57,5875600,PD
109623,588bce40-e483-431d-8068-2ff4d6fcfd17,5848491,PD
73309,05653783-5f0a-4f32-a6a3-f675aa1de957,5397663,CONTROL
94780,428ed7ea-448e-4ad2-8ca6-e68178ca6248,6015390,PD
102048,f125e7fa-7a33-4959-abb5-655ceed01d72,5545340,PD
102681,7e109332-bc64-4c86-81c9-6166a7977768,5571589,CONTROL
87578,aac03e65-218f-4742-8a8e-049d22a47c8d,5918292,PD
81232,5b32fbfe-24ad-4049-8343-12e63b235759,5731998,CONTROL
75603,54ac74c6-a1b2-4366-9118-3aff7a22667b,5530936,CONTROL
135602,727a15b3-5e85-4107-8269-d9be8ab7fe89,5580257,PD
118351,776122cd-333b-400a-af9d-39771b26fa4d,5627077,PD
84246,7089670a-ebd8-4733-9c7d-8e442181d80f,5844364,CONTROL
73739,2e82bdc8-2b40-4d58-b393-0d229fd515b6,5401796,CONTROL
85053,adbc93a3-8214-4649-aa6c-15a34bb51509,5899764,PD
76208,f51c479d-f03f-4e4f-90e9-7127cfe0882e,5522763,CONTROL
103113,987f7656-13bc-4b5f-9f45-ce799fbf9aa5,5622141,CONTROL
110417,06c1e1a9-d0a6-4e8f-ba7c-138a89e23368,5871571,PD
81718,198065cc-3cf7-493e-98ec-95042a6df37f,5737084,CONTROL
91192,ac3ed763-a235-40f4-b3d1-6a80cdcd5fb5,5974268,CONTROL
81447,a0b03267-576d-4a7d-b453-969b4435c6bd,5745479,CONTROL
75990,2d9a8277-1cbf-49a4-9c87-8e4aa1387d68,5484068,CONTROL
95886,fbcf2c76-fd00-40fb-bb10-4d25f0142f1e,6024518,CONTROL
97327,7c7283c6-8bd1-4112-bab2-7d3e05bef338,6034384,PD
97074,5252c381-5a51-4441-b78a-40ee93c638f2,6037648,CONTROL
113573,4ca4066e-ca2e-4597-9d24-636301baa3be,5935981,CONTROL
132423,f1bbef68-2385-49c5-8c93-25c26846e30c,5637632,CONTROL
118239,22c07a06-d6cf-456e-817e-32093cefcbc7,5632048,PD
87875,8d728c09-305e-4ed7-9b47-8638dd3d2a41,5944305,CONTROL
80896,d21c8977-91a4-4e01-8a4f-9db1ea67e5da,5747042,CONTROL
76849,7596aaab-47e5-4468-9edc-b85914247063,5439771,CONTROL
81465,eae50fab-9c71-4e08-beba-b828ab667aba,5725329,CONTROL
76652,3ef967c1-c3f1-4e94-b2ac-0db98100222e,5488110,CONTROL
73832,cc9c147a-a34c-4f4e-a209-f49e31a8cf6f,5396002,CONTROL
73516,a7ef363c-c34c-4c9d-b297-162d68a1ca76,5395329,CONTROL
134718,2fb90ae9-b114-4fc7-bba3-19845ef08b22,5525929,PD
97437,6b648dee-0f5e-46b2-b5a4-7b8553b78a89,6038810,PD
90049,549c5eb7-894e-471c-913e-c5fb628292af,5970766,PD
77298,d72d8533-641b-45bd-8bd3-814f1734692c,5449218,CONTROL
133696,30712a06-af02-484a-875b-5b4c268f1b62,5460523,PD
112028,170e3ee9-9890-4926-928c-52471eb8a946,5910114,CONTROL
80532,bcf87cd7-651f-4143-beb2-4793aea506ea,5755819,CONTROL
123888,f6605e4e-b1c9-4681-8c2f-d0a74ab4bbbe,5719521,PD
80621,75fe11fa-a2ac-4715-9a17-00a9d0409f88,5729986,CONTROL
80116,c32c4258-4645-43a9-a423-605aeb904519,5736126,PD
111941,7371a450-954f-4ee6-b406-c5de2ef0f351,5910888,PD
105343,de5b1d47-3d43-4723-8d2d-e0c5b98a8b98,5759021,PD
118265,ea0c7ba0-b78c-4f38-9bf2-685d5ec434eb,5623973,PD
117177,dbfdaf53-55b4-4347-8a35-988f05a7965d,5568491,PD
77711,b0cd6c1a-6e14-431a-bcd8-b7594667aa8b,5674400,CONTROL
89599,f7fa6783-c214-46fb-801c-45898da69f92,5961535,PD
121208,06651da4-0fd7-48c1-be70-c19f39101d1f,5706076,PD
87070,71fd8858-b254-4d7e-867e-08bfc86a164d,5917873,CONTROL
133374,5981d744-5476-4bb6-9609-30a72519ae55,5440429,CONTROL
124416,291b2c16-eb62-46e0-a99b-6fc3bc31cd38,5776910,PD
75007,378ce32d-da69-4a9a-8a55-33ded7e5245c,5438767,PD
87746,3ca6b81d-22d7-44e9-b4bd-4c833b4396ce,5944938,PD
111264,1447e829-cd53-4498-a9eb-833c2f791d13,5894145,PD
78895,380974f8-eb35-45be-bc50-54890bb3256b,5604746,CONTROL
72370,375cd04b-d505-4e63-9300-c37bc7ed4814,5389349,CONTROL
125562,0d1d5798-ef1e-496a-8980-fe3531eb6c3a,5780124,PD
94788,428ed7ea-448e-4ad2-8ca6-e68178ca6248,6014799,PD
116799,8e171009-f2cd-4043-bcd6-7283cc373301,5545821,PD
73053,0b061538-a84a-4c8e-80c2-2a200f1237b8,5402637,CONTROL
106707,01afeb98-d6a9-4924-9085-aa7c1ca76538,5755023,CONTROL
101378,0fe6f42c-d3aa-4405-8adb-c4b798701dd5,5506125,PD
79483,66ff2edf-f8a2-4ab9-a331-6521f6f05db6,5648177,CONTROL
73403,977efb88-6d13-4c57-ba32-1ee7660eb27c,5396374,CONTROL
83364,a3d2381b-d200-4f29-b27e-357b5433580c,5781118,CONTROL
94117,2532be00-424e-44dd-9c04-f0b903db91a1,6001105,CONTROL
89782,63c2f1b1-5678-4c78-bfae-77998d27f761,5962727,CONTROL
77995,f66d5489-3e2a-4274-a3bc-49ff4b243a7e,5666165,CONTROL
95079,bf185a66-01a2-4081-9798-45ec41a36deb,6013208,CONTROL
120538,d7956523-80fc-4cb4-80e1-8ae5cceabc7b,5583012,PD
133705,95e124bb-e9bf-4f06-916c-4a679be5c623,5460682,PD
72813,94976ab1-1c1c-4c1f-9508-648cc84e4972,5389089,PD
134234,afc1967c-5f55-4034-8d01-824c3b1bb35d,5541659,PD
86920,c2f933a4-b0a6-4414-bf6b-e09df2a7709b,5913324,CONTROL
76383,5212e449-961e-4f57-8c25-130e177e9f78,5565222,CONTROL
132840,f92ec667-ab78-4874-81b3-a6a216201b9a,5657558,CONTROL
117168,5bf24650-8e77-46f4-a939-d258048542ae,5554378,CONTROL
75813,ddb5d1cb-35fb-492a-93e3-77587199dd70,5497160,CONTROL
110351,ef281d10-9a48-4033-b25b-6873caf37cef,5874378,CONTROL
89692,bb91ec4b-ab77-483b-b35f-fa039bc8225d,5964300,PD
111288,3495ed87-6850-4b7b-b626-63fe7eea0e28,5892065,PD
122417,40328412-76ac-4907-bac6-9f2f0801bf27,5516606,CONTROL
73753,08b9da39-29a0-4c79-8adf-f93aa124d41b,5388498,CONTROL
127265,dafdb194-6d64-47de-9ec0-5427bacb74cf,5830028,CONTROL
86291,6be50d33-ab15-491e-8414-67d0c767d5dd,5871388,CONTROL
81332,2de84d02-5354-4162-8550-d86c4429c77d,5739343,CONTROL
73352,9e5a5aee-7cd6-4ad4-b179-379d404cb60e,5399795,CONTROL
84304,1a72f332-6dca-4465-bad3-dddb7e42fc1b,5820515,PD
92950,ca1061c9-4bd4-4af7-9ba7-bbbc93fe9e68,5991516,PD
92044,1d8284ca-e867-4585-911a-79e81ca25b51,5989271,CONTROL
80015,b64a9115-80cd-4b76-8b75-4773c2ff2074,5723598,CONTROL
118679,075e065a-ee03-49ca-9ce1-f68749809e2d,5643221,PD
79752,6ef270a3-dc1c-421b-91e2-43c3ae225e4e,5695257,CONTROL
83106,89582754-82c5-49fb-b119-9bed1c6eb32c,5785051,CONTROL
120723,f91ad75b-4362-4e52-9f60-66edc4504114,5519435,PD
101825,0f8cabab-5efe-4336-bb75-35b51b871056,5531730,PD
124011,487959bf-bab4-488a-a9ae-67b4e645f347,5746025,PD
74696,7f5523b9-2172-4128-9159-9ff0ff73d7eb,5389266,CONTROL
91392,1d342238-c509-451d-ba8a-381b3e10f8ef,5973580,PD
112742,79ef2bb2-d464-4fff-97c8-eec045e2242f,5921395,PD
133805,016cd339-2d22-4fed-92bb-2341c9a46be0,5470732,PD
126525,b5efca70-5e19-49d7-8806-43f5575135fd,5803830,PD
121241,6e706d61-ed30-4083-98f6-88eed185d216,5759754,CONTROL
80514,82a25a51-bf72-4340-8118-ba05ac38d9e5,5733800,CONTROL
133608,be1c514d-40e8-44f8-ac33-5cb2a647f02d,5453341,PD
85921,3df2f992-67a1-4465-8f8c-67ece01da6d1,5885760,CONTROL
78615,1dc854f6-fcee-44b5-8ede-53ae96611d8d,5606529,CONTROL
109820,54031d72-2961-47bb-b0e7-15f4887bbec7,5860079,CONTROL
82243,cf8a9f12-bfdc-45b2-a3c1-4da0e40941e4,5809247,CONTROL
125568,0d1d5798-ef1e-496a-8980-fe3531eb6c3a,5778812,PD
123542,9a0ca54e-a193-47a3-9a5f-44030467b6eb,5591963,CONTROL
101966,99356f97-0c4a-48ab-adeb-a1833524675a,5542590,CONTROL
86757,d7caa046-79f4-461c-b6ae-e9cf5654d5d4,5915889,PD
94053,ec4b1d9c-4093-4a8d-84a2-672ac9bc511d,6000760,CONTROL
93975,57e7b157-6715-464b-881f-3aadc225d62b,6002447,PD
126591,ea0c7ba0-b78c-4f38-9bf2-685d5ec434eb,5807601,PD
93289,c572fd93-61de-46dc-9a7f-f41a20a1c475,5998400,PD
101997,c42839c1-9768-4f35-9e81-ae84b57dd2eb,5529474,CONTROL
109871,82ca7763-4f54-4e32-a3f7-2fe0ab8ae02c,5870637,CONTROL
89039,2b8f0f06-b5e2-4da4-978b-0f17f6b246fd,5956487,PD
81277,41c4fd42-8918-467d-b842-b152d90e4a33,5711938,CONTROL
115053,137d8116-d157-4a0e-8c31-6aa2f2e80a23,5434838,CONTROL
74341,234caa0a-2bcd-47bf-9705-f2d9b9c32cea,5409418,CONTROL
115298,ea23d6c9-b231-405a-b4ae-79e42a0c749e,5451535,PD
97231,c61451a4-39ec-4ec7-a63f-dbe9e236ac22,6036667,PD
77483,dd6278ef-16ed-4f04-adab-b0183d2b10b7,5557658,CONTROL
79238,0fea9288-0568-4c3b-9030-c1cc75e917f1,5677495,CONTROL
79817,66a8ce8b-074e-44fd-9a1c-8b19ba294b43,5706800,CONTROL
73509,f45b1258-3985-4cce-b6b1-9241bd02e1ca,5395363,PD
74588,2f03b592-338f-4c85-93a9-aa5b637e2d4b,5408424,CONTROL
85242,9b3adfa3-30cc-4ef2-9ad6-fbc964f19982,5891498,PD
107958,ce5c8357-dcc8-475d-a52b-1d048224fcfa,5803975,PD
112176,cb3fafc6-b4d3-479b-8a2d-f5f037b96420,5906749,PD
74214,ed39998d-d1eb-4657-86a1-554da46dc7c3,5389568,CONTROL
77610,4af88fc9-aa5f-400b-a8b3-e2989bfc70cc,5500369,PD
88380,3ee6087b-7e4e-4f8b-97ec-78d3de73185a,5946144,CONTROL
111921,d800bd93-6cf0-419e-81c9-494d1ac63243,5906442,PD
94122,263130db-1daf-4035-840b-3c1fa98e33ea,6003126,CONTROL
134857,3516da76-a3e1-47ac-9255-ee100797ba9b,5538986,PD
78915,f26e1ed8-fe2e-4b3d-b58e-f9154c4ec4cd,5673966,PD
136209,ac7b34e9-1bde-4e8c-85de-098e863ec1e8,5625871,CONTROL
131500,e00fc19a-ed8c-412a-bedf-539c3742baea,5577111,PD
119994,0cce2793-973f-4612-b75e-2d0f02e6c4f8,5527265,CONTROL
99820,3bbd7889-bb88-4615-b707-3e5363f16edf,6060497,PD
83980,af11ff58-dffe-4930-bf52-584e0f1cbc5d,5847325,PD
84360,d5e4a30b-4c83-4d26-a59d-25c1bb664fdf,5852117,PD
88258,4b8a975b-9520-479c-9306-d3e274443ce1,5493091,CONTROL
76099,d0ef3cdb-3939-407f-8969-059942c231da,5472457,CONTROL
74682,1150f0bf-7c14-4633-afad-022ddcd50cef,5410853,CONTROL
72173,317f384e-0f34-403d-889b-45b248259642,5392299,CONTROL
95894,ec3eee5a-27bb-493e-a282-8e81570076f5,6022483,PD
118985,a348a3f6-c81c-42ae-a76f-c059eedccf74,5665114,CONTROL
87300,48f65ce7-091f-4179-b1a2-b36ec2fce6db,5918118,PD
108784,eea2bc0d-e013-4def-b184-8f153023c890,5827072,PD
78424,f9741526-19a5-484a-9d99-d2701c5cc5fd,5623966,CONTROL
80155,a487babd-efad-4814-9915-81c4848a142b,5728730,CONTROL
75399,6082938b-6037-41a1-8864-b0791f127834,5558028,CONTROL
77100,9c412325-185e-4b4a-b73f-2f7d463d57d0,5532681,PD
84517,5177924e-cfa3-467a-86e2-09da1036c03e,5859101,CONTROL
127258,f76dad39-17c3-4c35-bff8-fbaa617cf327,5830679,PD
79464,f407fe4b-33b5-4538-ac27-85f23046e3dd,5649382,CONTROL
116736,df0838f4-c644-4be7-a2f2-5e3b2af78883,5546735,PD
127906,4d65d02d-0e1a-4298-a18f-bb14fa199cf3,5855022,CONTROL
116087,1decd53d-fe4b-45fe-ae73-f7e8beb83f9a,5496435,CONTROL
105751,3d859196-243f-45de-b3b1-a0379b49d958,5732718,PD
97841,b2c6a6ec-e867-4dbb-bf42-8dd7fb2a088d,6038679,PD
97979,203d71b5-c9c0-4e1e-8c2d-01a42ed41e18,6041666,PD
98354,d73795f0-1414-4473-8bd7-d20e4197e0e6,6048624,PD
101532,988b4e7a-9928-480a-8f9f-36d7eebce81c,5520242,PD
80319,fbed5f7c-0b0d-42f1-b8e4-04b99f8fcf03,5725621,CONTROL
77434,e4d162e3-aa21-4922-916f-013a537f36e5,5503356,CONTROL
75169,974df5d8-121c-4287-89f6-c51ae822ebfa,5554333,CONTROL
80903,c5c705fc-6107-4aca-89fb-1109b41fdd55,5753532,CONTROL
115339,94c5b58f-e328-430a-bfd2-ba06e02d582a,5459476,PD
82791,632f046f-f527-4210-8891-44b0d3ab4624,5780699,PD
95250,b45c6456-396a-47bc-b178-918bb0261927,6021452,PD
93962,ec3eee5a-27bb-493e-a282-8e81570076f5,6005873,PD
87063,1108280e-7cfa-4d36-b108-6fb9290bc4d7,5919559,CONTROL
89780,63c2f1b1-5678-4c78-bfae-77998d27f761,5949406,CONTROL
79172,b8630166-2466-4e56-b898-2a7fec8d3a46,5627510,CONTROL
90654,9ec8e984-ce94-4e9c-b095-5232df3c3cc3,5964361,CONTROL
113136,d800bd93-6cf0-419e-81c9-494d1ac63243,5931990,PD
76339,ebcd397b-e6eb-42d7-971d-19e98ececf01,5425428,CONTROL
92287,dc602b86-d63b-45d0-9ab0-962a457daccf,5984236,CONTROL
135103,642cbefc-3667-4049-afc4-c549a967a356,5556955,PD
89458,1f753b12-d413-4718-8f97-9198a8defd94,5955468,PD
93956,0c8ec688-c888-4692-9fa1-100f2ab9f52c,5999782,PD
99048,04310c3e-7085-4ee8-91d8-fa2d28e4998b,6055777,CONTROL
77491,e3620cf5-9884-4fe6-8bd5-b4ed1a79c706,5456430,CONTROL
76097,d0ef3cdb-3939-407f-8969-059942c231da,5531012,CONTROL
82634,f8922040-f2bf-4a31-ac26-d78bef4e7cab,5782863,PD
109087,edfab0c7-6bd1-424e-b459-6417c5a726fe,5835107,PD
82201,42b19e40-684f-4b68-9210-605a6378ae80,5799112,CONTROL
75286,d2d5b5d9-f2a1-4d28-933f-00fb7329bca8,5508612,CONTROL
74015,3e3dab8f-87e1-42c8-a091-9202fb089a03,5390759,PD
72748,957532a3-08b5-4bf7-83f1-8db984164e1a,5392949,CONTROL
83769,02f42f94-f1bd-4a90-8b98-8fea8680a7d7,5826016,PD
119068,ffab2631-dfe1-4f5e-bd9e-f763e8aede19,5674429,PD
122891,69e73a84-0924-4112-8fbe-9803feaf1cef,5634877,PD
74137,75d11a81-16e3-4349-814f-6a63786dae5a,5405358,CONTROL
84897,b1278a71-efdf-409d-bb0a-66a4b38aa4a3,5831486,CONTROL
90613,008b878d-8b12-428a-99bb-d39e1db26512,5972532,CONTROL
72651,c6ecd9e2-52ae-4513-9dbe-0fff43cace8f,5407289,CONTROL
101682,3bbd7889-bb88-4615-b707-3e5363f16edf,5496502,PD
78974,e276b537-f7ab-4a5e-9d50-7d7780663b85,5673446,PD
85691,c81214f3-7a19-479b-b92d-dc7e6ea6530e,5891289,CONTROL
117792,1669e5f3-5c36-4d4f-b219-02435cc4b359,5588414,PD
111605,7438656c-ce53-4bbc-9901-b4b907b7271d,5904338,PD
84413,2f73dd92-5e8c-4c69-b0af-619f5c66e375,5859981,CONTROL
109263,edc7ac07-0c33-4954-9d2d-6862c52398ec,5845873,PD
97680,6c130d05-41af-49e9-9212-aaae738d3ec1,6044239,PD
88491,4b163a5c-f4cd-4a1b-ab6c-f593fe1e90eb,5943958,PD
90145,87cc844e-a3a2-47fb-b190-8be47b9ac6a5,5966746,PD
83351,04d17796-8da5-43a2-b24c-6a854065dd5d,5785815,CONTROL
84799,16e88ad7-d8ea-4bb4-ad8e-f3dcb9a258bd,5839038,PD
77627,689bc533-8181-432d-9a75-566fbabde6d0,5455052,CONTROL
75816,89932542-255a-4ed8-b500-00cb66e29721,5413129,CONTROL
123244,c77e3f11-7195-4e8a-9146-063bef90a03b,5493383,PD
73909,1376ad46-8027-4857-a673-bc117ceed00f,5395932,CONTROL
107268,4254ec6b-3a08-4baa-a909-e7737189bb06,5770775,PD
72251,064de206-eaac-4b95-b30f-d4c558c5cd0c,5408026,CONTROL
84748,9de98d55-6bfb-4614-837c-8e1cb69abf4a,5829595,CONTROL
74511,e4c29fca-0202-4484-a681-cd0915ebc2db,5390820,CONTROL
106949,bb3c35cd-7aa9-4b67-9827-f8c4d9c7e90b,5771267,PD
74683,f291a97e-d72b-4d76-817a-8d15944f8499,5393268,CONTROL
81338,2974bea0-3aa2-4a00-9f32-6d5856e62829,5757515,PD
91987,f2859935-821f-4894-9170-d34e675d2f43,5982475,CONTROL
92426,c5f34c50-f9c4-4247-8c94-c0e31e05d22b,5993465,PD
77306,a308fe85-7e2a-4b2a-83c6-565af093e6e6,5537342,CONTROL
93409,de3675af-6026-4d3d-b7fc-4423fcf2489d,5992136,PD
92277,d1fcb593-d39e-479e-8b15-e3416092e37f,5987892,PD
115994,911bf2ad-b97f-41c0-9d6e-786397e71c66,5494547,PD
135043,e0631408-638b-4e83-9b9b-3a8718b381c9,5543540,PD
82654,2951f8b7-24c5-4d72-8e79-b00fc126d76a,5785578,CONTROL
88577,ce4e34e7-6a19-4deb-8b8f-b8f4d6391491,5932181,PD
100540,6e7e8b67-1b8e-4bfb-a1f5-c0069c4980a8,5414540,PD
81611,9be17bf2-4e64-46cd-8496-b3b9eedb7f6e,5709705,CONTROL
97918,9aa82c7c-cda6-4ffa-aa78-614bc534239b,6044108,CONTROL
108456,3f68da18-e3d6-426b-801f-9d8ccd46e6cb,5797370,PD
82076,fd7ff1ea-c949-4b1a-898a-cffc15174e17,5894795,CONTROL
105435,e787d06a-bcce-4ef0-848e-8b319fc7ce99,5710442,PD
93110,7e109e40-b387-4546-98f2-56c04bb0eb01,5994975,CONTROL
79030,dfe7c492-d11f-466e-9432-f39fd4755dd7,5686871,CONTROL
73863,14b74d88-44bc-4277-bef7-05fd53212d02,5408429,CONTROL
80579,691f55c7-adab-45d2-ae9c-eda4c14332ff,5757319,CONTROL
116446,e08bb091-4706-4782-8ab2-4bd9d5ed571b,5522409,PD
106591,8a4790b3-3bf5-4273-b695-fe703347d399,5753362,PD
76635,cde05521-c092-40ad-babc-d80092a43efa,5505256,CONTROL
84141,faeab8f9-5e6b-48ef-8e87-3cc7e6da3e5f,5822512,PD
89769,34c5a65e-d71d-444b-8eda-e5219df27420,5959226,CONTROL
86076,0eb60c3c-52ee-483a-b48d-4c6d0b412e0e,5890542,PD
114745,979ead89-70cd-48bb-941c-9c87cc6e4679,5414114,PD
72938,832aa158-3218-4bd0-90a1-49c8cb3a57d1,5398612,CONTROL
81392,f4a126d5-bb6b-4097-9876-aacc6d1b03b3,5732022,CONTROL
96830,cd91f880-b4c8-4562-b5f7-c8ea45ba212c,6036100,CONTROL
88468,3a73a8c6-1f60-4ebb-b2b0-5837e783b825,5933489,CONTROL
113126,08c23348-8945-4e2f-a339-969b6699f0a2,5929151,PD
90121,27177eb3-1854-4fed-bf91-435dd971b991,5967502,CONTROL
84654,5406ea75-329b-42e0-95f1-1b23c40b2a3b,5862013,PD
78280,389ca576-cff3-4aa4-a276-cd20e1904a2d,5648865,CONTROL
81198,67b885b4-0335-46f3-887d-3f67b1ab1b63,5712551,CONTROL
116213,36f78c32-2c4d-4dc5-bd15-75f9a0e405c2,5502257,PD
100829,5fd95c4d-c6b3-49e9-b824-50d2df51491c,5469992,CONTROL
134625,21e36b60-f96e-48db-84dd-b7ad9b7535ed,5518049,PD
136225,06f80645-58be-47c1-bbd5-df82a0809381,5623965,CONTROL
74628,484adde9-f9f7-4233-bc25-46c3071da0dd,5402362,CONTROL
74829,e6c131ff-38ab-4bcf-bb35-18fbea73ae0c,5551401,CONTROL
97950,cbcbdf73-e3ee-48b1-a2e8-80ee5d37b722,6040362,CONTROL
73733,2e82bdc8-2b40-4d58-b393-0d229fd515b6,5393303,CONTROL
77366,edf2bd5f-b185-4a82-997e-6ac080d5eb04,5565548,CONTROL
78370,0d182f3f-1f10-4a3f-9a77-993bd96d8c4d,5664755,CONTROL
112096,b89e7282-e573-43e5-af99-7d8d98137359,5907240,CONTROL
78646,0a623a36-ea3e-4557-9579-ae960c77f4d7,5635821,CONTROL
83397,e0d06a33-7708-4284-9bc1-451edd720374,5803230,PD
92585,b9ccd441-08fe-4e0c-9d84-cf8e5728d6d5,5982750,PD
88209,b8b33fac-a8c3-45bd-848e-519f42f38de3,5933930,PD
89625,762e0eb9-d679-4a40-b686-f3e7986db56b,5959469,PD
76538,904459f7-ba96-4141-8218-85ed61a9470c,5413814,PD
85248,9f96e312-1e20-4b96-9877-6cb74e029bd4,5869245,CONTROL
90380,b4b0028f-bd8e-4e25-8da2-64252f48c827,5966589,PD
123942,d45d88b2-c933-4422-ba68-20a78d862371,5573684,PD
83768,3ca6b81d-22d7-44e9-b4bd-4c833b4396ce,5823443,PD
90061,e09690c1-069c-4403-a74c-91c815ae6fe3,5964431,PD
124616,344b785d-d12a-47b6-95ba-fa05eecd7e8b,5455193,PD
132737,2a0a6e09-f23d-4ee6-a1a7-66b0e79ce08a,5647250,PD
81186,0cc87417-f009-45ed-9254-254a057e56b8,5733930,PD
106006,118f2140-cab6-40d1-b111-27360ec12209,5744997,CONTROL
87224,631849a5-d039-4173-9bea-a44c4416e1d6,5922833,PD
86905,44f02f2c-1ff9-4748-a714-9bac62b21853,5911263,CONTROL
80776,84cdec84-5148-47d3-822d-b829ef24d11f,5764756,PD
80115,c32c4258-4645-43a9-a423-605aeb904519,5701496,PD
102381,0f8cabab-5efe-4336-bb75-35b51b871056,5571645,PD
81937,45829aa3-2e58-4979-a367-922bbccb58b4,5785410,PD
72476,b1be8eab-1a83-4e3a-ad74-43a2e682dbc9,5389633,CONTROL
75168,77b7c422-bd8d-4e8d-89e6-27fd515e246e,5498569,PD
104311,863ddb69-fb81-4e17-8273-845c5aaa2fb6,5671218,PD
82164,922805aa-2a68-45d9-97bb-26b7158ecc7f,5785985,CONTROL
112353,ee8b1690-4c96-4f09-9a7b-946911bdcf67,5915720,PD
93226,77e3b8c0-9b8b-486a-b92f-6bcc420b6ba4,5994872,PD
99080,c4a2904e-2e5f-4fb4-9890-7e5c66d2fa7d,6054483,PD
96003,2c520048-8735-4e56-9e0d-99f23dbc7e57,6028389,CONTROL
110987,acd91366-cd8c-4f1e-a314-2cd68f03299c,5896348,PD
118405,08c23348-8945-4e2f-a339-969b6699f0a2,5634412,PD
79006,76f80e39-f360-4ce6-92a3-88ba11b630cc,5627657,CONTROL
77588,f8eea344-0215-4fc9-8012-1362b63aff2c,5527579,CONTROL
78605,544335a9-ca0a-4d72-ba53-04c9a67789b8,5657445,PD
108985,bda58cbf-a773-487d-bbc4-2fe367e0fcc2,5831996,PD
105890,8920e37e-d932-4318-aecb-f59de170c4d4,5718055,CONTROL
107011,39f65aff-d4b1-4bbe-aa2f-f7e03fd5484b,5776252,CONTROL
111005,3f9ae6dd-e585-4a46-a2ab-a0958132de4c,5890792,CONTROL
91094,33c6dcf4-bbc9-4915-b35c-54abc7da276e,5976929,PD
106137,6e839433-f676-430e-999a-3684ccdff525,5738904,PD
113015,0549100e-3e22-4c6a-96be-86d0a2823942,5932607,CONTROL
136022,9f255c4a-4e8c-42cc-a692-6b6366ed630c,5610075,CONTROL
87714,755c9cd8-9ed7-4acf-b077-e951ebdc4b2f,5932035,CONTROL
87338,d1645e68-b280-48c4-bd16-abfdb8c4ada5,5923431,CONTROL
73549,ee055306-652a-4da3-829a-1751ed65d452,5399053,CONTROL
84091,bbbf529e-01e5-448f-9cde-a0f270a960f7,5838531,CONTROL
99500,51faeedb-bc76-4fe8-9d6e-5bf43b484a94,6062742,PD
77518,689c302d-72a0-4ccb-ad66-6ca709301013,5520855,CONTROL
73810,bc4db59e-cbc7-4006-b942-629b3f407bd0,5408466,CONTROL
107066,7c61ee6e-b433-446a-b140-f20299873c2c,5768058,PD
90455,d4b82747-1256-438d-8705-2ee63b33a438,5971734,CONTROL
103108,dacd2d5f-d133-4c09-9dc3-b3dddc9a426d,5595096,PD
75631,b80cc3ea-0d6c-403a-b9e3-98f1c8a4824f,5486319,PD
83245,2d08a936-1937-4031-85b0-0b24b3e8e9d5,5806471,CONTROL
74237,c2019113-cd67-4a8b-8167-9aba017e3328,5396690,CONTROL
87760,badfdfe9-cbb5-4d1e-b84e-e0a409642863,5930718,PD
81722,632cc9c9-ee08-4664-8117-e5f6be8c40d4,5896100,CONTROL
107710,52eabdc8-4dd6-4ea5-baad-3822ea01f803,5785025,PD
81336,e276b537-f7ab-4a5e-9d50-7d7780663b85,5748179,PD
85011,3ce2fb0f-75b4-4a85-b0f6-9d0ad880db9f,5855273,CONTROL
104115,724fcf9a-bc00-440f-b2ba-0a9f6ea7a719,5677925,PD
99980,277160db-93be-4254-8fb7-9a187160f8da,5437949,PD
90731,cdba028b-d612-4e3c-a171-94cc8395acfa,5967247,CONTROL
133906,6cfb4610-8fc7-4b86-8249-dd22abd64675,5478463,CONTROL
121703,30712a06-af02-484a-875b-5b4c268f1b62,5514991,PD
116621,8564dce3-15a1-4b13-ab15-cb1aa68485c5,5530298,CONTROL
77561,7697d1e8-bd4a-42b9-8166-1a873edd1bd5,5421014,CONTROL
108087,fbd468eb-3615-4ae2-9dcc-daf41aa68a07,5809039,PD
101607,e89d35b9-9000-4432-8307-c518320d92f0,5499381,PD
133334,cf44db25-e6cc-4576-a698-47f5807339b2,5440044,PD
104746,e7045566-3b35-4466-9328-d98e6798d6c2,5690943,PD
76685,89490065-7c6a-4cfa-a8f7-30d8ffdbdad3,5479466,CONTROL
81691,71f7aad9-8d7f-4929-86ef-8592fbef8d94,5812628,CONTROL
84716,22e9a983-109c-49b9-892c-23f489852a57,5819716,PD
73315,0968b235-02e6-4807-887c-291e4b0c7d3a,5391213,CONTROL
135804,4f8a178b-3b90-4ed9-bec9-fe05a3a33b03,5593452,PD
105295,7175f964-c8ae-4b53-8907-204737433745,5699450,CONTROL
94474,c1caeee0-2ec4-4ff7-aee4-2acf69b75054,6011277,PD
136911,e29db95f-adc5-49cd-8eeb-09054470c221,6088663,PD
78508,5ccd273c-7e70-4d9f-8797-69eb2f41b649,5678134,CONTROL
82755,11aae9b1-d683-4704-9e4a-2da604e60060,5812647,PD
103220,ed1b8bdc-5569-4bb6-ae79-c56ab8f4da68,5620730,PD
93493,11b0961c-3d85-43e3-bc1b-a2c3e7f885b2,5992627,PD
93810,f9efd7c7-b8fb-4d37-9076-45c5b017cf17,6002367,PD
91323,549e0f48-4f8c-41be-9912-d85c709bdbdf,5980998,PD
91205,c7dc4c75-b140-4a2c-88a9-069fa4e9cb7e,5974028,CONTROL
87696,e520fc4c-fe75-44ea-9d20-dcc1082cde8f,5938795,CONTROL
119855,4a650fe2-15f0-416d-8493-c7dc50fe265c,5714803,PD
125484,a65ca7f8-7e6b-47df-be66-16b32b70f782,5774125,PD
101050,dd2295d5-ce0b-43e6-9617-b3708bd14a33,5464337,PD
74346,1b9fd63c-46e3-4cbd-b93b-27996d0a5d32,5405695,CONTROL
73438,87b01646-fdeb-402e-a81b-59a760934d70,5388459,CONTROL
120971,aae2ab26-754f-49fa-bcf0-bd403bc9d548,5610059,PD
111861,3bdde942-e7b9-498b-bde9-6fad671385af,5907551,PD
105630,92429a58-ae09-4cc2-a9fd-4d6363001ffe,5732294,CONTROL
91921,6e1278f6-dbe3-4740-8054-708dc569fcf1,5989276,CONTROL
78035,118172c1-fca4-4bde-a5df-e5cc9ebf55a5,5649422,CONTROL
113240,5c751962-a385-4041-8669-6029fd8a6c9d,5931799,CONTROL
107060,317afd78-4ce7-42bc-99e9-0011b3b3e5b2,5771679,PD
136800,5a5b0173-3d27-412c-84f3-57534bf1414f,6085512,PD
99546,1e5a92b9-37fa-4351-b5c5-28964fb42f7c,6059404,PD
79643,1b85e6ba-51a6-41f4-b546-009f34a0f6ba,5614107,CONTROL
113923,7c3d9daa-9116-47c3-8bfc-40769f2e6403,5946889,PD
90543,76ba4b72-6907-4efe-886f-fbe4fbf6e103,5995402,CONTROL
97920,9aa82c7c-cda6-4ffa-aa78-614bc534239b,6042181,CONTROL
134152,2f9c4950-2a3a-49e4-b343-ab6277119ea9,5490344,PD
76361,93b9492c-13bf-40be-93bb-e88778cedeec,5505796,PD
84583,59126ab3-6dc8-4dbf-9ca3-9e2ab2829218,5865442,CONTROL
111091,8d96385c-ce21-457a-959e-9683445b2cdb,5724367,PD
104955,ce498de9-011a-4800-8837-55a8f1337597,5704844,CONTROL
76839,208e0cb4-6254-4c7c-bc12-ac2a60c3163d,5520843,PD
88758,65519e97-b4b3-45ba-a55f-ee0a4ad57bf4,5943308,CONTROL
77305,83f3d30c-a764-477b-b459-bbd0bbd84cb6,5532013,CONTROL
126912,6a6a768b-94ff-41c8-b42f-c2db47efa2e4,5820292,PD
131809,3516da76-a3e1-47ac-9255-ee100797ba9b,5601028,PD
88087,20f030d3-ba7a-4fcc-9156-fde647171ca8,5938514,PD
133077,256946ce-e118-4f9e-88dd-45984b83c227,5422214,PD
79461,e007c688-6bf8-4e1b-8274-9e8bc345309e,5688702,CONTROL
80859,aa1ec8eb-1966-441e-adab-4b8e128dd3fe,5714269,CONTROL
111972,341cd0ba-cf94-4c8b-9f59-d7ddf0272b02,5908869,PD
86701,28228c17-e90d-4b89-88ae-d8f4bfbbbb96,5912819,CONTROL
125033,7803afd8-100e-4ddf-b1c2-11e4e34c7006,5659826,PD
116731,a1913b93-ccbb-42d0-8386-1b11ce13980b,5547821,PD
81686,445443f8-bb47-4f31-a223-a03ed6aaabea,5738181,CONTROL
79615,aaec8c0f-4ef7-4f52-98e1-c9cde58ab5e5,5630380,PD
72222,bbf27b62-7627-440e-8c7a-3900145462b7,5390240,CONTROL
79054,f8f278e6-b2f0-458b-a27e-a03a1f533aa4,5592352,CONTROL
127490,e518e2ad-5a48-41a7-8143-2997cb32b678,5836313,CONTROL
76410,4f0cb22d-51fb-4228-ae38-2bcb5f3af0b2,5516814,CONTROL
88383,efcf9116-6643-465b-8168-cbbb51fae35d,5945178,PD
113441,0caf9f7e-f3a1-4fcd-891d-ae6ffcdf61fd,5937373,PD
72415,e3c4ff19-8892-4b41-acf9-bbc183cb62aa,5408396,CONTROL
78524,b16e8a07-9d59-4db6-9789-05ccc2c21a12,5602861,CONTROL
94798,428ed7ea-448e-4ad2-8ca6-e68178ca6248,6008922,PD
86635,b4b0028f-bd8e-4e25-8da2-64252f48c827,5915844,PD
76373,2a56117b-1b94-4ea1-ade7-e21533af0c4f,5532451,PD
83483,7f75418c-457c-4e45-a81a-ffc432e415c8,5801628,CONTROL
111593,269c5321-858c-4411-8b70-79fee695e814,5902846,PD
107690,898f8dc7-7ef9-4cc8-b1b9-425f6f01303d,5786467,CONTROL
87713,15923363-1151-4be8-916e-5af9476345b5,5927722,CONTROL
111812,55bcb727-1f1e-4359-8b48-91a972758042,5899333,PD
84791,f7dfe721-193c-43eb-9b02-900099ca2cb5,5827947,PD
75815,5d5cb233-4949-4500-855e-9030437ff856,5551816,CONTROL
85958,bdd9fa25-2499-44e6-b4c8-117deb70143d,5875059,PD
75435,a310b311-8cec-4081-9d83-bf9286e6de1d,5429226,CONTROL
106322,f9ee04be-d169-4616-b152-8356b8065607,5742534,CONTROL
77477,a3c0566e-a1a4-45d3-a376-381f0e6d1fff,5550564,CONTROL
93216,5679538a-8bb6-4e37-be37-8c32d835bc13,5993164,PD
84437,e4530d2a-138a-4037-9e4e-32f715175556,5828876,PD
74306,2c4ae368-0766-48c5-8814-602fec172756,5390583,CONTROL
125790,27ef2662-7fc8-44be-8f3e-822912c76a8a,5787762,PD
72317,6acc5411-658e-4af2-b21a-6ad3bf7e142b,5404782,CONTROL
84385,8d64bedb-20fc-4112-9163-210f894cd05a,5858827,CONTROL
116437,dacd2d5f-d133-4c09-9dc3-b3dddc9a426d,5524536,PD
76197,a21ceab1-96bd-401e-ba2f-a29c73017af6,5479509,CONTROL
98476,bedb1d7c-f3a7-4901-a9e4-4db1b26387c5,6047047,PD
110069,7fb561a3-8f90-49d2-a39b-55ea3f78a17b,5875586,PD
111708,588bce40-e483-431d-8068-2ff4d6fcfd17,5902353,PD
75325,573bcf1f-b2fc-4d6a-8bc0-300f744d3150,5429094,CONTROL
76207,938c0833-478a-4a09-8ab0-85b0e54d36cb,5458713,CONTROL
90955,87a468ce-50e9-4622-aac3-d4c90c2b1ebf,5980392,PD
80223,80059abf-3dae-4b08-8453-36cc29e34f72,5736875,CONTROL
85633,fad5d56b-6ba6-4994-8883-27a1a4948f3a,5891653,CONTROL
89087,52eabdc8-4dd6-4ea5-baad-3822ea01f803,5954152,PD
127044,a86cf50f-1d06-4a17-a2b5-a18e8be412ed,5824583,CONTROL
129992,37b967c4-0dc2-4aab-8d20-c35e855944bf,5490802,PD
109597,47077bce-7a89-4461-a26f-4aa0677aaed4,5862498,PD
110874,9884c3bf-86bb-4370-acbf-19db34cf297c,5885074,PD
102101,21a71204-0893-4c88-b6e3-8f101a25268c,5530585,PD
95873,5d1d61c3-9942-4ccd-b65b-b27dc43887b1,6022424,PD
81171,9882b366-7413-4ed5-bb57-baccc68ed662,5733530,CONTROL
84426,5b528917-274d-4f3d-8239-e378cd2f1ff5,5823382,CONTROL
76706,272519e7-4ca3-4366-a5ed-a47711bf11fd,5447325,CONTROL
73990,f7e133ad-ff1e-429f-bad6-6a5a53a11da2,5394318,CONTROL
72224,bbf27b62-7627-440e-8c7a-3900145462b7,5394739,CONTROL
75414,f18a80b0-aea3-4e3d-bf80-8f438614834c,5442897,CONTROL
95736,c410d743-555f-4c21-a1f9-884ddaa9e4ca,6017373,CONTROL
75867,a7496c3c-90ef-45c7-9c61-c34bb0e939d0,5515809,CONTROL
94295,84882217-875b-41bc-a936-2f6a9c4dacdc,6004788,PD
103806,d19cb2d6-71dd-4b9f-97a7-f2dc355958f2,5643589,PD
78167,0bf76658-be12-424f-9474-b51c63477604,5675463,CONTROL
83324,56c07f85-a591-42d8-bb85-3ad2c6596eea,5808200,PD
90067,a96a56cd-3cb1-4fa7-a227-0edf6bcc7ccb,5970222,CONTROL
92376,9ce638c5-90bc-40fe-aa00-6f13e0bdefa2,5988007,PD
101004,5c16649a-ac27-4b5e-947d-1ec48b48426d,5464311,CONTROL
132868,5134777c-3563-41a5-abcf-cce272a2ebf3,5416136,PD
78394,e2bb24dd-9a10-4891-9fa4-4de959b8a983,5647500,CONTROL
104635,84478b84-7648-489b-a5a0-61c04c838a22,5687267,CONTROL
76973,e2690825-ef1b-4406-b883-17e811453324,5554364,CONTROL
109940,c959f434-9f57-4730-b4c1-804789db0a33,5856187,PD
73014,1772d27b-c289-4ade-b557-75e817f84782,5391883,CONTROL
91499,0eb60c3c-52ee-483a-b48d-4c6d0b412e0e,5981725,PD
121639,92da6dbb-ddd2-4a0f-90e4-46de8b1566ac,5631487,PD
86257,10254517-055e-4a85-b07d-aadcaee16eda,5887805,PD
136002,2fb90ae9-b114-4fc7-bba3-19845ef08b22,5611060,PD
105554,7609833f-879d-493e-bbd4-9b54e310d0e8,5730591,CONTROL
78544,94de7c66-ef6e-4e7c-baae-c1c0da67cb2c,5619952,CONTROL
75186,0d17e3b4-aa93-428d-b0b8-c4526cb34003,5542138,CONTROL
112815,2552d7eb-9fe0-4f83-93f1-931a4a215c6d,5921811,CONTROL
122047,edd71f00-1144-42f5-8f7a-9d6b861cace1,5560587,PD
83166,55cc7a36-8d55-4641-90ed-3a131f26b3bc,5798471,CONTROL
81849,a0b6c21f-698f-409b-876e-328d68f1ffc2,5732295,CONTROL
76894,19ec0acd-cecf-41ee-8496-a7d1478f486d,5524933,CONTROL
78778,2b262b6f-c507-4a58-a117-b23e379b085c,5612923,PD
119181,3f68da18-e3d6-426b-801f-9d8ccd46e6cb,5667225,PD
86710,68582509-2528-4401-ae80-fdddd00a8558,5914976,PD
137018,8c0d5368-69e4-444b-9545-cc1f4a046ee7,6089866,PD
119565,6870774a-1206-4c46-94df-c7ec9d02b220,5675628,CONTROL
110208,1a033954-954f-4459-b3a4-33ff26192e05,5876679,PD
133388,95e124bb-e9bf-4f06-916c-4a679be5c623,5441791,PD
104876,75b63b7c-7752-4097-89ae-f9e339b26835,5692937,PD
73075,99626113-60c4-4b1b-9f7e-9b9506c0a17d,5402968,CONTROL
115111,a7d9e6fb-c78c-467e-b2cf-06db6ad64ea3,5441272,CONTROL
134439,bc4e6720-cc06-4d3f-a3db-d9ee8d3efd31,5505083,PD
111218,a348996c-2256-43b7-80b1-a2a9bd6fba5b,5892926,PD
92601,5f369378-6389-4198-b97f-d1c19603a20a,5994882,CONTROL
90513,d54d803f-e2aa-4024-a3d8-784ebbe968f9,5966143,PD
137092,11d05dd0-6d12-45f8-a8ac-0d45ab68e8f1,6092236,PD
77581,61a3fb67-6505-4416-a797-ee47c65ed4fc,5549061,CONTROL
92075,3a3ff7cf-e23d-41d2-a950-9b1fcbbaed47,5984882,CONTROL
98488,edfab0c7-6bd1-424e-b459-6417c5a726fe,6047199,PD
72475,73f7cdbc-e390-46ab-a40a-04cf02765bc4,5391387,CONTROL
92023,3f997724-f0e4-4a31-9ef7-57bbb8cf3188,5990078,PD
103259,43d569d3-0fc8-485f-b54e-cc92bdd63680,5620827,CONTROL
109952,86461a34-4e95-46c9-825a-9235dbb1bf74,5862170,CONTROL
81549,306dc3bc-fba9-45f7-9ff7-07c333bc4756,5747664,CONTROL
76562,107c805f-6df8-4519-9e2a-6d60bdc210a2,5547712,CONTROL
95630,e5465719-b5fb-4d6f-87f9-90c9b91cc1f0,6019553,CONTROL
95097,9f1cbba8-5665-42df-a05c-d866cb3cfe46,6014259,PD
88516,34b7efd2-3db0-412e-993d-0816729df0a0,5930253,CONTROL
115825,91242c09-13de-411b-a163-324d6c9cae93,5479195,CONTROL
97589,e697c56e-1b27-4d60-a346-8d8407c1601c,6042741,PD
110859,618325a3-d186-4d45-9e55-6c53b1dd7698,5887268,CONTROL
130567,e29db95f-adc5-49cd-8eeb-09054470c221,5524790,PD
75973,33b5cf9d-37eb-4707-8c57-1f9f2b43e63e,5545405,PD
78707,682462a0-fc95-4c31-88db-7b00160a5b1d,5600729,CONTROL
84043,dfe2079e-d916-4fd7-a76f-b2c1d51607df,5858112,PD
82976,5e130a21-0716-4583-a883-3615a1ecb499,5785822,CONTROL
79680,f71edc30-2097-408d-8487-b9675c4dd011,5601079,PD
92679,13b715e3-bbb5-47ae-afd0-8653536836b9,5994228,PD
78733,00e81f46-311d-401a-9e95-a421b02aaa5e,5595144,CONTROL
83878,f043e577-4132-4b25-9943-9e2ecb9d2214,5827260,CONTROL
93292,38b85468-181a-43c3-8e3e-d1207eabc85e,5998650,CONTROL
97145,6f615077-303b-49b2-8a44-daa947527b25,6035366,CONTROL
108258,ce0c39d2-3c5e-4484-bf0a-0ab02e3ec28f,5810608,CONTROL
113491,5e75da0e-e21e-4e5d-b08c-1f85cc63887f,5937604,CONTROL
117123,cfd48634-5f84-4a76-a7a0-c49f4314a189,5563642,CONTROL
88165,10254517-055e-4a85-b07d-aadcaee16eda,5933296,PD
129313,4c623832-42d1-436e-a022-773222312425,5442335,PD
72581,1e7c6806-bcb0-4cec-b732-df35f20af6c2,5405787,CONTROL
75455,134bb3f4-8cd7-42b6-ae6e-6dafbafa77dd,5495194,PD
107888,78994c93-fc37-4755-b05e-52b562cb3748,5790389,CONTROL
119207,df0838f4-c644-4be7-a2f2-5e3b2af78883,5667869,PD
72405,c8b6959b-0096-4254-803b-3f4fc105dc99,5404388,CONTROL
87358,9806d050-e6d3-46b8-a453-9d2292b8d2bb,5923705,CONTROL
74041,28599ae5-59e5-4b1e-a1b7-b818f6f8b669,5390333,CONTROL
114154,59f9f663-3e7c-4e14-97fc-fb0b2d3ccac2,5942871,CONTROL
74279,5d85e740-2ce2-477e-a03c-9fd5df74758b,5395054,CONTROL
92381,5b80df1b-f5b8-4215-bfb5-e78036f50409,5995567,CONTROL
127430,8beab5c6-6067-4c47-b655-1901f5a534a8,5835290,PD
83120,48268a8e-9888-48ec-a48d-6e4e8f25fd88,5812802,PD
99892,1aefc316-5d62-4169-9a6a-1220ef406cc8,6059423,CONTROL
92690,d33cf538-25a6-4294-bcfb-0b23cc169ff9,5992902,CONTROL
79519,5731e0fc-4c1e-411b-aab7-b1b24e6a6835,5673440,CONTROL
80388,48f65ce7-091f-4179-b1a2-b36ec2fce6db,5725935,PD
75986,4a358616-8d16-4a71-9b97-53dca6905d31,5447546,CONTROL
80873,cca0e761-68e4-4131-826c-9cc4883cc4de,5724249,PD
131753,462d754c-dc70-4768-9126-e045cd21c72e,5628958,PD
74245,1035c950-361f-4410-be15-25c5283c0ee8,5407370,CONTROL
85640,b45489c8-c40a-4d64-a48d-a258c1cf40e1,5893878,CONTROL
93559,dd910c54-b316-42d8-8e61-10785dd005b7,6002113,PD
81989,773d604b-c2c9-4cb9-8fc2-c3683c0266a6,5815375,CONTROL
136892,43319463-a0f0-478c-93a6-98c20d1bc770,6087030,PD
100669,711200dc-c6d6-42bf-804a-a96667b6e46b,5472919,PD
78479,1c706340-8d72-46c5-a33c-689342eea18b,5687125,CONTROL
107759,f87dbecf-5af7-4645-b2f0-fd0a2707f0f9,5786666,CONTROL
119276,8a57c087-461f-40db-bf30-4c18e6da8d74,5635341,CONTROL
99862,185830d3-8cca-4206-afb2-a881492541c5,6063975,CONTROL
133518,e24901df-03a6-4c94-9b32-41e815d2a6df,5450195,PD
82221,b7ac2ee2-6e0b-444b-a2aa-35d0838522bc,5771569,PD
74927,bdfaf4c7-26a1-440d-824d-cb7dd8afb667,5413008,CONTROL
111899,76c7c0c5-6f64-49ea-b130-f9e77ee77a9a,5911771,CONTROL
79500,a4cd10f2-2159-4c1d-9b7f-02d68e14407c,5662051,CONTROL
74241,dc600bb6-ad90-42ee-99ee-d665ab1a62ba,5396986,PD
125833,49015692-95f2-4622-9c34-85605ecdfe4b,5788613,CONTROL
80813,bf8a9d17-f9d5-4403-9978-759aa4395944,5708554,CONTROL
89938,6e6f346b-3ab2-4fc8-baf0-95f8ee7e5408,5967463,PD
121408,beb80def-8dab-4210-9513-61094cf83019,5743542,PD
124252,300e5d1f-5a38-4e78-8f42-1d580b74569a,5703640,PD
77725,f1ff13df-f98f-43ea-b6a9-0a71e292a2c5,5660960,CONTROL
76829,11f9a95d-81de-454a-a989-678e7ef235d3,5527720,CONTROL
117973,e06e1420-a969-4311-abcb-cf2cd4203e53,5615343,PD
88382,6c3850a9-b6cc-4c2c-a609-a7feb945e090,5959775,PD
131171,8b694c8e-3ce1-4e55-89ae-d034e1602bdf,5554900,PD
125088,230af3bf-7f59-4ad1-8fb1-8286acfc5f8a,5545592,PD
133808,3cf8698b-0e0d-44db-8d6c-d6486c684418,5469298,PD
87587,11ab0bed-bfd8-4e16-aa90-106bf9d9972f,5922210,CONTROL
73816,f07931f9-cff9-4a16-b0c3-71eee36a7a9b,5397290,CONTROL
76799,fbd468eb-3615-4ae2-9dcc-daf41aa68a07,5509045,PD
74023,1a2e624f-f3d9-426b-8d9d-34b5ab417474,5400162,CONTROL
124156,36e1d186-156f-4bde-980a-5b46b41932c2,5745759,CONTROL
100066,7dc52ba5-9ce9-42c6-bf4b-c7ce52d1b266,5415177,PD
77668,d392b5fb-2c96-4ead-b97d-254d5d8af02a,5458265,CONTROL
110904,c6941036-9686-4d35-9314-8ab72dcb8c68,5881406,PD
82488,dc3c74be-84d7-4597-b1fa-0e8e0b8a0c2e,5783713,CONTROL
81482,a6bb752b-464c-4961-aeb9-741c6c6f5430,5764858,CONTROL
117024,c52568e5-916e-472a-9606-41ca7c0648e0,5557181,PD
115500,fc1b0a15-721b-4df2-bb32-d0f21a6a3937,5487110,PD
108617,54e7560b-8dde-4dfe-b8ae-06f82a5555e2,5823206,PD
77815,f26e1ed8-fe2e-4b3d-b58e-f9154c4ec4cd,5676851,PD
108638,2b8bea70-77e1-473d-9836-d19d034ae3b2,5827293,CONTROL
133121,256946ce-e118-4f9e-88dd-45984b83c227,5426440,PD
89459,22d222d7-2aac-4955-a18f-06f913d4d80f,5954584,CONTROL
98009,6bd56ca2-a9dd-4487-8ea7-b525d7c839f2,6046834,PD
110054,6390367f-0035-4cf2-b22f-2ffb74b475d2,5870473,PD
83995,ce0433d3-cc03-4491-8fd4-58a39dd6ff35,5822091,CONTROL
98636,203d71b5-c9c0-4e1e-8c2d-01a42ed41e18,6047963,PD
81103,76b97d73-c239-48b6-a2b6-4172319b561f,5780751,CONTROL
82308,f2ff1106-26d8-4eee-9d9d-ba1321d7078a,6081204,CONTROL
113439,334be7a8-26b2-402c-969b-35835693c80c,5934217,PD
74813,27b71273-808a-402f-ad45-cf35d3f4b8f5,5558343,CONTROL
109534,6244be74-6f9b-4b01-9558-b169192bae63,5851185,PD
85522,3affcf0e-a02d-4396-b50d-f329303d5c43,5893066,CONTROL
79249,0d17e3b4-aa93-428d-b0b8-c4526cb34003,5605658,CONTROL
74409,19af9466-ca54-4ab1-8089-17602dab9ad9,5392392,CONTROL
80255,f674b107-22b4-4bf9-b83d-e089a1db69b5,5736122,CONTROL
72945,65362f1b-e646-44d5-bfb4-c32f4dd1f9ad,5396618,CONTROL
102222,bedb1d7c-f3a7-4901-a9e4-4db1b26387c5,5544333,PD
75073,1492d39b-c17a-4444-a335-d843779e50e4,5533868,CONTROL
94577,8caba3e4-2a38-449a-83d3-b3eb2daee061,6008671,CONTROL
125065,1b07bc6b-85cf-4d7d-bda7-ec474b1ddfba,5558640,CONTROL
75395,b39fd37b-919d-44c6-9be5-862749169046,5556015,CONTROL
84409,2dfb8f04-d319-4c4b-acc3-2c2caab46701,5828328,CONTROL
109093,dfe2079e-d916-4fd7-a76f-b2c1d51607df,5839389,PD
79934,8711a0d8-8d7a-4042-8924-f97d5fa3377f,5742150,CONTROL
75021,3bdde942-e7b9-498b-bde9-6fad671385af,5493097,PD
103932,317afd78-4ce7-42bc-99e9-0011b3b3e5b2,5653176,PD
95123,3c39f3d6-fd3f-469d-8594-9e30ec0b658b,6015319,PD
95768,717feb4e-f6e1-471d-bb5f-a0975ee1d862,6022284,PD
85068,c1ea7a41-76ba-4c00-8f0d-dbfdf51ccf5c,5882383,CONTROL
134723,2fb90ae9-b114-4fc7-bba3-19845ef08b22,5529958,PD
103194,4fac524a-4cd2-442c-bd85-3d8e63f03e5a,5597834,PD
79762,a579b603-8d7c-46cb-bdb5-eb95e4f20be1,5700624,CONTROL
73633,48268a8e-9888-48ec-a48d-6e4e8f25fd88,5389292,PD
74548,d453ca26-2a89-40da-aedf-5ed375b80e29,5390482,CONTROL
134752,4d394840-210d-42c7-b8d3-cef242f1ee4c,5593040,PD
100726,b77e7480-a319-40b3-91ce-38ab7c1cd152,5530004,PD
107415,c84db6e4-4691-421e-a654-a6ebc51fdbbb,5785791,PD
112496,dad8731f-fd89-47e4-9111-989b8781386c,5916993,PD
120200,8581aca4-37a2-4600-8526-4b5adfaa01fb,5694018,PD
108990,c84db6e4-4691-421e-a654-a6ebc51fdbbb,5835955,PD
75658,273fbe56-c785-4a37-a0b2-6efe1fd4ecae,5481771,CONTROL
114153,ace91e65-8378-4aa3-8b9f-53d22475f552,5947168,CONTROL
77387,e1ffd244-4324-4e70-9dc9-4c3d3a80bf07,5456152,CONTROL
76725,a648f333-9581-4159-93f9-77af6203af05,5572572,CONTROL
74021,13011466-e247-466d-86de-877c71472bff,5397946,CONTROL
84895,f4161d1c-26ba-40e7-98f6-a769a7b54a96,5826979,CONTROL
131792,27196fe1-fc62-4e61-ace3-6e223203b3a4,5593923,CONTROL
90461,800aad52-9ea8-4813-a206-acb3126e533f,5972011,CONTROL
77468,e0020d0e-62e1-446e-b9cc-756ce1b6636f,5469038,CONTROL
79106,e2e16975-9b9d-4475-9803-4bf3189a1dd1,5671415,CONTROL
114753,d45d88b2-c933-4422-ba68-20a78d862371,5425414,PD
86079,694dae17-5d8c-405c-9d77-3e9668124b84,5876014,CONTROL
90000,0f5ab0b1-e9df-4d45-be1f-7e6b08aea85d,5966426,PD
109163,599dcd42-5b54-4dbb-bb51-204739ebd5c8,5836529,CONTROL
94953,730b2fdd-85fe-4e66-be8e-78bb6d0606a7,6010064,CONTROL
119446,e492c66c-b2ec-4a5c-8d0e-9468df117667,5689002,PD
85637,86735cb7-d6d8-4aff-84ea-6b4f6f5357b4,5890246,CONTROL
77876,f165226a-61dc-4f78-9903-d42f08b24a7a,5646826,PD
76088,32f542ec-25d9-4807-b473-7334ae0d9391,5517206,PD
100927,89fb1336-6e99-4cb1-ba59-e7ae1f251613,5463470,CONTROL
72282,ed2c08b5-ae8d-4f89-88e8-de733624aae8,5388470,CONTROL
81043,b8949bf4-83a6-451f-b107-ba1b704f5338,5752607,CONTROL
91425,5423d73f-88f1-4706-ad5e-76c0559cb0b8,5973787,PD
87416,5230b120-f960-49fc-890c-c358d410b441,5916965,PD
76539,04818b74-4934-4492-97ff-1c16e00eb355,5535276,CONTROL
108824,c9a66090-3114-4a0a-9bc1-4ade9c5f0c22,5816608,PD
74935,87ba4cd6-ad74-464a-8406-acd5128a39b9,5484978,CONTROL
77040,fdb35bb1-f26b-48c8-bac0-d2003925bdf0,5537569,CONTROL
73271,b3f0da4f-b97e-4d47-b7b3-ff59dc7605e7,5407961,CONTROL
117594,8e171009-f2cd-4043-bcd6-7283cc373301,5596735,PD
127153,6d705c46-fed5-49ef-bac7-95f67e71062e,5825254,CONTROL
80899,6c00ec12-c3cd-4c8c-8796-5febfa9f72f6,5698139,CONTROL
72795,d2f53949-9e46-4e55-8748-dee8860bd293,5397375,CONTROL
87065,3e7931b1-43fb-41cf-a64c-d360d3a7ce61,5906923,PD
127255,f76dad39-17c3-4c35-bff8-fbaa617cf327,5827295,PD
130423,4a6e924b-74ab-4612-af4a-237a0707b7e6,5511825,CONTROL
82231,7f66ea04-8273-489d-b32e-5764714bcc1b,5795838,CONTROL
87928,90bb2215-3787-4e9c-8270-94b6445b06de,5928733,CONTROL
81551,306dc3bc-fba9-45f7-9ff7-07c333bc4756,5733980,CONTROL
84305,3cc0721a-0baf-4b06-b3e9-2e367a07ad92,5823652,CONTROL
79713,91c9e642-8d02-4a59-ad65-b71481b238bd,5599860,CONTROL
83613,ae73aa0e-955d-45dc-bc28-3459eeae902e,5860317,CONTROL
92746,0d544b01-572d-479e-bb02-d105d7df62b9,6005616,PD
97460,edf93c00-9d57-4c58-ab0d-360bf0036dd4,6038809,CONTROL
74274,10dffd14-29ca-49e9-925c-9cc57a88af06,5410067,CONTROL
73991,303c8402-9aad-4bc6-ace7-4fd08335d69d,5410217,CONTROL
85025,35cca557-d25d-4841-b9ef-5e8572458945,5868247,CONTROL
87674,dcbbde44-3b11-41fa-ae94-46b601152da9,5918618,CONTROL
107965,f24c4262-927e-4c2d-98ec-b3dddf4d7082,5796998,CONTROL
89351,3af487fe-7927-4e4d-b4bc-0aa0c3814f7c,5957287,CONTROL
82923,df5728a5-1195-4034-95d0-febe18304160,5797991,CONTROL
75075,fdb35bb1-f26b-48c8-bac0-d2003925bdf0,5432972,CONTROL
95861,0fad3c82-2108-4298-8245-ba233680517a,6017813,CONTROL
99510,4c474e45-353b-4685-9d62-9b3f505f5e7c,6058629,PD
107587,23a173b4-c662-4bfc-917d-5c8b24bfd9c9,5787476,PD
85322,767b7051-eb6c-4282-8814-469737fd45c7,5899635,CONTROL
74596,369289da-72cd-44c6-8b13-c4effa4b8209,5389204,CONTROL
108816,043547f4-f60a-47f9-a8ab-d80e79a18734,5824214,CONTROL
84925,60c67049-c4c9-4176-9993-73abf6f12888,5856176,PD
73661,677ae08f-1468-471a-b37b-17b5a8f960b9,5400256,PD
74881,6c3850a9-b6cc-4c2c-a609-a7feb945e090,5475280,PD
82121,61dd170c-f681-4c2a-86cd-c8c60d9780d4,5791974,PD
119138,e279c3c2-501f-42db-a486-d05a44ff7277,5669967,CONTROL
125302,462d754c-dc70-4768-9126-e045cd21c72e,5746595,PD
103399,cca0e761-68e4-4131-826c-9cc4883cc4de,5610475,PD
88591,1447e829-cd53-4498-a9eb-833c2f791d13,5938735,PD
134931,ed56a968-4048-4d30-9385-35d540fea804,5536984,PD
75243,05f94534-bc26-4c93-a1ed-908034559a82,5458853,CONTROL
79580,c2acd102-b38a-4b7a-a26c-936fe634ad8c,5684945,CONTROL
77603,b2ae8784-2bea-4ddf-a066-d5c898848784,5486294,CONTROL
73050,61ebd486-3ce1-48f4-a31b-2993d7793832,5399697,PD
84407,2a2fd2e5-2256-4ffa-a607-a78710eca6d7,5839955,CONTROL
80166,7c4f706e-1c95-450a-b573-ef21123333ad,5739233,CONTROL
123679,f8d44faa-f71a-43be-9fa8-8d381b9cc380,5634102,PD
85384,253c7664-e824-4009-9aca-554674b72b76,5890300,CONTROL
129391,67b9ce15-6b8d-4a0e-abab-249c9849651f,5449967,CONTROL
80674,112647be-a82d-4a91-aac0-7e0009c89f31,5704307,PD
134356,1886a202-b9e9-4429-9c44-92d7c1654d66,5506413,PD
87596,6ed385e0-a1b0-4e86-bdc6-b8028f6ff2cc,5905178,PD
76711,02f42f94-f1bd-4a90-8b98-8fea8680a7d7,5425828,PD
72829,047bf151-ce54-4c24-80aa-262d604b03a4,5392757,CONTROL
82926,983c352c-9908-4f0f-8063-ee19e3795e4b,5798807,CONTROL
127164,72f75a4d-de63-4077-b77e-49d98f559e8c,5822953,PD
72334,344f79f7-fc38-4418-87aa-8f499360bb5f,5403554,CONTROL
94562,b77e7480-a319-40b3-91ce-38ab7c1cd152,6010185,PD
80159,9f7c8794-c322-4d21-afa8-243cd82afda9,5718508,CONTROL
105116,c959f434-9f57-4730-b4c1-804789db0a33,5711293,PD
73714,22edf787-4d42-469b-9448-75abd5e1875a,5410795,CONTROL
87069,3e7931b1-43fb-41cf-a64c-d360d3a7ce61,5416412,PD
86298,570e3afe-b7ca-47f3-a6db-4eacdb3d0750,5896219,CONTROL
127389,29aec6d1-e87c-4cc2-b4c8-b3cbb0745f0a,5836147,CONTROL
74014,186bcc0e-93b3-4397-a5d2-ea308cbf8ab1,5415060,CONTROL
85662,0c641dc4-6f3a-4a6b-9764-4c45f7d4481e,5869383,CONTROL
114298,6b104542-0b0a-4421-a490-568f66c7ebc4,5562409,PD
96737,277160db-93be-4254-8fb7-9a187160f8da,6035744,PD
78463,17290204-8d8b-417b-959d-919c69ff3a01,5660395,PD
78514,5ccd273c-7e70-4d9f-8797-69eb2f41b649,5591646,CONTROL
72897,e0536688-6c21-4bed-a3e7-7f18c5a173cd,5401095,CONTROL
72240,f3ce7aef-749b-492d-ba62-6f6ecd0fd832,5396617,CONTROL
102658,8355ff33-b52f-4667-a2f9-09737395e37d,5573753,PD
85975,c269d009-253f-45be-9beb-710210acef61,5896494,CONTROL
83223,ea0252eb-1817-4335-9d07-346ecdc54a84,5771051,PD
74463,a5a8e48d-9fc7-42eb-a6b0-a510d4f19759,5399995,PD
88594,60c67049-c4c9-4176-9993-73abf6f12888,5943243,PD
111955,588bce40-e483-431d-8068-2ff4d6fcfd17,5912288,PD
77954,04a4c37b-7529-4c28-9429-bd9bec975b80,5677416,CONTROL
127987,72f75a4d-de63-4077-b77e-49d98f559e8c,5852287,PD
75351,ce20aa57-4257-4e82-85df-2204573f2ba2,5470362,PD
110709,0309d5a8-79cd-460a-9a87-6902460ab71d,5880705,PD
78119,db10e575-9622-4563-aab4-247e8e39b6ac,5646919,CONTROL
84311,f059b3a3-74af-417b-a95a-499ad1512863,5856432,PD
72529,b8facca1-8227-48f2-baee-050143d1f13d,5403158,PD
126217,0ec305ec-c207-404b-9c94-1207819c7d1d,5793049,PD
80906,8bdbaccc-7eab-48b9-ad5b-b073cf393213,5721377,CONTROL
91888,fde429ed-1f7c-42a5-9b08-e556626cfffb,5989031,CONTROL
73566,b4b0028f-bd8e-4e25-8da2-64252f48c827,5397744,PD
119057,9870a2ea-a8bf-47e5-9e52-556124ca5a45,5669045,CONTROL
87847,c1caeee0-2ec4-4ff7-aee4-2acf69b75054,5935145,PD
80126,493ffbff-4f9b-419f-9db9-584fc27ae9fc,5711612,PD
77617,4c1ccec7-d180-4c66-832b-67c0dc76d69e,5515097,CONTROL
100567,f44a9eb0-04e4-408d-b96d-11934ac33ef8,5455863,CONTROL
103044,bb91ec4b-ab77-483b-b35f-fa039bc8225d,5601073,PD
73725,f27a232c-b720-4ca8-be03-7fb7808ec2cc,5405766,CONTROL
84111,15a4c52c-39be-446c-abc3-26995c3a5fc3,5847867,CONTROL
73914,9eb5d3ec-ac07-4d80-8aa3-d19d503de7cc,5399671,CONTROL
82048,168948fc-d25f-4a09-8024-d5578021eac4,5800413,CONTROL
92403,969107e8-72ca-4566-9c28-a2bd14389f9c,5985117,PD
121021,bd2eb667-0abc-4efb-b706-a7aaa67e6148,5555081,CONTROL
78731,00e81f46-311d-401a-9e95-a421b02aaa5e,5661482,CONTROL
109843,72f75a4d-de63-4077-b77e-49d98f559e8c,5857613,PD
74704,8f474fc3-b0b9-4cde-bf9e-c0a006228e9a,5392089,CONTROL
77860,9d3c4d4c-ed88-4eaa-be1d-4f2930521915,5682197,PD
127790,af05b6d7-04ce-4f92-aac0-8b58744f00c2,5849370,CONTROL
86283,bedef114-546f-4f05-94fd-6ac3cda67929,5884912,CONTROL
81726,d7888b09-bfa1-48f1-abf5-a4571bf78b03,5763318,PD
73899,e2593c63-fc97-4047-8958-9c4e4a813046,5391083,CONTROL
74230,047aa0ad-2079-481b-95ce-e6dac0dbacb5,5389365,CONTROL
106361,714105f7-e513-4cdd-bb3b-df32640a22a2,5733799,CONTROL
75862,5a1ff75e-87f6-4617-886d-12c49dc11c8d,5499827,CONTROL
115353,7ac9ffb0-4626-49e6-b474-1d8d6523c090,5450710,CONTROL
72662,fd228a13-1902-4b6e-b522-7342e7842607,5408212,PD
109646,61858ea1-2479-4144-bb3b-ef8415e60ab1,5857248,PD
89926,12b56a1e-cba6-4d10-818d-0c7c0ca9a983,5969885,PD
135552,727a15b3-5e85-4107-8269-d9be8ab7fe89,5578510,PD
122970,a8676059-3bbd-4c88-afbf-b52b63e26490,5556999,CONTROL
84457,e4530d2a-138a-4037-9e4e-32f715175556,5843455,PD
92583,b9ccd441-08fe-4e0c-9d84-cf8e5728d6d5,5983551,PD
112857,f4c659a9-3f0b-4a7f-bf82-5eb354eb6079,5921469,CONTROL
77234,fa8f85e5-f643-4567-a4b1-86ba528fa8ba,5447075,CONTROL
80158,60ff7531-921e-4aa5-919d-f456710c13af,5728146,CONTROL
101029,98b8edc2-248b-4bda-b47a-42a966c064b0,5786965,PD
134669,2631db79-2bb0-461f-b592-bf764d933696,5517726,PD
102699,2a56117b-1b94-4ea1-ade7-e21533af0c4f,5563848,PD
98651,5a070414-5a89-4dc1-9c18-6e328c3324c4,6046295,CONTROL
81006,b8232ea8-7606-4e71-9ad0-3d0edf112083,5737337,CONTROL
117643,9109bbe2-90d5-488b-bb0a-7db1c08e3bba,5588211,CONTROL
83088,3b8574ca-f720-4363-815b-23e730acb10f,5787950,CONTROL
95466,d7208508-2a79-4d66-9848-0df8420238bf,6021391,CONTROL
112330,45e954bf-4cec-4b56-a957-d305029baba2,5913571,PD
83081,744908f1-81b3-4b2e-b66a-b0320684f436,5803916,CONTROL
115016,3e49de20-87df-4588-a7a9-200d31529fa9,5438601,PD
74437,3b8584cf-f9b2-44c1-be33-e84ec0a68cc7,5388701,CONTROL
99424,93479e6b-3181-454d-9144-b1b844390c82,6061520,PD
75673,b34f236e-fd4c-4b5b-9376-0ab36d1d72da,5425711,CONTROL
93707,863ddb69-fb81-4e17-8273-845c5aaa2fb6,6005356,PD
78117,4adfd160-00bc-45f3-886c-b4237c1ee68d,5602095,CONTROL
81586,bc11d792-ee81-4d6a-80fc-7a6def4a9d35,5752950,PD
135331,3f89a22f-7506-4643-9b7f-f71f7b488eaf,5567551,PD
82165,922805aa-2a68-45d9-97bb-26b7158ecc7f,5795294,CONTROL
84589,d2c4d943-05d9-4aa6-9126-6e98398e599c,5849802,CONTROL
73018,303b4d71-6d26-491b-92da-2f64594e3b0c,5402070,CONTROL
84581,53497c69-654e-409d-bfe2-2fe643c32616,5860912,PD
83966,c0164d81-168c-40c2-b79d-d0108d75e7f8,5836525,CONTROL
77027,5d33e186-5d05-4b11-a05c-b7b8861fd3b1,5550886,CONTROL
77166,f86ae25b-7d8e-44f9-9713-cd00331fb6da,5445042,CONTROL
94542,99fa0801-e2fd-4cd2-99d1-b04b0506ecc8,6013841,PD
121357,d49ab276-4836-406b-a462-b79d3b4deab4,5678294,PD
81241,c863c364-886a-4687-8fe4-4f8a983507c4,5751758,CONTROL
113555,dacd2d5f-d133-4c09-9dc3-b3dddc9a426d,5935293,PD
85490,0f2c2037-dd16-4b6d-97ef-5a08f313487a,5897516,CONTROL
86489,ed88c96e-e0f4-4ddf-b5f9-974a56d7262c,5917723,CONTROL
106057,6134a5c5-2912-4cb0-87aa-10dee483b686,5742796,PD
75615,78b16399-47b9-435b-bfa8-d460094161a4,5427814,PD
81225,fe9746ec-bf40-4cb1-892e-c20593a67e3c,5738279,CONTROL
101729,ede151dc-f04f-4390-8cdf-0f84e2651196,5506746,CONTROL
75490,cc7862e7-8f18-44c5-b80d-84928a773dfa,5562123,CONTROL
92884,30c85f2b-6e5c-43e5-a692-d2085f2e6839,5998582,CONTROL
90261,c1caeee0-2ec4-4ff7-aee4-2acf69b75054,5964005,PD
80864,aa1ec8eb-1966-441e-adab-4b8e128dd3fe,5699550,CONTROL
83546,2373d2a2-3bea-4f9a-82bb-623be0b60793,5828121,CONTROL
127561,88032453-06e4-465f-ab0c-23fe5f5436ba,5842546,PD
84606,c64858a7-c69c-42b3-a851-9acb010b6979,5823284,PD
125124,dda14043-aa17-46fd-93f5-5d38956397a7,5579103,PD
125371,0d1d5798-ef1e-496a-8980-fe3531eb6c3a,5772786,PD
86231,1ae51f0f-8e90-4c83-8eeb-43cb3acf4828,5886538,PD
78758,a7a72d62-8a0b-44f4-8a95-cb0bed24658c,5656315,PD
91029,6b648dee-0f5e-46b2-b5a4-7b8553b78a89,5980691,PD
72650,60927a95-9bf5-40ca-9303-5cb3950dc81f,5396834,CONTROL
75655,0190aa9c-2840-4445-bec6-6f469285e72f,5531464,CONTROL
91997,d08cd7d6-8b73-4c31-9096-f4623ab4b195,5982692,CONTROL
107796,1487de4b-b874-4ab3-8acc-e3416bb7c74e,5788872,PD
75254,c394d7fb-e3b1-4b38-8194-50bb13098367,5494030,CONTROL
103901,18459133-823f-45ba-81d1-1d382eaae88f,5635625,PD
89518,76d12b76-bb7c-422f-8bc0-c318bea6eafa,5950429,CONTROL
79949,a107f4ee-e18f-4fdf-a6d3-f8b7e1cc6a20,5729816,CONTROL
74983,b04f0c22-a18c-4313-9fb9-5cda28930866,5442148,CONTROL
81005,fa03cf5f-c793-4e4c-b87f-6a7b0c9c30ab,5705991,PD
97471,877f8fcf-4491-42f0-883b-f2e4e0a32854,6042957,PD
97850,42f0005a-eeca-4d2f-ab23-abbcbe527835,6044409,PD
100759,22c07a06-d6cf-456e-817e-32093cefcbc7,5476120,PD
89813,564f8fc9-7dda-4f39-b7c4-89a8aa0a89fc,5960263,CONTROL
123547,346a98e1-a700-4bf2-997b-1309940e557f,5727671,CONTROL
89759,9ee69728-8125-4c20-b639-8bc749885280,5956168,CONTROL
102285,98753b69-11dd-43f4-8eff-a54e052da982,5550445,PD
97922,bab5ca20-f718-49df-8918-e824b6720bcf,6039939,PD
74671,8510c185-ad5b-41dd-aabd-6981995140b0,5410044,CONTROL
136171,2ca837c8-6e74-4e1c-a14e-209edca3ad9e,5616124,PD
72366,54a82fb4-7a21-4606-9456-538272e71b41,5395395,CONTROL
75398,dee56671-0248-4091-bb41-e0051393eb48,5453730,CONTROL
76682,370ed9a5-6154-415a-a1f0-7d0cbbfc69a6,5425214,CONTROL
78162,0447b73a-3dde-4127-adcf-3a648d9a49b0,5643615,CONTROL
84427,1d342238-c509-451d-ba8a-381b3e10f8ef,5832057,PD
83686,68f20d02-839a-4927-9778-acdd1ead65ea,5822088,CONTROL
126697,4aeb50aa-95db-441d-afcb-93715134e044,5811688,CONTROL
72182,90bb2215-3787-4e9c-8270-94b6445b06de,5398016,CONTROL
79776,fec6f33b-45e7-4652-8746-5bf89050e7d4,5695193,CONTROL
81283,123dd036-7efc-4a47-a231-7a8cae6a960f,5753826,CONTROL
125125,dda14043-aa17-46fd-93f5-5d38956397a7,5571328,PD
99731,341a5dcf-b67a-4008-9026-aae1398418b5,6063199,CONTROL
104301,07c2702c-c2f8-4d90-917a-8dbbb4bf2899,5662221,PD
103112,987f7656-13bc-4b5f-9f45-ce799fbf9aa5,5595605,CONTROL
118873,c0d01d8f-d71c-4dd0-ba46-8ed4f96d03eb,5656684,PD
74528,e41711c4-cd3d-4d14-823c-2372db87b913,5403154,CONTROL
128919,ec822b07-4b4b-4117-9f7d-7e92e0fee1d3,5420052,PD
123111,7c3d9daa-9116-47c3-8bfc-40769f2e6403,5503021,PD
72486,ed3eef32-2098-418e-ae5c-ebe77fe5af79,5398053,CONTROL
117641,9109bbe2-90d5-488b-bb0a-7db1c08e3bba,5596502,CONTROL
75259,f2b786b8-1c61-444c-ac9c-8cd29f5ac50b,5651965,CONTROL
72494,352fd8df-1d2c-4c6e-92a2-f695793126f8,5402534,CONTROL
114617,b588ca95-25a6-4e16-bfc9-d248ad4e3275,5417240,CONTROL
80736,716d4bbb-5d83-4844-9334-e305787f5cfc,5698212,CONTROL
96187,be1271f0-5069-4c68-ad4e-5da62b689338,6030277,CONTROL
90052,549c5eb7-894e-471c-913e-c5fb628292af,5965664,PD
72742,fa53fad6-6bb5-4687-b5bd-18dadbe919bf,5402212,CONTROL
134607,727a15b3-5e85-4107-8269-d9be8ab7fe89,5581619,PD
113103,98753b69-11dd-43f4-8eff-a54e052da982,5927645,PD
78006,73ee12b6-ade9-43df-8733-0a9fe33a93bf,5624457,CONTROL
79621,2d88190a-091c-45cf-8ad1-15d3a2fc2f9c,5634521,CONTROL
93173,aaa4a1d9-5f01-40f2-bfd2-44a7ddab5981,5998395,CONTROL
122561,790a3eb9-d5e9-4caa-bd5a-aaae98ea82c1,5603078,CONTROL
129963,ffab2631-dfe1-4f5e-bd9e-f763e8aede19,5486615,PD
75202,2b8f0f06-b5e2-4da4-978b-0f17f6b246fd,5567283,PD
83702,38da08c4-75db-44c4-9326-a568fb4bed89,5832630,CONTROL
75893,41c85833-e553-4507-a2a9-3c8e8ddaa091,5565329,CONTROL
78235,5a042459-2e00-42b8-8d3b-75ce277ea854,5634396,CONTROL
75403,6082938b-6037-41a1-8864-b0791f127834,5489899,CONTROL
82945,3aab8c58-a851-4084-8e75-92a1566a7280,6020210,PD
77014,e63fedb9-8710-4bfb-8495-2f334ce70fbf,5499400,CONTROL
86567,555dd97b-882b-4b02-9037-5b85dd6ef855,5913555,PD
73193,2b8f0f06-b5e2-4da4-978b-0f17f6b246fd,5395245,PD
131495,cdb18d7b-6793-48c0-8085-63c2a71ce5a9,5580625,PD
84248,a6152ed8-13e2-4831-92f1-5ba8c0af2c9a,5833924,PD
72391,52216ac8-7199-4be7-b258-55480b4da0f4,5390390,CONTROL
93543,a9edc22c-18d5-471c-b34c-0defdd6f7c3f,6001274,CONTROL
77076,4f05f44f-0d47-476c-88a7-70f3fb5c6b83,5548635,PD
107322,030d48aa-0bbc-423a-a10c-f9694da25f33,5881067,CONTROL
80406,392f4768-c1bb-476e-b080-cc13a9f756dc,5725371,CONTROL
73481,021863fe-1573-4478-823e-457711bf8d66,5394383,CONTROL
128052,473615c4-ee8e-41c7-9dad-e5d553ffdb3b,5648592,PD
101466,8ea3305a-28f6-4aae-8288-ba35199a858d,5514552,CONTROL
94003,12b56a1e-cba6-4d10-818d-0c7c0ca9a983,6002700,PD
73112,78a12d05-5513-404b-bc25-e43f0552ad47,5389255,CONTROL
76271,940a5e58-8269-4f2e-a4ac-3080f33f7c7e,5448969,CONTROL
89588,20b7b674-39e1-4a73-b4a8-8d9da92cbb93,5950743,CONTROL
79924,7dc52ba5-9ce9-42c6-bf4b-c7ce52d1b266,5762681,PD
87292,685e3773-5fb4-4d66-aa43-406929c29864,5913342,PD
116478,300e5d1f-5a38-4e78-8f42-1d580b74569a,5523648,PD
78907,27d8f54c-985c-4c71-bd1b-e3a25a464e67,5668053,CONTROL
135348,2f9c4950-2a3a-49e4-b343-ab6277119ea9,5566442,PD
87112,3436bf34-bf8e-48ac-ad39-f4789084bdd3,5921520,PD
95529,022c800e-f8e7-4a9e-ba35-d6eb27ffa549,6017393,CONTROL
73731,5726fd8b-667a-40fd-859f-1d2c13d1a14f,5406817,PD
116764,a57dcd0f-0dc6-4e71-808b-26dffe02acb9,5543945,PD
84982,51854925-ac4a-40cf-a482-707cb6175e4b,5844010,CONTROL
81302,416a984c-4a94-452b-93be-499c1ac374d6,5742127,PD
136851,a64e5451-3f82-4c01-8c43-f419bc82e9dc,6086977,PD
116309,a1913b93-ccbb-42d0-8386-1b11ce13980b,5518951,PD
102529,8a151c72-e599-47eb-ad77-b8f0bf3f4ea9,5591579,PD
73578,0a21ce6f-a5e2-413c-a1a1-12dce0eb8826,5397077,CONTROL
125500,8b694c8e-3ce1-4e55-89ae-d034e1602bdf,5772828,PD
105586,faeab8f9-5e6b-48ef-8e87-3cc7e6da3e5f,5717639,PD
115325,0c8ec688-c888-4692-9fa1-100f2ab9f52c,5452577,PD
73294,dd978ebb-6c0f-4a38-b5c1-5d334d6373b2,5389871,CONTROL
73987,3ce97adc-3908-496e-93b3-c25937b9442e,5406874,CONTROL
91299,e81bacd9-9df1-4441-8116-811003ea5346,5973245,CONTROL
74560,34d80867-b8f0-4032-a3fa-1ea0ca5da445,5405806,CONTROL
101042,fe06a93f-9312-446f-8dda-17deadbfc82a,5460659,CONTROL
75347,8be98959-173f-4b12-b0b7-979ccb740362,5515086,CONTROL
89464,a724b198-2cdf-40b6-89ef-1cf230093e26,5962307,PD
81659,80dc60d6-02e3-424a-a80e-fecf16866b7c,5698670,CONTROL
82096,3f72e4c7-39cb-4d93-b20e-ab81a0c9c22a,5774158,CONTROL
109416,2b61eecc-ec1a-4c1c-88e0-67eab8ef6200,5829537,PD
123169,aeeaae60-735d-4c85-8d35-bbb14653c2f7,5758135,CONTROL
107070,1d41112e-530e-4139-b2b8-37f1336e4ec2,5772354,CONTROL
74293,be3b79c1-c4c6-4aeb-bcbd-84b72a70620c,5408657,CONTROL
89400,93905fd2-2314-4913-aaf9-a27e0d65efa7,5957980,PD
105654,b2a760b7-bd2d-4918-a7b7-6fa385423e11,5718023,PD
72204,2b1f8af1-c928-4ca5-a240-fdd3ef6ead98,5397597,PD
83458,0d5056c7-8cca-400a-9aa4-c6047d3b7424,6073790,CONTROL
86059,255d8f1d-b7f2-4fbe-a9d8-21a3d7a7e475,5892009,CONTROL
75623,00e38142-198d-49bc-b902-fd39761cac93,5456935,CONTROL
79474,e56aab6f-1707-4ef0-8fd2-a50aff8bcca1,5616752,CONTROL
84430,f1634e3c-1061-4c39-a2fb-f44791171383,5823834,CONTROL
103620,e3109cab-969e-49c8-a16c-2ebd7702e731,5643696,CONTROL
107484,c17abeb7-bfdb-4ddd-859e-2d336f96c7ca,6958705,PD
104341,02349c35-2559-4944-9987-78b9bb71d9e7,5662847,CONTROL
88912,3df2f992-67a1-4465-8f8c-67ece01da6d1,5958860,CONTROL
97605,5751a256-35f0-4950-994e-cd7ce66572b9,6042651,CONTROL
88530,30844e30-6408-4ae5-aadd-a458ad398c9e,5930875,CONTROL
73436,87b01646-fdeb-402e-a81b-59a760934d70,5409896,CONTROL
84380,e378b34a-4e22-4a75-a0fd-808f40595d50,5843654,PD
109178,acd91366-cd8c-4f1e-a314-2cd68f03299c,5840965,PD
77327,d31e3b4d-decf-4f41-ad6e-186872a3a96b,5449337,PD
78314,2bf533c5-764d-477b-8b4b-c1a34d6f94ac,5682955,CONTROL
77727,f1ff13df-f98f-43ea-b6a9-0a71e292a2c5,5653893,CONTROL
72237,3b6bed3e-db2f-4a29-a690-a83297cbd390,5397835,CONTROL
77000,3b22db24-42d6-4118-9040-9ede1c99e32b,5499223,CONTROL
77972,e378b34a-4e22-4a75-a0fd-808f40595d50,5602576,PD
88984,7058ce3e-cc05-4d72-86e2-601b551ebd8f,5960962,CONTROL
101422,e4524553-f9e9-47ed-9367-ab77f90ef671,5493604,CONTROL
72679,42a21eed-5676-48dd-b361-f486e0e838c2,5390525,CONTROL
87669,f5bd40c6-2007-4c0c-8701-c4607595a396,5923087,CONTROL
84033,9abb3fc4-a2c5-4895-8049-558ad0a332ad,5863356,CONTROL
133595,d8c85d87-db32-47ab-9f53-bf1af8c3a6ba,5460053,CONTROL
83554,edea3928-705b-4cad-bf20-b96ea4174be4,5829766,CONTROL
130695,7b465f25-dcd7-4b35-91c6-64518adbd581,5534197,PD
128698,8beab5c6-6067-4c47-b655-1901f5a534a8,5881450,PD
95864,2a5128d1-3ed7-49ee-a299-4025d6702faf,6021217,PD
134233,afc1967c-5f55-4034-8d01-824c3b1bb35d,5496248,PD
98724,bca66a7c-4277-45ed-aa81-15ac73bfb554,6055273,PD
113198,b16a02c7-5ffc-4f03-951b-3b7344637e7b,5928948,CONTROL
80471,68898127-0c1c-4b5a-adc5-992bd9d66ec9,5696697,CONTROL
130341,ab6244b9-1f60-452d-9c06-df0209e9e5e9,5503078,PD
74175,085d3a29-27eb-4aea-916f-723989b56763,5389800,PD
75759,1d5326ba-3f8c-4c80-9a03-f19875f800e8,5475116,CONTROL
133254,6855fa7a-006a-4eb0-9e36-484c2048b7b2,5434277,PD
136334,467a2178-86e2-4386-9b7c-cc75960b7bdc,5636283,PD
83846,61dd170c-f681-4c2a-86cd-c8c60d9780d4,5838632,PD
85168,ef8cecf0-1fa4-4ea1-9235-d89917676540,5887347,PD
120564,79ee90fb-0a31-451d-8d1a-0b716e16a74a,5660250,CONTROL
91479,ceb0688b-e821-4ea3-a4c4-bbaa16a5712e,5976352,PD
72819,134bb3f4-8cd7-42b6-ae6e-6dafbafa77dd,5393821,PD
95710,0c6aeb72-84e0-4a82-8848-a5d27e50730f,6020559,CONTROL
77286,a5a8e48d-9fc7-42eb-a6b0-a510d4f19759,5417158,PD
130831,3516da76-a3e1-47ac-9255-ee100797ba9b,5538650,PD
107541,aa9e90e2-e5cb-4e6b-8146-54c666f3ffdd,6093069,PD
136058,2ca837c8-6e74-4e1c-a14e-209edca3ad9e,5611726,PD
96058,b2b8ca71-7dda-43ee-b740-efaf40f2bce6,6029872,CONTROL
131795,a9446838-42f5-4ad0-9e65-6e4b9f4b8691,5593090,CONTROL
73789,0d161a1a-71c0-4c49-90dc-5045ea3a4278,5397193,CONTROL
128915,5f2b561d-ef7f-452d-8f62-4c4c37fc8458,5420782,PD
123633,5fe0830d-9fc2-493f-a9e7-2e900b9e37a8,5737806,PD
110430,d65294f5-c173-4908-abb9-d0216f7fbe98,5866987,CONTROL
77371,4d0c5bf4-80d3-462b-b8b8-bc97917d28be,5444138,CONTROL
91460,b3404b35-b8f8-4f14-afc6-92f0d1bdf920,5978054,PD
77853,ad1e80a1-3f36-41cd-87f4-6904d7784538,5631785,CONTROL
134779,386ba03d-8435-4cb4-9fa2-72ec3e1e0425,5525052,CONTROL
94062,53eafe37-544d-4c1a-ba3f-1ce2fefe4a8f,6005701,CONTROL
109870,82ca7763-4f54-4e32-a3f7-2fe0ab8ae02c,5866714,CONTROL
73761,2414427a-a867-4dfc-8ba9-35b0f078150c,5406113,CONTROL
108348,2698a8ca-5882-40f9-a52f-b6c5cd2dbf54,5803308,CONTROL
92000,090b6752-abe4-43a7-af04-ae32484971a6,5986759,CONTROL
92273,b6cc5694-bf7c-4c2d-8624-8ecdcac208f2,5986157,PD
93806,0fb2371f-2456-430e-a9a4-f0cfba39ae30,6004706,PD
106676,b8a9d62f-cdec-4cee-9cfb-5572f8db2ff9,5759081,PD
135110,e2749d3c-6186-4013-925d-2e7f28a6e035,5555622,PD
91169,137af08a-64a2-4771-bd35-562fe83fb147,5977685,CONTROL
110424,5d800f21-c04b-490f-bec9-9982aefc2bcf,5871008,CONTROL
79018,76f80e39-f360-4ce6-92a3-88ba11b630cc,5640019,CONTROL
74304,2c4ae368-0766-48c5-8814-602fec172756,5390369,CONTROL
72198,13853bcd-b253-4c01-8e95-881aa574aeb9,5406351,CONTROL
135795,8cd62402-4e51-4f70-b511-db50807c6480,5596490,PD
103167,b1f4d4d6-5247-48c4-9990-28a13d34fc19,5598398,PD
120744,d2a8cd5a-da74-4c31-a7e8-c2627feebdf7,5745867,CONTROL
104248,b2a760b7-bd2d-4918-a7b7-6fa385423e11,5675384,PD
99248,22e9a983-109c-49b9-892c-23f489852a57,6051782,PD
119141,e279c3c2-501f-42db-a486-d05a44ff7277,5670909,CONTROL
89160,2afee014-dca5-4718-811f-732034248b12,5951214,CONTROL
109417,22fa2c34-0913-44ff-93ac-2a14da3a9c77,5846304,PD
123080,677d036f-97a4-412c-a18d-1f4bfa6bce53,5736820,PD
93526,5d4dafaf-7161-43d7-b7da-59dfd905c51e,6006170,PD
98782,48d5372b-379c-495b-b082-0ac208f22bf0,6052608,CONTROL
93886,11b0961c-3d85-43e3-bc1b-a2c3e7f885b2,6001997,PD
90393,93558cd1-0fb6-4f34-9073-02bd5f7e1348,5966844,PD
109943,61e223ac-4657-48b8-89b0-d37df5c85d39,5849327,PD
135838,2ca837c8-6e74-4e1c-a14e-209edca3ad9e,5597964,PD
75324,bf73f041-de4c-4af8-a520-8fc64993d954,5493336,CONTROL
74989,7626accd-861f-46f8-a213-da0cd64fe313,5475887,CONTROL
92740,01aea090-d2cd-409e-8ce8-22887ada7af8,5991168,PD
89050,354ae435-e61c-49d6-92da-d9f657c6755d,5962196,CONTROL
120853,87a468ce-50e9-4622-aac3-d4c90c2b1ebf,5750324,PD
72590,c21da2e2-b1b5-4ee6-a9e3-869fab809b15,5390700,CONTROL
119861,c6d662c2-5af8-4781-bb68-d99162d9d1fa,5687590,PD
136230,e44b1f10-dd22-4bec-974b-f1cd489d1e28,5628295,PD
132844,2a0a6e09-f23d-4ee6-a1a7-66b0e79ce08a,5656437,PD
107977,6390367f-0035-4cf2-b22f-2ffb74b475d2,5811926,PD
125960,e29db95f-adc5-49cd-8eeb-09054470c221,6098972,PD
74586,2f03b592-338f-4c85-93a9-aa5b637e2d4b,5406510,CONTROL
95855,45373776-ea31-488b-87f3-5765b9cc6410,6017814,CONTROL
91651,3e3dab8f-87e1-42c8-a091-9202fb089a03,5979220,PD
90001,0f5ab0b1-e9df-4d45-be1f-7e6b08aea85d,5968280,PD
115820,31ad111e-ad77-4064-82ba-24bff3887ced,5480428,CONTROL
103908,dab5b0ab-ddbd-45bb-a841-eb37e4bed3ce,5659114,PD
74328,234caa0a-2bcd-47bf-9705-f2d9b9c32cea,5398275,CONTROL
106957,0fe6f42c-d3aa-4405-8adb-c4b798701dd5,5769281,PD
99002,bcd61c73-932f-4e2e-8c49-c7d163e3fbaf,6051861,PD
104728,15253bdc-5768-4567-aeed-d7dc4c461252,5689211,CONTROL
108444,10833207-29da-4e20-82a2-8edffa4ce588,5809299,PD
72351,611d082e-e6df-4914-b92d-fb6d0fb7fcfc,5391658,CONTROL
117544,cd8fce05-0edb-4ee4-9560-88b88276ae87,5582572,PD
72532,28722917-3a16-4833-a2ad-3fb08e8dfcb7,5400149,CONTROL
74029,1277ffa7-6209-446b-9b9c-8e3fa4167c7b,5400342,CONTROL
81003,fa03cf5f-c793-4e4c-b87f-6a7b0c9c30ab,5709107,PD
100665,e8b3b9a4-a48e-4212-aad8-0ee8d9a4f911,5454429,PD
101085,0c2c418b-3228-4236-a4be-7d259a6adbfb,5463726,PD
74307,437b2bb4-a2ef-4746-b8a2-42b700a60b44,5400320,CONTROL
109068,6899ba07-f868-49db-9651-3504b6d754d6,5833901,PD
73251,8c2d909a-3d5b-444d-96bc-d6d3f1f346c4,5393576,CONTROL
130676,d49ab276-4836-406b-a462-b79d3b4deab4,5531681,PD
92199,560b7d59-2678-4b0b-bd6a-d435c09edf2a,5984293,PD
107622,3c607d8d-6678-41fd-b3af-25d15e02c3f8,5791644,PD
99025,42f0005a-eeca-4d2f-ab23-abbcbe527835,6052197,PD
101335,08b5bf4a-44e2-4d25-899a-e65956284903,5497094,CONTROL
86897,2b8c3659-90a8-4b28-ae5b-88eab39997e6,5922624,PD
81534,1359f220-9db5-4777-91cd-cf1e8abfc42d,5724313,PD
85605,b1f4d4d6-5247-48c4-9990-28a13d34fc19,5871314,PD
101082,0c2c418b-3228-4236-a4be-7d259a6adbfb,5473776,PD
100206,c2f933a4-b0a6-4414-bf6b-e09df2a7709b,5441068,CONTROL
103045,23d0badb-95c2-4ec0-b85b-15c2929421a6,5601636,PD
79862,6dee1925-7924-4c3d-8b4e-d54a42b2c18b,5764181,CONTROL
98946,dc037cec-4e6b-4f71-8bf7-cd7fc322edd2,6062879,PD
110810,459e2be9-61d0-4c11-b707-01afe7e34fc6,5884956,CONTROL
108836,ce5c8357-dcc8-475d-a52b-1d048224fcfa,5824577,PD
133834,b4491f3d-1acb-47b6-a751-e176a373ea47,5466368,PD
107892,c84ffcb8-5533-411d-b74c-1e03e6073d74,5790806,PD
79954,804548c3-deab-4614-b8de-e807edbecc80,5722356,PD
86407,60c67049-c4c9-4176-9993-73abf6f12888,5895993,PD
122495,d45d88b2-c933-4422-ba68-20a78d862371,5716198,PD
88166,8745e5f5-648b-4d46-bc7d-045fa6e2d628,5934619,PD
77256,34c35d53-7826-43d3-bfbc-a9d176baf45a,5422232,CONTROL
73365,e492c66c-b2ec-4a5c-8d0e-9468df117667,5395647,PD
118890,4a318f75-f290-44cf-9bb3-5080e546b13f,5655843,PD
74389,f8eea344-0215-4fc9-8012-1362b63aff2c,5409574,CONTROL
83122,48268a8e-9888-48ec-a48d-6e4e8f25fd88,5773134,PD
98343,1137bf6f-92b4-426f-acd5-87fcaacee4c1,6046942,PD
112245,280e1eb3-8db2-4455-a0f0-0a2b3f2602bc,5909921,CONTROL
85411,d5e4a30b-4c83-4d26-a59d-25c1bb664fdf,5868811,PD
89445,e87e1729-897f-4025-aab4-5e2e4ac9ba7c,5955478,PD
96196,bab5ca20-f718-49df-8918-e824b6720bcf,6029158,PD
78962,30889da2-ebce-4679-aa59-66281d0b1407,5667666,CONTROL
72747,1f4ef5e0-ff74-4968-9ea0-96dd3ce9eeb8,5405901,CONTROL
83256,231c45ce-c155-4a4d-a546-10a482a4eb59,5798541,CONTROL
76165,91fff742-8817-4a04-b37c-46a96162cfca,5413135,PD
136240,15c66b8c-1f91-461d-92cf-2bb6043dede5,5624343,PD
95807,c4a2904e-2e5f-4fb4-9890-7e5c66d2fa7d,6017599,PD
82349,1a2fd9e0-5e4e-4e4b-97aa-6718196bf510,5848083,PD
83876,f043e577-4132-4b25-9943-9e2ecb9d2214,5834926,CONTROL
81383,22e9a983-109c-49b9-892c-23f489852a57,5739179,PD
98174,b4a25411-d2e3-42b0-920f-a543f3bb0227,6046583,PD
90576,367c7b68-6706-4505-a3ac-c4a184fd3e7b,5965463,CONTROL
83070,9dd06ef1-a622-4660-a102-1e1c865ab7b2,5797010,CONTROL
112230,98753b69-11dd-43f4-8eff-a54e052da982,5910966,PD
72963,3fbc111c-32f7-4e45-a448-5071b70fdb28,5405262,CONTROL
81992,cb3fafc6-b4d3-479b-8a2d-f5f037b96420,5784852,PD
82676,d65b28e2-bdc8-4d2f-88c7-24c4e621fbde,5796268,CONTROL
108562,173ebf8e-361e-4421-91c2-c9e3c8d5c827,5816645,CONTROL
75593,a43aa5cc-4264-41ee-a3de-f0901114378c,5550894,PD
73780,e259a11d-3f17-4765-82ed-471a6a76cc52,5406263,CONTROL
122419,1a382d20-1b1b-46cb-aefc-3450645d108b,5715053,PD
96639,d9290c72-7037-4723-bdc8-ecefa9cad862,6027224,CONTROL
113693,9f02a39c-2d0a-468f-b22a-2354731b5e28,5937950,PD
129584,4c623832-42d1-436e-a022-773222312425,5460061,PD
100886,3f997724-f0e4-4a31-9ef7-57bbb8cf3188,5482088,PD
136344,e24901df-03a6-4c94-9b32-41e815d2a6df,5634582,PD
83430,d4918f6f-82d7-41fa-8032-545cb952a68a,5771871,CONTROL
122743,a198560a-cf0a-4610-86a3-a0bb83701336,5672900,PD
108893,4640350c-ea72-41e7-972b-adf272b8f49d,5821552,CONTROL
74177,f2c94055-607b-43d1-b92f-fb2287457418,5404689,CONTROL
92535,3a2182ca-a09f-4eab-9ab4-6fb9e4e7fd54,5989574,CONTROL
110864,618325a3-d186-4d45-9e55-6c53b1dd7698,5885538,CONTROL
91589,090b6752-abe4-43a7-af04-ae32484971a6,5979735,CONTROL
125624,27ef2662-7fc8-44be-8f3e-822912c76a8a,5779977,PD
100841,4b163a5c-f4cd-4a1b-ab6c-f593fe1e90eb,5460390,PD
77850,c499a6b7-a5b4-4c92-ad5c-905ca29a14d8,5663967,PD
79900,51c8083c-a40f-47cb-9f02-1f5ba6ccbaf5,5761664,CONTROL
72463,5bac2b6a-dd9c-42f3-96d4-be7d798f3bec,5409720,CONTROL
122480,3668cabf-b088-45b6-baea-dfaf819b6325,5654226,PD
79035,8f010044-9f83-4b71-b977-7ac491b552d2,5625824,CONTROL
80909,40ecbd6c-efae-4202-924b-de6ce62daf4f,5707169,CONTROL
82787,0b08bef7-cd9a-4732-9aa4-5855d59981ed,5774241,CONTROL
103785,0bb0b3e8-9839-40a9-93d0-460dea0ceb76,5655292,CONTROL
78805,90936325-2390-4c9f-9d82-3a4d11524969,5663897,PD
116574,0309d5a8-79cd-460a-9a87-6902460ab71d,5525889,PD
107853,f53eb68e-1c17-424f-a486-ddda29e8827d,6088683,PD
86200,f3d5b217-ca48-4ed7-8418-b465c396c69c,5882772,PD
77694,9790eb4b-c98f-4eae-8a48-1f3ea5f60e00,5493930,CONTROL
107620,4d394840-210d-42c7-b8d3-cef242f1ee4c,6085579,PD
110635,dbfdaf53-55b4-4347-8a35-988f05a7965d,5887759,PD
77456,6895bd33-6d55-4ba9-a6c5-475f35cc8365,5499963,CONTROL
76947,0b314db3-4ccd-436f-abbc-513ac229b5aa,5534016,CONTROL
112918,3495ed87-6850-4b7b-b626-63fe7eea0e28,5922354,PD
91601,f31210a9-1332-4c2d-bf01-8ea2572978cf,5980094,CONTROL
99480,493aecf6-dab8-48e8-a705-90c285dd3344,6060625,PD
83293,c638fd31-bdb3-4d82-96b7-30e14272a034,5792270,PD
82607,93b9641c-9493-4ca3-8095-de52d808d138,5805811,PD
109419,22fa2c34-0913-44ff-93ac-2a14da3a9c77,5833853,PD
73785,c2dac679-8959-4648-895c-cda3bab67535,5398092,CONTROL
100914,b82fc368-85c8-42a6-ba6a-bbc4b5b078df,5461272,CONTROL
75762,36deedb0-a6dc-486f-8ab4-a83049b3d91b,5472886,CONTROL
72816,cd85e7b4-e3a1-442a-a419-a368da44b5f7,5407458,CONTROL
112424,c959f434-9f57-4730-b4c1-804789db0a33,5915472,PD
88392,e2e80162-36f4-42dc-85a7-efaa520eaf8f,5932774,PD
78666,d99db9d4-8fba-4c74-b3e4-25c1c7b844c7,5679376,CONTROL
72344,fa18e399-70af-4d64-a971-8373a9e9fa5b,5410270,CONTROL
78870,894ba5b8-f335-45e1-afc1-1367747e31cf,5652878,CONTROL
124144,f8d44faa-f71a-43be-9fa8-8d381b9cc380,5540607,PD
112103,ac518c03-c88f-4433-915e-8d34249e96c1,5909321,PD
119391,3070acf0-23ab-40c5-8afc-ba869e122c00,5701156,PD
110207,1a033954-954f-4459-b3a4-33ff26192e05,5874921,PD
87199,442309ee-3148-4b0a-9df7-57a118c6ef82,5910677,PD
74456,81621469-87da-492f-bafd-103b246ad200,5399267,CONTROL
77606,b2ae8784-2bea-4ddf-a066-d5c898848784,5503172,CONTROL
84440,55ab8b94-24a0-4de9-9f5a-b7afbbd38ecc,5834213,PD
91998,36d2fd51-1b90-43fc-9076-19b1c5262b0f,5984034,PD
101872,3d1162a3-4150-48d4-b179-55361a508bdb,5526218,CONTROL
108950,adf866b9-cde0-4d64-a7c2-674f3857d311,5817622,PD
97586,add935aa-6172-4db1-bad5-56eb3c20fb76,6041484,PD
100031,ce5cb455-f71f-4727-94d5-13f860bf4ce0,5425602,PD
96669,568cb98f-e68a-45d7-adef-8e4f37e39c01,6031372,PD
99646,917259c8-a3a5-41dd-bb64-f3b0579095ad,6062915,CONTROL
78326,cddf8d7c-bd2b-4f6d-8b2f-5be21e36fbda,5595494,PD
100774,4b52f3cc-09b7-4ad1-98c4-7a8eb1e9ec74,5479562,PD
92542,29ae201b-896f-42ad-b4e9-c146aafb33f6,5987595,PD
76684,2a2fd2e5-2256-4ffa-a607-a78710eca6d7,5537722,CONTROL
137071,647b619b-64bd-4336-890e-0a9b43476b7c,6090092,PD
135184,fbd18b71-7eea-4f43-98c4-4d952d0722c0,5551461,PD
126220,0ec305ec-c207-404b-9c94-1207819c7d1d,5793978,PD
119607,487959bf-bab4-488a-a9ae-67b4e645f347,5755905,PD
101047,f8cc1925-9a7f-40d2-bd56-2511350c3315,5454656,CONTROL
74250,b0720414-4fca-406d-816a-5c4df0a4b7af,5403565,CONTROL
88143,d49fcd5c-3952-49ba-bc03-261b83a7ab6e,5927666,PD
81816,c9b00e73-7448-438c-89bf-c5266ddc3846,5725138,CONTROL
107649,6c1344a5-ade0-4e83-bb16-431f0b5490e2,6958776,CONTROL
85854,25f75a03-516d-4f1d-aa1e-c35d0183301f,5880577,CONTROL
100846,74de3c85-715c-4962-9cd7-28bdf4e96a73,5468261,PD
117343,bd770439-5ef9-427a-86a2-0c1ecd8f8f36,5580846,CONTROL
84071,70ad1f0d-4e57-435c-aa52-54d943c2f77f,5831488,CONTROL
78278,925e8166-6d62-42f6-abb7-dfa7f0459786,5602869,PD
90170,3f692929-c7cf-43c6-b1e4-4df80aa82195,5969719,CONTROL
133237,e787d06a-bcce-4ef0-848e-8b319fc7ce99,5434032,PD
134650,a4c28d0d-ce3b-4fdb-abb0-f76302898702,6084086,PD
80980,6af48ddd-2574-4b03-a268-3d97889899fe,5697191,CONTROL
121987,06c1e1a9-d0a6-4e8f-ba7c-138a89e23368,5726585,PD
82486,057c4b83-90ae-4f12-93d9-7a073b07300c,5772456,CONTROL
113893,a38c48a0-0ab7-46fe-80c8-6cc55d9b8bbf,5946790,PD
87926,51854c47-30d1-4021-b7db-56879662c6d1,5940373,CONTROL
108450,10833207-29da-4e20-82a2-8edffa4ce588,5800355,PD
73752,630c8b6b-fde4-4d90-acc3-d680f1f8ef09,5392767,CONTROL
129049,b80b54cc-7323-4a1e-88cf-112051223fc5,5429348,PD
74220,967e2d09-efe4-4418-be5b-57c2af433e09,5404339,CONTROL
106732,1ff805eb-4e96-4d64-b7a4-cc54aaddf2d6,5755318,PD
93217,bf05f39f-dfb4-47dc-8450-5457a08f9529,5995710,CONTROL
81924,1d16820c-9c1b-47b0-aece-132ecc3e57a0,5804067,CONTROL
89220,c7cdf9f7-0c93-4e13-a8fe-d4ad66404e25,5962490,PD
80960,b6559a9f-bbb8-43c1-89f7-0aff2f194372,5697872,CONTROL
80872,4b4834ae-88d3-493f-ac12-e9577dd1c135,5705467,PD
107573,621480df-5cbe-450a-84eb-c0814d509883,6089126,PD
99674,549e0f48-4f8c-41be-9912-d85c709bdbdf,6062689,PD
81706,9d4d276f-5cf7-46a4-9f30-989c71a25bb5,5696940,CONTROL
75752,48215aa3-9a5e-40c6-88f8-9396d7e5825e,5447472,CONTROL
76844,e4307a27-1341-4bf2-b6ab-a3a1052396af,5471006,PD
94759,a7df579a-8a92-43e6-b106-ee39c140eb96,6016309,PD
72952,42ec1a33-55d2-486d-bdae-b95860dea545,5406639,CONTROL
136959,0f377187-304a-411a-92e7-8ffad7816a1c,6088855,PD
87185,11fa2e95-094c-45b7-9e4c-b6fb8d935314,5919909,PD
72164,06dd4feb-9e27-41ff-8703-e18d07599e71,5391397,CONTROL
115793,7bfa7f2b-6cd6-4f9b-b0f2-cdbcd2a5ef6e,5481758,PD
90804,9b0ecc01-f89c-4f0b-89e3-a7b233b2a2f2,5971322,PD
85389,93b9641c-9493-4ca3-8095-de52d808d138,5879613,PD
78325,cddf8d7c-bd2b-4f6d-8b2f-5be21e36fbda,5630209,PD
78636,9b42ac70-3848-403e-9d82-0866d04e3517,5673611,CONTROL
108211,bc53f23e-bf00-402d-93ed-3030cc15b582,5808946,PD
81554,47184d8b-9872-4b3b-8b3d-5d7a92ffc12c,5735204,CONTROL
73952,a08b2045-49e1-440d-98a6-265b331853a9,5410524,CONTROL
102087,cdb18d7b-6793-48c0-8085-63c2a71ce5a9,5558034,PD
76306,ec275daf-781f-422f-970a-ddc19dfcbcc5,5561646,PD
77959,57cf2805-e97d-4956-8120-f9c0218b30e6,5671849,CONTROL
108070,eea2bc0d-e013-4def-b184-8f153023c890,5810461,PD
99982,0c8ec688-c888-4692-9fa1-100f2ab9f52c,5423388,PD
104549,11b0961c-3d85-43e3-bc1b-a2c3e7f885b2,5690987,PD
102241,6b648dee-0f5e-46b2-b5a4-7b8553b78a89,5526190,PD
134743,73f461ca-4d6a-48bd-911e-7cea99eafaa6,5525934,PD
136880,267db1dd-3a61-487b-b915-6afc5fc09284,6087394,PD
117481,f1b652f1-a0b4-46ea-9756-6b21d6d04600,5575048,CONTROL
86554,6633c648-95ef-4ed4-89fe-55a51334f8e0,5910195,PD
105993,fc1b0a15-721b-4df2-bb32-d0f21a6a3937,5736839,PD
106203,0b95e050-a6d1-433c-80d6-1573a9457da0,5739814,PD
113932,9f02a39c-2d0a-468f-b22a-2354731b5e28,5945321,PD
112401,60478a3b-04bc-4c91-9867-5aec84ae8473,5916917,CONTROL
85233,d87bd7e7-6c4b-4a94-9b30-6e1381c65dc7,5886021,PD
102792,c7ef0167-b3f8-490f-93fb-38da2f114ed4,5580644,PD
101850,063e06a4-e49c-4d31-9cbb-fa374f8dc298,5548627,PD
109213,58469105-280d-4a10-b315-03d4cf661b9b,5832124,CONTROL
75882,3b85d532-0056-498f-88ba-c0701329a0ad,5526470,PD
85541,43cd95d8-af23-4fab-a59e-e1d71a850a89,5890619,CONTROL
110200,d30caa3b-06d9-4d36-8412-f99124083b60,5865543,PD
101054,69768027-9381-45b4-98e6-c3a84bbabd50,5484171,PD
83510,26a8f8e8-b0b4-4251-82ff-94ee9a5961e5,5774731,PD
88806,f64118ec-b896-4b80-b00d-55209901c023,5947041,CONTROL
74784,267f1170-a19b-4fb3-97e3-0fce833b021d,5481107,CONTROL
111676,334be7a8-26b2-402c-969b-35835693c80c,5905719,PD
134726,1886a202-b9e9-4429-9c44-92d7c1654d66,5527888,PD
77318,2e8a29dd-fcb5-4b2c-ab11-c80d67f03267,5560698,CONTROL
108504,41efa272-5b2a-43aa-a99a-b5e469392c59,5824426,CONTROL
86583,77b7c422-bd8d-4e8d-89e6-27fd515e246e,5925100,PD
85792,ef7b0f53-9f75-47a7-9314-c99f9027af0c,5895977,CONTROL
75529,db93ae75-b4fe-4210-b766-e1e7edf1518d,5518043,PD
131245,c2de5c4c-9de5-4978-8f9f-9c783ea06ae2,5563462,PD
125600,25fa249d-4da9-447d-8ca4-44bc3df6e709,5780444,CONTROL
106067,67546a11-f625-4d03-bee1-4f55e8a831ac,5744484,PD
78496,869e79c0-48a1-4c5a-8ae1-bd2d4cb7190f,5614585,CONTROL
118641,65cec515-ea00-4cc1-afae-b41c4a03bc15,5639479,CONTROL
74148,fe41eb16-d79b-4784-8292-6c6399f58697,5408313,CONTROL
115296,2f246524-fe24-4a26-b0a7-2f2fa8dd07be,5453624,CONTROL
98896,8c1ac6f7-1fe5-4d89-b2ba-2613639d2f33,6052697,PD
84247,bb91ec4b-ab77-483b-b35f-fa039bc8225d,5915759,PD
111090,8d96385c-ce21-457a-959e-9683445b2cdb,5561261,PD
128801,5134777c-3563-41a5-abcf-cce272a2ebf3,5414841,PD
103448,2a56117b-1b94-4ea1-ade7-e21533af0c4f,5632964,PD
94138,85816dbe-b244-453b-87cc-709d2c1c2107,6001076,PD
75147,d2ab9fc9-ecfb-4097-a671-9b2dc4c25016,5412972,CONTROL
108176,bab29b7e-9b17-420c-b17b-f9f957eaf374,5799013,PD
76015,a526c0b2-a491-43a9-b0e4-77203f0a0533,5533026,CONTROL
111687,898f8dc7-7ef9-4cc8-b1b9-425f6f01303d,5903602,CONTROL
91732,8b5ffc9b-466f-486f-8235-afb5e4e08128,5973701,CONTROL
78932,9d478389-f02d-47a0-bb1e-c226bac23030,5978072,PD
126845,f8582e93-97e9-462e-b21e-8a776c50d77c,5819844,CONTROL
73104,12f76b2f-d925-4981-bbb1-58a55474b817,5410352,PD
76398,10632ed3-5f75-4132-9810-33e6180628dc,5446867,PD
111718,7a307572-89ed-4f5e-8e1f-e220d0eb57c2,5902887,PD
74504,4decd002-ac3b-44ff-b231-95ef60b922df,5397730,CONTROL
106350,17556b18-e4f4-4c76-a832-f5d22577eb77,5746277,CONTROL
118917,beb80def-8dab-4210-9513-61094cf83019,5655381,PD
97198,0eb60c3c-52ee-483a-b48d-4c6d0b412e0e,6037411,PD
88717,264f4192-a22a-4c00-a2fe-fc22fa4f650d,5945993,CONTROL
116319,b4bb8c67-33ac-4333-b1aa-6b79babc40fc,5521614,PD
111109,776122cd-333b-400a-af9d-39771b26fa4d,5897469,PD
116298,b236ecf4-e95e-4ab1-bc61-8b613138c3ad,5530059,PD
103699,953b81e6-42bf-456c-88c1-61393e4dc8d3,5640585,CONTROL
122045,edd71f00-1144-42f5-8f7a-9d6b861cace1,5618833,PD
102957,26b15140-2acf-4180-8283-f3acef5501b6,5608718,PD
80752,43136f33-26d1-42a0-aaaf-c69d408f7926,5702029,CONTROL
74447,22e90c3c-6638-4fdd-a36d-316987901901,5394540,CONTROL
91280,666d2ad0-489f-44ed-bb23-8e018ea770ef,5975571,CONTROL
107989,4a886575-e31a-4908-83c8-1e921c81c80a,5797928,CONTROL
113603,7534e915-1c53-4165-891b-b50a1a6ce764,5937165,PD
103602,bbf83ccf-d2cb-40af-bab9-93d04e8a884c,5651786,CONTROL
78926,f30d09f6-9d7a-43bf-8374-49cd1038bd00,5651212,CONTROL
77879,9850af88-fdd6-4fe8-8859-24cc2542d135,5641070,PD
100223,df931327-93d2-4fa0-99a5-9eab3cfa9eeb,5420442,PD
76520,62e4f3c4-3b2c-4901-98a3-e18754a3306a,5420763,CONTROL
73219,fc22bdff-ba34-4deb-b011-7e2e011a3de2,5392112,CONTROL
76946,3ddba098-5c5b-49cb-b1e0-02766de0bec8,5415680,CONTROL
90437,5e5e1d18-94ef-451f-98cb-10dd33dd1ce5,5967490,PD
109939,808bd714-1d45-4db7-8910-db3eed15a011,5857476,PD
136050,4c1a88d0-2b5d-4503-ab74-329b93ae90b9,5610769,CONTROL
117813,ccca23f3-7d01-49b8-b018-2c0bff87aa74,5586792,CONTROL
83704,f03b7a08-445a-4787-846a-578c905a29a8,5823146,CONTROL
113166,74de3c85-715c-4962-9cd7-28bdf4e96a73,5930537,PD
101645,82d20e2e-c027-4c93-b236-a3aa9ec1af07,5512321,PD
86308,f2c1b171-7418-47a0-a55f-b6d0632f7b44,5886465,CONTROL
82795,632f046f-f527-4210-8891-44b0d3ab4624,5782084,PD
76927,a94c29c7-8e6f-48a0-a4c2-931239ed484f,5498114,CONTROL
77778,042f680f-a5a4-4dcb-8d39-ff36ea03b842,5613717,PD
72172,2257e233-5815-4211-b0f2-7f135d1604b0,5405132,PD
100953,39dd0aac-4b4e-43ec-99fb-8883adc86c4e,5452233,PD
94608,e4530d2a-138a-4037-9e4e-32f715175556,6014787,PD
109044,f165226a-61dc-4f78-9903-d42f08b24a7a,5845260,PD
80713,2eaa0a8e-2e89-46bc-92c8-1d3bff6eef94,5830403,CONTROL
72384,6da12c60-1808-46fb-999d-254d754827c8,5397384,CONTROL
76580,3843f29f-d998-4c91-9106-0f1e1b9ad003,5467432,CONTROL
111868,b5d300e5-4397-4f24-ab97-6ae76a3c956b,5907339,PD
93267,b4491f3d-1acb-47b6-a751-e176a373ea47,5995590,PD
123914,2010d9ae-4e47-4efb-8dfc-84189917534c,5709663,PD
133223,cf44db25-e6cc-4576-a698-47f5807339b2,5440849,PD
86369,fe49f657-5553-48ad-a7a3-c3b2521324d5,5883338,CONTROL
86937,10254517-055e-4a85-b07d-aadcaee16eda,5904924,PD
74495,a2160f5a-fda0-4b71-983a-550a7e1bcbd1,5392294,CONTROL
81720,75b63b7c-7752-4097-89ae-f9e339b26835,5699256,PD
89621,344b785d-d12a-47b6-95ba-fa05eecd7e8b,5958801,PD
100351,711200dc-c6d6-42bf-804a-a96667b6e46b,5436985,PD
85491,1e0888df-7059-4fab-9dd7-b0b6616442e6,5876896,PD
87438,e445a789-1280-4d17-91cd-efa81e67c3f9,5902937,CONTROL
75890,27733ef4-c57b-4332-a398-f2a18d6501bd,5520827,CONTROL
81299,f4f2df88-3755-4d41-a4fd-1b1a7847de54,5700156,CONTROL
93066,6e6f346b-3ab2-4fc8-baf0-95f8ee7e5408,5998319,PD
89530,a4191928-b6a0-4170-9a44-baa447555fda,5949779,CONTROL
80017,d3b6b789-8ff5-4efd-98b0-baf6c7a95717,5749417,CONTROL
74901,8d49a490-98da-4272-8f83-2f1ecfe5d6b6,5458719,CONTROL
80760,43136f33-26d1-42a0-aaaf-c69d408f7926,5707699,CONTROL
114133,7f10980d-1044-453e-863f-fbbb07c1800a,5943775,CONTROL
120468,f91ad75b-4362-4e52-9f60-66edc4504114,5747776,PD
95073,1359f220-9db5-4777-91cd-cf1e8abfc42d,6014065,PD
114187,ac01f080-96a4-4faf-bc80-291a996f6edd,5949819,PD
80308,101b307e-910e-4854-9b50-f6624a0e5d67,5753015,CONTROL
116455,3b9ae067-73ab-4b87-bb0a-2f6dc8384c30,5513421,PD
84211,a89c251f-298e-45d4-ba5e-f4e13cd11b46,5836304,CONTROL
85942,cbe869f1-f6a1-43b3-a555-1a3c9aa4fd85,5895071,PD
72432,a4a2f5ed-69b6-4d9a-afbe-7f5ee731022d,5388534,CONTROL
85753,b78c0046-9026-4f26-b88b-52ac26fb2d67,5887887,CONTROL
72981,b8a9d62f-cdec-4cee-9cfb-5572f8db2ff9,5403466,PD
79498,8899a3c4-ecad-4fa4-b149-c23e38bf774f,5654505,CONTROL
92579,6b648dee-0f5e-46b2-b5a4-7b8553b78a89,5983372,PD
73560,85816dbe-b244-453b-87cc-709d2c1c2107,5396012,PD
136249,ed56a968-4048-4d30-9385-35d540fea804,5623638,PD
115410,091b0186-0d08-4b3d-816d-2fd7a7a222d9,5455311,PD
115666,ace91e65-8378-4aa3-8b9f-53d22475f552,5481921,CONTROL
98824,4c474e45-353b-4685-9d62-9b3f505f5e7c,6055093,PD
131253,b9b377ab-5693-475b-82aa-e48ec638c72a,5558573,CONTROL
85139,11cfa0dc-8fb1-4e79-b15e-321970df7cba,5888944,PD
101712,7c7d7ac4-e94e-4310-8339-286a1963e8dd,5501625,PD
94593,dcd441be-3c3e-4977-bdd5-79c06ef8a299,6014230,CONTROL
131867,3516da76-a3e1-47ac-9255-ee100797ba9b,5600427,PD
136265,9a41dd95-337d-4f23-8b3e-f0f0dd40fc4d,5623470,CONTROL
113699,7fb561a3-8f90-49d2-a39b-55ea3f78a17b,5935607,PD
77278,fa03cf5f-c793-4e4c-b87f-6a7b0c9c30ab,5486313,PD
79815,d0649085-219c-4bc0-a242-4a4b243730cf,5723903,CONTROL
124926,34dc881c-ea30-40fa-97e0-9427ecfe12a8,5468693,CONTROL
78834,343dd9a3-0e1b-4cf5-9ea8-17ebb75a6498,5669378,CONTROL
86852,8beb41cd-e539-4537-90b1-6a82d85f6f67,5903314,CONTROL
90736,fdc36058-a501-44a4-9844-28844be338f5,5964460,PD
86141,c91cb3ab-41ba-4b00-bb46-5b2770afddfd,5875568,CONTROL
107285,4cc64c02-958b-4413-9063-fad2af577259,5773077,CONTROL
72812,cd85e7b4-e3a1-442a-a419-a368da44b5f7,5406537,CONTROL
80468,f6624af0-eda2-4d34-8c62-ae2c3495fe31,5746518,CONTROL
104200,8355ff33-b52f-4667-a2f9-09737395e37d,5678850,PD
103332,d4a9a3e2-cee0-42d3-a48c-a758015f249a,5599362,CONTROL
93482,9ade8ab9-6c8b-48b2-8f63-ee68c864ce62,5991518,CONTROL
76916,40b363e9-7e64-487b-8b22-4eab2dea2d99,5551609,CONTROL
77405,aa90ef1c-4570-4124-b6d1-9a3f13f5d28f,5479060,CONTROL
93291,8c1cecda-0d34-4602-95ad-ed1ee8de53cf,5997734,PD
82967,902d4a36-661f-4ab3-a579-dcc4db6b504b,5771061,CONTROL
85215,16e88ad7-d8ea-4bb4-ad8e-f3dcb9a258bd,5896467,PD
78748,8c2ffe5d-3b05-4424-a60d-c628a9c5bd0d,5681590,CONTROL
74629,87611498-afb0-47a3-a783-8b032166765e,5402926,CONTROL
72593,8fa4ab20-b261-454a-aaf7-ae388028a7bb,5402624,PD
73806,96335bc9-f3a3-4576-aafa-5de39c204b32,5403272,CONTROL
106475,d15e38dd-4b3e-47f4-be4e-f3396bd5827b,5760149,PD
92809,e98cb857-cf53-4f01-9658-d984d52badf8,5995367,CONTROL
75699,cb5d179c-17b8-4b17-94cd-005e326d4bd5,5451093,CONTROL
134517,217dc372-85f6-4eed-92d0-c80baae6af6d,5509895,PD
85800,c52f272a-728f-4c68-ab52-7f86162ea8b8,5895170,PD
75645,fc491ad4-4c70-4a22-9e3d-cf47d5509c01,5415315,CONTROL
86031,c5f34c50-f9c4-4247-8c94-c0e31e05d22b,5920339,PD
96206,b8adb62d-1cad-4dc5-bc6d-99a333f12f8c,6029077,CONTROL
115275,3ad7ac04-9f0b-4da6-9760-a57ce16fcba9,5462860,PD
86884,3436bf34-bf8e-48ac-ad39-f4789084bdd3,5924214,PD
82641,847a4b08-0952-4f4a-b98f-67137681eb75,5775756,CONTROL
83420,6a04ebed-1b03-47ca-a6db-1bdfc41979a5,5783243,CONTROL
107560,d16452a8-b678-487b-a42f-0e8bea8a8479,6094093,PD
101482,d73795f0-1414-4473-8bd7-d20e4197e0e6,5495618,PD
92219,97ae66fb-c7ab-4629-853f-caa56d1b49a2,5982931,CONTROL
107454,f5e9f04c-0252-4959-8350-57823a91c7f7,5792422,PD
73178,76109e6d-8227-4b68-a24e-06fb13de2583,5406125,CONTROL
91605,f31210a9-1332-4c2d-bf01-8ea2572978cf,5977335,CONTROL
72942,42ec1a33-55d2-486d-bdae-b95860dea545,5397594,CONTROL
78371,f96e1363-ff49-4103-89f9-01c87b5cbffc,5612518,PD
126186,c4a95dca-e3a5-4362-b291-59e018cc4d96,5792317,PD
82132,a6152ed8-13e2-4831-92f1-5ba8c0af2c9a,5794627,PD
73808,4b86ef46-390f-4457-909c-17cb6667cdbc,5399523,CONTROL
91615,9bdbed62-2996-452a-ad05-9ed180fb7691,5979053,CONTROL
115880,bef1ea2d-5077-4798-b0da-1197294e4443,5501233,PD
107939,da11c7dd-6c82-4fd3-8dcf-6906b52e4ae3,5812165,PD
117805,06c1e1a9-d0a6-4e8f-ba7c-138a89e23368,5587022,PD
74482,bd31bfbb-27c5-4971-ad97-fcd0a8c810e6,5404928,CONTROL
105894,2f59744b-6741-47f3-84f1-a6400287bb0c,5742706,PD
93902,ce8f4f4d-65d3-4edb-a602-3d11a391ea60,6004370,PD
122352,5d1e7f3b-eb68-4780-8ba4-7de911ef596b,5756299,CONTROL
83692,df2e3d3c-56aa-4901-9dce-9fdd469becd8,5848502,CONTROL
134937,3c149313-d639-46ab-bd25-e22eb2b9454f,5536556,CONTROL
135288,40ae1318-0cc7-4c51-8727-6c1a03a4d8be,5561677,PD
78743,834e5897-9cc8-4be2-a952-c6c852280790,5652593,CONTROL
113405,99618997-2294-413a-ab0f-646ba2f74900,5939661,CONTROL
76072,531537dc-c4ad-4b46-9f9f-0b71ab38da42,5536758,CONTROL
120368,8c05d90d-87b5-4d21-bbb4-7dff631499f2,5686781,CONTROL
74201,48507a7c-dff7-4db0-9558-a27b30e11aa9,5389676,PD
99165,530bc9ed-d545-4252-9660-2ce2f916a9bd,6055753,PD
115762,f50b21c7-d92f-4468-9c3d-a6214b93e094,5489421,CONTROL
88677,8d67e82d-721b-4fd9-a941-c3760a28dd9f,5929644,PD
82180,cac55322-1af9-45f1-b77a-b37f4f8d26f9,5793563,PD
87362,1af5d5b8-2eee-4a7d-ba46-5710bb46e84f,5902517,CONTROL
86130,8ffbb69d-ee55-4da1-8c8b-eeaaab89516d,5873969,CONTROL
105215,5252c381-5a51-4441-b78a-40ee93c638f2,5705560,CONTROL
82849,ab5d04c9-81a2-45ec-b8c2-0ab088eb4934,5808446,CONTROL
97200,4d58a217-142b-4829-9b31-c75669e6b636,6037552,PD
95055,c006b927-ab49-433e-ba54-3f735f5df26b,6009085,CONTROL
92439,c572fd93-61de-46dc-9a7f-f41a20a1c475,5984950,PD
84846,0549100e-3e22-4c6a-96be-86d0a2823942,5840367,CONTROL
101590,fa735991-ec53-4763-9fa1-2fb499e3efcb,5500187,PD
101449,1447e829-cd53-4498-a9eb-833c2f791d13,5508793,PD
78614,5b4115a0-8bd8-46ca-9835-db4517e762b6,5664321,PD
98483,8a710464-1d51-40a3-a435-588ee971509b,6050243,CONTROL
97915,47d83366-db6c-46ca-b904-fcee302e72d8,6038321,PD
81208,ea03d1ff-a07c-4917-899d-8679f863101e,5714646,CONTROL
76167,5b4115a0-8bd8-46ca-9835-db4517e762b6,5423581,PD
75768,e8383fa2-f87d-4fdf-bd0d-4b8c62662ecd,5499817,CONTROL
72585,1e7c6806-bcb0-4cec-b732-df35f20af6c2,5397975,CONTROL
110585,5f2ddd28-2506-43fb-8863-d9b521cb163e,5886145,PD
117378,230af3bf-7f59-4ad1-8fb1-8286acfc5f8a,5596803,PD
74335,24786c82-b64b-49cc-861d-bd5b49d83fa1,5402732,CONTROL
80663,05bfb3c3-acdc-4c88-a54a-9c179ae21a7f,5755837,CONTROL
85895,e186c567-aade-4e76-b17e-5f6d580886bc,5894865,CONTROL
106324,7b75a41d-6ff3-48a5-b540-264d45d2533c,5738796,PD
97967,eb7eede9-58ee-411e-92cc-3fdec74bc7b0,6041239,PD
88507,0c220dec-e5d0-4816-9b97-993c2fde3846,5929766,CONTROL
80915,f7f4a294-3757-45ab-8d75-94e3b06e844f,5803570,PD
82003,48f10485-fd75-48a0-852e-8663f760c30e,5807277,PD
79738,5817b6fb-1a2e-4519-8289-4ec3c59b70f9,5688634,CONTROL
80860,6f2d3687-9947-4011-a05b-dc4c8a4cf3ba,5730658,PD
85487,fb65e9c7-ff81-4f01-9157-1f054b0618ab,5878743,CONTROL
85930,5b8870c1-bf9b-4ec2-a928-50eb550be9c9,5876496,CONTROL
87711,15923363-1151-4be8-916e-5af9476345b5,5927183,CONTROL
90470,edd71281-43cd-429e-a355-bc9310ad53f9,5966271,CONTROL
88789,c5958440-fccf-44a4-9008-da0e7f991c2a,5956554,CONTROL
87179,47c710cb-7967-4582-afb6-1d44aa30f9c6,5922637,CONTROL
80372,b0117d92-0b04-43fb-81fd-7e9baa68e6a9,5740333,PD
89649,e80b3a75-be0d-4458-8499-9c85bad1d174,5951210,CONTROL
122225,bc384b14-4e8b-40db-8e24-09250d446589,5700618,CONTROL
102104,92d36c79-560c-480d-820b-70651a31a1dc,5556710,PD
106328,161ed364-2891-4ace-83f4-d7da815205ed,5747573,PD
101340,28a5d0c1-ec22-4b5f-8706-518dbbd1fe0d,5492356,PD
74798,3f1d98b1-4599-41fa-95d6-066f85ade1c4,5512997,CONTROL
80552,0fad5b1b-e22f-4d95-a211-844de8c8a9b5,5752876,CONTROL
98659,528f76d0-9196-4b09-b61e-f7af2164ca35,6052510,PD
115051,137d8116-d157-4a0e-8c31-6aa2f2e80a23,5436000,CONTROL
84709,df52ffb6-6a62-4ec7-af96-626f97c7d3d4,5853057,CONTROL
95764,05d4e71a-c792-4549-8ec7-6a7dc355a1bd,6017117,PD
109725,c9fe2198-6dd6-4f22-9b03-4be3f4343864,5851829,PD
123630,9ab8c276-8a5e-4ad7-8b05-1b1171f3a890,5488972,PD
133215,8a67d54a-74e9-4a06-90bd-ad052ffd27b2,5434448,PD
84794,22fa2c34-0913-44ff-93ac-2a14da3a9c77,5829630,PD
91612,fa735991-ec53-4763-9fa1-2fb499e3efcb,5978683,PD
102683,7e109332-bc64-4c86-81c9-6166a7977768,5581145,CONTROL
79383,bfc55fc2-f448-4915-a5e6-62b66c706b0a,5722496,PD
72880,7534e915-1c53-4165-891b-b50a1a6ce764,5407382,PD
108324,eea2bc0d-e013-4def-b184-8f153023c890,5802881,PD
73429,542e46b9-3437-497e-893c-2ae34052df68,5409962,CONTROL
77329,cc1d7dc0-a029-4463-86d1-355facf4737f,5446088,CONTROL
79275,f6001990-d65a-4ed7-82db-2aac956b9426,5617916,CONTROL
88978,416a984c-4a94-452b-93be-499c1ac374d6,5961196,PD
95565,c03f7785-d690-400f-b558-a27380341d53,6023441,PD
113694,9f02a39c-2d0a-468f-b22a-2354731b5e28,5933738,PD
75187,67309892-9752-43e3-9651-e971bc9ced37,5508089,CONTROL
81885,4a650fe2-15f0-416d-8493-c7dc50fe265c,5801541,PD
76251,49730843-dcd2-4f97-b719-c84a73132c37,5437070,CONTROL
110998,54e7560b-8dde-4dfe-b8ae-06f82a5555e2,5892886,PD
72991,dd067f25-336a-47f3-9122-08c31a1c0afe,5392875,PD
97587,9fea83b8-b0b9-46c4-87ff-ec326d7f5448,6041086,CONTROL
74819,d5280f73-816e-4d45-b2c0-4d9b655a3868,5474490,CONTROL
93432,e4d162e3-aa21-4922-916f-013a537f36e5,5996570,CONTROL
97913,528f76d0-9196-4b09-b61e-f7af2164ca35,6040576,PD
128767,7457113a-34bd-4324-935c-f66bd33f1e4b,5877442,PD
101995,133ea6ff-40f4-4476-907e-f0d4170266ce,5544027,PD
85102,f7dfe721-193c-43eb-9b02-900099ca2cb5,5875134,PD
102066,df931327-93d2-4fa0-99a5-9eab3cfa9eeb,5553177,PD
79977,9ee94d29-09f8-4488-a556-3d70ce04a72d,5705315,PD
100888,3f997724-f0e4-4a31-9ef7-57bbb8cf3188,5463536,PD
75542,7d08beca-658a-4460-b85a-f5597aa2896e,5504192,CONTROL
93211,5679538a-8bb6-4e37-be37-8c32d835bc13,5997497,PD
89088,262e0c5f-2f3e-49b5-8669-99a85146c179,5962730,PD
76240,47d3ef30-9526-407a-850d-04689f4da169,5551383,CONTROL
73317,90b8674c-1c2e-40b7-981a-2122b600250a,5408909,CONTROL
72417,98196e5c-b777-4ddf-b8ea-7c1b807cbd62,5402455,CONTROL
116864,d12d655b-baea-4452-a20a-9b62bea43527,5548622,CONTROL
112169,cb3fafc6-b4d3-479b-8a2d-f5f037b96420,5909140,PD
112859,b32e227a-d07f-41bf-8f9b-bf0e1cb9c4d1,5920630,PD
78388,62669fa1-7944-495f-b3a9-de9d9e256370,5685137,CONTROL
105039,030d48aa-0bbc-423a-a10c-f9694da25f33,5704873,CONTROL
87339,d26c7415-134c-4a05-8e92-6e625854b6e1,5914800,CONTROL
114449,48507a7c-dff7-4db0-9558-a27b30e11aa9,5953341,PD
125356,f690974e-8179-4564-ab89-1302590861c4,5710726,PD
108439,701a99d3-99e7-49f7-807a-e041de08281f,5802953,CONTROL
93366,3e799759-fc47-4eac-9dce-0ec3c6a964b1,5999132,CONTROL
81294,0f3b7a5a-5a01-4d81-bd37-92c10ce60224,5703832,CONTROL
104361,b4a25411-d2e3-42b0-920f-a543f3bb0227,5493134,PD
76301,bc11d792-ee81-4d6a-80fc-7a6def4a9d35,5461923,PD
78793,09cae8c0-8ed7-409e-9ed1-b4589efce0a6,5684444,CONTROL
73795,e3c84562-b560-40ba-b02f-5981f0a0d789,5409129,CONTROL
118658,d028d551-16c1-4846-8d1e-1672a76f05c4,5641602,CONTROL
79214,0b95e050-a6d1-433c-80d6-1573a9457da0,5639583,PD
96369,ca1061c9-4bd4-4af7-9ba7-bbbc93fe9e68,6025507,PD
77361,ed54c38c-3688-4ea3-a9d9-db0d1c5e0e35,5412961,CONTROL
98082,4af88fc9-aa5f-400b-a8b3-e2989bfc70cc,6047075,PD
88192,685e3773-5fb4-4d66-aa43-406929c29864,5934376,PD
74010,f7e133ad-ff1e-429f-bad6-6a5a53a11da2,5403783,CONTROL
92011,b3404b35-b8f8-4f14-afc6-92f0d1bdf920,5983715,PD
97554,29c8abac-d7e7-468a-852b-1199c4b8117d,6043902,PD
117259,1dd8a447-0f62-498c-8c51-d4255f6bd43f,5563664,CONTROL
98620,b45c6456-396a-47bc-b178-918bb0261927,6049237,PD
77112,249e7e51-13a1-40af-8fb4-e8c992028964,5545447,CONTROL
90091,74de3c85-715c-4962-9cd7-28bdf4e96a73,5971064,PD
114643,ff776fbd-45ad-491b-ba6d-67a74f62c434,5423632,CONTROL
74623,f053a280-d457-49ff-90d7-58d2cd665fd3,5400718,CONTROL
79665,3142a6b2-5479-4f6d-86eb-d2ebf8c5433b,5634536,CONTROL
76986,e0cc309e-9519-4b99-bebf-ca9aa298853c,5455227,CONTROL
87981,6ec569a0-9ece-44fd-b24b-19fba6782b9d,5935449,CONTROL
131956,5fe0830d-9fc2-493f-a9e7-2e900b9e37a8,5607278,PD
74861,c7cdf9f7-0c93-4e13-a8fe-d4ad66404e25,5433012,PD
73247,cadc2a49-c7b9-41a8-9817-1290ecb8f9b3,5390950,CONTROL
121961,a1e397e3-35f8-400b-bd32-725e8fa802b5,5686043,CONTROL
75925,d67f4daf-402c-4650-b0eb-762cd70cb1e9,5465473,CONTROL
86363,442309ee-3148-4b0a-9df7-57a118c6ef82,5882303,PD
123455,677d036f-97a4-412c-a18d-1f4bfa6bce53,5729372,PD
115791,7bfa7f2b-6cd6-4f9b-b0f2-cdbcd2a5ef6e,5488680,PD
74388,b92b82bc-01b1-42e8-919a-b7b861db2ff0,5406920,CONTROL
92275,29ae201b-896f-42ad-b4e9-c146aafb33f6,5989703,PD
76957,7720f3a1-fd20-4713-9537-3cfa39e4869f,5484105,CONTROL
92274,3f997724-f0e4-4a31-9ef7-57bbb8cf3188,5983148,PD
113634,c9fe2198-6dd6-4f22-9b03-4be3f4343864,5937305,PD
94143,269c5321-858c-4411-8b70-79fee695e814,6002477,PD
78970,d64134ef-4749-4f95-b881-8d16f3d770a6,5639954,CONTROL
73415,acbb828c-7f27-4098-a639-b6694d72a7e7,5395921,CONTROL
79028,49ed3132-2df7-4c84-a74a-2fbe9d35d112,5664472,CONTROL
109936,ec5dd8db-c41e-4879-8bfb-c26eacc64f42,5862494,PD
108060,fdc36058-a501-44a4-9844-28844be338f5,5812314,PD
94801,3a5e8217-042b-419c-a4c0-682c15de975a,6011519,PD
109518,10833207-29da-4e20-82a2-8edffa4ce588,5857803,PD
131682,5f2b561d-ef7f-452d-8f62-4c4c37fc8458,5588344,PD
92087,b64e0163-7619-43b9-ac32-fa80a6611876,5988294,PD
78920,2272dc1b-c40d-417b-bb62-8b051b1de196,5660941,CONTROL
107993,32e23bb4-c2ca-489e-a580-d432d05e015e,5807532,PD
122689,d800bd93-6cf0-419e-81c9-494d1ac63243,5492220,PD
73665,ef37a86b-f5cc-4c8a-943e-ea4d38a4abd9,5405020,CONTROL
78357,9f6566fa-f6bc-4275-9b9e-709c00124803,5626205,CONTROL
81860,2e051bf4-20ed-40cf-9edb-353d82763922,5791633,CONTROL
115246,36ad38f2-eeb7-4913-9f4d-adb20e53bede,5450086,PD
72377,07243d5f-4a80-4007-945e-48b193683404,5403296,CONTROL
80692,c61c0b78-7278-4651-8fa2-7c1429ea804c,5709671,PD
108329,c108b15c-3da6-4fca-8861-200795111980,5795909,PD
108247,4fac524a-4cd2-442c-bd85-3d8e63f03e5a,5811809,PD
72773,1f4ef5e0-ff74-4968-9ea0-96dd3ce9eeb8,5410289,CONTROL
96690,9af869f8-7cda-4f0b-83ea-b77b9c12838a,6031097,PD
72916,6ae797ea-54ab-4033-a028-edca337f4a01,5405859,CONTROL
84884,9fbef623-49b4-46b8-a0eb-afe8d7e8510d,5820801,CONTROL
77693,9790eb4b-c98f-4eae-8a48-1f3ea5f60e00,5524288,CONTROL
87858,b36fac7d-0961-44e9-9cec-ffd9c80651e7,5929839,CONTROL
115639,563945fa-a039-49be-810c-903f94c19a48,5467915,CONTROL
90747,0ae68fc8-2edf-4a67-8d22-3e8efaa7db54,5970903,CONTROL
128553,21a71204-0893-4c88-b6e3-8f101a25268c,5875070,PD
80958,22fa2c34-0913-44ff-93ac-2a14da3a9c77,5740246,PD
74205,92c0dfc2-5004-4af2-aad3-f697f90a3ea4,5391261,CONTROL
106163,059bf050-cc9c-4671-8f33-bc222aac6406,5747525,CONTROL
88395,e2e80162-36f4-42dc-85a7-efaa520eaf8f,5943584,PD
89881,1ebe644c-4f89-4bc8-a39e-e6582d7a7fa8,5965767,CONTROL
107385,adf866b9-cde0-4d64-a7c2-674f3857d311,5779590,PD
135583,50c7e8a2-64e1-47d4-b767-220fb963eb27,5582552,CONTROL
72283,f7ee6695-0298-4a73-b3b9-4a3ecec86aac,5403504,CONTROL
122697,3d859196-243f-45de-b3b1-a0379b49d958,5767283,PD
74117,f7a8a863-f81c-424e-92aa-41a6b58656b1,5392858,CONTROL
89788,2b5ce037-4c7b-465e-a583-329b650735d1,5950705,CONTROL
99303,84cdec84-5148-47d3-822d-b829ef24d11f,6054556,PD
98293,42f0005a-eeca-4d2f-ab23-abbcbe527835,6046662,PD
92587,b9ccd441-08fe-4e0c-9d84-cf8e5728d6d5,5985311,PD
102074,bd50f579-c27b-4ce3-be19-5e74e1b4752e,5529868,CONTROL
81857,26a8f8e8-b0b4-4251-82ff-94ee9a5961e5,5719778,PD
119213,f91ad75b-4362-4e52-9f60-66edc4504114,5674731,PD
115491,1b0a049f-42bf-487b-a5f3-9fc614b1158f,5446816,PD
106448,913b66f5-0666-4ccc-bf95-c9f6e0d60066,5764082,PD
114182,e5d167d6-6b75-4e91-b066-9fb0ad664c4b,5953081,PD
72498,67aa1b0c-2402-4391-b0ca-f0fd92a13bd1,5406216,CONTROL
134591,73f461ca-4d6a-48bd-911e-7cea99eafaa6,5516744,PD
82472,4b52f3cc-09b7-4ad1-98c4-7a8eb1e9ec74,5797731,PD
108069,0309d5a8-79cd-460a-9a87-6902460ab71d,5806734,PD
74165,dd606a4d-515e-4979-a1d9-8fc05b932a34,5403150,CONTROL
82943,6faa1fbb-12ea-4983-a854-9c5a269b81bb,6074716,CONTROL
107429,53cab9a2-a0c3-4188-90d3-97736d73e471,5793223,CONTROL
75733,768afa0d-ac05-43ba-be97-6d7adb5a0864,5522892,CONTROL
73200,c6692bf0-22d7-47dd-aa20-97ab2bf51573,5394698,CONTROL
77180,6cea54cc-a0ad-420c-8446-eb1828789663,5428217,CONTROL
125731,41115fa3-a5a7-479e-9c81-662ebf852c1e,5780902,PD
74317,24786c82-b64b-49cc-861d-bd5b49d83fa1,5388983,CONTROL
106505,22a5aeef-47d9-41e0-a90a-45d807bbc02d,5757115,PD
108243,d41844ca-2d15-45e9-a161-c6bf17ed0d27,5802350,PD
72488,352fd8df-1d2c-4c6e-92a2-f695793126f8,5390361,CONTROL
73476,aaec8c0f-4ef7-4f52-98e1-c9cde58ab5e5,5388832,PD
91226,adbc93a3-8214-4649-aa6c-15a34bb51509,5980331,PD
77504,81b8385e-62c3-47d5-b3b3-5d863652e6c2,5558549,CONTROL
77866,77b7c422-bd8d-4e8d-89e6-27fd515e246e,5617825,PD
86156,e656c2f0-b880-4409-953c-bba44052944f,5897367,CONTROL
135293,d96eb0d4-4dbe-4f2b-a977-55cca40e4035,5563505,PD
87709,a186994a-7780-4257-8c3b-549176e6c7c1,5927036,CONTROL
91453,ceb0688b-e821-4ea3-a4c4-bbaa16a5712e,5978170,PD
103605,523283b6-acc9-4375-ab7a-d7240cd690c3,5635803,PD
82347,e186c567-aade-4e76-b17e-5f6d580886bc,5782229,CONTROL
95711,0c6aeb72-84e0-4a82-8848-a5d27e50730f,6024203,CONTROL
96230,9f1cbba8-5665-42df-a05c-d866cb3cfe46,6029443,PD
98431,03041167-d8fe-4c6b-a4ab-9e8b5fad96c7,6050594,PD
128506,063722b7-4835-4b1c-95e5-e0ab61c21b7c,5874423,CONTROL
77078,a57dcd0f-0dc6-4e71-808b-26dffe02acb9,5423241,PD
73101,12f76b2f-d925-4981-bbb1-58a55474b817,5403145,PD
78724,560b7d59-2678-4b0b-bd6a-d435c09edf2a,5631079,PD
136955,43319463-a0f0-478c-93a6-98c20d1bc770,6088152,PD
86534,969107e8-72ca-4566-9c28-a2bd14389f9c,5908408,PD
96560,b2a0f94f-9d00-43a6-8c5a-e46f3666a38c,6030243,PD
94887,b5fbf552-bc4c-4e89-81c4-3227eb088e58,6010110,CONTROL
83696,d3dc7b34-4f48-4b06-bce5-78948cdeec4f,5825279,PD
115426,e81d303a-9c3a-41d9-8fd5-4cd913d66f1a,5463804,CONTROL
80109,d7901f49-8c9d-4c3f-a4f7-1b3848dd4c2d,5729206,CONTROL
85105,a9c2e65b-de14-470e-bccf-3a542b219444,5880335,CONTROL
86158,fc8012ce-578c-4051-ab89-d4adab95de50,5892206,CONTROL
78676,7a52a4fc-ae1d-491e-b845-b2e2d32b6dc8,5716257,CONTROL
87075,27ff0841-8217-4371-9fff-0dbd5b2e1753,5913535,PD
111780,913b66f5-0666-4ccc-bf95-c9f6e0d60066,5901717,PD
107069,8a379b11-55dc-41bf-87b3-af8331f62587,5773004,PD
105900,56115575-5dba-435c-9f6f-ec9750e1fcc2,5743235,PD
107883,06e05e26-9d10-4fee-9d2b-a6993371849e,5790523,CONTROL
98699,9feb2176-5d59-49c7-a895-c14c8e0be17e,6056416,PD
92499,4254ec6b-3a08-4baa-a909-e7737189bb06,5984758,PD
134482,a7cfcf74-2789-4401-bc1f-68cea3d00065,5512012,PD
134761,2f9c4950-2a3a-49e4-b343-ab6277119ea9,5531766,PD
75611,78b16399-47b9-435b-bfa8-d460094161a4,5414900,PD
116137,beb80def-8dab-4210-9513-61094cf83019,5510083,PD
72170,d006726f-099c-4551-917e-7ce3c6badef2,5403088,CONTROL
73432,29bb0af3-9187-4ec8-a86b-15325dff5cda,5401882,CONTROL
102590,4b29f163-61b9-4fce-87be-79688e54b37d,5577361,CONTROL
75429,b9150e23-66e4-41b9-bf8b-1600e33777c2,5427613,CONTROL
80618,75fe11fa-a2ac-4715-9a17-00a9d0409f88,5757659,CONTROL
127240,2bdc9c09-e05d-45ee-b13b-c561cdc6bba2,5831099,CONTROL
73081,822a0c4e-928d-42de-8430-6e2dabcd759e,5403186,CONTROL
75344,ce20aa57-4257-4e82-85df-2204573f2ba2,5425146,PD
82122,5713e5a5-6e8c-4ba2-87fb-0897d09afa1e,5792404,CONTROL
73488,5cc58bfc-50a1-4f47-9e9c-b2b58ab9205f,5391144,CONTROL
125957,b5efca70-5e19-49d7-8806-43f5575135fd,6096231,PD
83161,bc53f23e-bf00-402d-93ed-3030cc15b582,5774023,PD
75433,edfab0c7-6bd1-424e-b459-6417c5a726fe,5416338,PD
133176,631566d6-f082-4d57-ac91-c895ff4d6de0,5430454,PD
87372,dc22f6d0-4f10-41f5-8ffb-7bd9725805e2,5903230,PD
92380,1a72f332-6dca-4465-bad3-dddb7e42fc1b,5986268,PD
76932,6eccd8fb-2577-4dbc-90aa-185508628a9e,5528975,PD
80208,12f76b2f-d925-4981-bbb1-58a55474b817,5731792,PD
130717,4d394840-210d-42c7-b8d3-cef242f1ee4c,5533290,PD
95559,5423d73f-88f1-4706-ad5e-76c0559cb0b8,6023978,PD
76261,638ff105-37d6-4b09-b46c-4c8083701ebb,5416599,CONTROL
78009,9508a4ae-0dc7-4997-a656-80224686dfef,5663345,CONTROL
75832,d5b2e18c-5369-48b1-9e24-89ce623a36e9,5544193,CONTROL
89131,037ef092-4191-422d-822a-b3ca5084da8a,5957430,CONTROL
102139,34e2480b-3454-458b-86b0-47e176741b60,5543255,CONTROL
110431,55bcb727-1f1e-4359-8b48-91a972758042,5877034,PD
89297,91fff742-8817-4a04-b37c-46a96162cfca,5961041,PD
114867,fbf09241-5c47-467b-8a60-4e7913acb100,5486604,PD
116912,cbc65362-9f6a-40a7-8b7f-96f8a9e7c44d,5559947,PD
80173,e34fb41b-0775-49ff-b378-cf12780012ba,5743220,CONTROL
99795,93f833d4-8df5-4c28-9308-f407abeffd07,6060109,PD
77579,61a3fb67-6505-4416-a797-ee47c65ed4fc,5418967,CONTROL
87203,5406ea75-329b-42e0-95f1-1b23c40b2a3b,5908600,PD
104019,6899ba07-f868-49db-9651-3504b6d754d6,5678015,PD
89466,4ec3bd20-1bfa-4768-a87e-46300347eeb5,5951500,CONTROL
78866,cd20e2bc-b2a0-4cab-9b49-cff24d38a652,5656899,CONTROL
79720,56f50323-3032-4c7e-94f8-39d3b037a455,5674711,CONTROL
103683,b48563b2-8d65-4e4f-8eea-31f6bf659cc8,5639418,CONTROL
78525,eb4b9327-8557-4fa6-9248-df8382ef0222,5663830,CONTROL
85067,c1ea7a41-76ba-4c00-8f0d-dbfdf51ccf5c,5889069,CONTROL
79487,1a2fd9e0-5e4e-4e4b-97aa-6718196bf510,5658036,PD
85708,6c1344a5-ade0-4e83-bb16-431f0b5490e2,5872113,CONTROL
78929,373f7ffa-84e4-4e9f-b75a-3d8409af6f76,5617666,PD
73729,5480139f-c7fc-49bd-97d7-c6dd8e14579b,5398846,CONTROL
92543,29ae201b-896f-42ad-b4e9-c146aafb33f6,5982799,PD
81847,0d3ecc36-fd07-466c-8c91-47631232a8cb,5737800,CONTROL
97411,3c39f3d6-fd3f-469d-8594-9e30ec0b658b,6039448,PD
73007,545ded28-df60-4357-a686-839417b04e0e,5399166,CONTROL
108113,3d859196-243f-45de-b3b1-a0379b49d958,5809647,PD
81507,c8a8bc7a-2fed-421c-afad-6db812a19242,5704858,PD
94796,4b52f3cc-09b7-4ad1-98c4-7a8eb1e9ec74,6014394,PD
75823,89932542-255a-4ed8-b500-00cb66e29721,5510981,CONTROL
86823,2a56117b-1b94-4ea1-ade7-e21533af0c4f,5904757,PD
109197,e8b3b9a4-a48e-4212-aad8-0ee8d9a4f911,5836048,PD
109238,284ec98c-a194-4265-8525-75e4297deaea,5836811,PD
80354,07a38e59-d3b0-458e-8dc6-1c7246ab92cf,5761612,CONTROL
107670,55865cb3-bc01-49f5-8538-916001e5b2b9,5785370,PD
117111,4b29f163-61b9-4fce-87be-79688e54b37d,5557090,CONTROL
89724,75b63b7c-7752-4097-89ae-f9e339b26835,5957489,PD
124836,aeeaae60-735d-4c85-8d35-bbb14653c2f7,5473518,CONTROL
107384,adf866b9-cde0-4d64-a7c2-674f3857d311,5769764,PD
89379,2f1bb813-e160-447f-a994-59466b9fb7dc,5962426,CONTROL
118238,cbc65362-9f6a-40a7-8b7f-96f8a9e7c44d,5627012,PD
83267,9e1ad445-265f-4471-928a-c72399ae7223,5775166,CONTROL
90809,23d0badb-95c2-4ec0-b85b-15c2929421a6,5967736,PD
74179,9d5ba2ec-54e7-4567-9fb3-cd11f1b8babb,5393375,CONTROL
75571,ffffd90f-156f-4bcc-afe3-75e0531ed713,5542691,CONTROL
134569,727a15b3-5e85-4107-8269-d9be8ab7fe89,5520784,PD
104209,43294479-32e0-4589-92ee-269b36a70e46,5664328,PD
80655,dd1a6829-c4d8-4c71-83fd-03161411fadf,5697684,CONTROL
127903,e29db95f-adc5-49cd-8eeb-09054470c221,5856584,PD
83174,11d2db10-7ee9-43e9-8d44-b49f45937cb7,5802026,PD
108869,3495ed87-6850-4b7b-b626-63fe7eea0e28,5819493,PD
123060,90cf058d-780b-4e6d-8bc6-c7e34495f1b4,5584334,CONTROL
74667,8510c185-ad5b-41dd-aabd-6981995140b0,5401670,CONTROL
115733,ae03b396-5f75-4b2b-8f7f-aafb1649c9b6,5487174,CONTROL
100118,1e5a92b9-37fa-4351-b5c5-28964fb42f7c,5422774,PD
119307,ea66cb62-1e80-4a09-a98d-e589925c957c,5643264,PD
72703,6a6f3883-bc91-478d-bf98-c6fde114a5e1,5391639,CONTROL
102199,c43e7446-7672-49cf-a56a-032bf185897c,5527343,CONTROL
118145,ea4e9d07-246e-402b-9c13-dfdae3fb3736,5618842,CONTROL
90015,161ed364-2891-4ace-83f4-d7da815205ed,5968997,PD
118375,efcf9116-6643-465b-8168-cbbb51fae35d,5631533,PD
119742,b63dd39c-d5d2-4525-9be3-9dc454793bae,5618629,CONTROL
128359,290831b8-dbbf-45ae-90ba-798851ddd276,5868727,PD
118133,1669e5f3-5c36-4d4f-b219-02435cc4b359,5609227,PD
75413,25bb658a-bf9d-4a47-9cc0-0d013d70e279,5455395,CONTROL
84936,e18302ce-7269-4e86-bfdf-5c0e8de968d1,5846093,CONTROL
77382,19ab3fcb-0cc1-4116-aa2d-75df4a89669c,5452111,CONTROL
105396,bcdbfaea-0fe8-4598-a4fd-b389d87df72e,5714504,CONTROL
73577,d475c378-e7bb-4271-9681-8c078224dab7,5407300,CONTROL
133132,c2de5c4c-9de5-4978-8f9f-9c783ea06ae2,5427370,PD
119457,8ca0d801-30e2-4839-9130-d61f0b658db3,5674973,CONTROL
75760,36deedb0-a6dc-486f-8ab4-a83049b3d91b,5489378,CONTROL
84816,29c8abac-d7e7-468a-852b-1199c4b8117d,5861778,PD
76679,935773e2-04ab-42ea-9163-ce49268fec4d,5457140,PD
73772,677ae08f-1468-471a-b37b-17b5a8f960b9,5406546,PD
81376,57ca502b-b9d4-483c-a60f-e3b16f5e15c7,5753255,CONTROL
105332,bab29b7e-9b17-420c-b17b-f9f957eaf374,5714913,PD
121439,9a201650-4a5b-4637-ab5c-828d8f3823c5,5768679,PD
85316,767b7051-eb6c-4282-8814-469737fd45c7,5884183,CONTROL
124517,ddfe845c-d260-4563-861c-5de5f5fdf6db,5434244,CONTROL
80247,ba57aa62-a034-4ffb-ab2b-2d2c3173ff08,5761886,CONTROL
77984,8745e5f5-648b-4d46-bc7d-045fa6e2d628,5681704,PD
94297,84882217-875b-41bc-a936-2f6a9c4dacdc,6003137,PD
97668,62f144e0-1c71-4e9b-9962-35d761820e0f,6042686,CONTROL
117027,9b3adfa3-30cc-4ef2-9ad6-fbc964f19982,5566746,PD
121018,bd2eb667-0abc-4efb-b706-a7aaa67e6148,5752854,CONTROL
135129,8eff683a-5bfe-4c5c-b686-07dbb7c36326,5551268,PD
85306,ff87c0f8-227e-4f76-be46-c65e23653deb,5899682,CONTROL
94821,dc22f6d0-4f10-41f5-8ffb-7bd9725805e2,6011037,PD
92862,ce940f44-858b-4b52-a83f-58703732874b,5995130,PD
83460,0d5056c7-8cca-400a-9aa4-c6047d3b7424,5798395,CONTROL
81007,33e0b559-3dd2-45eb-820c-cf8a0a0ed997,5728428,CONTROL
97827,f4e2737f-3cde-4c47-9394-69de89fadc84,6039328,CONTROL
93960,ec3eee5a-27bb-493e-a282-8e81570076f5,5999788,PD
92482,0bb0b3e8-9839-40a9-93d0-460dea0ceb76,5989159,CONTROL
88648,43294479-32e0-4589-92ee-269b36a70e46,5933254,PD
79019,8a4780f3-efdb-42cc-8f8f-63cf3a92e5b4,5667060,CONTROL
77968,d0649085-219c-4bc0-a242-4a4b243730cf,5711353,CONTROL
78082,a152bded-d614-4dee-9524-8104fc9ae3b3,5687333,CONTROL
136437,6e19dc65-c5a0-4fac-9465-ce75e004696f,6078118,PD
83013,1ec04128-f06a-483e-bd25-9f77d223556f,5790628,CONTROL
101266,291b2c16-eb62-46e0-a99b-6fc3bc31cd38,5502668,PD
116949,6c03b508-d521-46ea-8e69-4143e8dbfdfd,5546475,PD
81194,adc91728-e589-43e9-a951-6487a5e5c991,5722552,CONTROL
122268,528fa5e5-8713-49c0-b496-ace23fcae330,5591429,CONTROL
91313,26b15140-2acf-4180-8283-f3acef5501b6,5975461,PD
87352,2ab096cf-2941-406d-88cb-788b073c26ca,5902718,PD
88476,49352ce6-8194-4476-aff7-ca68c61108bc,5934446,CONTROL
81406,2505ac56-6737-48b2-8372-f1103ea2e33d,5755351,CONTROL
80041,7533e420-2c4c-4362-a7e1-bc77c46b200e,5756241,CONTROL
122194,fe13293e-2105-40ba-9d3c-e0f7853a9608,5524010,CONTROL
101720,7c7d7ac4-e94e-4310-8339-286a1963e8dd,5501557,PD
93799,b43efb21-d489-4a36-a1e0-38b94f15d14a,6001651,CONTROL
105928,2caecbdd-63b0-46ec-9ace-2eb76edce5fc,5745260,CONTROL
97116,c4fa3b2c-1fd0-4ccb-92af-3309ca9fb99d,6032434,CONTROL
127245,20547937-2032-4395-9719-82bb453f2d1e,5828574,CONTROL
90041,555dd97b-882b-4b02-9037-5b85dd6ef855,5968993,PD
74440,6d6658e0-1498-44ed-aa40-d3d7cedcd5db,5389759,CONTROL
75431,1015eb1d-793f-44b2-97d4-298c308773e5,5436899,CONTROL
92559,beabd209-b20e-4b97-9aae-f809d6ebcd84,5985143,CONTROL
82153,7ee8a6dd-c9b4-40c5-94dd-a30dc3e5475b,5777016,CONTROL
91156,8d092fe3-871d-4651-abb9-06bfcbaf27b8,5980746,PD
134553,73f461ca-4d6a-48bd-911e-7cea99eafaa6,5509299,PD
93503,e09690c1-069c-4403-a74c-91c815ae6fe3,6006089,PD
74126,51dc6425-47c4-452c-af82-85a3ea10af95,5388660,CONTROL
77461,b7953c1f-832c-449d-85d0-ab51031a413c,5570344,CONTROL
92251,c1caeee0-2ec4-4ff7-aee4-2acf69b75054,5986670,PD
73907,b5f2a60a-9de4-461f-abf0-1b6e3beb767c,5406130,CONTROL
109434,5216c72c-33d5-4e01-b050-791cac56d61d,5829508,PD
116757,cd8fce05-0edb-4ee4-9560-88b88276ae87,5546588,PD
73962,40b363e9-7e64-487b-8b22-4eab2dea2d99,5404592,CONTROL
76833,0d161a1a-71c0-4c49-90dc-5045ea3a4278,5528199,CONTROL
96171,fb58df40-face-4aef-98eb-ca727dab3464,6028014,PD
114531,434e495f-b997-479b-bfe8-637d1c99eb97,5419075,PD
78291,3e3dab8f-87e1-42c8-a091-9202fb089a03,5644415,PD
101978,9e893839-35ce-4e3a-a2a0-11237058be54,5701577,CONTROL
101965,8248a477-6598-497d-80aa-4202d23fef38,5549818,PD
129413,23c1a565-1761-4fe4-90a6-dcc9b9a4ee47,5446879,PD
73645,4f05f44f-0d47-476c-88a7-70f3fb5c6b83,5389357,PD
117650,341a3fde-86c0-464e-a442-d9fb294a53fc,5597649,PD
86683,f94aa52d-198a-471f-9d5a-a8d890cf92e0,5914490,PD
95896,16ec2548-7800-4292-9c8d-d295e3f3ebdb,6017113,CONTROL
92768,e620a5fc-bd2e-4ce2-bf52-08303b8a1e88,5992495,CONTROL
72822,455076ca-68f4-492f-9565-a1b5cc1bc5a7,5397966,CONTROL
91734,8b5ffc9b-466f-486f-8235-afb5e4e08128,5980179,CONTROL
81784,ea9b0bd7-5c6f-4f6d-898c-c7f8e9e2949c,5717266,CONTROL
95176,d6cb359a-3839-4879-99d7-6afe07926276,6009595,PD
109586,b5d300e5-4397-4f24-ab97-6ae76a3c956b,5851362,PD
118880,7b75a41d-6ff3-48a5-b540-264d45d2533c,5657263,PD
74368,a2a96b23-48bc-4604-a84a-0cee1b520fa9,5406777,CONTROL
88834,cea9168b-0db2-4921-bb1c-ef2d00006445,5956271,CONTROL
80023,fd1016e9-b57b-4545-992c-f2cb9d747ebf,5735112,CONTROL
116981,9884c3bf-86bb-4370-acbf-19db34cf297c,5565350,PD
73695,5baa156b-8dfb-4375-af6e-f266e8b322f0,5406871,CONTROL
76439,889cb67d-89c3-4ed2-a1ef-d7c4402dee20,5530188,CONTROL
93401,e8db5be7-11eb-4ae5-a072-bf8329fc493c,5998133,CONTROL
77346,940ec3e8-95d5-413e-a6ce-b2dea05ea042,5546086,CONTROL
72404,2c73ce31-ea5d-470e-9cad-6db53fdae3fb,5405620,CONTROL
80157,60ff7531-921e-4aa5-919d-f456710c13af,5740182,CONTROL
128168,f12b7656-a567-4d25-9e62-faf448ab4d39,5864486,PD
111246,d30caa3b-06d9-4d36-8412-f99124083b60,5897292,PD
73970,dc264cd7-a72c-4f37-99bc-345a9fb61a04,5400423,PD
91236,16e88ad7-d8ea-4bb4-ad8e-f3dcb9a258bd,5977240,PD
95844,8355ff33-b52f-4667-a2f9-09737395e37d,6017041,PD
73721,bf7c1a27-5b4a-44d1-94fc-7e842cf3493c,5394552,CONTROL
102317,f8cc1925-9a7f-40d2-bd56-2511350c3315,5556579,CONTROL
84136,82f51b2f-d99e-4ba2-83dd-b123fd205b97,5848251,CONTROL
72953,1bc4e225-7dd2-439a-8546-e66ebd98a4f0,5405873,CONTROL
73465,3f2fdc1c-932c-4510-8636-e4ef81a1476c,5394134,CONTROL
81542,c912e848-1412-49d3-8cae-5b0eafee09ff,5750628,CONTROL
94021,9ecdaf33-523f-42e8-8e41-e2231f1c1d69,6005387,CONTROL
73126,515cff21-af84-4e0b-98b4-c7db531c713a,5399315,CONTROL
78255,68582509-2528-4401-ae80-fdddd00a8558,5624234,PD
79685,522bf337-3970-4b7c-b68a-f0fd3e997881,5632001,CONTROL
74432,e492c66c-b2ec-4a5c-8d0e-9468df117667,5393020,PD
124555,5f2b561d-ef7f-452d-8f62-4c4c37fc8458,5444995,PD
78348,20698a9d-564e-4848-9ee7-c079c916f036,5617131,CONTROL
99199,48507a7c-dff7-4db0-9558-a27b30e11aa9,6055785,PD
91095,955e43d6-edbe-442f-a6b2-305f92eb76f0,5975263,CONTROL
122506,a9c9dd7a-dd2d-47c5-9641-4d33e7ca59f0,5746405,CONTROL
109024,6390367f-0035-4cf2-b22f-2ffb74b475d2,5833504,PD
94634,1663b399-8412-42fd-9c61-77d52563db3a,6016349,CONTROL
78569,fa03cf5f-c793-4e4c-b87f-6a7b0c9c30ab,5657636,PD
75476,c8e74e3d-9e98-474d-9916-49adb9ad9033,5508461,PD
106787,17556b18-e4f4-4c76-a832-f5d22577eb77,5760896,CONTROL
114203,84cdec84-5148-47d3-822d-b829ef24d11f,5953562,PD
115147,ed4fa5e4-0293-4f2b-be92-00d2ecd09adc,5443760,CONTROL
77564,ac1d66d8-2fcc-4c1c-9c4b-c0ad05c50dee,5495832,PD
74790,d660a83c-6ffb-41df-8d37-46daefc14d27,5545094,CONTROL
113981,341cd0ba-cf94-4c8b-9f59-d7ddf0272b02,5941615,PD
109761,1a033954-954f-4459-b3a4-33ff26192e05,5852525,PD
80734,a21ceab1-96bd-401e-ba2f-a29c73017af6,5729939,CONTROL
84520,f7e546d8-9831-4cc1-b3ac-176de8da6698,5851097,PD
72801,c499a6b7-a5b4-4c92-ad5c-905ca29a14d8,5395224,PD
133456,8a67d54a-74e9-4a06-90bd-ad052ffd27b2,5447223,PD
95172,566845ef-2119-4ee5-b465-c29f5de91b6a,6012061,CONTROL
132913,955f5ac1-c81e-4b88-ac23-b53585f52513,5417647,CONTROL
104594,6899ba07-f868-49db-9651-3504b6d754d6,5693251,PD
89038,2b8f0f06-b5e2-4da4-978b-0f17f6b246fd,5952888,PD
73706,ffbe19a9-6033-47f6-b33a-9e045323b960,5410896,CONTROL
90475,26a60994-986a-42f4-9cfa-80337cafcc82,5964177,CONTROL
97013,417e3de3-37c0-4696-aa7a-72464d3b7b7b,6035424,CONTROL
103128,9890f772-3284-4aee-8528-ea3ce982d3ac,5602250,CONTROL
76276,8bfd5491-d025-4c98-9adf-b22d8a0e513b,5548819,CONTROL
77712,2777e527-959d-427f-aa5c-0b8910d4fbf7,5633746,CONTROL
112427,65981245-0d78-486c-8466-d705c022920f,5914907,PD
87807,61ebd486-3ce1-48f4-a31b-2993d7793832,5941861,PD
72570,a3a8ca5c-b996-4545-9569-2123ac8ee69b,5402522,CONTROL
114645,341a3fde-86c0-464e-a442-d9fb294a53fc,5424218,PD
86985,0f2e8a92-41a4-4ade-a575-5c65b84ca271,5922331,PD
75155,61ebd486-3ce1-48f4-a31b-2993d7793832,5528094,PD
98863,d0072c83-8e2c-4131-9cc8-a38d0af0b7f3,6056573,PD
75573,ffffd90f-156f-4bcc-afe3-75e0531ed713,5570752,CONTROL
96909,863ddb69-fb81-4e17-8273-845c5aaa2fb6,6034716,PD
127957,e31788d0-7834-477a-a718-fef116c04816,5856695,CONTROL
92557,beabd209-b20e-4b97-9aae-f809d6ebcd84,5984790,CONTROL
73001,f3717639-aa99-462e-8514-6312d1e98e41,5397425,CONTROL
135905,02b72b06-b4c8-4719-9b5d-7236e3260c4d,5604992,PD
80201,030fe814-de84-4fb5-8df6-84dd6e7cc7dc,5706003,PD
121633,841b5b7b-d7f0-4489-b371-1edb59fbbfc8,5611146,PD
88257,4b8a975b-9520-479c-9306-d3e274443ce1,5506873,CONTROL
105939,937682c3-93f8-4c5f-bf6d-2563389b9145,5743560,PD
72137,639e8a78-3631-4231-bda1-c911c1b169e5,5404521,CONTROL
97813,dc22f6d0-4f10-41f5-8ffb-7bd9725805e2,6043045,PD
136855,702bc6dd-423f-4416-ae41-deded2e81ed7,6087190,PD
107071,8a379b11-55dc-41bf-87b3-af8331f62587,5773830,PD
85675,298d2abe-bf52-4a06-aa17-b50ee92342c5,5892202,CONTROL
89566,b7a6260d-7c35-486b-b7e0-e54dfce2451f,5961534,CONTROL
123742,90550db0-af30-495f-8d7c-5749577cdae2,5773861,PD
92562,9a345754-32b3-4199-a485-219fa32bc123,5983494,CONTROL
111305,c17abeb7-bfdb-4ddd-859e-2d336f96c7ca,5890789,PD
73371,79645759-d4a8-4306-afef-aca267594ccf,5407430,CONTROL
80335,40e44939-7565-4624-99b7-702e444c6dab,5719440,CONTROL
81719,36045408-39fc-455f-a5b5-c55d3457e30c,5711796,CONTROL
112038,36ad38f2-eeb7-4913-9f4d-adb20e53bede,5906683,PD
120419,9ce638c5-90bc-40fe-aa00-6f13e0bdefa2,5589776,PD
79619,af074a2d-5487-4b1e-9b91-8c733f2ce4bf,5643552,CONTROL
82928,983c352c-9908-4f0f-8063-ee19e3795e4b,5811370,CONTROL
73457,39b1e116-b563-468f-8a2b-5c1406a45def,5410117,CONTROL
97688,8ce923e3-a1c5-4f1e-be17-69b2cd9f0e50,6038319,PD
78928,2e4db7fe-7583-41af-923b-a350815ff06a,5687152,CONTROL
84804,88e34406-7ca2-4490-8b54-b975850eedfc,5837659,PD
121308,1326e345-8eef-4164-8fae-ac84354566c3,5765546,CONTROL
75072,2fcecf88-8fed-4aa9-9548-d618377b8a2e,5488754,PD
92608,e5ffff86-8e9f-4961-9b2c-741803e9d56e,5997771,PD
111750,1101193b-5a33-4a57-ab0e-73ca5d5e8e0c,5903599,CONTROL
79278,f6001990-d65a-4ed7-82db-2aac956b9426,5635187,CONTROL
81305,1ae51f0f-8e90-4c83-8eeb-43cb3acf4828,5701116,PD
77273,d81b0d21-aafe-4bc6-a6ac-d108c1206d5f,5505978,CONTROL
95934,300e5d1f-5a38-4e78-8f42-1d580b74569a,6024558,PD
85616,2052bcad-3c94-4d01-a9c3-50713c5b19c1,5876798,CONTROL
74273,bec4069b-30ef-44b8-a38d-5f46481234ba,5406233,CONTROL
93023,b4a25411-d2e3-42b0-920f-a543f3bb0227,5992216,PD
104087,6d3921e1-458a-4b97-98c9-bfdd9e78d011,5673834,PD
73623,70b6c9fc-d041-4670-9cdd-649f1e11e7b5,5409004,CONTROL
99644,917259c8-a3a5-41dd-bb64-f3b0579095ad,6059914,CONTROL
83605,4f055a5f-e130-4da8-b1d6-0a3d2879dd99,5864862,PD
80426,e95cc9c2-6576-49ae-bb3d-9215b149ccfe,5741636,PD
75277,66afb755-c9d5-4cd7-84a5-e53b3b3544e3,5454762,CONTROL
72614,791b2910-be96-4df5-b9a0-4e1f84be63e5,5391936,CONTROL
83241,a372f997-e062-44a0-9cc6-ee5dd98d5729,5783915,CONTROL
77095,7ee7d982-5d21-49d3-bae4-5e9c48240c95,5422731,CONTROL
130693,0d1d5798-ef1e-496a-8980-fe3531eb6c3a,5528755,PD
135722,e2f53a6e-aa4c-481b-b4e3-c06468aea61b,5587673,PD
77548,916b304f-2392-4134-9f2d-0bad3fde3173,5471967,PD
125594,8b694c8e-3ce1-4e55-89ae-d034e1602bdf,5782852,PD
110281,284ec98c-a194-4265-8525-75e4297deaea,5874120,PD
77070,3a0e7c0c-b6f6-4bd7-a578-ee39dd1d6140,5483630,CONTROL
88522,b19c061f-3772-4799-bdd1-1c0327b68765,5946555,CONTROL
108925,0160664a-f4af-4071-a4aa-2967f3ea0503,5824474,PD
75240,a156a42c-dfcc-47b4-ba58-49e749fb9068,5542554,CONTROL
102172,15cd9496-900a-44bb-948b-12a24b101615,5544918,PD
113260,1d342238-c509-451d-ba8a-381b3e10f8ef,5931116,PD
105500,61e223ac-4657-48b8-89b0-d37df5c85d39,5732218,PD
73088,d742066d-edd1-443b-9e04-3db0b39d70d4,5408539,CONTROL
121265,3f57d04a-be4c-4226-98cd-3784f6335455,5754042,CONTROL
84372,b6137c8c-c41f-4c54-b9d4-47cf02947e44,5859133,CONTROL
87368,bfc8744c-539e-473c-9f8d-b1d8948f4f51,5905300,CONTROL
111188,1219e6fb-c399-4b86-8956-bae6e65022fc,5891821,CONTROL
80076,811ed795-7ff7-4ce2-bdbd-82b0cd253612,5705961,CONTROL
89399,93905fd2-2314-4913-aaf9-a27e0d65efa7,5950594,PD
104544,711200dc-c6d6-42bf-804a-a96667b6e46b,5694020,PD
117094,a1913b93-ccbb-42d0-8386-1b11ce13980b,5559411,PD
101916,0f8cabab-5efe-4336-bb75-35b51b871056,5547223,PD
115745,63a30995-5a9c-44fe-b54d-4dbb09585871,5484920,CONTROL
93912,bedb1d7c-f3a7-4901-a9e4-4db1b26387c5,6000435,PD
114845,fbf09241-5c47-467b-8a60-4e7913acb100,5465142,PD
76977,e2690825-ef1b-4406-b883-17e811453324,5501336,CONTROL
80782,b0471e78-c92d-42a3-8d6d-29b5694f9807,5734300,CONTROL
102843,b77e7480-a319-40b3-91ce-38ab7c1cd152,5584372,PD
104532,bf2f05a4-3757-4b58-b8b5-9098385597f0,5684293,PD
85355,b2b801a2-9297-4f9a-8bce-9b8a5ec3dc5e,5871219,CONTROL
89852,3a5d1f45-6fc8-4fb2-bde9-5a593c08015d,5959409,CONTROL
73468,36030601-e1e9-442e-8d2f-f77637fa0599,5406880,CONTROL
76929,6eccd8fb-2577-4dbc-90aa-185508628a9e,5494917,PD
79216,641fdb53-87bb-499a-9528-89de054f7b10,5595208,CONTROL
84809,f94b5ae6-e90c-4df2-902e-6b5a3aaf5e4c,5862702,CONTROL
72400,6afbd06d-5d9e-4b61-9541-5ef84ded1993,5389535,CONTROL
114092,79ef2bb2-d464-4fff-97c8-eec045e2242f,5947284,PD
118059,6a6a768b-94ff-41c8-b42f-c2db47efa2e4,5609084,PD
91595,d2c4d943-05d9-4aa6-9126-6e98398e599c,5977920,CONTROL
96653,faa157d8-f37e-49aa-8d49-a431a67b2496,6025151,PD
80631,d7aae481-9377-4fce-85a1-5a876f543492,5705406,CONTROL
76039,621a9865-f339-4596-9b2c-6da1f5ba0ae6,5454724,CONTROL
98646,8ab14817-d7df-4452-af87-23795ee85434,6048079,PD
134676,e1aa6a15-9c99-42ae-8971-8c5a0367c58f,5516418,PD
73218,9d9dea04-566a-4adf-8b50-859371914d12,5407679,CONTROL
137130,2b20c5f5-3313-4fe2-a54c-a1e2f45ac019,6091360,CONTROL
128189,58ecd2e3-66be-4596-bc48-dfb2d009528a,5865076,PD
130795,b83013bc-d524-4db0-afd1-be3b6e30ff0a,5528371,PD
97582,986be64c-da1f-487e-98fc-f20437e530c6,6039451,PD
83771,d9776d33-4c1b-4264-b287-f9b2dad085f7,5823985,CONTROL
84455,8005bcc4-cc1c-4162-817d-1806b9494fe0,5846070,CONTROL
83588,f94aa52d-198a-471f-9d5a-a8d890cf92e0,5840696,PD
76395,10632ed3-5f75-4132-9810-33e6180628dc,5541113,PD
80832,d5dd686f-0386-41ef-8505-8711aff5f047,5757022,CONTROL
131360,31267c25-bffe-4f04-984a-acd95a3f4fe8,5566853,PD
119319,95158838-e8c4-4dcd-834c-6ebd319d5f11,5686909,PD
88471,3a73a8c6-1f60-4ebb-b2b0-5837e783b825,5940423,CONTROL
81356,06651da4-0fd7-48c1-be70-c19f39101d1f,5752345,PD
136961,0f377187-304a-411a-92e7-8ffad7816a1c,6088825,PD
85178,aac03e65-218f-4742-8a8e-049d22a47c8d,5873939,PD
114527,99618997-2294-413a-ab0f-646ba2f74900,5414420,CONTROL
97640,ee8b1690-4c96-4f09-9a7b-946911bdcf67,6039414,PD
73199,41d94f62-3ffc-4853-83c1-99f2a40e1add,5408432,CONTROL
102722,e9d63346-1c6a-40b9-9fd7-5ddc308b45e6,5561410,CONTROL
72730,e3c05449-c799-479c-9644-9c6d2024f4da,5409821,CONTROL
75337,ef66575a-9df3-4d53-adcf-76704494b987,5544581,CONTROL
82465,c499a6b7-a5b4-4c92-ad5c-905ca29a14d8,5805636,PD
98010,ec5dd8db-c41e-4879-8bfb-c26eacc64f42,6045094,PD
123989,7457113a-34bd-4324-935c-f66bd33f1e4b,5637773,PD
134837,1886a202-b9e9-4429-9c44-92d7c1654d66,5534199,PD
83988,4d860201-8f72-4263-8d98-d7baa6e1d225,5824094,CONTROL
94894,4fc88a58-1111-45b4-8ca1-c0981b86c5a0,6020244,CONTROL
93927,724fcf9a-bc00-440f-b2ba-0a9f6ea7a719,6003380,PD
76696,822a0c4e-928d-42de-8430-6e2dabcd759e,5557601,CONTROL
119416,8581aca4-37a2-4600-8526-4b5adfaa01fb,5722148,PD
82851,ab5d04c9-81a2-45ec-b8c2-0ab088eb4934,5791253,CONTROL
131744,b4bb8c67-33ac-4333-b1aa-6b79babc40fc,5553879,PD
85866,10254517-055e-4a85-b07d-aadcaee16eda,5869209,PD
77037,762a1495-714b-42c8-9218-69ab22a5806f,5547505,CONTROL
74430,1674dd81-f945-4857-8f0d-71f8f61127b1,5409397,PD
80955,05f8e7d9-0844-4143-b5fb-25a112b0db59,5714539,CONTROL
115299,ea23d6c9-b231-405a-b4ae-79e42a0c749e,5452696,PD
90004,3b20c871-e212-4781-a30c-a0b31923fda2,5969977,PD
120704,429f28e7-e79f-490a-9184-9632d95688fb,5770418,CONTROL
92571,49658444-918f-4d0e-afc7-139684fad4e0,5984323,CONTROL
81709,20e7103c-69c3-497d-a533-188e199d2286,5743840,CONTROL
85926,46d98f96-04fb-4361-a682-d81d643cc85e,5883642,CONTROL
106750,dfab57fb-3cf0-421e-8a21-b8aa3d76dfa4,5759951,CONTROL
80092,c2acd102-b38a-4b7a-a26c-936fe634ad8c,5696627,CONTROL
133551,e4793747-dfca-4690-bfac-0fca86f40837,5453631,PD
74934,87ba4cd6-ad74-464a-8406-acd5128a39b9,5436904,CONTROL
76845,e4307a27-1341-4bf2-b6ab-a3a1052396af,5424649,PD
77006,3b22db24-42d6-4118-9040-9ede1c99e32b,5433589,CONTROL
82825,9b25abbc-51e1-4a92-877b-ca8b223c82c7,5803907,CONTROL
124855,a348996c-2256-43b7-80b1-a2a9bd6fba5b,5475815,PD
123272,5a9bb253-09f7-41e8-84c2-1be92b5af02a,5547304,CONTROL
80427,8fed26f5-2b44-485e-a68c-c0fd670f9ad8,5761192,PD
73934,95e8a5d4-8ac2-4448-bac4-98f09a006e5d,5405469,CONTROL
86625,3ca6b81d-22d7-44e9-b4bd-4c833b4396ce,5917659,PD
91151,d87d03d2-51c6-448d-a74c-45d2f8022779,5980271,PD
76466,b35a03c0-445e-4ca9-a383-9c1ab22a845f,5518449,CONTROL
73944,cc3fecac-b4ca-414d-a195-5ebc4771560f,5394018,CONTROL
102782,325f3e23-408e-47bf-b8d1-6a9bcbfeec97,5564216,PD
78445,057f125d-ada6-4c87-8da2-02a05e8819de,5685016,CONTROL
75302,7905632a-2798-4790-b7cb-bef62ff84d32,5469303,CONTROL
111901,06c1e1a9-d0a6-4e8f-ba7c-138a89e23368,5906427,PD
86048,86a63efd-d8b8-4a73-91ed-904e1bf6e6de,5885450,CONTROL
74955,a48210ff-86cc-4615-8e97-955f446a6ff5,5472035,CONTROL
115477,78010fed-1684-4cd1-871d-3ae32d30c636,5448076,CONTROL
75750,b956f22c-b119-4215-98be-68a6a47321dc,5437874,CONTROL
86546,ce5cb455-f71f-4727-94d5-13f860bf4ce0,5922072,PD
86025,06f0004d-7853-4bef-9eb6-c55fa65ea701,5917772,CONTROL
86190,54904954-b56e-4bca-aecf-48ebb0337a69,5884126,CONTROL
95735,c410d743-555f-4c21-a1f9-884ddaa9e4ca,6024025,CONTROL
73092,a4d911f8-6494-4763-b9f3-361bc1c2acff,5390325,CONTROL
88644,631849a5-d039-4173-9bea-a44c4416e1d6,5926780,PD
123201,677d036f-97a4-412c-a18d-1f4bfa6bce53,5770049,PD
112599,ea66cb62-1e80-4a09-a98d-e589925c957c,5915155,PD
136001,a4c28d0d-ce3b-4fdb-abb0-f76302898702,6095316,PD
93185,98b7968c-68ef-4500-998d-878ad79eb1bf,5990909,CONTROL
86988,a18e3822-ae45-4788-a3e1-c8842e8f31eb,5918349,CONTROL
104377,84478b84-7648-489b-a5a0-61c04c838a22,5664829,CONTROL
97962,c9fe2198-6dd6-4f22-9b03-4be3f4343864,6040671,PD
92461,9bc3f736-99eb-42ec-aa08-08e5227103b4,5985076,CONTROL
93032,a0c8abc9-4c62-470d-96c1-14c436896b5d,5991863,PD
85678,298d2abe-bf52-4a06-aa17-b50ee92342c5,5885883,CONTROL
127182,9a41dd95-337d-4f23-8b3e-f0f0dd40fc4d,5828592,CONTROL
130984,3599ec25-58c9-4215-aac3-a1287f7a7601,5548909,PD
125135,751a69db-6a32-45fd-9267-e4d4235a7ceb,5678341,PD
133214,ecb26114-3f30-477d-b396-b2eaba02b694,5435957,PD
95249,b2a760b7-bd2d-4918-a7b7-6fa385423e11,6020624,PD
107705,bf2f05a4-3757-4b58-b8b5-9098385597f0,5790359,PD
103520,fc1b0a15-721b-4df2-bb32-d0f21a6a3937,5642288,PD
84450,e795d51e-c69c-4f58-ae13-f04196c7d030,5839558,CONTROL
80982,6af48ddd-2574-4b03-a268-3d97889899fe,5716829,CONTROL
73117,36b5ca3f-9e72-4fb3-9761-1d49d9c723f2,5401946,PD
131687,0d93ece9-ce08-4d7e-aedd-949c9cd97059,5586647,CONTROL
79099,07d38bb9-1c72-41e0-8891-20f9508f842f,5640334,CONTROL
122357,8eff683a-5bfe-4c5c-b686-07dbb7c36326,5487785,PD
86868,e2e80162-36f4-42dc-85a7-efaa520eaf8f,5921620,PD
84845,21ef12ce-dfca-4d29-930f-a90844d4b3cd,5855871,CONTROL
74125,77adb2fa-ee52-438e-953d-00878bdb9ae2,5396462,CONTROL
73097,c3d54e16-6258-4832-8a8b-22832c410a52,5403077,CONTROL
103231,98cebf27-8771-455b-a624-c2fafa48e249,5604467,PD
78068,36d2fd51-1b90-43fc-9076-19b1c5262b0f,5673862,PD
85226,45fd88a2-8ac2-4841-83c8-0e8278d134c0,5894355,CONTROL
83075,6134a5c5-2912-4cb0-87aa-10dee483b686,5780641,PD
87322,2ab096cf-2941-406d-88cb-788b073c26ca,5923051,PD
76506,54ce4e9c-5cd2-4989-a383-1cdcf513dbc8,5430155,CONTROL
80351,07a38e59-d3b0-458e-8dc6-1c7246ab92cf,5720057,CONTROL
120503,58ecd2e3-66be-4596-bc48-dfb2d009528a,5701344,PD
73248,8c2d909a-3d5b-444d-96bc-d6d3f1f346c4,5398507,CONTROL
77349,940ec3e8-95d5-413e-a6ce-b2dea05ea042,5561527,CONTROL
111377,97d23f31-a114-455b-87fd-fd8bc810f4da,5898463,PD
120095,b46f3c22-0824-48d6-84f5-bfef4b0f3a3c,5631174,PD
100586,2d08327e-f265-4507-8927-eac6fd315e6e,5475182,PD
108620,73d67610-d66b-4a4b-b606-d98a8ada5f03,5819440,PD
109199,8d96385c-ce21-457a-959e-9683445b2cdb,5830671,PD
118084,702bc6dd-423f-4416-ae41-deded2e81ed7,5618800,PD
75038,eba7ab61-4a14-4de3-b3cd-1833fdaa8d3b,5548747,CONTROL
88884,869322a1-06a8-46b0-b16c-a2347e495b76,5953051,CONTROL
79469,94cdeeb7-f73c-4970-87aa-979ac9eafa44,5655316,CONTROL
129802,d96eb0d4-4dbe-4f2b-a977-55cca40e4035,5464545,PD
88240,232cdb63-b154-4db1-9119-2eb2e10daa57,5937445,CONTROL
116444,eb0e8e58-7c7f-4f8d-8f24-4a62167b3d1f,5513674,CONTROL
134757,da3c3ff5-2ddd-41f7-ace9-4d231880c9cc,5528254,PD
73754,86bc8d82-031f-4559-bf4d-a1d68990806d,5390920,CONTROL
81621,dd1d9794-d098-4776-8545-41c713fe59f5,5706180,CONTROL
73135,8963c822-4eb5-45f8-b126-9934a18cc5dc,5566097,PD
103569,483e75b7-596d-455a-855e-4103bb341c85,5650436,PD
110270,979ead89-70cd-48bb-941c-9c87cc6e4679,5865592,PD
78373,e9b23c3f-3d51-4da7-ab41-7e8b70aa05bf,5613371,CONTROL
72768,ee6b4a57-e025-40d5-ad66-aab83ba763b2,5396041,CONTROL
100857,d15e38dd-4b3e-47f4-be4e-f3396bd5827b,5478460,PD
100514,78aabc7e-27b2-4ff7-adbd-ad44ae4ee867,5417820,CONTROL
73879,3ca1c7e0-c87e-4bc1-8b33-3ebcb678cff6,5389697,CONTROL
89369,65d8c6d5-64a4-4f5a-b69e-a0d30152b5de,5957902,PD
73707,9dc3bf39-8704-410d-a64a-7f9d96a386bf,5398337,CONTROL
123820,be1c514d-40e8-44f8-ac33-5cb2a647f02d,5531974,PD
125898,d27b565d-56b8-4d00-a875-18b340eab8d7,5786014,CONTROL
93590,75e16764-2272-4d4c-955b-2ecb34b15442,6004282,PD
94626,4b163a5c-f4cd-4a1b-ab6c-f593fe1e90eb,6026333,PD
72573,8c09163c-ef9a-4767-9cd0-c50cf7d418d7,5398487,CONTROL
81300,1763614b-53fb-4d3d-a132-ad38d6a8cefa,5744060,PD
119694,df0838f4-c644-4be7-a2f2-5e3b2af78883,5640622,PD
75112,0d647d03-2697-4dfa-81fa-d8f015a280d1,5560404,CONTROL
78130,67c1fe71-6821-4d8c-bac2-5ad530f5d30c,5681113,CONTROL
85665,0c641dc4-6f3a-4a6b-9764-4c45f7d4481e,5899283,CONTROL
82769,77803679-1c7d-4bac-8a00-ffd97eb87bfc,5819681,CONTROL
91867,72c95fc8-db97-4865-8bc3-a42e21d43e75,5988186,PD
90680,5f7a8e6c-afbe-4148-838d-8fba8f17c777,5969807,CONTROL
135571,4f8a178b-3b90-4ed9-bec9-fe05a3a33b03,5584909,PD
134789,3f89a22f-7506-4643-9b7f-f71f7b488eaf,5533187,PD
136047,49e3540f-6f1f-4292-9ccd-748ae5892716,5631826,CONTROL
82550,4580288b-180f-4b30-a146-89d764c2f60b,5785707,PD
120781,4a737487-88d4-4c11-8bfe-d9fc79197f9b,5736021,PD
80501,710374d8-4776-4c32-bc8d-9003ba2741ce,5833344,CONTROL
72673,050f63ed-57ea-4e59-8a08-07249afa01a6,5402438,CONTROL
90347,ed24dd8e-cb86-4ca2-98cc-a52d624286f2,5966494,CONTROL
86229,1436c1e3-9647-45bc-9daf-d74a9a798e2e,5890241,CONTROL
82326,1a38dca5-145a-413b-86cd-86fa9f6802ff,5804513,PD
87330,10632ed3-5f75-4132-9810-33e6180628dc,5913131,PD
88016,7c6a5aba-9da7-4335-ab52-056e51f1c16d,5947317,CONTROL
102593,b8d3e9ae-cff9-4bea-b3fb-211960273630,5582012,CONTROL
128617,ffab2631-dfe1-4f5e-bd9e-f763e8aede19,5880394,PD
84722,5dfd64cb-336b-4838-972e-f16bec30bf62,5828454,CONTROL
80189,2487d31c-5db3-4e64-9434-cc10e5f3d1f4,5744132,CONTROL
77967,f7f4a294-3757-45ab-8d75-94e3b06e844f,5671513,PD
73727,aff0c31d-4f16-491e-8ffc-0b9d26a62862,5403545,CONTROL
75830,f27cf98a-3688-44f2-8168-406764406c0b,5468877,CONTROL
84624,d3dc7b34-4f48-4b06-bce5-78948cdeec4f,5834452,PD
101463,8ea3305a-28f6-4aae-8288-ba35199a858d,5521249,CONTROL
98535,d3f261e7-20b4-4f55-9216-dfa9a40032f8,6049990,CONTROL
93951,b9950d56-f8df-4a4a-9396-091f23c9971c,6002131,PD
87398,1fad9015-04df-42d8-85b0-2e3522596f34,5906888,CONTROL
109302,5553e5a1-32bf-40df-a387-7da8600f82f4,5832353,PD
75856,a7496c3c-90ef-45c7-9c61-c34bb0e939d0,5508492,CONTROL
131105,8923a4d0-6223-4285-bef5-0ed3b5d76bf6,5552957,CONTROL
100456,647b619b-64bd-4336-890e-0a9b43476b7c,5428608,PD
88808,a40ca5f2-ce9e-4eb7-b80a-4db2b431caf5,5940573,CONTROL
133336,cf44db25-e6cc-4576-a698-47f5807339b2,5442052,PD
77083,e0e4785a-dfe5-47b8-a9c5-5e0617939840,5453886,PD
87580,aac03e65-218f-4742-8a8e-049d22a47c8d,5907431,PD
86326,8c1cecda-0d34-4602-95ad-ed1ee8de53cf,5871353,PD
108502,41efa272-5b2a-43aa-a99a-b5e469392c59,5823184,CONTROL
114816,bd50f579-c27b-4ce3-be19-5e74e1b4752e,5425490,CONTROL
112504,ac518c03-c88f-4433-915e-8d34249e96c1,5914152,PD
125133,751a69db-6a32-45fd-9267-e4d4235a7ceb,5589865,PD
135723,e2f53a6e-aa4c-481b-b4e3-c06468aea61b,5589534,PD
80011,b64a9115-80cd-4b76-8b75-4773c2ff2074,5718897,CONTROL
134834,1886a202-b9e9-4429-9c44-92d7c1654d66,5538825,PD
137144,15c66b8c-1f91-461d-92cf-2bb6043dede5,6091983,PD
132401,f92ec667-ab78-4874-81b3-a6a216201b9a,5632068,CONTROL
75718,48b3240e-3203-4b5f-b473-33f829281074,5417291,CONTROL
110669,3e49de20-87df-4588-a7a9-200d31529fa9,5880338,PD
98625,241670d1-1dff-4ff4-bbe2-d3c8b7024ddf,6047898,PD
89002,ef4587be-fdf8-4198-bb20-0c67c58187a5,5962889,PD
80065,36b55e9c-fe29-4192-aad3-18f255143847,5722130,CONTROL
86903,f2a19126-3eeb-4588-8290-4c41b8f6582f,5923844,PD
102145,826fc8a7-41b3-4265-ba48-079db2c0c913,5533049,CONTROL
102580,ca1061c9-4bd4-4af7-9ba7-bbbc93fe9e68,5570381,PD
107386,adf866b9-cde0-4d64-a7c2-674f3857d311,5780289,PD
75393,5f5479ce-c7a4-454e-9a43-23348b215422,5544673,CONTROL
76729,ab919cdb-f1bb-4bde-b898-1797f1af8655,5528661,CONTROL
88069,a9f65f14-b9f6-48ee-9aee-e693471e2cbc,5929280,CONTROL
78835,133cfe9b-8ce6-46d7-8b0f-bd724f718fbf,5644666,CONTROL
78306,16c47f91-088e-4163-b1e4-03a4e279beda,5659632,CONTROL
76094,32f542ec-25d9-4807-b473-7334ae0d9391,5527030,PD
84105,657401d2-10cd-4c6f-a225-71fa87210b26,5843812,CONTROL
112416,3f68da18-e3d6-426b-801f-9d8ccd46e6cb,5914304,PD
112602,9da14def-ccc0-48f4-acdc-19b16337f64a,5917383,CONTROL
118387,34094d7c-ed2b-4fc1-9146-635e608329d5,5622554,PD
106501,22a5aeef-47d9-41e0-a90a-45d807bbc02d,5758215,PD
118565,b84cf1a5-e7fa-44ae-9dcf-49645ecaeaa1,5644746,CONTROL
75703,3b5de131-3675-450f-9b29-3d1c68a88abc,5498609,CONTROL
78921,2272dc1b-c40d-417b-bb62-8b051b1de196,5662694,CONTROL
77983,382f867a-8912-473d-940f-1ad3aadf3979,5680422,CONTROL
125370,0d1d5798-ef1e-496a-8980-fe3531eb6c3a,5771668,PD
80889,d21c8977-91a4-4e01-8a4f-9db1ea67e5da,5725396,CONTROL
89276,76d12b76-bb7c-422f-8bc0-c318bea6eafa,5958677,CONTROL
94915,d57b53b1-c34d-42e2-8756-40e0cdf5d87d,6013548,PD
100234,ea0252eb-1817-4335-9d07-346ecdc54a84,5433043,PD
81041,290e20f4-ba9f-443a-918f-1451c4003bc3,5730233,CONTROL
88364,9d02c7c6-e7b1-4d9d-b31a-edc201d79ae0,5940544,CONTROL
75315,fc956a72-bd22-40bc-b6da-bf2e54caf0a0,5434050,PD
115999,54a4aacf-cc21-4abf-a968-c7510cf9ce9b,5500216,PD
80019,eb1a79a3-8153-403e-b4d8-52e596a3815c,5764611,CONTROL
102426,b5d300e5-4397-4f24-ab97-6ae76a3c956b,5582359,PD
82403,98cebf27-8771-455b-a624-c2fafa48e249,5792712,PD
125920,72f75a4d-de63-4077-b77e-49d98f559e8c,5787349,PD
92317,98b8edc2-248b-4bda-b47a-42a966c064b0,5983912,PD
79537,b8232ea8-7606-4e71-9ad0-3d0edf112083,5628297,CONTROL
74292,be3b79c1-c4c6-4aeb-bcbd-84b72a70620c,5395592,CONTROL
124361,2e5b0e02-a940-447a-8b7e-a70b25ca174f,5431167,CONTROL
104376,751a69db-6a32-45fd-9267-e4d4235a7ceb,5671230,PD
108532,54a4aacf-cc21-4abf-a968-c7510cf9ce9b,5826622,PD
76169,b5d300e5-4397-4f24-ab97-6ae76a3c956b,5443402,PD
101593,bfc55fc2-f448-4915-a5e6-62b66c706b0a,5521893,PD
111543,bdd9fa25-2499-44e6-b4c8-117deb70143d,5905360,PD
73875,92da2deb-8fc1-4d3b-a836-4a41698949f1,5392173,CONTROL
75266,a62deb34-3da1-4b4d-b2ff-4e3e5f92c0de,5413629,CONTROL
130620,94aecb16-ef71-44ac-8e7b-dd6dc9cd9259,5526726,CONTROL
74500,2edcf100-401b-45b7-9691-245a6704db92,5402783,CONTROL
106842,2445d34b-4aa3-4ff0-82d7-a84ab15cef7c,5761910,CONTROL
107654,b8facca1-8227-48f2-baee-050143d1f13d,5788578,PD
78489,49ff048c-ae46-4c71-acd6-7378dd0a75bf,5664839,CONTROL
120410,7409fa83-dd54-4a62-9a54-1b74835cc744,5497450,CONTROL
135761,e4793747-dfca-4690-bfac-0fca86f40837,5594117,PD
86954,08c23348-8945-4e2f-a339-969b6699f0a2,5907835,PD
89789,efa1c669-adaa-4763-bc1b-bc954fe3dc5a,5958996,CONTROL
90222,71785e8e-1b41-47af-b88a-2e0733e14e2b,5971135,PD
115218,e1f4b4cb-de75-41c1-a56b-69f1125d75e7,5521355,CONTROL
87989,478296ba-bfea-4982-beed-e4576e46ffba,5945794,CONTROL
73547,2d865eb5-8807-45f2-89c9-1a15c4fa499a,5396599,CONTROL
126616,0ec305ec-c207-404b-9c94-1207819c7d1d,5803544,PD
92056,c18174a9-5136-4d2c-816b-79fc3f95c578,5984939,CONTROL
126816,92da6dbb-ddd2-4a0f-90e4-46de8b1566ac,5810740,PD
96482,43294479-32e0-4589-92ee-269b36a70e46,6027838,PD
92725,2ea84074-5ae2-4175-916d-29f32283ff7b,5994976,CONTROL
122361,58df81c2-5777-4d88-a158-10b93dafc03f,5620720,CONTROL
79323,07d82643-7390-47c2-bf09-a986c20e1e56,5627866,CONTROL
84611,2534d599-0a9e-4ad5-a56c-7c6159f64890,5851088,CONTROL
79299,d488f5f0-220d-4740-b0f3-1fb31f87a8a8,5603439,CONTROL
83495,62dcd7c8-d84c-41a9-b400-c29fb9b2421d,5798019,CONTROL
83295,389a67d6-c324-456c-a922-8d54519b85d7,5796224,PD
105899,56115575-5dba-435c-9f6f-ec9750e1fcc2,5735030,PD
91777,ae034992-0aec-4f8b-bef0-21a06e335615,5988283,PD
78240,9d73eb6e-232e-4bbe-98f5-975e50428c80,5601650,CONTROL
130265,d1a742dc-97f3-485b-9458-c24ab01126fe,5508299,PD
136980,702bc6dd-423f-4416-ae41-deded2e81ed7,6088893,PD
116513,edabf0ed-e6b3-43dc-a271-7b35b683e96a,5526609,PD
76382,5212e449-961e-4f57-8c25-130e177e9f78,5533874,CONTROL
99116,d3dc7b34-4f48-4b06-bce5-78948cdeec4f,6054882,PD
96699,ac01f080-96a4-4faf-bc80-291a996f6edd,6027183,PD
96036,53497c69-654e-409d-bfe2-2fe643c32616,6031554,PD
136936,7b6285c1-1b41-44c0-988b-24e6303bd254,6088768,CONTROL
73389,721d67a8-4d85-4782-b474-c2654a7a10c6,5401032,PD
89355,41d411d7-4470-4453-90c4-067c4469f154,5960769,CONTROL
92514,2ba1aae7-5cb7-4236-9a39-6c185629a849,5986220,CONTROL
80598,5679538a-8bb6-4e37-be37-8c32d835bc13,5707975,PD
93371,22cb67d8-ebe7-49cb-9fc9-179c6b95b440,5998534,CONTROL
94043,12f76b2f-d925-4981-bbb1-58a55474b817,6000448,PD
82346,f9687dbb-7bf1-444d-afb3-9cf6e632fcf2,5836520,PD
86461,ebab56ac-e477-4ac6-9e2e-9b69f3a0d35f,5890861,CONTROL
94127,263130db-1daf-4035-840b-3c1fa98e33ea,6002409,CONTROL
120239,edd71f00-1144-42f5-8f7a-9d6b861cace1,5761062,PD
88948,555dd97b-882b-4b02-9037-5b85dd6ef855,5956787,PD
74536,b30b9657-e7f2-4220-93c5-bcff0e14f3e9,5410252,PD
106708,01afeb98-d6a9-4924-9085-aa7c1ca76538,5750787,CONTROL
81541,63a9a854-098b-4c5d-b1d4-5af8323e19ec,5733334,CONTROL
88329,387bd1c4-90df-48fa-8b8b-da2df2cfddde,5931861,PD
72850,f18e84f0-fd4b-4c26-b34b-9238378ded22,5397533,CONTROL
99750,dad8731f-fd89-47e4-9111-989b8781386c,6061617,PD
126070,764cffae-c5a6-4b32-8011-5570046a0fdc,6099206,PD
121611,2a5128d1-3ed7-49ee-a299-4025d6702faf,5488022,PD
120703,429f28e7-e79f-490a-9184-9632d95688fb,5683466,CONTROL
116135,edabf0ed-e6b3-43dc-a271-7b35b683e96a,5503719,PD
101129,f369c8cf-3be9-493e-a62d-2b6fc2fa9616,5458689,PD
75596,a43aa5cc-4264-41ee-a3de-f0901114378c,5419765,PD
124030,08c23348-8945-4e2f-a339-969b6699f0a2,5701788,PD
83981,1bd2716d-4651-4687-acb6-723f1ebeb113,5833933,CONTROL
81169,d8678cc6-305d-4afc-bcc8-10e2efa3c4c5,5733480,CONTROL
83466,ff87c0f8-227e-4f76-be46-c65e23653deb,5812725,CONTROL
91273,d6f27307-3d67-4260-8198-d60e77c029d2,5975626,CONTROL
99341,133ea6ff-40f4-4476-907e-f0d4170266ce,6060587,PD
122641,e3b0cddb-b69c-4aa2-a988-72409a8d21ed,5669962,CONTROL
79229,789421f2-f18e-4791-88c6-39f1da6aff9f,5671122,CONTROL
77660,536f050b-2b18-4a5a-91b8-832cb8413378,5562917,CONTROL
81687,080156bb-da12-4d92-ae6a-3f019db5e27c,5699213,CONTROL
93230,5930ff36-3951-4bb0-8e6e-893169e1a353,5996366,CONTROL
73548,d12be378-d262-4f46-83af-4364912da711,5395874,CONTROL
136726,43319463-a0f0-478c-93a6-98c20d1bc770,6083676,PD
112794,ffe9fec0-e3c6-44b2-8b4f-8f6f772b99c3,5921028,PD
114764,3b9ae067-73ab-4b87-bb0a-2f6dc8384c30,5421338,PD
73826,5bf5f0e8-f8bd-4719-94e3-fc9171566b19,5408232,CONTROL
79584,c7595754-75a8-473e-b620-6f8a26160439,5605384,CONTROL
125588,b5efca70-5e19-49d7-8806-43f5575135fd,5779841,PD
93122,a0c8abc9-4c62-470d-96c1-14c436896b5d,5995479,PD
78744,abeb32ab-2697-44da-9b51-4dba08518851,5624471,CONTROL
87014,74a0596d-a626-40d4-8dcd-f274f8d31dba,5912147,PD
122332,18f576f9-5c80-43a7-8492-2a739d1b5f2b,5624357,PD
105693,8d62ec4d-6ea6-4894-9212-7ec8e334dff6,5718927,CONTROL
109922,4bd9cbef-34f0-4457-916a-05114d091c8b,5856181,CONTROL
87170,71ca638e-6c37-48b4-a161-a0f3f8cf6581,5924273,CONTROL
123341,27ef2662-7fc8-44be-8f3e-822912c76a8a,5506840,PD
106929,acd91366-cd8c-4f1e-a314-2cd68f03299c,5783045,PD
134776,fbd18b71-7eea-4f43-98c4-4d952d0722c0,5532945,PD
72259,9cd08ce3-898b-4731-b01d-e77a06d1facd,5398096,CONTROL
82527,f4a2496d-ca7f-4c1a-b71b-b92354888e1d,5814971,CONTROL
114910,0309d5a8-79cd-460a-9a87-6902460ab71d,5445533,PD
101543,568cb98f-e68a-45d7-adef-8e4f37e39c01,5517422,PD
90122,f8a6020d-4e4c-4ac7-9efa-b45426d5e6e5,5967334,CONTROL
85667,90936325-2390-4c9f-9d82-3a4d11524969,5898576,PD
82789,4a56ed37-6bca-4643-aa2f-24a71d4d63b0,5785261,CONTROL
102351,9f3f70ea-d1b0-4fde-9d7c-2b6d329be61f,5529575,CONTROL
76454,889cb67d-89c3-4ed2-a1ef-d7c4402dee20,5496538,CONTROL
117414,9a8443b6-957e-4815-8801-e98aa1617774,5575129,PD
112132,e5bb566a-9f26-496f-89be-f940162a536c,5945634,PD
111482,98cebf27-8771-455b-a624-c2fafa48e249,5902939,PD
115463,0a4662b0-9ee3-4029-af85-7e342cb87810,5451435,PD
107368,300e5d1f-5a38-4e78-8f42-1d580b74569a,5771408,PD
132200,95fe2bb0-4886-4042-b63f-a93c1635d874,5624624,PD
91646,93d29c14-50b7-45ba-86bd-5781f05f18f2,5979140,PD
73340,ed5b45ef-4763-4340-af01-ac41c48a9191,5410463,CONTROL
90375,7a72b071-df8c-4c46-a4bf-367cad04c7c8,5968073,PD
103934,9f3f70ea-d1b0-4fde-9d7c-2b6d329be61f,5653924,CONTROL
100889,6c130d05-41af-49e9-9212-aaae738d3ec1,5477427,PD
76971,2e601fea-7e6c-48ff-9692-ef7a9f74c750,5424865,CONTROL
131928,1dbc6aa7-3c96-478e-a141-37ab42154e61,5611798,CONTROL
78022,68582509-2528-4401-ae80-fdddd00a8558,5617061,PD
76193,c48f6610-3404-4e48-8569-590b25e28cf6,5559546,CONTROL
76303,273fbe56-c785-4a37-a0b2-6efe1fd4ecae,5482073,CONTROL
101834,4a318f75-f290-44cf-9bb3-5080e546b13f,5540965,PD
135361,e2749d3c-6186-4013-925d-2e7f28a6e035,5565793,PD
114588,22c07a06-d6cf-456e-817e-32093cefcbc7,5423440,PD
80241,6f2d3687-9947-4011-a05b-dc4c8a4cf3ba,5728742,PD
79448,660fc414-302e-4275-bd08-d07a9b3d585f,5611495,CONTROL
78875,33af3952-6836-49d7-85a2-87a349e2bf72,5619408,CONTROL
114336,344b785d-d12a-47b6-95ba-fa05eecd7e8b,5953052,PD
73387,916b304f-2392-4134-9f2d-0bad3fde3173,5404422,PD
84900,f4161d1c-26ba-40e7-98f6-a769a7b54a96,5824748,CONTROL
103046,23d0badb-95c2-4ec0-b85b-15c2929421a6,5611724,PD
77730,4e92549b-34a4-4685-b365-e07b92ba8343,5634913,CONTROL
80737,ece468bc-ecff-4a2f-9ccb-090c3fd153f0,5701474,CONTROL
78865,f30d09f6-9d7a-43bf-8374-49cd1038bd00,5684585,CONTROL
80574,2257e233-5815-4211-b0f2-7f135d1604b0,5695761,PD
76620,685e3773-5fb4-4d66-aa43-406929c29864,5483337,PD
72611,3119bf0d-6380-47b7-8420-c7b3336af427,5400910,CONTROL
123994,64693a2c-9a8e-499e-b70e-001d56d330cc,5703700,CONTROL
80123,554a5443-41ec-4e2b-8351-d18acecec4ff,5743865,CONTROL
83979,a74bd639-f40b-4a41-b05a-b5887ecfe2b7,5823366,CONTROL
117008,31267c25-bffe-4f04-984a-acd95a3f4fe8,5554847,PD
120905,55bcb727-1f1e-4359-8b48-91a972758042,5509708,PD
122420,1a382d20-1b1b-46cb-aefc-3450645d108b,5535211,PD
76331,8a29eeec-bcb0-49cf-88dc-78ac1c793329,5484458,CONTROL
74833,92f9fe64-4b41-4b71-924c-5d9059886d72,5468727,CONTROL
112260,ae034992-0aec-4f8b-bef0-21a06e335615,5914811,PD
112422,3516da76-a3e1-47ac-9255-ee100797ba9b,5915354,PD
80660,6d2282c8-d7b7-4f6f-a138-99863fb111d9,5761557,CONTROL
115061,e08bb091-4706-4782-8ab2-4bd9d5ed571b,5441058,PD
112433,dbfdaf53-55b4-4347-8a35-988f05a7965d,5914928,PD
85479,93b9492c-13bf-40be-93bb-e88778cedeec,5884768,PD
86036,31b686b9-7995-4e88-b7d4-09217ff16803,5875450,CONTROL
112835,c9a66090-3114-4a0a-9bc1-4ade9c5f0c22,5922931,PD
77385,7fdeae11-398f-4375-acf0-a1f6ab12d3c8,5468906,CONTROL
74680,bb82ad2a-d194-4b37-8f19-536fc83b70bf,5394588,CONTROL
82730,5a72bd77-fcb3-4440-a550-b4344c864822,6079981,CONTROL
134642,6e84dd03-8f13-4144-a366-cb531ffb07b9,5517514,PD
83925,a627b898-05bd-4b7b-8104-4ef537076170,5835388,PD
94015,a0c8abc9-4c62-470d-96c1-14c436896b5d,6005835,PD
98919,8ce923e3-a1c5-4f1e-be17-69b2cd9f0e50,6056963,PD
76001,1427a0d9-bd9d-448b-92f8-42470ff60f04,5510643,CONTROL
78473,28834fc7-cfbc-4df0-9de8-97768dedad64,5680691,CONTROL
86303,3f72e4c7-39cb-4d93-b20e-ab81a0c9c22a,5895214,CONTROL
115971,cca0e761-68e4-4131-826c-9cc4883cc4de,5496473,PD
88148,d2bcd925-01fc-4c60-b9fe-89f6bef12180,5945536,CONTROL
133867,631566d6-f082-4d57-ac91-c895ff4d6de0,5468918,PD
85467,20b2f914-9cc3-40d9-905e-25e042186a0f,5895098,CONTROL
73204,2b8f0f06-b5e2-4da4-978b-0f17f6b246fd,5408303,PD
85914,b1a6fcb6-4cdd-4a00-aa7f-15aaf85751c4,5872453,CONTROL
119359,462d754c-dc70-4768-9126-e045cd21c72e,5588853,PD
93777,4b52f3cc-09b7-4ad1-98c4-7a8eb1e9ec74,6000234,PD
99191,75451368-44de-44e0-9a24-f1c765ce2bf6,6055539,CONTROL
116226,15f3fcdc-93e4-402f-8526-72e06ace8419,5495289,PD
105345,751a69db-6a32-45fd-9267-e4d4235a7ceb,5709077,PD
73671,c7cdf9f7-0c93-4e13-a8fe-d4ad66404e25,5392486,PD
108724,68ad3d0b-f67a-4418-a389-e049ce71125a,5825678,PD
72292,657401d2-10cd-4c6f-a225-71fa87210b26,5391323,CONTROL
113188,7f8e88d9-4552-4744-978d-9c0101cda816,5932888,CONTROL
116512,b236ecf4-e95e-4ab1-bc61-8b613138c3ad,5530923,PD
74794,7108930a-4c27-4940-8bdc-bb693e9b050b,5425533,CONTROL
99652,6628a85e-6cb3-4c7e-b266-4da1c85e2bf8,6059830,CONTROL
89065,7e109e40-b387-4546-98f2-56c04bb0eb01,5950355,CONTROL
77309,83f3d30c-a764-477b-b459-bbd0bbd84cb6,5510234,CONTROL
76792,d9787c27-00f2-4578-adb5-55658f06c6f7,5544998,CONTROL
74217,ec138adc-9353-42f5-a554-890a1d57518e,5399608,CONTROL
102854,6e7e8b67-1b8e-4bfb-a1f5-c0069c4980a8,5578063,PD
119496,7c3d9daa-9116-47c3-8bfc-40769f2e6403,5550824,PD
83369,8c1cecda-0d34-4602-95ad-ed1ee8de53cf,5825070,PD
85908,325f3e23-408e-47bf-b8d1-6a9bcbfeec97,5892840,PD
75860,edd4691e-1257-48ff-b614-707c2da3bbfe,5527665,PD
82572,186bef60-68ea-4531-8884-055b94fad0f1,5805855,CONTROL
77274,d81b0d21-aafe-4bc6-a6ac-d108c1206d5f,5562981,CONTROL
113681,724fcf9a-bc00-440f-b2ba-0a9f6ea7a719,5933572,PD
108921,5216c72c-33d5-4e01-b050-791cac56d61d,5824161,PD
74517,9a29f6d2-ac4e-46a9-95a9-580ee7161fe2,5400648,CONTROL
107895,c84ffcb8-5533-411d-b74c-1e03e6073d74,5788601,PD
77897,45edc177-8f7b-425f-8c92-fe6bdf7f17b8,5731378,CONTROL
85044,a627b898-05bd-4b7b-8104-4ef537076170,5897509,PD
117375,beb80def-8dab-4210-9513-61094cf83019,5654186,PD
133153,2a0a6e09-f23d-4ee6-a1a7-66b0e79ce08a,5430441,PD
80712,b365337c-39ca-42d1-967a-7d51550ba13e,5750350,CONTROL
115063,61e223ac-4657-48b8-89b0-d37df5c85d39,5441426,PD
102274,1ddac747-dec2-446d-b1a4-f0070bbc743b,5536292,PD
93045,93558cd1-0fb6-4f34-9073-02bd5f7e1348,5995540,PD
78364,f96e1363-ff49-4103-89f9-01c87b5cbffc,5683122,PD
79716,ee6b4a57-e025-40d5-ad66-aab83ba763b2,5672075,CONTROL
77028,44357fb0-b959-4de1-b4b4-61568bfa8e02,5462848,CONTROL
101008,f87dbecf-5af7-4645-b2f0-fd0a2707f0f9,5462710,CONTROL
116632,d1d723b3-3fba-4cd6-94a7-104c8ec9f018,5516314,CONTROL
76117,12ca0db3-ff0c-40ad-8bb7-691612323d15,5464210,CONTROL
86810,6f8f1345-c6df-4818-ac86-0ace83994309,5916045,CONTROL
92171,bf05f39f-dfb4-47dc-8450-5457a08f9529,5986067,CONTROL
76407,36d2fd51-1b90-43fc-9076-19b1c5262b0f,5483408,PD
136846,46f9947b-b6d4-4b07-8ccb-9daa62d11da3,6086908,CONTROL
92534,3a2182ca-a09f-4eab-9ab4-6fb9e4e7fd54,5987727,CONTROL
79234,246ac357-d32a-495c-a20f-cf13d51ecdc6,5593655,CONTROL
99142,3f997724-f0e4-4a31-9ef7-57bbb8cf3188,6053873,PD
109974,dd0da932-780b-470e-b2b6-7477d1808511,5854054,CONTROL
88318,22669ba4-7a32-4307-8564-91d0252846f8,5932916,CONTROL
90072,945bb372-bfbe-4ef0-87d9-d268bc0b2d8e,5971456,PD
103272,8ab14817-d7df-4452-af87-23795ee85434,5598440,PD
88825,9abb3fc4-a2c5-4895-8049-558ad0a332ad,5929064,CONTROL
74424,d7e2e77a-afae-4bb5-bed5-03ab3d20646d,5397474,CONTROL
96928,63ffe552-8143-4380-815a-b42668d44ef2,6033688,PD
74133,0a66624e-7f46-4a67-9040-684277b2c16e,5398274,CONTROL
124945,cd07f135-bfc7-4bf5-86f9-d4eacd78aa56,5463815,PD
91917,b6b04cba-5ae9-4da3-bcab-135df88e0f56,5984175,PD
135016,2631db79-2bb0-461f-b592-bf764d933696,5547477,PD
97214,40133d6e-3029-4f2d-8cc0-e1685677a56a,6035752,PD
88096,c4ddc954-095c-4620-9eec-2dc8e11dfa76,5944494,CONTROL
83139,cb4b3408-3526-4408-bc3c-97c11e3953a8,5774419,CONTROL
72371,32c30647-738b-4e98-a53d-0fdf41cf4851,5403510,CONTROL
94518,bcbb1e5d-1343-4e5d-862a-06c1c51860da,6008817,PD
76838,d23bf698-9298-4879-ab7c-f722312e046e,5467586,CONTROL
96115,90538159-1477-4e09-a4d3-ae9650dfb83c,6027852,CONTROL
76678,ca4a1582-6c63-449c-b81f-7e8aa866d5be,5531009,CONTROL
75962,06297df1-478e-4174-af61-47921d594c4d,5532197,CONTROL
129314,4c623832-42d1-436e-a022-773222312425,5440442,PD
136465,988b4e7a-9928-480a-8f9f-36d7eebce81c,6077759,PD
76444,eeb6fa00-57ef-460b-8b1a-ec65fd79ba2c,5416786,CONTROL
75094,1db1ed03-b5ea-48ba-a5a6-54936d19639e,5461533,PD
76583,8c42c843-01da-4414-a910-0870834014bd,5965989,CONTROL
77362,96a0107a-ca2c-4943-a132-bfecc983cd05,5544067,CONTROL
76310,7d0172c4-8b25-432c-927d-3c992552f687,5444630,CONTROL
102630,b48563b2-8d65-4e4f-8eea-31f6bf659cc8,5564175,CONTROL
94792,7db19edf-e870-4a7a-b6d9-77b58e50defc,6012312,PD
122986,9884c3bf-86bb-4370-acbf-19db34cf297c,5684740,PD
98406,341a5dcf-b67a-4008-9026-aae1398418b5,6050600,CONTROL
82215,108c5fe2-4b2c-42d8-9682-fb11002fd02a,5783660,CONTROL
74391,8bf5bd9f-63f6-498f-9b6f-7055489661b5,5388505,CONTROL
75289,925e8166-6d62-42f6-abb7-dfa7f0459786,5541758,PD
81021,ef7b5e7d-248d-4a52-ac3a-87efb5775247,5744473,CONTROL
112197,8ab14817-d7df-4452-af87-23795ee85434,5908148,PD
124311,7fb561a3-8f90-49d2-a39b-55ea3f78a17b,5430592,PD
78516,6a3f969c-089f-4d10-b6a8-268ac23da2a2,5686997,CONTROL
79670,f4e2737f-3cde-4c47-9394-69de89fadc84,5683351,CONTROL
80781,a4c2091c-ed91-482c-b181-b4bc69cfc227,5763125,CONTROL
75360,6f9b11e4-b75e-4a37-bf1a-eb7dcbf97a83,5521253,CONTROL
117386,6c03b508-d521-46ea-8e69-4143e8dbfdfd,5578104,PD
75407,07c49def-b38f-46b1-945b-070f81f08aec,5561717,CONTROL
104234,f7e546d8-9831-4cc1-b3ac-176de8da6698,5675057,PD
89036,ee882bdd-8622-486f-a9bd-8e9820c3444d,5961117,CONTROL
80428,8fed26f5-2b44-485e-a68c-c0fd670f9ad8,5715106,PD
105860,26f7d94f-5d01-4370-b9e2-f8ce6d69b478,5732782,CONTROL
82575,1d6875a0-4889-43a4-ab39-09cc7e1d8ba2,5807620,CONTROL
106034,5a5b0173-3d27-412c-84f3-57534bf1414f,5734444,PD
84280,ece468bc-ecff-4a2f-9ccb-090c3fd153f0,5836805,CONTROL
125791,27ef2662-7fc8-44be-8f3e-822912c76a8a,5783998,PD
85822,e0123588-5389-4a5e-bf50-07e88daff115,5874824,CONTROL
119423,fc5daf3d-baa4-415d-8ae5-d456afa65082,5528107,PD
90066,ad00f88f-9928-4327-beff-d8f18943254a,5966169,CONTROL
72690,1898cf95-d2dd-4f9f-a706-ba8bf2661d85,5408553,CONTROL
86133,123dd036-7efc-4a47-a231-7a8cae6a960f,5885691,CONTROL
96587,94c79a45-0524-4528-b050-0eafd8221a23,6027065,CONTROL
107734,aeaddf6d-0d86-4b41-afbd-78e65fa31635,5788401,PD
117862,3ad7ac04-9f0b-4da6-9760-a57ce16fcba9,5606285,PD
79220,c863c364-886a-4687-8fe4-4f8a983507c4,5635788,CONTROL
94102,d57b53b1-c34d-42e2-8756-40e0cdf5d87d,6007311,PD
72385,7cdd97ca-dc47-4a54-a513-4e98e05651b8,5396733,CONTROL
98274,cd769996-6281-44b2-b36b-f0eeb94fa0a5,6050548,PD
79149,1a38dca5-145a-413b-86cd-86fa9f6802ff,5659557,PD
98282,f6970910-b7b9-4152-a366-36d72c98fe2c,6044784,CONTROL
80227,80059abf-3dae-4b08-8453-36cc29e34f72,5758668,CONTROL
73424,dd19ea18-84fc-4714-9a77-1d9702d3bf62,5388084,CONTROL
86838,46a40034-2ddb-4977-b07b-d75dadfa03ad,5916531,CONTROL
81445,a0b03267-576d-4a7d-b453-969b4435c6bd,5711032,CONTROL
130162,6e2f881b-f2a2-4493-8593-e7a50d96874c,5493800,PD
134713,e4793747-dfca-4690-bfac-0fca86f40837,5527778,PD
86488,ed88c96e-e0f4-4ddf-b5f9-974a56d7262c,5914994,CONTROL
119794,9884c3bf-86bb-4370-acbf-19db34cf297c,5597154,PD
83525,3f089713-a352-4ec8-8da0-45925fc45f3c,5826180,CONTROL
74376,4c4682f0-930f-464f-99db-f0f0fff862b5,5393408,CONTROL
99954,372ac229-b3a9-44e2-adef-e4300439c266,5442577,CONTROL
80602,6acce89e-7e11-414e-99c6-509bd05aa468,5696741,CONTROL
89849,df5728a5-1195-4034-95d0-febe18304160,5960991,CONTROL
109223,8037e716-0539-4948-aafc-53e1e8c24cdc,5840347,CONTROL
87498,f33433d4-1585-432e-959e-01593aa7b120,5903294,PD
93021,9e5a5aee-7cd6-4ad4-b179-379d404cb60e,5995255,CONTROL
78300,7c4546fe-d532-4e65-93e4-52513db37457,5600813,CONTROL
88140,d49fcd5c-3952-49ba-bc03-261b83a7ab6e,5932423,PD
108534,54a4aacf-cc21-4abf-a968-c7510cf9ce9b,5823534,PD
134523,28cfdb28-d36e-434e-bb97-f36d62008856,5513539,PD
84505,0ff6a974-f99b-4bae-82fd-12e98ef3832e,5862480,CONTROL
115141,fd955abe-b6ae-4de2-bd09-cee736a10b96,5437523,CONTROL
72654,42a21eed-5676-48dd-b361-f486e0e838c2,5394594,CONTROL
95171,566845ef-2119-4ee5-b465-c29f5de91b6a,6014172,CONTROL
124477,23c1a565-1761-4fe4-90a6-dcc9b9a4ee47,5436969,PD
76064,a631a4d3-6b21-46ea-864a-2212f9aaf6a0,5986956,PD
95126,afebcbd7-411b-4f0f-8db1-ea542af2c94f,6015537,PD
89488,8005bcc4-cc1c-4162-817d-1806b9494fe0,5956852,CONTROL
93120,65981245-0d78-486c-8466-d705c022920f,5991268,PD
93834,3a5e8217-042b-419c-a4c0-682c15de975a,6006984,PD
75292,17290204-8d8b-417b-959d-919c69ff3a01,5536945,PD
76719,8400f7cf-a4b0-4864-849a-1f444cfcab00,5516512,CONTROL
103275,b9950d56-f8df-4a4a-9396-091f23c9971c,5651239,PD
80460,70c25daf-8b72-4d4e-b510-0f040d7c1e6b,5706961,CONTROL
84772,890b2f14-3364-425d-8ac2-fe629bf4717a,5859332,CONTROL
116391,9870a2ea-a8bf-47e5-9e52-556124ca5a45,5531798,CONTROL
87638,aa3f5115-402b-4efa-ac1d-1c009c61ff64,5906811,CONTROL
79179,0bb921f5-1fb8-4917-89e7-1f964b9b7689,5676559,CONTROL
78120,8201408e-25e2-45b3-8db1-37ff7d1372f0,5668021,CONTROL
85145,8f7a6ec5-4a2b-4e44-96cc-776115cd6e50,5872967,PD
115676,0ff0bc01-2178-4962-b308-226c72db91d1,5477902,CONTROL
86474,86461a34-4e95-46c9-825a-9235dbb1bf74,5876331,CONTROL
78428,5c81a69a-78a8-4aba-80c2-7bb237358474,5688559,CONTROL
88780,c0688272-98b5-4672-96f5-2b45e8b3c857,5934046,CONTROL
82294,5f715699-26ec-4d13-a346-80cd971c4c56,5799935,CONTROL
100906,988b4e7a-9928-480a-8f9f-36d7eebce81c,5479646,PD
76291,921384fa-b421-4344-b17e-8754c2b70f89,5452357,PD
75536,cddf8d7c-bd2b-4f6d-8b2f-5be21e36fbda,5549389,PD
103626,0085b356-0550-4cf1-85bd-2bcd89bf1201,5634232,PD
76079,5bac2b6a-dd9c-42f3-96d4-be7d798f3bec,5570716,CONTROL
113337,b80b54cc-7323-4a1e-88cf-112051223fc5,5930506,PD
110606,51faeedb-bc76-4fe8-9d6e-5bf43b484a94,5887350,PD
105047,5d8e6c5b-94a0-4911-af54-7623b2de1105,5713468,PD
88535,a9325c62-2e15-4ca2-b166-303292d1aa47,5934600,PD
86486,c61c0b78-7278-4651-8fa2-7c1429ea804c,5922013,PD
108067,7409fa83-dd54-4a62-9a54-1b74835cc744,5800650,CONTROL
83479,2b8c3659-90a8-4b28-ae5b-88eab39997e6,5806363,PD
90158,8f66a722-43a3-46fa-9334-b3a54bb778bc,5965631,PD
89282,f95607e4-ba93-47b1-836f-fe784c68da47,5950105,CONTROL
100896,f8294c22-9dcc-4280-beb2-5e4f818c7755,5452316,PD
88288,862227ea-122b-462f-ac5f-af1a9c7626be,5927293,CONTROL
78008,9508a4ae-0dc7-4997-a656-80224686dfef,5594135,CONTROL
79639,57c00a60-e925-4c9d-9220-cf38469a1502,5641179,CONTROL
130855,b80b54cc-7323-4a1e-88cf-112051223fc5,5541622,PD
74981,83c7de09-2ed3-409b-abdb-fc75750d10fe,5476470,PD
134364,ca70994f-b907-4f30-944c-7c084293138f,5506073,PD
129686,7aed5df4-08a4-4ff0-866d-bd50af2be161,5466322,CONTROL
89556,b7a6260d-7c35-486b-b7e0-e54dfce2451f,5950815,CONTROL
94899,a0f24851-74d1-4c84-9f70-6cca63a65d68,6009161,CONTROL
109523,68ad3d0b-f67a-4418-a389-e049ce71125a,5854254,PD
74825,c049f3e8-ba02-4eb5-aa3d-38c881e1f3a3,5485919,CONTROL
94683,93479e6b-3181-454d-9144-b1b844390c82,6012429,PD
114193,2064e6c8-2e96-4353-8bdb-b08cce2e3c4f,5954669,PD
97304,f10cf59f-dd0e-44a1-b4d1-c3d017d37c9a,6033743,CONTROL
117166,5bf24650-8e77-46f4-a939-d258048542ae,5571249,CONTROL
89003,ef4587be-fdf8-4198-bb20-0c67c58187a5,5956756,PD
116722,cbc65362-9f6a-40a7-8b7f-96f8a9e7c44d,5543783,PD
80933,c98dac4c-7ca5-4391-b4d0-031a35054ebf,5745009,CONTROL
73723,bf7c1a27-5b4a-44d1-94fc-7e842cf3493c,5389085,CONTROL
75445,1af57709-6703-4537-855b-6d3f8397cf86,5444972,CONTROL
73610,b5d3eb5b-7a85-4a62-ba38-50bf5fa19885,5396247,CONTROL
133106,72a68a80-a22b-4eff-b835-5b7bbec6c85c,5427399,PD
72862,773e80cc-bd5b-4c94-94ab-f703dcbe25c9,5390629,CONTROL
